mjd		ev_x	evf_x	blad_wzg[%]
59000.0	262045.482	261719.828	0.124
59000.1	261914.995	261719.828	0.075
59000.2	261682.045	261719.828	0.014
59000.3	261489.887	261719.828	0.088
59000.4	261375.549	261719.828	0.132
59000.5	261380.530	261719.828	0.130
59000.6	261525.957	261719.828	0.074
59000.7	261775.296	261719.828	0.021
59000.8	261923.460	261719.828	0.078
59000.9	262031.988	261719.828	0.119
59001.0	262045.145	261719.828	0.124
59001.1	261879.040	261694.368	0.071
59001.2	261673.852	261694.368	0.008
59001.3	261488.146	261694.368	0.079
59001.4	261380.522	261694.368	0.120
59001.5	261406.858	261694.368	0.110
59001.6	261533.485	261694.368	0.062
59001.7	261726.399	261694.368	0.012
59001.8	261937.387	261694.368	0.093
59001.9	262056.199	261694.368	0.138
59002.0	262023.815	261694.368	0.126
59002.1	261904.575	261718.921	0.071
59002.2	261665.451	261718.921	0.020
59002.3	261439.698	261718.921	0.107
59002.4	261381.994	261718.921	0.129
59002.5	261377.396	261718.921	0.131
59002.6	261541.692	261718.921	0.068
59002.7	261721.349	261718.921	0.001
59002.8	261932.432	261718.921	0.082
59002.9	262046.325	261718.921	0.125
59003.0	262022.331	261718.921	0.116
59003.1	261868.225	261689.995	0.068
59003.2	261659.443	261689.995	0.012
59003.3	261447.921	261689.995	0.093
59003.4	261345.515	261689.995	0.132
59003.5	261392.410	261689.995	0.114
59003.6	261543.283	261689.995	0.056
59003.7	261740.208	261689.995	0.019
59003.8	261930.930	261689.995	0.092
59003.9	262009.754	261689.995	0.122
59004.0	261998.213	261689.995	0.118
59004.1	261860.597	261676.968	0.070
59004.2	261627.813	261676.968	0.019
59004.3	261451.682	261676.968	0.086
59004.4	261351.040	261676.968	0.125
59004.5	261377.551	261676.968	0.115
59004.6	261511.769	261676.968	0.063
59004.7	261735.130	261676.968	0.022
59004.8	261921.212	261676.968	0.093
59004.9	262034.400	261676.968	0.136
59005.0	261996.064	261676.968	0.122
59005.1	261819.047	261673.731	0.056
59005.2	261621.107	261673.731	0.020
59005.3	261422.664	261673.731	0.096
59005.4	261330.782	261673.731	0.131
59005.5	261342.955	261673.731	0.127
59005.6	261551.028	261673.731	0.047
59005.7	261692.179	261673.731	0.007
59005.8	261920.823	261673.731	0.094
59005.9	262014.157	261673.731	0.130
59006.0	261961.977	261673.731	0.110
59006.1	261795.578	261665.839	0.050
59006.2	261608.614	261665.839	0.022
59006.3	261398.001	261665.839	0.102
59006.4	261285.889	261665.839	0.145
59006.5	261360.574	261665.839	0.117
59006.6	261503.557	261665.839	0.062
59006.7	261701.463	261665.839	0.014
59006.8	261858.262	261665.839	0.073
59006.9	261996.594	261665.839	0.126
59007.0	261937.774	261665.839	0.104
59007.1	261767.538	261627.151	0.054
59007.2	261571.368	261627.151	0.021
59007.3	261389.135	261627.151	0.091
59007.4	261288.033	261627.151	0.130
59007.5	261335.049	261627.151	0.112
59007.6	261461.035	261627.151	0.064
59007.7	261689.364	261627.151	0.024
59007.8	261887.428	261627.151	0.099
59007.9	261957.130	261627.151	0.126
59008.0	261925.042	261627.151	0.114
59008.1	261784.067	261619.305	0.063
59008.2	261526.773	261619.305	0.035
59008.3	261380.682	261619.305	0.091
59008.4	261274.219	261619.305	0.132
59008.5	261319.337	261619.305	0.115
59008.6	261434.982	261619.305	0.071
59008.7	261663.119	261619.305	0.017
59008.8	261827.583	261619.305	0.080
59008.9	261939.838	261619.305	0.122
59009.0	261897.567	261619.305	0.106
59009.1	261718.107	261591.761	0.048
59009.2	261506.901	261591.761	0.032
59009.3	261344.898	261591.761	0.094
59009.4	261221.145	261591.761	0.142
59009.5	261271.779	261591.761	0.122
59009.6	261416.520	261591.761	0.067
59009.7	261619.505	261591.761	0.011
59009.8	261786.422	261591.761	0.074
59009.9	261884.473	261591.761	0.112
59010.0	261849.415	261591.761	0.098
59010.1	261673.113	261565.908	0.041
59010.2	261484.548	261565.908	0.031
59010.3	261282.112	261565.908	0.109
59010.4	261154.617	261565.908	0.157
59010.5	261263.765	261565.908	0.116
59010.6	261403.168	261565.908	0.062
59010.7	261626.673	261565.908	0.023
59010.8	261781.471	261565.908	0.082
59010.9	261859.116	261565.908	0.112
59011.0	261792.822	261565.908	0.087
59011.1	261656.734	261550.029	0.041
59011.2	261412.360	261550.029	0.053
59011.3	261232.469	261550.029	0.122
59011.4	261170.469	261550.029	0.145
59011.5	261219.009	261550.029	0.127
59011.6	261356.315	261550.029	0.074
59011.7	261588.292	261550.029	0.015
59011.8	261727.399	261550.029	0.068
59011.9	261824.880	261550.029	0.105
59012.0	261750.068	261550.029	0.076
59012.1	261585.245	261483.629	0.039
59012.2	261377.190	261483.629	0.041
59012.3	261207.669	261483.629	0.106
59012.4	261122.820	261483.629	0.138
59012.5	261150.792	261483.629	0.127
59012.6	261328.262	261483.629	0.059
59012.7	261525.103	261483.629	0.016
59012.8	261729.760	261483.629	0.094
59012.9	261764.355	261483.629	0.107
59013.0	261733.021	261483.629	0.095
59013.1	261547.376	261449.581	0.037
59013.2	261358.745	261449.581	0.035
59013.3	261139.842	261449.581	0.119
59013.4	261105.376	261449.581	0.132
59013.5	261118.383	261449.581	0.127
59013.6	261270.701	261449.581	0.068
59013.7	261488.702	261449.581	0.015
59013.8	261650.853	261449.581	0.077
59013.9	261731.887	261449.581	0.108
59014.0	261650.627	261449.581	0.077
59014.1	261473.423	261387.328	0.033
59014.2	261248.090	261387.328	0.053
59014.3	261112.301	261387.328	0.105
59014.4	261041.572	261387.328	0.132
59014.5	261091.381	261387.328	0.113
59014.6	261235.472	261387.328	0.058
59014.7	261467.910	261387.328	0.031
59014.8	261590.862	261387.328	0.078
59014.9	261665.626	261387.328	0.106
59015.0	261597.215	261387.328	0.080
59015.1	261444.128	261338.318	0.040
59015.2	261233.659	261338.318	0.040
59015.3	261044.125	261338.318	0.113
59015.4	260974.546	261338.318	0.139
59015.5	261039.446	261338.318	0.114
59015.6	261210.125	261338.318	0.049
59015.7	261378.381	261338.318	0.015
59015.8	261565.429	261338.318	0.087
59015.9	261601.450	261338.318	0.101
59016.0	261562.777	261338.318	0.086
59016.1	261374.232	261255.522	0.045
59016.2	261195.656	261255.522	0.023
59016.3	260992.707	261255.522	0.101
59016.4	260936.989	261255.522	0.122
59016.5	260983.835	261255.522	0.104
59016.6	261137.536	261255.522	0.045
59016.7	261359.495	261255.522	0.040
59016.8	261502.942	261255.522	0.095
59016.9	261568.460	261255.522	0.120
59017.0	261503.428	261255.522	0.095
59017.1	261296.512	261217.561	0.030
59017.2	261107.880	261217.561	0.042
59017.3	260916.294	261217.561	0.115
59017.4	260855.166	261217.561	0.139
59017.5	260931.610	261217.561	0.110
59017.6	261075.976	261217.561	0.054
59017.7	261287.586	261217.561	0.027
59017.8	261440.424	261217.561	0.085
59017.9	261507.276	261217.561	0.111
59018.0	261448.443	261217.561	0.088
59018.1	261258.699	261129.802	0.049
59018.2	261013.464	261129.802	0.045
59018.3	260889.845	261129.802	0.092
59018.4	260795.386	261129.802	0.128
59018.5	260880.058	261129.802	0.096
59018.6	261043.032	261129.802	0.033
59018.7	261229.874	261129.802	0.038
59018.8	261393.935	261129.802	0.101
59018.9	261442.539	261129.802	0.120
59019.0	261352.238	261129.802	0.085
59019.1	261198.459	261097.245	0.039
59019.2	260937.087	261097.245	0.061
59019.3	260793.742	261097.245	0.116
59019.4	260738.410	261097.245	0.138
59019.5	260767.195	261097.245	0.127
59019.6	260970.154	261097.245	0.049
59019.7	261157.941	261097.245	0.023
59019.8	261327.423	261097.245	0.088
59019.9	261373.121	261097.245	0.106
59020.0	261311.991	261097.245	0.082
59020.1	261112.026	261024.996	0.033
59020.2	260871.503	261024.996	0.059
59020.3	260714.954	261024.996	0.119
59020.4	260668.674	261024.996	0.137
59020.5	260732.305	261024.996	0.112
59020.6	260896.821	261024.996	0.049
59020.7	261090.759	261024.996	0.025
59020.8	261262.369	261024.996	0.091
59020.9	261284.765	261024.996	0.099
59021.0	261205.490	261024.996	0.069
59021.1	261034.459	260963.410	0.027
59021.2	260807.437	260963.410	0.060
59021.3	260656.024	260963.410	0.118
59021.4	260596.478	260963.410	0.141
59021.5	260669.972	260963.410	0.113
59021.6	260822.174	260963.410	0.054
59021.7	261037.452	260963.410	0.028
59021.8	261180.361	260963.410	0.083
59021.9	261219.614	260963.410	0.098
59022.0	261113.717	260963.410	0.058
59022.1	260959.653	260872.620	0.033
59022.2	260738.572	260872.620	0.051
59022.3	260560.588	260872.620	0.120
59022.4	260491.747	260872.620	0.146
59022.5	260600.075	260872.620	0.105
59022.6	260746.783	260872.620	0.048
59022.7	260962.988	260872.620	0.035
59022.8	261082.820	260872.620	0.081
59022.9	261127.073	260872.620	0.097
59023.0	261044.930	260872.620	0.066
59023.1	260862.517	260788.488	0.028
59023.2	260611.759	260788.488	0.068
59023.3	260468.028	260788.488	0.123
59023.4	260418.023	260788.488	0.142
59023.5	260517.976	260788.488	0.104
59023.6	260674.108	260788.488	0.044
59023.7	260879.826	260788.488	0.035
59023.8	261012.929	260788.488	0.086
59023.9	261045.013	260788.488	0.098
59024.0	260942.103	260788.488	0.059
59024.1	260729.221	260713.307	0.006
59024.2	260554.678	260713.307	0.061
59024.3	260406.030	260713.307	0.118
59024.4	260341.762	260713.307	0.143
59024.5	260439.824	260713.307	0.105
59024.6	260586.501	260713.307	0.049
59024.7	260766.495	260713.307	0.020
59024.8	260937.818	260713.307	0.086
59024.9	260937.672	260713.307	0.086
59025.0	260847.203	260713.307	0.051
59025.1	260646.651	260624.658	0.008
59025.2	260446.192	260624.658	0.069
59025.3	260278.797	260624.658	0.133
59025.4	260231.616	260624.658	0.151
59025.5	260349.296	260624.658	0.106
59025.6	260524.512	260624.658	0.038
59025.7	260686.533	260624.658	0.024
59025.8	260820.085	260624.658	0.075
59025.9	260868.933	260624.658	0.094
59026.0	260770.109	260624.658	0.056
59026.1	260567.765	260537.524	0.012
59026.2	260361.686	260537.524	0.068
59026.3	260182.973	260537.524	0.136
59026.4	260158.446	260537.524	0.146
59026.5	260251.442	260537.524	0.110
59026.6	260399.482	260537.524	0.053
59026.7	260589.064	260537.524	0.020
59026.8	260747.094	260537.524	0.080
59026.9	260746.963	260537.524	0.080
59027.0	260650.851	260537.524	0.043
59027.1	260473.283	260411.541	0.024
59027.2	260258.521	260411.541	0.059
59027.3	260109.890	260411.541	0.116
59027.4	260067.761	260411.541	0.132
59027.5	260139.682	260411.541	0.105
59027.6	260330.164	260411.541	0.031
59027.7	260505.686	260411.541	0.036
59027.8	260640.974	260411.541	0.088
59027.9	260660.678	260411.541	0.096
59028.0	260548.992	260411.541	0.053
59028.1	260355.953	260313.146	0.016
59028.2	260136.854	260313.146	0.068
59028.3	259988.236	260313.146	0.125
59028.4	259967.895	260313.146	0.133
59028.5	260058.767	260313.146	0.098
59028.6	260213.213	260313.146	0.038
59028.7	260403.644	260313.146	0.035
59028.8	260527.592	260313.146	0.082
59028.9	260555.651	260313.146	0.093
59029.0	260459.661	260313.146	0.056
59029.1	260247.613	260245.472	0.001
59029.2	260015.103	260245.472	0.089
59029.3	259865.380	260245.472	0.146
59029.4	259856.215	260245.472	0.150
59029.5	259939.874	260245.472	0.118
59029.6	260131.937	260245.472	0.044
59029.7	260314.105	260245.472	0.026
59029.8	260447.364	260245.472	0.078
59029.9	260432.366	260245.472	0.072
59030.0	260344.883	260245.472	0.038
59030.1	260147.149	260108.830	0.015
59030.2	259926.451	260108.830	0.070
59030.3	259779.029	260108.830	0.127
59030.4	259729.572	260108.830	0.146
59030.5	259832.268	260108.830	0.106
59030.6	260025.148	260108.830	0.032
59030.7	260195.662	260108.830	0.033
59030.8	260334.862	260108.830	0.087
59030.9	260332.966	260108.830	0.086
59031.0	260232.231	260108.830	0.047
59031.1	260009.710	259997.221	0.005
59031.2	259796.346	259997.221	0.077
59031.3	259647.837	259997.221	0.135
59031.4	259631.288	259997.221	0.141
59031.5	259729.202	259997.221	0.103
59031.6	259915.796	259997.221	0.031
59031.7	260093.220	259997.221	0.037
59031.8	260214.051	259997.221	0.083
59031.9	260235.562	259997.221	0.092
59032.0	260098.990	259997.221	0.039
59032.1	259897.751	259868.380	0.011
59032.2	259701.570	259868.380	0.064
59032.3	259554.248	259868.380	0.121
59032.4	259524.859	259868.380	0.132
59032.5	259629.090	259868.380	0.092
59032.6	259798.478	259868.380	0.027
59032.7	259964.328	259868.380	0.037
59032.8	260120.840	259868.380	0.097
59032.9	260092.177	259868.380	0.086
59033.0	260011.845	259868.380	0.055
59033.1	259792.938	259776.897	0.006
59033.2	259577.195	259776.897	0.077
59033.3	259448.600	259776.897	0.127
59033.4	259415.907	259776.897	0.139
59033.5	259509.537	259776.897	0.103
59033.6	259681.882	259776.897	0.037
59033.7	259876.039	259776.897	0.038
59033.8	259981.136	259776.897	0.079
59033.9	260010.545	259776.897	0.090
59034.0	259847.477	259776.897	0.027
59034.1	259668.871	259669.229	0.000
59034.2	259455.168	259669.229	0.083
59034.3	259320.357	259669.229	0.135
59034.4	259292.017	259669.229	0.145
59034.5	259414.691	259669.229	0.098
59034.6	259577.430	259669.229	0.035
59034.7	259747.403	259669.229	0.030
59034.8	259872.612	259669.229	0.078
59034.9	259863.286	259669.229	0.075
59035.0	259758.266	259669.229	0.034
59035.1	259538.991	259517.864	0.008
59035.2	259312.887	259517.864	0.079
59035.3	259190.809	259517.864	0.126
59035.4	259141.386	259517.864	0.145
59035.5	259290.994	259517.864	0.087
59035.6	259479.976	259517.864	0.015
59035.7	259632.080	259517.864	0.044
59035.8	259732.912	259517.864	0.083
59035.9	259707.133	259517.864	0.073
59036.0	259604.547	259517.864	0.033
59036.1	259405.557	259406.279	0.000
59036.2	259179.757	259406.279	0.087
59036.3	259070.017	259406.279	0.130
59036.4	259051.822	259406.279	0.137
59036.5	259135.570	259406.279	0.104
59036.6	259325.373	259406.279	0.031
59036.7	259506.658	259406.279	0.039
59036.8	259605.719	259406.279	0.077
59036.9	259605.410	259406.279	0.077
59037.0	259471.544	259406.279	0.025
59037.1	259287.065	259296.372	0.004
59037.2	259097.037	259296.372	0.077
59037.3	258939.571	259296.372	0.138
59037.4	258929.897	259296.372	0.142
59037.5	259042.452	259296.372	0.098
59037.6	259210.969	259296.372	0.033
59037.7	259403.740	259296.372	0.041
59037.8	259488.391	259296.372	0.074
59037.9	259474.590	259296.372	0.069
59038.0	259336.709	259296.372	0.016
59038.1	259136.480	259161.474	0.010
59038.2	258947.851	259161.474	0.082
59038.3	258786.532	259161.474	0.145
59038.4	258794.524	259161.474	0.142
59038.5	258922.864	259161.474	0.092
59038.6	259091.064	259161.474	0.027
59038.7	259258.685	259161.474	0.037
59038.8	259357.523	259161.474	0.076
59038.9	259351.180	259161.474	0.073
59039.0	259200.450	259161.474	0.015
59039.1	258996.217	259014.078	0.007
59039.2	258780.095	259014.078	0.090
59039.3	258659.366	259014.078	0.137
59039.4	258626.663	259014.078	0.150
59039.5	258787.995	259014.078	0.087
59039.6	258915.293	259014.078	0.038
59039.7	259125.647	259014.078	0.043
59039.8	259216.740	259014.078	0.078
59039.9	259198.058	259014.078	0.071
59040.0	259058.937	259014.078	0.017
59040.1	258840.625	258883.578	0.017
59040.2	258619.438	258883.578	0.102
59040.3	258515.785	258883.578	0.142
59040.4	258495.785	258883.578	0.150
59040.5	258634.442	258883.578	0.096
59040.6	258842.647	258883.578	0.016
59040.7	258960.631	258883.578	0.030
59040.8	259105.187	258883.578	0.086
59040.9	259053.618	258883.578	0.066
59041.0	258939.176	258883.578	0.021
59041.1	258730.349	258730.574	0.000
59041.2	258512.533	258730.574	0.084
59041.3	258381.389	258730.574	0.135
59041.4	258380.495	258730.574	0.135
59041.5	258502.865	258730.574	0.088
59041.6	258685.846	258730.574	0.017
59041.7	258858.072	258730.574	0.049
59041.8	258934.086	258730.574	0.079
59041.9	258912.015	258730.574	0.070
59042.0	258790.521	258730.574	0.023
59042.1	258540.381	258599.906	0.023
59042.2	258362.753	258599.906	0.092
59042.3	258231.683	258599.906	0.143
59042.4	258247.118	258599.906	0.137
59042.5	258364.000	258599.906	0.091
59042.6	258529.235	258599.906	0.027
59042.7	258698.679	258599.906	0.038
59042.8	258788.123	258599.906	0.073
59042.9	258760.409	258599.906	0.062
59043.0	258611.558	258599.906	0.005
59043.1	258386.468	258434.757	0.019
59043.2	258192.690	258434.757	0.094
59043.3	258078.355	258434.757	0.138
59043.4	258079.060	258434.757	0.138
59043.5	258218.338	258434.757	0.084
59043.6	258390.201	258434.757	0.017
59043.7	258572.361	258434.757	0.053
59043.8	258637.409	258434.757	0.078
59043.9	258584.089	258434.757	0.058
59044.0	258484.225	258434.757	0.019
59044.1	258244.512	258319.112	0.029
59044.2	258048.815	258319.112	0.105
59044.3	257933.188	258319.112	0.150
59044.4	257962.161	258319.112	0.138
59044.5	258053.606	258319.112	0.103
59044.6	258253.176	258319.112	0.026
59044.7	258410.616	258319.112	0.035
59044.8	258498.396	258319.112	0.069
59044.9	258465.536	258319.112	0.057
59045.0	258297.931	258319.112	0.008
59045.1	258056.515	258162.152	0.041
59045.2	257871.919	258162.152	0.113
59045.3	257783.343	258162.152	0.147
59045.4	257806.048	258162.152	0.138
59045.5	257921.858	258162.152	0.093
59045.6	258085.696	258162.152	0.030
59045.7	258266.706	258162.152	0.040
59045.8	258329.760	258162.152	0.065
59045.9	258293.936	258162.152	0.051
59046.0	258141.034	258162.152	0.008
59046.1	257944.934	258015.608	0.027
59046.2	257738.180	258015.608	0.108
59046.3	257610.863	258015.608	0.157
59046.4	257645.036	258015.608	0.144
59046.5	257762.771	258015.608	0.098
59046.6	257926.374	258015.608	0.035
59046.7	258084.631	258015.608	0.027
59046.8	258179.832	258015.608	0.064
59046.9	258117.523	258015.608	0.039
59047.0	257986.444	258015.608	0.011
59047.1	257749.968	257825.603	0.029
59047.2	257554.156	257825.603	0.105
59047.3	257479.699	257825.603	0.134
59047.4	257505.221	257825.603	0.124
59047.5	257613.091	257825.603	0.082
59047.6	257780.984	257825.603	0.017
59047.7	257935.664	257825.603	0.043
59047.8	258018.101	257825.603	0.075
59047.9	257964.561	257825.603	0.054
59048.0	257790.731	257825.603	0.014
59048.1	257581.712	257670.846	0.035
59048.2	257400.106	257670.846	0.105
59048.3	257285.843	257670.846	0.150
59048.4	257327.403	257670.846	0.133
59048.5	257444.620	257670.846	0.088
59048.6	257615.527	257670.846	0.021
59048.7	257795.972	257670.846	0.049
59048.8	257824.619	257670.846	0.060
59048.9	257811.287	257670.846	0.054
59049.0	257644.211	257670.846	0.010
59049.1	257420.497	257491.067	0.027
59049.2	257237.978	257491.067	0.098
59049.3	257125.047	257491.067	0.142
59049.4	257140.512	257491.067	0.136
59049.5	257292.060	257491.067	0.077
59049.6	257470.147	257491.067	0.008
59049.7	257611.704	257491.067	0.047
59049.8	257693.325	257491.067	0.078
59049.9	257636.072	257491.067	0.056
59050.0	257466.092	257491.067	0.010
59050.1	257244.903	257326.964	0.032
59050.2	257085.213	257326.964	0.094
59050.3	256961.680	257326.964	0.142
59050.4	256991.037	257326.964	0.131
59050.5	257103.540	257326.964	0.087
59050.6	257299.792	257326.964	0.011
59050.7	257466.979	257326.964	0.054
59050.8	257507.701	257326.964	0.070
59050.9	257446.504	257326.964	0.046
59051.0	257288.665	257326.964	0.015
59051.1	257063.683	257180.661	0.046
59051.2	256905.356	257180.661	0.107
59051.3	256784.788	257180.661	0.154
59051.4	256803.429	257180.661	0.147
59051.5	256954.445	257180.661	0.088
59051.6	257137.616	257180.661	0.017
59051.7	257291.817	257180.661	0.043
59051.8	257330.258	257180.661	0.058
59051.9	257280.218	257180.661	0.039
59052.0	257107.874	257180.661	0.028
59052.1	256890.845	256999.740	0.042
59052.2	256707.863	256999.740	0.114
59052.3	256612.235	256999.740	0.151
59052.4	256670.343	256999.740	0.128
59052.5	256773.925	256999.740	0.088
59052.6	256948.036	256999.740	0.020
59052.7	257100.129	256999.740	0.039
59052.8	257177.406	256999.740	0.069
59052.9	257097.316	256999.740	0.038
59053.0	256922.109	256999.740	0.030
59053.1	256707.430	256817.223	0.043
59053.2	256520.603	256817.223	0.116
59053.3	256451.127	256817.223	0.143
59053.4	256474.676	256817.223	0.134
59053.5	256605.657	256817.223	0.082
59053.6	256780.573	256817.223	0.014
59053.7	256933.682	256817.223	0.045
59053.8	256993.049	256817.223	0.068
59053.9	256898.124	256817.223	0.031
59054.0	256746.878	256817.223	0.027
59054.1	256540.154	256630.354	0.035
59054.2	256354.753	256630.354	0.108
59054.3	256237.589	256630.354	0.153
59054.4	256288.174	256630.354	0.134
59054.5	256420.273	256630.354	0.082
59054.6	256609.759	256630.354	0.008
59054.7	256772.505	256630.354	0.055
59054.8	256806.664	256630.354	0.069
59054.9	256723.988	256630.354	0.036
59055.0	256542.431	256630.354	0.034
59055.1	256349.404	256440.689	0.036
59055.2	256164.295	256440.689	0.108
59055.3	256058.522	256440.689	0.149
59055.4	256111.824	256440.689	0.128
59055.5	256235.004	256440.689	0.080
59055.6	256432.485	256440.689	0.003
59055.7	256585.009	256440.689	0.056
59055.8	256642.012	256440.689	0.078
59055.9	256544.436	256440.689	0.040
59056.0	256360.701	256440.689	0.031
59056.1	256129.874	256250.285	0.047
59056.2	255953.733	256250.285	0.116
59056.3	255879.291	256250.285	0.145
59056.4	255943.825	256250.285	0.120
59056.5	256056.303	256250.285	0.076
59056.6	256245.523	256250.285	0.002
59056.7	256395.042	256250.285	0.056
59056.8	256437.942	256250.285	0.073
59056.9	256337.395	256250.285	0.034
59057.0	256166.128	256250.285	0.033
59057.1	255942.216	256069.300	0.050
59057.2	255783.852	256069.300	0.112
59057.3	255708.919	256069.300	0.141
59057.4	255750.437	256069.300	0.125
59057.5	255876.350	256069.300	0.075
59057.6	256064.685	256069.300	0.002
59057.7	256216.883	256069.300	0.058
59057.8	256242.807	256069.300	0.068
59057.9	256126.240	256069.300	0.022
59058.0	255967.374	256069.300	0.040
59058.1	255754.177	255873.266	0.047
59058.2	255595.611	255873.266	0.109
59058.3	255507.157	255873.266	0.143
59058.4	255540.879	255873.266	0.130
59058.5	255679.606	255873.266	0.076
59058.6	255885.174	255873.266	0.005
59058.7	255996.253	255873.266	0.048
59058.8	256033.833	255873.266	0.063
59058.9	255978.597	255873.266	0.041
59059.0	255764.547	255873.266	0.043
59059.1	255554.408	255698.220	0.056
59059.2	255393.541	255698.220	0.119
59059.3	255331.206	255698.220	0.144
59059.4	255378.390	255698.220	0.125
59059.5	255509.854	255698.220	0.074
59059.6	255687.354	255698.220	0.004
59059.7	255811.375	255698.220	0.044
59059.8	255846.893	255698.220	0.058
59059.9	255752.538	255698.220	0.021
59060.0	255572.457	255698.220	0.049
59060.1	255372.573	255472.132	0.039
59060.2	255161.651	255472.132	0.122
59060.3	255114.694	255472.132	0.140
59060.4	255177.718	255472.132	0.115
59060.5	255320.277	255472.132	0.059
59060.6	255488.097	255472.132	0.006
59060.7	255613.058	255472.132	0.055
59060.8	255637.061	255472.132	0.065
59060.9	255561.143	255472.132	0.035
59061.0	255379.729	255472.132	0.036
59061.1	255178.038	255306.799	0.050
59061.2	254990.488	255306.799	0.124
59061.3	254934.833	255306.799	0.146
59061.4	254986.765	255306.799	0.126
59061.5	255120.269	255306.799	0.073
59061.6	255299.879	255306.799	0.003
59061.7	255461.246	255306.799	0.060
59061.8	255469.200	255306.799	0.064
59061.9	255329.363	255306.799	0.009
59062.0	255183.078	255306.799	0.048
59062.1	254942.853	255101.025	0.062
59062.2	254795.941	255101.025	0.120
59062.3	254714.793	255101.025	0.152
59062.4	254780.877	255101.025	0.126
59062.5	254916.272	255101.025	0.072
59062.6	255109.101	255101.025	0.003
59062.7	255231.973	255101.025	0.051
59062.8	255275.886	255101.025	0.068
59062.9	255173.165	255101.025	0.028
59063.0	254986.183	255101.025	0.045
59063.1	254744.427	254905.475	0.063
59063.2	254598.864	254905.475	0.120
59063.3	254516.503	254905.475	0.153
59063.4	254586.217	254905.475	0.125
59063.5	254721.913	254905.475	0.072
59063.6	254916.597	254905.475	0.004
59063.7	255023.750	254905.475	0.046
59063.8	255041.382	254905.475	0.053
59063.9	254935.505	254905.475	0.012
59064.0	254772.548	254905.475	0.052
59064.1	254542.251	254682.760	0.055
59064.2	254370.350	254682.760	0.123
59064.3	254343.687	254682.760	0.133
59064.4	254387.475	254682.760	0.116
59064.5	254514.306	254682.760	0.066
59064.6	254722.980	254682.760	0.016
59064.7	254829.203	254682.760	0.057
59064.8	254844.473	254682.760	0.063
59064.9	254735.625	254682.760	0.021
59065.0	254558.762	254682.760	0.049
59065.1	254337.685	254484.418	0.058
59065.2	254167.153	254484.418	0.125
59065.3	254104.047	254484.418	0.150
59065.4	254176.492	254484.418	0.121
59065.5	254332.983	254484.418	0.060
59065.6	254501.112	254484.418	0.007
59065.7	254618.478	254484.418	0.053
59065.8	254642.735	254484.418	0.062
59065.9	254545.486	254484.418	0.024
59066.0	254341.351	254484.418	0.056
59066.1	254107.546	254281.497	0.068
59066.2	253963.827	254281.497	0.125
59066.3	253927.302	254281.497	0.139
59066.4	253973.996	254281.497	0.121
59066.5	254144.642	254281.497	0.054
59066.6	254328.223	254281.497	0.018
59066.7	254433.144	254281.497	0.060
59066.8	254417.627	254281.497	0.054
59066.9	254290.730	254281.497	0.004
59067.0	254120.330	254281.497	0.063
59067.1	253901.345	254090.320	0.074
59067.2	253731.384	254090.320	0.141
59067.3	253708.196	254090.320	0.151
59067.4	253760.273	254090.320	0.130
59067.5	253929.479	254090.320	0.063
59067.6	254086.058	254090.320	0.002
59067.7	254217.568	254090.320	0.050
59067.8	254225.427	254090.320	0.053
59067.9	254111.023	254090.320	0.008
59068.0	253925.634	254090.320	0.065
59068.1	253690.521	253872.312	0.072
59068.2	253545.239	253872.312	0.129
59068.3	253487.705	253872.312	0.152
59068.4	253541.811	253872.312	0.130
59068.5	253725.130	253872.312	0.058
59068.6	253883.651	253872.312	0.004
59068.7	254028.262	253872.312	0.061
59068.8	253994.195	253872.312	0.048
59068.9	253886.889	253872.312	0.006
59069.0	253702.913	253872.312	0.067
59069.1	253491.562	253665.130	0.068
59069.2	253334.458	253665.130	0.131
59069.3	253303.550	253665.130	0.143
59069.4	253345.350	253665.130	0.126
59069.5	253506.110	253665.130	0.063
59069.6	253679.785	253665.130	0.006
59069.7	253819.913	253665.130	0.061
59069.8	253771.586	253665.130	0.042
59069.9	253662.455	253665.130	0.001
59070.0	253461.478	253665.130	0.080
59070.1	253276.036	253453.362	0.070
59070.2	253107.010	253453.362	0.137
59070.3	253064.961	253453.362	0.153
59070.4	253147.505	253453.362	0.121
59070.5	253310.219	253453.362	0.057
59070.6	253485.705	253453.362	0.013
59070.7	253573.581	253453.362	0.047
59070.8	253559.845	253453.362	0.042
59070.9	253459.918	253453.362	0.003
59071.0	253246.050	253453.362	0.082
59071.1	253034.556	253229.888	0.077
59071.2	252892.141	253229.888	0.134
59071.3	252850.367	253229.888	0.150
59071.4	252948.148	253229.888	0.111
59071.5	253099.457	253229.888	0.052
59071.6	253248.253	253229.888	0.007
59071.7	253361.478	253229.888	0.052
59071.8	253372.227	253229.888	0.056
59071.9	253195.281	253229.888	0.014
59072.0	253016.105	253229.888	0.084
59072.1	252814.955	252988.847	0.069
59072.2	252671.977	252988.847	0.125
59072.3	252635.461	252988.847	0.140
59072.4	252735.428	252988.847	0.100
59072.5	252876.157	252988.847	0.045
59072.6	253046.055	252988.847	0.023
59072.7	253146.819	252988.847	0.062
59072.8	253119.928	252988.847	0.052
59072.9	252988.742	252988.847	0.000
59073.0	252781.603	252988.847	0.082
59073.1	252618.022	252782.967	0.065
59073.2	252452.417	252782.967	0.131
59073.3	252417.043	252782.967	0.145
59073.4	252492.505	252782.967	0.115
59073.5	252670.884	252782.967	0.044
59073.6	252833.432	252782.967	0.020
59073.7	252908.765	252782.967	0.050
59073.8	252887.594	252782.967	0.041
59073.9	252781.582	252782.967	0.001
59074.0	252573.765	252782.967	0.083
59074.1	252370.606	252576.568	0.082
59074.2	252218.100	252576.568	0.142
59074.3	252207.172	252576.568	0.146
59074.4	252288.970	252576.568	0.114
59074.5	252442.703	252576.568	0.053
59074.6	252593.479	252576.568	0.007
59074.7	252714.444	252576.568	0.055
59074.8	252680.450	252576.568	0.041
59074.9	252545.300	252576.568	0.012
59075.0	252346.764	252576.568	0.091
59075.1	252107.095	252355.675	0.099
59075.2	252018.037	252355.675	0.134
59075.3	251998.063	252355.675	0.142
59075.4	252080.527	252355.675	0.109
59075.5	252224.108	252355.675	0.052
59075.6	252372.693	252355.675	0.007
59075.7	252482.274	252355.675	0.050
59075.8	252470.254	252355.675	0.045
59075.9	252310.299	252355.675	0.018
59076.0	252107.921	252355.675	0.098
59076.1	251930.317	252120.033	0.075
59076.2	251765.448	252120.033	0.141
59076.3	251734.603	252120.033	0.153
59076.4	251830.687	252120.033	0.115
59076.5	252028.837	252120.033	0.036
59076.6	252162.938	252120.033	0.017
59076.7	252259.679	252120.033	0.055
59076.8	252232.876	252120.033	0.045
59076.9	252093.968	252120.033	0.010
59077.0	251877.522	252120.033	0.096
59077.1	251674.357	251868.533	0.077
59077.2	251549.145	251868.533	0.127
59077.3	251519.612	251868.533	0.139
59077.4	251630.802	251868.533	0.094
59077.5	251792.963	251868.533	0.030
59077.6	251927.157	251868.533	0.023
59077.7	252008.505	251868.533	0.056
59077.8	251968.006	251868.533	0.039
59077.9	251839.006	251868.533	0.012
59078.0	251658.159	251868.533	0.084
59078.1	251455.471	251679.319	0.089
59078.2	251305.354	251679.319	0.149
59078.3	251291.953	251679.319	0.154
59078.4	251391.696	251679.319	0.114
59078.5	251553.561	251679.319	0.050
59078.6	251729.194	251679.319	0.020
59078.7	251806.476	251679.319	0.050
59078.8	251751.921	251679.319	0.029
59078.9	251606.580	251679.319	0.029
59079.0	251414.261	251679.319	0.105
59079.1	251219.675	251435.449	0.086
59079.2	251074.670	251435.449	0.144
59079.3	251085.693	251435.449	0.139
59079.4	251176.059	251435.449	0.103
59079.5	251326.244	251435.449	0.043
59079.6	251499.923	251435.449	0.026
59079.7	251553.302	251435.449	0.047
59079.8	251519.983	251435.449	0.034
59079.9	251360.925	251435.449	0.030
59080.0	251153.458	251435.449	0.112
59080.1	250985.175	251190.830	0.082
59080.2	250824.373	251190.830	0.146
59080.3	250839.244	251190.830	0.140
59080.4	250931.591	251190.830	0.103
59080.5	251097.029	251190.830	0.037
59080.6	251257.534	251190.830	0.027
59080.7	251321.036	251190.830	0.052
59080.8	251274.823	251190.830	0.033
59080.9	251149.127	251190.830	0.017
59081.0	250938.881	251190.830	0.100
59081.1	250747.795	250956.749	0.083
59081.2	250600.409	250956.749	0.142
59081.3	250603.381	250956.749	0.141
59081.4	250710.737	250956.749	0.098
59081.5	250863.939	250956.749	0.037
59081.6	251026.246	250956.749	0.028
59081.7	251103.069	250956.749	0.058
59081.8	251040.172	250956.749	0.033
59081.9	250912.599	250956.749	0.018
59082.0	250701.259	250956.749	0.102
59082.1	250507.693	250734.820	0.091
59082.2	250374.398	250734.820	0.144
59082.3	250355.864	250734.820	0.151
59082.4	250490.076	250734.820	0.098
59082.5	250658.642	250734.820	0.030
59082.6	250806.063	250734.820	0.028
59082.7	250867.150	250734.820	0.053
59082.8	250814.161	250734.820	0.032
59082.9	250659.892	250734.820	0.030
59083.0	250420.917	250734.820	0.125
59083.1	250266.435	250483.023	0.087
59083.2	250147.706	250483.023	0.134
59083.3	250169.711	250483.023	0.125
59083.4	250266.557	250483.023	0.086
59083.5	250410.900	250483.023	0.029
59083.6	250560.687	250483.023	0.031
59083.7	250607.518	250483.023	0.050
59083.8	250576.369	250483.023	0.037
59083.9	250430.640	250483.023	0.021
59084.0	250204.944	250483.023	0.111
59084.1	250012.731	250259.530	0.099
59084.2	249894.355	250259.530	0.146
59084.3	249916.442	250259.530	0.137
59084.4	250018.151	250259.530	0.097
59084.5	250174.927	250259.530	0.034
59084.6	250310.855	250259.530	0.021
59084.7	250382.292	250259.530	0.049
59084.8	250311.864	250259.530	0.021
59084.9	250150.775	250259.530	0.043
59085.0	249949.491	250259.530	0.124
59085.1	249780.271	250006.208	0.090
59085.2	249663.331	250006.208	0.137
59085.3	249677.595	250006.208	0.132
59085.4	249793.035	250006.208	0.085
59085.5	249965.360	250006.208	0.016
59085.6	250099.522	250006.208	0.037
59085.7	250130.978	250006.208	0.050
59085.8	250099.238	250006.208	0.037
59085.9	249922.099	250006.208	0.034
59086.0	249731.209	250006.208	0.110
59086.1	249535.785	249777.032	0.097
59086.2	249420.534	249777.032	0.143
59086.3	249449.172	249777.032	0.131
59086.4	249555.155	249777.032	0.089
59086.5	249740.739	249777.032	0.015
59086.6	249862.067	249777.032	0.034
59086.7	249878.726	249777.032	0.041
59086.8	249843.579	249777.032	0.027
59086.9	249651.377	249777.032	0.050
59087.0	249497.526	249777.032	0.112
59087.1	249278.515	249535.644	0.103
59087.2	249176.411	249535.644	0.144
59087.3	249206.998	249535.644	0.132
59087.4	249326.484	249535.644	0.084
59087.5	249475.801	249535.644	0.024
59087.6	249611.794	249535.644	0.031
59087.7	249677.764	249535.644	0.057
59087.8	249602.122	249535.644	0.027
59087.9	249433.183	249535.644	0.041
59088.0	249224.696	249535.644	0.125
59088.1	249056.030	249293.657	0.095
59088.2	248970.011	249293.657	0.130
59088.3	248975.602	249293.657	0.128
59088.4	249062.183	249293.657	0.093
59088.5	249250.288	249293.657	0.017
59088.6	249385.367	249293.657	0.037
59088.7	249438.108	249293.657	0.058
59088.8	249382.112	249293.657	0.035
59088.9	249189.152	249293.657	0.042
59089.0	248978.227	249293.657	0.127
59089.1	248782.561	249051.169	0.108
59089.2	248686.162	249051.169	0.147
59089.3	248733.168	249051.169	0.128
59089.4	248844.309	249051.169	0.083
59089.5	249023.156	249051.169	0.011
59089.6	249169.267	249051.169	0.047
59089.7	249180.880	249051.169	0.052
59089.8	249099.553	249051.169	0.019
59089.9	248940.929	249051.169	0.044
59090.0	248729.571	249051.169	0.129
59090.1	248548.916	248831.162	0.114
59090.2	248491.071	248831.162	0.137
59090.3	248503.284	248831.162	0.132
59090.4	248589.899	248831.162	0.097
59090.5	248781.100	248831.162	0.020
59090.6	248916.887	248831.162	0.034
59090.7	248939.336	248831.162	0.043
59090.8	248842.327	248831.162	0.004
59090.9	248706.259	248831.162	0.050
59091.0	248481.556	248831.162	0.141
59091.1	248299.334	248561.764	0.106
59091.2	248218.508	248561.764	0.138
59091.3	248244.458	248561.764	0.128
59091.4	248372.458	248561.764	0.076
59091.5	248537.971	248561.764	0.010
59091.6	248649.006	248561.764	0.035
59091.7	248720.904	248561.764	0.064
59091.8	248621.820	248561.764	0.024
59091.9	248444.816	248561.764	0.047
59092.0	248245.012	248561.764	0.128
59092.1	248075.001	248327.552	0.102
59092.2	247996.631	248327.552	0.133
59092.3	247998.449	248327.552	0.133
59092.4	248155.459	248327.552	0.069
59092.5	248272.133	248327.552	0.022
59092.6	248406.102	248327.552	0.032
59092.7	248451.502	248327.552	0.050
59092.8	248349.240	248327.552	0.009
59092.9	248194.953	248327.552	0.053
59093.0	247981.873	248327.552	0.139
59093.1	247799.675	248081.298	0.114
59093.2	247734.356	248081.298	0.140
59093.3	247764.615	248081.298	0.128
59093.4	247911.147	248081.298	0.069
59093.5	248054.757	248081.298	0.011
59093.6	248199.485	248081.298	0.048
59093.7	248218.882	248081.298	0.055
59093.8	248126.318	248081.298	0.018
59093.9	247945.858	248081.298	0.055
59094.0	247742.802	248081.298	0.137
59094.1	247589.552	247859.122	0.109
59094.2	247485.559	247859.122	0.151
59094.3	247517.032	247859.122	0.138
59094.4	247653.516	247859.122	0.083
59094.5	247824.481	247859.122	0.014
59094.6	247944.386	247859.122	0.034
59094.7	247947.886	247859.122	0.036
59094.8	247891.499	247859.122	0.013
59094.9	247707.183	247859.122	0.061
59095.0	247490.830	247859.122	0.149
59095.1	247335.036	247612.381	0.112
59095.2	247223.727	247612.381	0.157
59095.3	247296.576	247612.381	0.128
59095.4	247435.144	247612.381	0.072
59095.5	247566.530	247612.381	0.019
59095.6	247698.779	247612.381	0.035
59095.7	247714.839	247612.381	0.041
59095.8	247617.177	247612.381	0.002
59095.9	247443.868	247612.381	0.068
59096.0	247238.639	247612.381	0.151
59096.1	247058.932	247376.135	0.128
59096.2	247037.052	247376.135	0.137
59096.3	247061.231	247376.135	0.127
59096.4	247175.167	247376.135	0.081
59096.5	247360.334	247376.135	0.006
59096.6	247428.431	247376.135	0.021
59096.7	247465.716	247376.135	0.036
59096.8	247368.113	247376.135	0.003
59096.9	247180.317	247376.135	0.079
59097.0	246998.926	247376.135	0.153
59097.1	246846.171	247089.653	0.099
59097.2	246760.015	247089.653	0.134
59097.3	246800.108	247089.653	0.117
59097.4	246954.243	247089.653	0.055
59097.5	247089.157	247089.653	0.000
59097.6	247194.078	247089.653	0.042
59097.7	247243.904	247089.653	0.062
59097.8	247156.988	247089.653	0.027
59097.9	246965.366	247089.653	0.050
59098.0	246731.618	247089.653	0.145
59098.1	246591.039	246864.606	0.111
59098.2	246545.451	246864.606	0.129
59098.3	246563.234	246864.606	0.122
59098.4	246708.532	246864.606	0.063
59098.5	246866.637	246864.606	0.001
59098.6	246987.027	246864.606	0.050
59098.7	246981.571	246864.606	0.047
59098.8	246877.932	246864.606	0.005
59098.9	246698.252	246864.606	0.067
59099.0	246502.993	246864.606	0.147
59099.1	246338.663	246613.845	0.112
59099.2	246268.953	246613.845	0.140
59099.3	246339.897	246613.845	0.111
59099.4	246486.127	246613.845	0.052
59099.5	246634.168	246613.845	0.008
59099.6	246738.476	246613.845	0.051
59099.7	246720.008	246613.845	0.043
59099.8	246638.829	246613.845	0.010
59099.9	246458.554	246613.845	0.063
59100.0	246248.968	246613.845	0.148
59100.1	246108.537	246361.848	0.103
59100.2	246029.616	246361.848	0.135
59100.3	246089.813	246361.848	0.111
59100.4	246224.171	246361.848	0.056
59100.5	246400.482	246361.848	0.016
59100.6	246466.080	246361.848	0.042
59100.7	246508.206	246361.848	0.059
59100.8	246410.268	246361.848	0.020
59100.9	246202.672	246361.848	0.065
59101.0	246018.258	246361.848	0.140
59101.1	245867.437	246123.361	0.104
59101.2	245801.516	246123.361	0.131
59101.3	245850.339	246123.361	0.111
59101.4	246001.261	246123.361	0.050
59101.5	246137.971	246123.361	0.006
59101.6	246241.577	246123.361	0.048
59101.7	246245.186	246123.361	0.049
59101.8	246118.720	246123.361	0.002
59101.9	245960.377	246123.361	0.066
59102.0	245748.969	246123.361	0.152
59102.1	245609.332	245896.568	0.117
59102.2	245546.909	245896.568	0.142
59102.3	245612.507	245896.568	0.116
59102.4	245751.667	245896.568	0.059
59102.5	245902.799	245896.568	0.003
59102.6	245993.245	245896.568	0.039
59102.7	246005.433	245896.568	0.044
59102.8	245891.660	245896.568	0.002
59102.9	245690.397	245896.568	0.084
59103.0	245505.980	245896.568	0.159
59103.1	245366.864	245644.764	0.113
59103.2	245294.966	245644.764	0.143
59103.3	245373.467	245644.764	0.111
59103.4	245502.690	245644.764	0.058
59103.5	245653.524	245644.764	0.004
59103.6	245755.501	245644.764	0.045
59103.7	245727.092	245644.764	0.034
59103.8	245624.163	245644.764	0.008
59103.9	245486.092	245644.764	0.065
59104.0	245260.650	245644.764	0.157
59104.1	245111.372	245379.109	0.109
59104.2	245064.427	245379.109	0.128
59104.3	245107.861	245379.109	0.111
59104.4	245278.253	245379.109	0.041
59104.5	245416.912	245379.109	0.015
59104.6	245503.657	245379.109	0.051
59104.7	245488.799	245379.109	0.045
59104.8	245394.871	245379.109	0.006
59104.9	245216.585	245379.109	0.066
59105.0	244990.604	245379.109	0.159
59105.1	244866.404	245149.589	0.116
59105.2	244808.822	245149.589	0.139
59105.3	244896.013	245149.589	0.104
59105.4	245040.804	245149.589	0.044
59105.5	245205.748	245149.589	0.023
59105.6	245266.402	245149.589	0.048
59105.7	245286.770	245149.589	0.056
59105.8	245151.431	245149.589	0.001
59105.9	244922.503	245149.589	0.093
59106.0	244769.297	245149.589	0.155
59106.1	244610.570	244921.733	0.127
59106.2	244568.383	244921.733	0.144
59106.3	244642.543	244921.733	0.114
59106.4	244801.001	244921.733	0.049
59106.5	244942.049	244921.733	0.008
59106.6	245030.026	244921.733	0.044
59106.7	245007.774	244921.733	0.035
59106.8	244909.969	244921.733	0.005
59106.9	244715.218	244921.733	0.084
59107.0	244499.329	244921.733	0.173
59107.1	244390.896	244654.383	0.108
59107.2	244313.565	244654.383	0.140
59107.3	244401.633	244654.383	0.103
59107.4	244537.288	244654.383	0.048
59107.5	244679.110	244654.383	0.010
59107.6	244789.440	244654.383	0.055
59107.7	244766.936	244654.383	0.046
59107.8	244627.714	244654.383	0.011
59107.9	244456.079	244654.383	0.081
59108.0	244278.750	244654.383	0.154
59108.1	244147.250	244427.171	0.115
59108.2	244096.157	244427.171	0.136
59108.3	244148.921	244427.171	0.114
59108.4	244299.164	244427.171	0.052
59108.5	244441.530	244427.171	0.006
59108.6	244537.626	244427.171	0.045
59108.7	244526.763	244427.171	0.041
59108.8	244398.256	244427.171	0.012
59108.9	244198.544	244427.171	0.094
59109.0	244009.032	244427.171	0.171
59109.1	243875.868	244171.225	0.121
59109.2	243825.184	244171.225	0.142
59109.3	243922.561	244171.225	0.102
59109.4	244099.266	244171.225	0.029
59109.5	244216.681	244171.225	0.019
59109.6	244273.917	244171.225	0.042
59109.7	244285.592	244171.225	0.047
59109.8	244142.427	244171.225	0.012
59109.9	243939.880	244171.225	0.095
59110.0	243748.679	244171.225	0.173
59110.1	243657.591	243931.939	0.113
59110.2	243585.553	243931.939	0.142
59110.3	243683.125	243931.939	0.102
59110.4	243823.281	243931.939	0.045
59110.5	243978.760	243931.939	0.019
59110.6	244087.033	243931.939	0.064
59110.7	244032.324	243931.939	0.041
59110.8	243935.425	243931.939	0.001
59110.9	243708.677	243931.939	0.092
59111.0	243518.957	243931.939	0.170
59111.1	243399.862	243700.230	0.123
59111.2	243381.345	243700.230	0.131
59111.3	243469.283	243700.230	0.095
59111.4	243585.515	243700.230	0.047
59111.5	243715.887	243700.230	0.006
59111.6	243821.872	243700.230	0.050
59111.7	243792.457	243700.230	0.038
59111.8	243655.180	243700.230	0.018
59111.9	243477.863	243700.230	0.091
59112.0	243260.041	243700.230	0.181
59112.1	243143.698	243447.530	0.125
59112.2	243127.541	243447.530	0.132
59112.3	243216.441	243447.530	0.095
59112.4	243361.239	243447.530	0.035
59112.5	243505.338	243447.530	0.024
59112.6	243585.188	243447.530	0.057
59112.7	243551.824	243447.530	0.043
59112.8	243399.473	243447.530	0.020
59112.9	243231.812	243447.530	0.089
59113.0	243028.891	243447.530	0.172
59113.1	242901.107	243194.676	0.121
59113.2	242912.347	243194.676	0.116
59113.3	243004.320	243194.676	0.078
59113.4	243125.115	243194.676	0.029
59113.5	243283.495	243194.676	0.037
59113.6	243335.381	243194.676	0.058
59113.7	243273.903	243194.676	0.033
59113.8	243145.555	243194.676	0.020
59113.9	242964.266	243194.676	0.095
59114.0	242759.199	243194.676	0.179
59114.1	242659.371	242968.404	0.127
59114.2	242649.126	242968.404	0.132
59114.3	242755.048	242968.404	0.088
59114.4	242863.673	242968.404	0.043
59114.5	243033.917	242968.404	0.027
59114.6	243072.275	242968.404	0.043
59114.7	243062.238	242968.404	0.039
59114.8	242931.202	242968.404	0.015
59114.9	242722.312	242968.404	0.101
59115.0	242543.757	242968.404	0.175
59115.1	242430.556	242717.192	0.118
59115.2	242422.663	242717.192	0.121
59115.3	242505.795	242717.192	0.087
59115.4	242667.877	242717.192	0.020
59115.5	242812.765	242717.192	0.039
59115.6	242863.536	242717.192	0.060
59115.7	242824.685	242717.192	0.044
59115.8	242692.261	242717.192	0.010
59115.9	242481.214	242717.192	0.097
59116.0	242288.942	242717.192	0.177
59116.1	242205.239	242466.390	0.108
59116.2	242184.773	242466.390	0.116
59116.3	242296.841	242466.390	0.070
59116.4	242435.967	242466.390	0.013
59116.5	242567.517	242466.390	0.042
59116.6	242644.983	242466.390	0.074
59116.7	242576.088	242466.390	0.045
59116.8	242426.134	242466.390	0.017
59116.9	242214.228	242466.390	0.104
59117.0	242061.994	242466.390	0.167
59117.1	241951.877	242257.584	0.126
59117.2	241962.680	242257.584	0.122
59117.3	242077.796	242257.584	0.074
59117.4	242190.752	242257.584	0.028
59117.5	242350.035	242257.584	0.038
59117.6	242410.162	242257.584	0.063
59117.7	242352.839	242257.584	0.039
59117.8	242191.187	242257.584	0.027
59117.9	241989.263	242257.584	0.111
59118.0	241848.041	242257.584	0.169
59118.1	241703.378	242020.551	0.131
59118.2	241727.455	242020.551	0.121
59118.3	241830.687	242020.551	0.079
59118.4	241959.516	242020.551	0.025
59118.5	242079.369	242020.551	0.024
59118.6	242139.263	242020.551	0.049
59118.7	242093.787	242020.551	0.030
59118.8	241967.787	242020.551	0.022
59118.9	241776.354	242020.551	0.101
59119.0	241584.664	242020.551	0.180
59119.1	241467.829	241787.192	0.132
59119.2	241478.882	241787.192	0.128
59119.3	241573.546	241787.192	0.088
59119.4	241767.981	241787.192	0.008
59119.5	241888.406	241787.192	0.042
59119.6	241932.946	241787.192	0.060
59119.7	241872.231	241787.192	0.035
59119.8	241717.699	241787.192	0.029
59119.9	241527.539	241787.192	0.108
59120.0	241362.500	241787.192	0.176
59120.1	241256.952	241567.555	0.129
59120.2	241273.383	241567.555	0.122
59120.3	241369.761	241567.555	0.082
59120.4	241514.970	241567.555	0.022
59120.5	241674.220	241567.555	0.044
59120.6	241691.314	241567.555	0.051
59120.7	241627.490	241567.555	0.025
59120.8	241471.063	241567.555	0.040
59120.9	241266.484	241567.555	0.125
59121.0	241112.699	241567.555	0.189
59121.1	241022.701	241335.732	0.130
59121.2	241026.722	241335.732	0.128
59121.3	241152.079	241335.732	0.076
59121.4	241325.072	241335.732	0.004
59121.5	241418.866	241335.732	0.034
59121.6	241450.595	241335.732	0.048
59121.7	241396.628	241335.732	0.025
59121.8	241238.325	241335.732	0.040
59121.9	241057.898	241335.732	0.115
59122.0	240867.029	241335.732	0.195
59122.1	240817.393	241092.014	0.114
59122.2	240811.392	241092.014	0.117
59122.3	240953.018	241092.014	0.058
59122.4	241073.785	241092.014	0.008
59122.5	241220.965	241092.014	0.053
59122.6	241222.685	241092.014	0.054
59122.7	241193.539	241092.014	0.042
59122.8	241031.483	241092.014	0.025
59122.9	240837.376	241092.014	0.106
59123.0	240658.042	241092.014	0.180
59123.1	240572.950	240850.802	0.115
59123.2	240596.354	240850.802	0.106
59123.3	240697.809	240850.802	0.064
59123.4	240861.221	240850.802	0.004
59123.5	240968.162	240850.802	0.049
59123.6	241008.464	240850.802	0.065
59123.7	240964.232	240850.802	0.047
59123.8	240801.985	240850.802	0.020
59123.9	240592.675	240850.802	0.107
59124.0	240414.793	240850.802	0.181
59124.1	240329.154	240635.533	0.127
59124.2	240380.802	240635.533	0.106
59124.3	240475.282	240635.533	0.067
59124.4	240638.559	240635.533	0.001
59124.5	240745.962	240635.533	0.046
59124.6	240783.982	240635.533	0.062
59124.7	240725.467	240635.533	0.037
59124.8	240557.811	240635.533	0.032
59124.9	240386.671	240635.533	0.104
59125.0	240196.194	240635.533	0.183
59125.1	240126.349	240432.940	0.128
59125.2	240142.190	240432.940	0.121
59125.3	240275.835	240432.940	0.065
59125.4	240415.636	240432.940	0.007
59125.5	240536.769	240432.940	0.043
59125.6	240586.542	240432.940	0.064
59125.7	240497.865	240432.940	0.027
59125.8	240355.215	240432.940	0.032
59125.9	240133.534	240432.940	0.125
59126.0	239982.592	240432.940	0.188
59126.1	239899.130	240210.153	0.130
59126.2	239915.446	240210.153	0.123
59126.3	240067.952	240210.153	0.059
59126.4	240207.616	240210.153	0.001
59126.5	240326.537	240210.153	0.048
59126.6	240362.692	240210.153	0.063
59126.7	240286.899	240210.153	0.032
59126.8	240103.327	240210.153	0.044
59126.9	239917.165	240210.153	0.122
59127.0	239739.933	240210.153	0.196
59127.1	239673.731	239998.254	0.135
59127.2	239732.581	239998.254	0.111
59127.3	239858.217	239998.254	0.058
59127.4	239974.263	239998.254	0.010
59127.5	240094.643	239998.254	0.040
59127.6	240142.599	239998.254	0.060
59127.7	240047.908	239998.254	0.021
59127.8	239863.416	239998.254	0.056
59127.9	239690.739	239998.254	0.128
59128.0	239525.824	239998.254	0.197
59128.1	239474.503	239749.960	0.115
59128.2	239485.184	239749.960	0.111
59128.3	239627.682	239749.960	0.051
59128.4	239769.768	239749.960	0.008
59128.5	239902.911	239749.960	0.064
59128.6	239934.562	239749.960	0.077
59128.7	239812.505	239749.960	0.026
59128.8	239651.445	239749.960	0.041
59128.9	239465.839	239749.960	0.119
59129.0	239328.865	239749.960	0.176
59129.1	239264.907	239540.768	0.115
59129.2	239277.829	239540.768	0.110
59129.3	239394.266	239540.768	0.061
59129.4	239577.519	239540.768	0.015
59129.5	239671.771	239540.768	0.055
59129.6	239704.864	239540.768	0.068
59129.7	239619.012	239540.768	0.033
59129.8	239455.187	239540.768	0.036
59129.9	239267.403	239540.768	0.114
59130.0	239091.517	239540.768	0.188
59130.1	239030.896	239334.375	0.127
59130.2	239096.757	239334.375	0.099
59130.3	239218.908	239334.375	0.048
59130.4	239351.216	239334.375	0.007
59130.5	239470.480	239334.375	0.057
59130.6	239474.102	239334.375	0.058
59130.7	239387.142	239334.375	0.022
59130.8	239222.535	239334.375	0.047
59130.9	239044.378	239334.375	0.121
59131.0	238895.317	239334.375	0.184
59131.1	238824.129	239101.618	0.116
59131.2	238894.015	239101.618	0.087
59131.3	239016.361	239101.618	0.036
59131.4	239177.558	239101.618	0.032
59131.5	239269.185	239101.618	0.070
59131.6	239284.648	239101.618	0.076
59131.7	239181.471	239101.618	0.033
59131.8	239014.932	239101.618	0.036
59131.9	238823.134	239101.618	0.117
59132.0	238661.613	239101.618	0.184
59132.1	238605.932	238911.072	0.128
59132.2	238665.871	238911.072	0.103
59132.3	238789.271	238911.072	0.051
59132.4	238964.478	238911.072	0.022
59132.5	239069.766	238911.072	0.066
59132.6	239082.901	238911.072	0.072
59132.7	238952.195	238911.072	0.017
59132.8	238809.329	238911.072	0.043
59132.9	238603.855	238911.072	0.129
59133.0	238470.070	238911.072	0.185
59133.1	238415.905	238697.823	0.118
59133.2	238464.087	238697.823	0.098
59133.3	238591.220	238697.823	0.045
59133.4	238727.510	238697.823	0.012
59133.5	238857.945	238697.823	0.067
59133.6	238831.081	238697.823	0.056
59133.7	238764.300	238697.823	0.028
59133.8	238605.556	238697.823	0.039
59133.9	238400.407	238697.823	0.125
59134.0	238266.356	238697.823	0.181
59134.1	238200.509	238484.579	0.119
59134.2	238291.507	238484.579	0.081
59134.3	238408.323	238484.579	0.032
59134.4	238558.540	238484.579	0.031
59134.5	238636.570	238484.579	0.064
59134.6	238647.046	238484.579	0.068
59134.7	238564.130	238484.579	0.033
59134.8	238377.237	238484.579	0.045
59134.9	238210.256	238484.579	0.115
59135.0	238038.945	238484.579	0.187
59135.1	238001.025	238298.756	0.125
59135.2	238081.978	238298.756	0.091
59135.3	238200.702	238298.756	0.041
59135.4	238365.709	238298.756	0.028
59135.5	238429.366	238298.756	0.055
59135.6	238437.496	238298.756	0.058
59135.7	238351.610	238298.756	0.022
59135.8	238178.035	238298.756	0.051
59135.9	237997.331	238298.756	0.127
59136.0	237851.267	238298.756	0.188
59136.1	237815.867	238088.270	0.115
59136.2	237861.012	238088.270	0.096
59136.3	238019.771	238088.270	0.029
59136.4	238160.891	238088.270	0.030
59136.5	238263.710	238088.270	0.074
59136.6	238244.061	238088.270	0.065
59136.7	238156.893	238088.270	0.029
59136.8	237965.717	238088.270	0.052
59136.9	237758.009	238088.270	0.139
59137.0	237641.608	238088.270	0.188
59137.1	237608.519	237895.414	0.121
59137.2	237707.537	237895.414	0.079
59137.3	237817.484	237895.414	0.033
59137.4	237944.342	237895.414	0.021
59137.5	238033.577	237895.414	0.058
59137.6	238038.264	237895.414	0.060
59137.7	237962.378	237895.414	0.028
59137.8	237757.009	237895.414	0.058
59137.9	237576.146	237895.414	0.134
59138.0	237445.375	237895.414	0.190
59138.1	237428.058	237702.134	0.115
59138.2	237489.498	237702.134	0.090
59138.3	237643.292	237702.134	0.025
59138.4	237758.120	237702.134	0.024
59138.5	237847.614	237702.134	0.061
59138.6	237848.547	237702.134	0.062
59138.7	237757.422	237702.134	0.023
59138.8	237551.143	237702.134	0.064
59138.9	237382.968	237702.134	0.134
59139.0	237266.907	237702.134	0.183
59139.1	237196.336	237485.578	0.122
59139.2	237289.098	237485.578	0.083
59139.3	237443.315	237485.578	0.018
59139.4	237586.084	237485.578	0.042
59139.5	237687.724	237485.578	0.085
59139.6	237661.572	237485.578	0.074
59139.7	237568.223	237485.578	0.035
59139.8	237373.591	237485.578	0.047
59139.9	237190.812	237485.578	0.124
59140.0	237064.020	237485.578	0.178
59140.1	237036.431	237340.317	0.128
59140.2	237117.405	237340.317	0.094
59140.3	237260.999	237340.317	0.033
59140.4	237402.971	237340.317	0.026
59140.5	237478.379	237340.317	0.058
59140.6	237492.267	237340.317	0.064
59140.7	237342.048	237340.317	0.001
59140.8	237171.274	237340.317	0.071
59140.9	236989.045	237340.317	0.148
59141.0	236875.244	237340.317	0.196
59141.1	236850.264	237141.316	0.123
59141.2	236935.265	237141.316	0.087
59141.3	237080.205	237141.316	0.026
59141.4	237224.359	237141.316	0.035
59141.5	237313.084	237141.316	0.072
59141.6	237310.710	237141.316	0.071
59141.7	237159.287	237141.316	0.008
59141.8	236959.492	237141.316	0.077
59141.9	236803.466	237141.316	0.143
59142.0	236678.552	237141.316	0.196
59142.1	236695.960	236973.849	0.117
59142.2	236770.534	236973.849	0.086
59142.3	236903.909	236973.849	0.030
59142.4	237062.195	236973.849	0.037
59142.5	237121.435	236973.849	0.062
59142.6	237091.326	236973.849	0.050
59142.7	236976.926	236973.849	0.001
59142.8	236816.242	236973.849	0.067
59142.9	236621.019	236973.849	0.149
59143.0	236509.003	236973.849	0.197
59143.1	236503.518	236768.511	0.112
59143.2	236593.862	236768.511	0.074
59143.3	236730.503	236768.511	0.016
59143.4	236862.555	236768.511	0.040
59143.5	236934.160	236768.511	0.070
59143.6	236928.334	236768.511	0.067
59143.7	236813.138	236768.511	0.019
59143.8	236624.024	236768.511	0.061
59143.9	236441.208	236768.511	0.138
59144.0	236331.009	236768.511	0.185
59144.1	236341.774	236566.324	0.095
59144.2	236420.772	236566.324	0.062
59144.3	236531.974	236566.324	0.015
59144.4	236692.917	236566.324	0.053
59144.5	236763.602	236566.324	0.083
59144.6	236769.261	236566.324	0.086
59144.7	236623.912	236566.324	0.024
59144.8	236433.604	236566.324	0.056
59144.9	236251.504	236566.324	0.133
59145.0	236156.722	236566.324	0.173
59145.1	236155.094	236421.239	0.113
59145.2	236250.383	236421.239	0.072
59145.3	236404.017	236421.239	0.007
59145.4	236539.189	236421.239	0.050
59145.5	236596.572	236421.239	0.074
59145.6	236572.807	236421.239	0.064
59145.7	236427.175	236421.239	0.003
59145.8	236248.306	236421.239	0.073
59145.9	236091.020	236421.239	0.140
59146.0	235997.782	236421.239	0.179
59146.1	235999.325	236266.197	0.113
59146.2	236084.459	236266.197	0.077
59146.3	236240.368	236266.197	0.011
59146.4	236362.188	236266.197	0.041
59146.5	236418.220	236266.197	0.064
59146.6	236407.277	236266.197	0.060
59146.7	236285.637	236266.197	0.008
59146.8	236063.663	236266.197	0.086
59146.9	235907.593	236266.197	0.152
59147.0	235816.315	236266.197	0.191
59147.1	235819.803	236085.740	0.113
59147.2	235906.254	236085.740	0.076
59147.3	236077.468	236085.740	0.004
59147.4	236201.426	236085.740	0.049
59147.5	236296.923	236085.740	0.089
59147.6	236243.097	236085.740	0.067
59147.7	236106.239	236085.740	0.009
59147.8	235923.609	236085.740	0.069
59147.9	235741.406	236085.740	0.146
59148.0	235648.696	236085.740	0.185
59148.1	235669.452	235937.053	0.114
59148.2	235773.522	235937.053	0.069
59148.3	235919.311	235937.053	0.008
59148.4	236056.281	235937.053	0.051
59148.5	236112.765	235937.053	0.074
59148.6	236082.987	235937.053	0.062
59148.7	235944.124	235937.053	0.003
59148.8	235746.897	235937.053	0.081
59148.9	235590.040	235937.053	0.147
59149.0	235514.672	235937.053	0.179
59149.1	235509.594	235776.685	0.113
59149.2	235615.920	235776.685	0.068
59149.3	235751.447	235776.685	0.011
59149.4	235887.554	235776.685	0.047
59149.5	235956.442	235776.685	0.076
59149.6	235926.428	235776.685	0.063
59149.7	235769.474	235776.685	0.003
59149.8	235598.192	235776.685	0.076
59149.9	235456.445	235776.685	0.136
59150.0	235342.265	235776.685	0.185
59150.1	235338.674	235633.733	0.125
59150.2	235474.538	235633.733	0.068
59150.3	235600.323	235633.733	0.014
59150.4	235751.649	235633.733	0.050
59150.5	235791.626	235633.733	0.067
59150.6	235757.984	235633.733	0.053
59150.7	235628.036	235633.733	0.002
59150.8	235428.226	235633.733	0.087
59150.9	235284.684	235633.733	0.148
59151.0	235185.819	235633.733	0.190
59151.1	235199.282	235452.750	0.108
59151.2	235311.559	235452.750	0.060
59151.3	235478.241	235452.750	0.011
59151.4	235616.166	235452.750	0.069
59151.5	235667.199	235452.750	0.091
59151.6	235620.503	235452.750	0.071
59151.7	235474.030	235452.750	0.009
59151.8	235313.571	235452.750	0.059
59151.9	235130.905	235452.750	0.137
59152.0	235018.793	235452.750	0.185
59152.1	235089.747	235303.093	0.091
59152.2	235177.244	235303.093	0.054
59152.3	235334.022	235303.093	0.013
59152.4	235457.836	235303.093	0.066
59152.5	235522.388	235303.093	0.093
59152.6	235459.551	235303.093	0.066
59152.7	235297.156	235303.093	0.003
59152.8	235123.388	235303.093	0.076
59152.9	234977.539	235303.093	0.139
59153.0	234882.498	235303.093	0.179
59153.1	234942.759	235169.420	0.096
59153.2	235033.130	235169.420	0.058
59153.3	235202.515	235169.420	0.014
59153.4	235327.695	235169.420	0.067
59153.5	235352.987	235169.420	0.078
59153.6	235313.626	235169.420	0.061
59153.7	235163.210	235169.420	0.003
59153.8	234973.859	235169.420	0.083
59153.9	234816.801	235169.420	0.150
59154.0	234748.179	235169.420	0.179
59154.1	234785.942	235025.237	0.102
59154.2	234892.493	235025.237	0.057
59154.3	235076.986	235025.237	0.022
59154.4	235204.446	235025.237	0.076
59154.5	235225.870	235025.237	0.085
59154.6	235171.209	235025.237	0.062
59154.7	235005.613	235025.237	0.008
59154.8	234829.549	235025.237	0.083
59154.9	234685.277	235025.237	0.145
59155.0	234621.381	235025.237	0.172
59155.1	234645.904	234897.807	0.107
59155.2	234767.897	234897.807	0.055
59155.3	234928.463	234897.807	0.013
59155.4	235041.549	234897.807	0.061
59155.5	235089.155	234897.807	0.081
59155.6	235048.124	234897.807	0.064
59155.7	234891.266	234897.807	0.003
59155.8	234686.272	234897.807	0.090
59155.9	234571.468	234897.807	0.139
59156.0	234467.593	234897.807	0.183
59156.1	234509.363	234749.042	0.102
59156.2	234646.748	234749.042	0.044
59156.3	234810.052	234749.042	0.026
59156.4	234909.670	234749.042	0.068
59156.5	234984.122	234749.042	0.100
59156.6	234884.401	234749.042	0.058
59156.7	234741.429	234749.042	0.003
59156.8	234563.102	234749.042	0.079
59156.9	234405.625	234749.042	0.147
59157.0	234343.927	234749.042	0.173
59157.1	234374.666	234654.573	0.119
59157.2	234518.651	234654.573	0.058
59157.3	234680.917	234654.573	0.011
59157.4	234794.335	234654.573	0.060
59157.5	234827.064	234654.573	0.073
59157.6	234752.633	234654.573	0.042
59157.7	234649.202	234654.573	0.002
59157.8	234426.864	234654.573	0.097
59157.9	234285.796	234654.573	0.157
59158.0	234238.890	234654.573	0.177
59158.1	234271.963	234482.081	0.090
59158.2	234401.796	234482.081	0.034
59158.3	234567.909	234482.081	0.037
59158.4	234696.537	234482.081	0.091
59158.5	234727.725	234482.081	0.105
59158.6	234637.396	234482.081	0.066
59158.7	234491.003	234482.081	0.004
59158.8	234281.054	234482.081	0.086
59158.9	234166.799	234482.081	0.135
59159.0	234110.782	234482.081	0.159
59159.1	234144.523	234354.535	0.090
59159.2	234307.593	234354.535	0.020
59159.3	234445.998	234354.535	0.039
59159.4	234560.925	234354.535	0.088
59159.5	234604.879	234354.535	0.107
59159.6	234511.847	234354.535	0.067
59159.7	234350.943	234354.535	0.002
59159.8	234153.670	234354.535	0.086
59159.9	234026.890	234354.535	0.140
59160.0	233970.246	234354.535	0.164
59160.1	234035.792	234258.325	0.095
59160.2	234170.631	234258.325	0.037
59160.3	234355.646	234258.325	0.042
59160.4	234442.330	234258.325	0.078
59160.5	234471.803	234258.325	0.091
59160.6	234390.630	234258.325	0.056
59160.7	234241.085	234258.325	0.007
59160.8	234055.793	234258.325	0.087
59160.9	233915.977	234258.325	0.146
59161.0	233874.348	234258.325	0.164
59161.1	233917.028	234139.266	0.095
59161.2	234069.199	234139.266	0.030
59161.3	234239.520	234139.266	0.043
59161.4	234314.796	234139.266	0.075
59161.5	234352.084	234139.266	0.091
59161.6	234286.545	234139.266	0.063
59161.7	234119.079	234139.266	0.009
59161.8	233920.273	234139.266	0.094
59161.9	233795.712	234139.266	0.147
59162.0	233729.480	234139.266	0.175
59162.1	233829.114	234009.318	0.077
59162.2	233982.950	234009.318	0.011
59162.3	234114.838	234009.318	0.045
59162.4	234230.879	234009.318	0.095
59162.5	234241.701	234009.318	0.099
59162.6	234171.533	234009.318	0.069
59162.7	234016.655	234009.318	0.003
59162.8	233830.292	234009.318	0.077
59162.9	233693.879	234009.318	0.135
59163.0	233655.215	234009.318	0.152
59163.1	233702.816	233909.556	0.088
59163.2	233833.566	233909.556	0.032
59163.3	234007.392	233909.556	0.042
59163.4	234106.476	233909.556	0.084
59163.5	234133.604	233909.556	0.096
59163.6	234059.728	233909.556	0.064
59163.7	233888.729	233909.556	0.009
59163.8	233731.956	233909.556	0.076
59163.9	233564.931	233909.556	0.148
59164.0	233571.632	233909.556	0.145
59164.1	233622.838	233814.018	0.082
59164.2	233782.173	233814.018	0.014
59164.3	233918.129	233814.018	0.045
59164.4	234033.206	233814.018	0.094
59164.5	234041.580	233814.018	0.097
59164.6	233964.852	233814.018	0.064
59164.7	233808.491	233814.018	0.002
59164.8	233608.697	233814.018	0.088
59164.9	233484.679	233814.018	0.141
59165.0	233478.948	233814.018	0.144
59165.1	233531.687	233724.520	0.083
59165.2	233682.327	233724.520	0.018
59165.3	233817.030	233724.520	0.040
59165.4	233958.218	233724.520	0.100
59165.5	233952.847	233724.520	0.098
59165.6	233836.056	233724.520	0.048
59165.7	233675.796	233724.520	0.021
59165.8	233503.780	233724.520	0.095
59165.9	233393.255	233724.520	0.142
59166.0	233363.573	233724.520	0.155
59166.1	233445.737	233608.352	0.070
59166.2	233568.986	233608.352	0.017
59166.3	233748.827	233608.352	0.060
59166.4	233837.126	233608.352	0.098
59166.5	233856.783	233608.352	0.106
59166.6	233751.891	233608.352	0.061
59166.7	233601.317	233608.352	0.003
59166.8	233427.201	233608.352	0.078
59166.9	233291.532	233608.352	0.136
59167.0	233279.647	233608.352	0.141
59167.1	233378.148	233540.790	0.070
59167.2	233504.172	233540.790	0.016
59167.3	233655.374	233540.790	0.049
59167.4	233744.278	233540.790	0.087
59167.5	233789.809	233540.790	0.107
59167.6	233724.859	233540.790	0.079
59167.7	233518.034	233540.790	0.010
59167.8	233358.013	233540.790	0.078
59167.9	233238.401	233540.790	0.130
59168.0	233183.709	233540.790	0.153
59168.1	233273.649	233447.192	0.074
59168.2	233429.041	233447.192	0.008
59168.3	233553.741	233447.192	0.046
59168.4	233670.393	233447.192	0.096
59168.5	233702.401	233447.192	0.109
59168.6	233565.389	233447.192	0.051
59168.7	233441.483	233447.192	0.002
59168.8	233238.839	233447.192	0.089
59168.9	233132.164	233447.192	0.135
59169.0	233107.641	233447.192	0.146
59169.1	233184.988	233385.876	0.086
59169.2	233344.785	233385.876	0.018
59169.3	233500.159	233385.876	0.049
59169.4	233601.678	233385.876	0.092
59169.5	233588.669	233385.876	0.087
59169.6	233504.809	233385.876	0.051
59169.7	233312.492	233385.876	0.031
59169.8	233149.497	233385.876	0.101
59169.9	233030.001	233385.876	0.153
59170.0	233007.767	233385.876	0.162
59170.1	233131.429	233304.277	0.074
59170.2	233278.116	233304.277	0.011
59170.3	233467.068	233304.277	0.070
59170.4	233538.314	233304.277	0.100
59170.5	233538.195	233304.277	0.100
59170.6	233395.974	233304.277	0.039
59170.7	233253.578	233304.277	0.022
59170.8	233080.271	233304.277	0.096
59170.9	232974.414	233304.277	0.142
59171.0	232957.798	233304.277	0.149
59171.1	233040.724	233238.429	0.085
59171.2	233232.654	233238.429	0.002
59171.3	233376.352	233238.429	0.059
59171.4	233462.338	233238.429	0.096
59171.5	233488.861	233238.429	0.107
59171.6	233359.879	233238.429	0.052
59171.7	233189.327	233238.429	0.021
59171.8	233026.517	233238.429	0.091
59171.9	232937.949	233238.429	0.129
59172.0	232907.035	233238.429	0.142
59172.1	232981.385	233165.229	0.079
59172.2	233135.476	233165.229	0.013
59172.3	233309.521	233165.229	0.062
59172.4	233406.375	233165.229	0.103
59172.5	233404.607	233165.229	0.103
59172.6	233299.908	233165.229	0.058
59172.7	233114.399	233165.229	0.022
59172.8	232926.120	233165.229	0.103
59172.9	232864.787	233165.229	0.129
59173.0	232836.875	233165.229	0.141
59173.1	232938.629	233107.083	0.072
59173.2	233083.588	233107.083	0.010
59173.3	233272.528	233107.083	0.071
59173.4	233357.962	233107.083	0.108
59173.5	233338.503	233107.083	0.099
59173.6	233221.459	233107.083	0.049
59173.7	233058.416	233107.083	0.021
59173.8	232869.867	233107.083	0.102
59173.9	232795.551	233107.083	0.134
59174.0	232754.648	233107.083	0.151
59174.1	232903.391	233044.878	0.061
59174.2	233035.240	233044.878	0.004
59174.3	233224.560	233044.878	0.077
59174.4	233282.127	233044.878	0.102
59174.5	233289.714	233044.878	0.105
59174.6	233168.438	233044.878	0.053
59174.7	232994.770	233044.878	0.022
59174.8	232833.145	233044.878	0.091
59174.9	232746.489	233044.878	0.128
59175.0	232735.320	233044.878	0.133
59175.1	232858.832	233023.630	0.071
59175.2	233005.839	233023.630	0.008
59175.3	233155.267	233023.630	0.056
59175.4	233240.961	233023.630	0.093
59175.5	233234.792	233023.630	0.091
59175.6	233080.411	233023.630	0.024
59175.7	232961.701	233023.630	0.027
59175.8	232783.489	233023.630	0.103
59175.9	232699.418	233023.630	0.139
59176.0	232706.483	233023.630	0.136
59176.1	232790.073	232964.421	0.075
59176.2	232980.670	232964.421	0.007
59176.3	233118.610	232964.421	0.066
59176.4	233217.895	232964.421	0.109
59176.5	233181.334	232964.421	0.093
59176.6	233054.080	232964.421	0.038
59176.7	232905.904	232964.421	0.025
59176.8	232697.964	232964.421	0.115
59176.9	232630.466	232964.421	0.144
59177.0	232669.674	232964.421	0.127
59177.1	232770.892	232918.279	0.063
59177.2	232934.266	232918.279	0.007
59177.3	233069.973	232918.279	0.065
59177.4	233141.318	232918.279	0.096
59177.5	233147.450	232918.279	0.098
59177.6	233003.487	232918.279	0.037
59177.7	232836.752	232918.279	0.035
59177.8	232701.880	232918.279	0.093
59177.9	232579.519	232918.279	0.146
59178.0	232603.310	232918.279	0.135
59178.1	232739.131	232881.978	0.061
59178.2	232893.734	232881.978	0.005
59178.3	233072.701	232881.978	0.082
59178.4	233125.889	232881.978	0.105
59178.5	233099.951	232881.978	0.094
59178.6	232986.463	232881.978	0.045
59178.7	232790.951	232881.978	0.039
59178.8	232654.727	232881.978	0.098
59178.9	232589.940	232881.978	0.126
59179.0	232558.784	232881.978	0.139
59179.1	232709.122	232837.424	0.055
59179.2	232881.232	232837.424	0.019
59179.3	233021.063	232837.424	0.079
59179.4	233073.904	232837.424	0.101
59179.5	233076.873	232837.424	0.103
59179.6	232927.227	232837.424	0.039
59179.7	232764.912	232837.424	0.031
59179.8	232627.311	232837.424	0.090
59179.9	232546.812	232837.424	0.125
59180.0	232563.416	232837.424	0.118
59180.1	232671.809	232811.735	0.060
59180.2	232872.868	232811.735	0.026
59180.3	232985.634	232811.735	0.075
59180.4	233055.579	232811.735	0.105
59180.5	233024.631	232811.735	0.091
59180.6	232893.307	232811.735	0.035
59180.7	232765.329	232811.735	0.020
59180.8	232600.981	232811.735	0.091
59180.9	232509.402	232811.735	0.130
59181.0	232514.048	232811.735	0.128
59181.1	232669.223	232793.533	0.053
59181.2	232857.438	232793.533	0.027
59181.3	232985.610	232793.533	0.082
59181.4	233051.944	232793.533	0.111
59181.5	233038.012	232793.533	0.105
59181.6	232887.542	232793.533	0.040
59181.7	232701.265	232793.533	0.040
59181.8	232552.692	232793.533	0.104
59181.9	232489.234	232793.533	0.131
59182.0	232494.438	232793.533	0.129
59182.1	232673.311	232791.918	0.051
59182.2	232844.326	232791.918	0.023
59182.3	232960.281	232791.918	0.072
59182.4	233055.136	232791.918	0.113
59182.5	232995.565	232791.918	0.087
59182.6	232869.960	232791.918	0.034
59182.7	232702.146	232791.918	0.039
59182.8	232532.823	232791.918	0.111
59182.9	232475.102	232791.918	0.136
59183.0	232514.630	232791.918	0.119
59183.1	232647.946	232750.007	0.044
59183.2	232812.033	232750.007	0.027
59183.3	232968.671	232750.007	0.094
59183.4	233023.517	232750.007	0.117
59183.5	233001.733	232750.007	0.108
59183.6	232830.779	232750.007	0.035
59183.7	232659.417	232750.007	0.039
59183.8	232505.846	232750.007	0.105
59183.9	232450.209	232750.007	0.129
59184.0	232522.778	232750.007	0.098
59184.1	232639.150	232742.976	0.045
59184.2	232820.210	232742.976	0.033
59184.3	232967.506	232742.976	0.096
59184.4	233033.070	232742.976	0.124
59184.5	232982.514	232742.976	0.103
59184.6	232839.116	232742.976	0.041
59184.7	232666.107	232742.976	0.033
59184.8	232515.380	232742.976	0.098
59184.9	232428.684	232742.976	0.135
59185.0	232488.398	232742.976	0.110
59185.1	232640.707	232758.942	0.051
59185.2	232811.537	232758.942	0.023
59185.3	232972.012	232758.942	0.091
59185.4	233006.192	232758.942	0.106
59185.5	232984.070	232758.942	0.097
59185.6	232853.808	232758.942	0.041
59185.7	232664.008	232758.942	0.041
59185.8	232512.647	232758.942	0.106
59185.9	232443.059	232758.942	0.136
59186.0	232507.982	232758.942	0.108
59186.1	232658.137	232727.167	0.030
59186.2	232817.212	232727.167	0.039
59186.3	232964.067	232727.167	0.102
59186.4	233029.154	232727.167	0.130
59186.5	232960.131	232727.167	0.100
59186.6	232812.753	232727.167	0.037
59186.7	232620.503	232727.167	0.046
59186.8	232500.384	232727.167	0.098
59186.9	232475.517	232727.167	0.108
59187.0	232513.770	232727.167	0.092
59187.1	232682.029	232748.731	0.029
59187.2	232826.203	232748.731	0.033
59187.3	232974.752	232748.731	0.097
59187.4	232993.766	232748.731	0.105
59187.5	232980.752	232748.731	0.100
59187.6	232822.228	232748.731	0.032
59187.7	232640.445	232748.731	0.047
59187.8	232506.830	232748.731	0.104
59187.9	232469.512	232748.731	0.120
59188.0	232519.889	232748.731	0.098
59188.1	232653.541	232734.094	0.035
59188.2	232843.305	232734.094	0.047
59188.3	232987.153	232734.094	0.109
59188.4	233051.793	232734.094	0.136
59188.5	232981.882	232734.094	0.106
59188.6	232829.789	232734.094	0.041
59188.7	232637.117	232734.094	0.042
59188.8	232520.568	232734.094	0.092
59188.9	232470.839	232734.094	0.113
59189.0	232534.665	232734.094	0.086
59189.1	232685.150	232746.398	0.026
59189.2	232833.796	232746.398	0.038
59189.3	233024.502	232746.398	0.119
59189.4	233058.309	232746.398	0.134
59189.5	232967.802	232746.398	0.095
59189.6	232861.470	232746.398	0.049
59189.7	232683.953	232746.398	0.027
59189.8	232531.499	232746.398	0.092
59189.9	232514.378	232746.398	0.100
59190.0	232538.400	232746.398	0.089
59190.1	232719.943	232783.923	0.027
59190.2	232885.946	232783.923	0.044
59190.3	233050.955	232783.923	0.115
59190.4	233065.649	232783.923	0.121
59190.5	232978.970	232783.923	0.084
59190.6	232869.045	232783.923	0.037
59190.7	232656.728	232783.923	0.055
59190.8	232553.697	232783.923	0.099
59190.9	232537.180	232783.923	0.106
59191.0	232610.983	232783.923	0.074
59191.1	232719.300	232806.999	0.038
59191.2	232930.128	232806.999	0.053
59191.3	233078.989	232806.999	0.117
59191.4	233083.075	232806.999	0.118
59191.5	233006.210	232806.999	0.085
59191.6	232876.672	232806.999	0.030
59191.7	232682.945	232806.999	0.053
59191.8	232576.835	232806.999	0.099
59191.9	232558.986	232806.999	0.107
59192.0	232595.409	232806.999	0.091
59192.1	232781.364	232835.674	0.023
59192.2	232948.503	232835.674	0.048
59192.3	233095.463	232835.674	0.111
59192.4	233112.172	232835.674	0.119
59192.5	233052.430	232835.674	0.093
59192.6	232892.483	232835.674	0.024
59192.7	232722.919	232835.674	0.048
59192.8	232593.864	232835.674	0.104
59192.9	232565.088	232835.674	0.116
59193.0	232640.435	232835.674	0.084
59193.1	232790.591	232853.329	0.027
59193.2	232974.564	232853.329	0.052
59193.3	233137.422	232853.329	0.122
59193.4	233168.798	232853.329	0.135
59193.5	233103.624	232853.329	0.107
59193.6	232928.830	232853.329	0.032
59193.7	232759.068	232853.329	0.040
59193.8	232652.566	232853.329	0.086
59193.9	232624.263	232853.329	0.098
59194.0	232668.038	232853.329	0.080
59194.1	232858.326	232878.062	0.008
59194.2	233029.158	232878.062	0.065
59194.3	233181.385	232878.062	0.130
59194.4	233196.028	232878.062	0.136
59194.5	233116.092	232878.062	0.102
59194.6	232966.567	232878.062	0.038
59194.7	232797.242	232878.062	0.035
59194.8	232691.646	232878.062	0.080
59194.9	232666.045	232878.062	0.091
59195.0	232737.758	232878.062	0.060
59195.1	232931.674	232955.725	0.010
59195.2	233094.508	232955.725	0.060
59195.3	233228.766	232955.725	0.117
59195.4	233242.408	232955.725	0.123
59195.5	233156.886	232955.725	0.086
59195.6	233025.647	232955.725	0.030
59195.7	232869.062	232955.725	0.037
59195.8	232708.519	232955.725	0.106
59195.9	232699.186	232955.725	0.110
59196.0	232799.499	232955.725	0.067
59196.1	232966.109	233015.241	0.021
59196.2	233129.267	233015.241	0.049
59196.3	233282.540	233015.241	0.115
59196.4	233299.742	233015.241	0.122
59196.5	233197.082	233015.241	0.078
59196.6	233046.670	233015.241	0.013
59196.7	232904.312	233015.241	0.048
59196.8	232786.908	233015.241	0.098
59196.9	232783.389	233015.241	0.100
59197.0	232824.540	233015.241	0.082
59197.1	232985.760	233069.036	0.036
59197.2	233203.773	233069.036	0.058
59197.3	233309.288	233069.036	0.103
59197.4	233343.043	233069.036	0.117
59197.5	233253.581	233069.036	0.079
59197.6	233126.895	233069.036	0.025
59197.7	232939.096	233069.036	0.056
59197.8	232812.094	233069.036	0.110
59197.9	232820.300	233069.036	0.107
59198.0	232896.745	233069.036	0.074
59198.1	233072.234	233114.955	0.018
59198.2	233281.528	233114.955	0.071
59198.3	233420.581	233114.955	0.131
59198.4	233431.250	233114.955	0.135
59198.5	233371.583	233114.955	0.110
59198.6	233157.634	233114.955	0.018
59198.7	232997.667	233114.955	0.050
59198.8	232867.722	233114.955	0.106
59198.9	232852.245	233114.955	0.113
59199.0	232993.852	233114.955	0.052
59199.1	233169.762	233179.343	0.004
59199.2	233349.167	233179.343	0.073
59199.3	233471.499	233179.343	0.125
59199.4	233486.755	233179.343	0.132
59199.5	233378.809	233179.343	0.085
59199.6	233222.022	233179.343	0.018
59199.7	233092.192	233179.343	0.037
59199.8	232948.880	233179.343	0.099
59199.9	232934.674	233179.343	0.105
59200.0	233045.552	233179.343	0.057
59200.1	233211.494	233226.970	0.007
59200.2	233440.793	233226.970	0.092
59200.3	233529.390	233226.970	0.129
59200.4	233559.939	233226.970	0.143
59200.5	233466.862	233226.970	0.103
59200.6	233275.219	233226.970	0.021
59200.7	233118.278	233226.970	0.047
59200.8	233029.515	233226.970	0.085
59200.9	233018.003	233226.970	0.090
59201.0	233131.669	233226.970	0.041
59201.1	233282.039	233331.389	0.021
59201.2	233487.815	233331.389	0.067
59201.3	233611.039	233331.389	0.120
59201.4	233634.519	233331.389	0.130
59201.5	233509.154	233331.389	0.076
59201.6	233354.272	233331.389	0.010
59201.7	233157.062	233331.389	0.075
59201.8	233092.440	233331.389	0.103
59201.9	233107.633	233331.389	0.096
59202.0	233213.385	233331.389	0.051
59202.1	233368.036	233409.608	0.018
59202.2	233585.001	233409.608	0.075
59202.3	233695.606	233409.608	0.122
59202.4	233703.960	233409.608	0.126
59202.5	233573.082	233409.608	0.070
59202.6	233412.171	233409.608	0.001
59202.7	233265.570	233409.608	0.062
59202.8	233166.561	233409.608	0.104
59202.9	233187.167	233409.608	0.095
59203.0	233313.573	233409.608	0.041
59203.1	233483.737	233459.374	0.010
59203.2	233680.415	233459.374	0.095
59203.3	233770.884	233459.374	0.133
59203.4	233787.341	233459.374	0.140
59203.5	233680.237	233459.374	0.095
59203.6	233496.035	233459.374	0.016
59203.7	233331.556	233459.374	0.055
59203.8	233279.465	233459.374	0.077
59203.9	233243.244	233459.374	0.093
59204.0	233415.053	233459.374	0.019
59204.1	233570.098	233533.782	0.016
59204.2	233768.563	233533.782	0.100
59204.3	233876.394	233533.782	0.146
59204.4	233875.434	233533.782	0.146
59204.5	233774.780	233533.782	0.103
59204.6	233601.133	233533.782	0.029
59204.7	233431.329	233533.782	0.044
59204.8	233354.104	233533.782	0.077
59204.9	233379.396	233533.782	0.066
59205.0	233490.759	233533.782	0.018
59205.1	233652.995	233660.073	0.003
59205.2	233860.889	233660.073	0.086
59205.3	233938.180	233660.073	0.119
59205.4	233953.382	233660.073	0.125
59205.5	233868.758	233660.073	0.089
59205.6	233706.734	233660.073	0.020
59205.7	233528.482	233660.073	0.056
59205.8	233417.207	233660.073	0.104
59205.9	233439.159	233660.073	0.095
59206.0	233575.019	233660.073	0.036
59206.1	233739.310	233747.892	0.004
59206.2	233931.895	233747.892	0.079
59206.3	234052.481	233747.892	0.130
59206.4	234042.166	233747.892	0.126
59206.5	233907.145	233747.892	0.068
59206.6	233785.840	233747.892	0.016
59206.7	233627.420	233747.892	0.052
59206.8	233538.788	233747.892	0.090
59206.9	233603.169	233747.892	0.062
59207.0	233687.971	233747.892	0.026
59207.1	233886.427	233854.177	0.014
59207.2	234054.948	233854.177	0.086
59207.3	234171.587	233854.177	0.136
59207.4	234176.172	233854.177	0.138
59207.5	234035.998	233854.177	0.078
59207.6	233870.423	233854.177	0.007
59207.7	233720.983	233854.177	0.057
59207.8	233627.980	233854.177	0.097
59207.9	233676.357	233854.177	0.076
59208.0	233807.165	233854.177	0.020
59208.1	233994.357	233926.072	0.029
59208.2	234178.150	233926.072	0.108
59208.3	234252.932	233926.072	0.140
59208.4	234255.923	233926.072	0.141
59208.5	234125.628	233926.072	0.085
59208.6	233977.080	233926.072	0.022
59208.7	233826.025	233926.072	0.043
59208.8	233759.883	233926.072	0.071
59208.9	233770.948	233926.072	0.066
59209.0	233900.408	233926.072	0.011
59209.1	234094.529	234022.573	0.031
59209.2	234276.841	234022.573	0.109
59209.3	234350.877	234022.573	0.140
59209.4	234383.014	234022.573	0.154
59209.5	234261.858	234022.573	0.102
59209.6	234053.080	234022.573	0.013
59209.7	233935.183	234022.573	0.037
59209.8	233839.907	234022.573	0.078
59209.9	233891.450	234022.573	0.056
59210.0	234049.310	234022.573	0.011
59210.1	234229.639	234168.013	0.026
59210.2	234407.392	234168.013	0.102
59210.3	234486.363	234168.013	0.136
59210.4	234483.408	234168.013	0.135
59210.5	234384.789	234168.013	0.092
59210.6	234179.686	234168.013	0.005
59210.7	234013.559	234168.013	0.066
59210.8	233958.890	234168.013	0.089
59210.9	234025.720	234168.013	0.061
59211.0	234133.874	234168.013	0.015
59211.1	234316.996	234286.114	0.013
59211.2	234513.359	234286.114	0.097
59211.3	234605.665	234286.114	0.136
59211.4	234618.609	234286.114	0.142
59211.5	234470.534	234286.114	0.079
59211.6	234346.857	234286.114	0.026
59211.7	234145.573	234286.114	0.060
59211.8	234077.896	234286.114	0.089
59211.9	234110.803	234286.114	0.075
59212.0	234263.264	234286.114	0.010
59212.1	234450.884	234374.638	0.033
59212.2	234624.770	234374.638	0.107
59212.3	234739.163	234374.638	0.155
59212.4	234723.410	234374.638	0.149
59212.5	234600.402	234374.638	0.096
59212.6	234392.220	234374.638	0.008
59212.7	234280.925	234374.638	0.040
59212.8	234196.675	234374.638	0.076
59212.9	234236.439	234374.638	0.059
59213.0	234398.418	234374.638	0.010
59213.1	234604.880	234480.288	0.053
59213.2	234773.353	234480.288	0.125
59213.3	234865.791	234480.288	0.164
59213.4	234871.825	234480.288	0.167
59213.5	234707.344	234480.288	0.097
59213.6	234544.294	234480.288	0.027
59213.7	234426.204	234480.288	0.023
59213.8	234331.911	234480.288	0.063
59213.9	234396.345	234480.288	0.036
59214.0	234535.404	234480.288	0.024
59214.1	234751.364	234658.302	0.040
59214.2	234891.394	234658.302	0.099
59214.3	235014.849	234658.302	0.152
59214.4	234958.119	234658.302	0.128
59214.5	234827.859	234658.302	0.072
59214.6	234670.990	234658.302	0.005
59214.7	234525.668	234658.302	0.057
59214.8	234432.869	234658.302	0.096
59214.9	234524.963	234658.302	0.057
59215.0	234707.625	234658.302	0.021
59215.1	234866.272	234781.676	0.036
59215.2	235056.119	234781.676	0.117
59215.3	235119.949	234781.676	0.144
59215.4	235093.216	234781.676	0.133
59215.5	234972.863	234781.676	0.081
59215.6	234795.214	234781.676	0.006
59215.7	234686.494	234781.676	0.041
59215.8	234617.518	234781.676	0.070
59215.9	234633.344	234781.676	0.063
59216.0	234821.391	234781.676	0.017
59216.1	235004.326	234929.462	0.032
59216.2	235171.936	234929.462	0.103
59216.3	235264.645	234929.462	0.142
59216.4	235236.956	234929.462	0.131
59216.5	235114.016	234929.462	0.078
59216.6	234960.165	234929.462	0.013
59216.7	234795.510	234929.462	0.057
59216.8	234727.413	234929.462	0.086
59216.9	234823.428	234929.462	0.045
59217.0	234953.015	234929.462	0.010
59217.1	235183.592	235086.603	0.041
59217.2	235345.450	235086.603	0.110
59217.3	235425.857	235086.603	0.144
59217.4	235379.338	235086.603	0.124
59217.5	235242.177	235086.603	0.066
59217.6	235103.600	235086.603	0.007
59217.7	234947.297	235086.603	0.059
59217.8	234897.939	235086.603	0.080
59217.9	234946.929	235086.603	0.059
59218.0	235097.120	235086.603	0.004
59218.1	235304.153	235218.245	0.037
59218.2	235468.625	235218.245	0.106
59218.3	235556.708	235218.245	0.144
59218.4	235478.199	235218.245	0.110
59218.5	235388.221	235218.245	0.072
59218.6	235217.576	235218.245	0.000
59218.7	235078.226	235218.245	0.060
59218.8	235023.521	235218.245	0.083
59218.9	235092.967	235218.245	0.053
59219.0	235245.917	235218.245	0.012
59219.1	235442.595	235377.918	0.027
59219.2	235620.573	235377.918	0.103
59219.3	235714.365	235377.918	0.143
59219.4	235676.048	235377.918	0.126
59219.5	235536.035	235377.918	0.067
59219.6	235360.212	235377.918	0.008
59219.7	235242.029	235377.918	0.058
59219.8	235164.903	235377.918	0.091
59219.9	235235.507	235377.918	0.061
59220.0	235404.361	235377.918	0.011
59220.1	235634.262	235492.111	0.060
59220.2	235808.376	235492.111	0.134
59220.3	235852.363	235492.111	0.153
59220.4	235825.422	235492.111	0.141
59220.5	235676.985	235492.111	0.078
59220.6	235520.707	235492.111	0.012
59220.7	235363.763	235492.111	0.055
59220.8	235347.513	235492.111	0.061
59220.9	235420.720	235492.111	0.030
59221.0	235591.599	235492.111	0.042
59221.1	235798.209	235673.439	0.053
59221.2	235950.197	235673.439	0.117
59221.3	236018.910	235673.439	0.146
59221.4	235985.161	235673.439	0.132
59221.5	235821.979	235673.439	0.063
59221.6	235677.725	235673.439	0.002
59221.7	235537.143	235673.439	0.058
59221.8	235491.424	235673.439	0.077
59221.9	235568.680	235673.439	0.044
59222.0	235758.986	235673.439	0.036
59222.1	235945.181	235857.471	0.037
59222.2	236126.590	235857.471	0.114
59222.3	236166.303	235857.471	0.131
59222.4	236154.773	235857.471	0.126
59222.5	236015.217	235857.471	0.067
59222.6	235825.707	235857.471	0.013
59222.7	235715.361	235857.471	0.060
59222.8	235658.243	235857.471	0.085
59222.9	235712.602	235857.471	0.061
59223.0	235900.024	235857.471	0.018
59223.1	236131.762	236010.776	0.051
59223.2	236297.574	236010.776	0.121
59223.3	236371.517	236010.776	0.153
59223.4	236297.347	236010.776	0.121
59223.5	236181.344	236010.776	0.072
59223.6	235992.249	236010.776	0.008
59223.7	235867.979	236010.776	0.061
59223.8	235848.609	236010.776	0.069
59223.9	235923.962	236010.776	0.037
59224.0	236090.143	236010.776	0.034
59224.1	236304.913	236181.142	0.052
59224.2	236465.805	236181.142	0.120
59224.3	236526.891	236181.142	0.146
59224.4	236476.755	236181.142	0.125
59224.5	236328.492	236181.142	0.062
59224.6	236173.587	236181.142	0.003
59224.7	236017.959	236181.142	0.069
59224.8	235994.589	236181.142	0.079
59224.9	236089.625	236181.142	0.039
59225.0	236271.513	236181.142	0.038
59225.1	236451.524	236341.805	0.046
59225.2	236618.098	236341.805	0.117
59225.3	236705.260	236341.805	0.154
59225.4	236655.014	236341.805	0.132
59225.5	236498.165	236341.805	0.066
59225.6	236298.667	236341.805	0.018
59225.7	236193.094	236341.805	0.063
59225.8	236169.890	236341.805	0.073
59225.9	236253.763	236341.805	0.037
59226.0	236456.766	236341.805	0.049
59226.1	236670.926	236539.314	0.056
59226.2	236845.395	236539.314	0.129
59226.3	236870.797	236539.314	0.140
59226.4	236805.294	236539.314	0.112
59226.5	236658.053	236539.314	0.050
59226.6	236514.580	236539.314	0.010
59226.7	236346.359	236539.314	0.082
59226.8	236343.108	236539.314	0.083
59226.9	236441.823	236539.314	0.041
59227.0	236629.266	236539.314	0.038
59227.1	236862.916	236686.580	0.074
59227.2	237015.143	236686.580	0.139
59227.3	237064.212	236686.580	0.159
59227.4	236998.342	236686.580	0.132
59227.5	236826.384	236686.580	0.059
59227.6	236659.816	236686.580	0.011
59227.7	236554.017	236686.580	0.056
59227.8	236533.354	236686.580	0.065
59227.9	236646.714	236686.580	0.017
59228.0	236813.240	236686.580	0.053
59228.1	237024.516	236886.727	0.058
59228.2	237195.254	236886.727	0.130
59228.3	237237.807	236886.727	0.148
59228.4	237194.538	236886.727	0.130
59228.5	237033.288	236886.727	0.062
59228.6	236834.321	236886.727	0.022
59228.7	236771.150	236886.727	0.049
59228.8	236721.535	236886.727	0.070
59228.9	236812.339	236886.727	0.031
59229.0	236998.913	236886.727	0.047
59229.1	237236.343	237078.755	0.066
59229.2	237391.212	237078.755	0.132
59229.3	237396.893	237078.755	0.134
59229.4	237346.874	237078.755	0.113
59229.5	237188.983	237078.755	0.046
59229.6	237046.064	237078.755	0.014
59229.7	236937.761	237078.755	0.060
59229.8	236907.446	237078.755	0.072
59229.9	237032.912	237078.755	0.019
59230.0	237246.383	237078.755	0.071
59230.1	237438.247	237262.745	0.074
59230.2	237616.965	237262.745	0.149
59230.3	237617.047	237262.745	0.149
59230.4	237564.581	237262.745	0.127
59230.5	237380.717	237262.745	0.050
59230.6	237228.697	237262.745	0.014
59230.7	237122.494	237262.745	0.059
59230.8	237110.916	237262.745	0.064
59230.9	237218.901	237262.745	0.018
59231.0	237404.505	237262.745	0.060
59231.1	237616.881	237445.161	0.072
59231.2	237748.138	237445.161	0.127
59231.3	237838.953	237445.161	0.166
59231.4	237700.122	237445.161	0.107
59231.5	237611.278	237445.161	0.070
59231.6	237410.536	237445.161	0.015
59231.7	237316.276	237445.161	0.054
59231.8	237300.576	237445.161	0.061
59231.9	237404.005	237445.161	0.017
59232.0	237635.928	237445.161	0.080
59232.1	237855.373	237643.684	0.089
59232.2	237963.526	237643.684	0.134
59232.3	238004.883	237643.684	0.152
59232.4	237930.846	237643.684	0.121
59232.5	237798.253	237643.684	0.065
59232.6	237589.142	237643.684	0.023
59232.7	237520.556	237643.684	0.052
59232.8	237517.056	237643.684	0.053
59232.9	237612.536	237643.684	0.013
59233.0	237820.469	237643.684	0.074
59233.1	238042.680	237858.252	0.077
59233.2	238188.570	237858.252	0.139
59233.3	238187.188	237858.252	0.138
59233.4	238136.438	237858.252	0.117
59233.5	237976.847	237858.252	0.050
59233.6	237822.482	237858.252	0.015
59233.7	237722.385	237858.252	0.057
59233.8	237708.387	237858.252	0.063
59233.9	237835.240	237858.252	0.010
59234.0	237997.639	237858.252	0.059
59234.1	238253.409	238046.064	0.087
59234.2	238393.756	238046.064	0.146
59234.3	238416.361	238046.064	0.155
59234.4	238301.236	238046.064	0.107
59234.5	238202.516	238046.064	0.066
59234.6	237997.727	238046.064	0.020
59234.7	237915.432	238046.064	0.055
59234.8	237878.398	238046.064	0.070
59234.9	238038.339	238046.064	0.003
59235.0	238196.801	238046.064	0.063
59235.1	238435.883	238255.791	0.076
59235.2	238588.610	238255.791	0.139
59235.3	238612.139	238255.791	0.149
59235.4	238532.733	238255.791	0.116
59235.5	238371.631	238255.791	0.049
59235.6	238195.684	238255.791	0.025
59235.7	238093.830	238255.791	0.068
59235.8	238106.244	238255.791	0.063
59235.9	238252.369	238255.791	0.001
59236.0	238443.582	238255.791	0.079
59236.1	238691.571	238458.336	0.098
59236.2	238795.037	238458.336	0.141
59236.3	238841.149	238458.336	0.160
59236.4	238736.874	238458.336	0.117
59236.5	238579.224	238458.336	0.051
59236.6	238408.962	238458.336	0.021
59236.7	238331.713	238458.336	0.053
59236.8	238332.922	238458.336	0.053
59236.9	238480.909	238458.336	0.009
59237.0	238663.641	238458.336	0.086
59237.1	238886.466	238676.945	0.088
59237.2	239029.475	238676.945	0.147
59237.3	239012.626	238676.945	0.140
59237.4	238919.454	238676.945	0.102
59237.5	238796.848	238676.945	0.050
59237.6	238618.711	238676.945	0.024
59237.7	238510.513	238676.945	0.070
59237.8	238533.580	238676.945	0.060
59237.9	238682.652	238676.945	0.002
59238.0	238898.958	238676.945	0.093
59238.1	239081.799	238898.876	0.077
59238.2	239218.249	238898.876	0.134
59238.3	239255.875	238898.876	0.149
59238.4	239166.767	238898.876	0.112
59238.5	239004.749	238898.876	0.044
59238.6	238782.825	238898.876	0.049
59238.7	238721.254	238898.876	0.074
59238.8	238756.346	238898.876	0.060
59238.9	238913.016	238898.876	0.006
59239.0	239105.961	238898.876	0.087
59239.1	239329.470	239080.146	0.104
59239.2	239428.388	239080.146	0.145
59239.3	239471.887	239080.146	0.164
59239.4	239343.849	239080.146	0.110
59239.5	239217.765	239080.146	0.058
59239.6	239026.271	239080.146	0.023
59239.7	238943.017	239080.146	0.057
59239.8	238998.529	239080.146	0.034
59239.9	239147.182	239080.146	0.028
59240.0	239305.847	239080.146	0.094
59240.1	239548.168	239312.723	0.098
59240.2	239674.951	239312.723	0.151
59240.3	239667.282	239312.723	0.148
59240.4	239586.563	239312.723	0.114
59240.5	239372.737	239312.723	0.025
59240.6	239221.323	239312.723	0.038
59240.7	239170.737	239312.723	0.059
59240.8	239228.626	239312.723	0.035
59240.9	239334.213	239312.723	0.009
59241.0	239526.456	239312.723	0.089
59241.1	239758.906	239553.087	0.086
59241.2	239852.923	239553.087	0.125
59241.3	239926.821	239553.087	0.156
59241.4	239802.560	239553.087	0.104
59241.5	239635.832	239553.087	0.035
59241.6	239446.200	239553.087	0.045
59241.7	239395.506	239553.087	0.066
59241.8	239385.423	239553.087	0.070
59241.9	239532.261	239553.087	0.009
59242.0	239769.237	239553.087	0.090
59242.1	239972.849	239774.741	0.083
59242.2	240129.746	239774.741	0.148
59242.3	240097.884	239774.741	0.135
59242.4	240002.879	239774.741	0.095
59242.5	239819.298	239774.741	0.019
59242.6	239651.411	239774.741	0.051
59242.7	239592.690	239774.741	0.076
59242.8	239633.961	239774.741	0.059
59242.9	239801.754	239774.741	0.011
59243.0	240004.192	239774.741	0.096
59243.1	240207.547	239975.894	0.096
59243.2	240335.505	239975.894	0.150
59243.3	240333.141	239975.894	0.149
59243.4	240229.318	239975.894	0.105
59243.5	240084.150	239975.894	0.045
59243.6	239875.702	239975.894	0.042
59243.7	239817.558	239975.894	0.066
59243.8	239885.851	239975.894	0.038
59243.9	240010.947	239975.894	0.015
59244.0	240272.575	239975.894	0.123
59244.1	240423.498	240205.473	0.091
59244.2	240556.341	240205.473	0.146
59244.3	240546.106	240205.473	0.142
59244.4	240418.639	240205.473	0.089
59244.5	240288.325	240205.473	0.034
59244.6	240140.474	240205.473	0.027
59244.7	240033.030	240205.473	0.072
59244.8	240092.675	240205.473	0.047
59244.9	240237.882	240205.473	0.013
59245.0	240463.327	240205.473	0.107
59245.1	240670.030	240425.701	0.102
59245.2	240838.617	240425.701	0.171
59245.3	240782.891	240425.701	0.148
59245.4	240675.041	240425.701	0.104
59245.5	240477.496	240425.701	0.022
59245.6	240351.363	240425.701	0.031
59245.7	240301.688	240425.701	0.052
59245.8	240343.150	240425.701	0.034
59245.9	240485.913	240425.701	0.025
59246.0	240720.719	240425.701	0.123
59246.1	240898.563	240686.661	0.088
59246.2	241069.624	240686.661	0.159
59246.3	241035.381	240686.661	0.145
59246.4	240920.015	240686.661	0.097
59246.5	240724.286	240686.661	0.016
59246.6	240544.994	240686.661	0.059
59246.7	240475.251	240686.661	0.088
59246.8	240561.715	240686.661	0.052
59246.9	240730.471	240686.661	0.018
59247.0	240975.579	240686.661	0.120
59247.1	241172.278	240919.362	0.105
59247.2	241271.732	240919.362	0.146
59247.3	241271.319	240919.362	0.146
59247.4	241142.560	240919.362	0.093
59247.5	240944.976	240919.362	0.011
59247.6	240792.342	240919.362	0.053
59247.7	240762.266	240919.362	0.065
59247.8	240800.306	240919.362	0.049
59247.9	240973.230	240919.362	0.022
59248.0	241193.697	240919.362	0.114
59248.1	241387.400	241119.281	0.111
59248.2	241498.206	241119.281	0.157
59248.3	241497.951	241119.281	0.157
59248.4	241373.438	241119.281	0.105
59248.5	241175.532	241119.281	0.023
59248.6	241024.938	241119.281	0.039
59248.7	240986.485	241119.281	0.055
59248.8	241012.784	241119.281	0.044
59248.9	241188.320	241119.281	0.029
59249.0	241424.059	241119.281	0.126
59249.1	241626.622	241365.896	0.108
59249.2	241731.053	241365.896	0.151
59249.3	241696.132	241365.896	0.137
59249.4	241564.865	241365.896	0.082
59249.5	241421.891	241365.896	0.023
59249.6	241256.938	241365.896	0.045
59249.7	241223.276	241365.896	0.059
59249.8	241271.930	241365.896	0.039
59249.9	241448.533	241365.896	0.034
59250.0	241675.388	241365.896	0.128
59250.1	241879.293	241600.685	0.115
59250.2	241984.079	241600.685	0.158
59250.3	241956.100	241600.685	0.147
59250.4	241846.439	241600.685	0.102
59250.5	241652.340	241600.685	0.021
59250.6	241497.979	241600.685	0.043
59250.7	241449.017	241600.685	0.063
59250.8	241502.614	241600.685	0.041
59250.9	241702.692	241600.685	0.042
59251.0	241923.161	241600.685	0.133
59251.1	242109.878	241859.848	0.103
59251.2	242214.263	241859.848	0.146
59251.3	242186.512	241859.848	0.135
59251.4	242100.453	241859.848	0.099
59251.5	241878.466	241859.848	0.008
59251.6	241754.688	241859.848	0.043
59251.7	241675.405	241859.848	0.076
59251.8	241775.912	241859.848	0.035
59251.9	241947.755	241859.848	0.036
59252.0	242181.874	241859.848	0.133
59252.1	242350.596	242080.133	0.112
59252.2	242456.155	242080.133	0.155
59252.3	242419.348	242080.133	0.140
59252.4	242321.631	242080.133	0.100
59252.5	242114.623	242080.133	0.014
59252.6	241978.893	242080.133	0.042
59252.7	241924.272	242080.133	0.064
59252.8	241996.249	242080.133	0.035
59252.9	242149.022	242080.133	0.028
59253.0	242394.414	242080.133	0.130
59253.1	242616.365	242339.149	0.114
59253.2	242701.372	242339.149	0.149
59253.3	242683.262	242339.149	0.142
59253.4	242525.191	242339.149	0.077
59253.5	242386.570	242339.149	0.020
59253.6	242230.462	242339.149	0.045
59253.7	242163.978	242339.149	0.072
59253.8	242230.669	242339.149	0.045
59253.9	242417.011	242339.149	0.032
59254.0	242645.044	242339.149	0.126
59254.1	242834.984	242589.214	0.101
59254.2	242949.138	242589.214	0.148
59254.3	242904.104	242589.214	0.130
59254.4	242770.639	242589.214	0.075
59254.5	242581.550	242589.214	0.003
59254.6	242465.203	242589.214	0.051
59254.7	242419.398	242589.214	0.070
59254.8	242476.888	242589.214	0.046
59254.9	242668.881	242589.214	0.033
59255.0	242914.567	242589.214	0.134
59255.1	243080.213	242837.123	0.100
59255.2	243195.623	242837.123	0.147
59255.3	243136.800	242837.123	0.123
59255.4	243013.262	242837.123	0.072
59255.5	242813.738	242837.123	0.010
59255.6	242673.892	242837.123	0.067
59255.7	242678.919	242837.123	0.065
59255.8	242785.160	242837.123	0.021
59255.9	242951.221	242837.123	0.047
59256.0	243153.930	242837.123	0.130
59256.1	243358.905	243050.432	0.127
59256.2	243434.337	243050.432	0.158
59256.3	243394.301	243050.432	0.141
59256.4	243236.598	243050.432	0.077
59256.5	243066.867	243050.432	0.007
59256.6	242967.020	243050.432	0.034
59256.7	242932.335	243050.432	0.049
59256.8	242992.246	243050.432	0.024
59256.9	243186.558	243050.432	0.056
59257.0	243420.676	243050.432	0.152
59257.1	243609.967	243308.706	0.124
59257.2	243704.445	243308.706	0.162
59257.3	243654.273	243308.706	0.142
59257.4	243498.140	243308.706	0.078
59257.5	243352.073	243308.706	0.018
59257.6	243212.411	243308.706	0.040
59257.7	243156.014	243308.706	0.063
59257.8	243259.211	243308.706	0.020
59257.9	243449.098	243308.706	0.058
59258.0	243681.696	243308.706	0.153
59258.1	243863.559	243558.748	0.125
59258.2	243950.530	243558.748	0.161
59258.3	243927.091	243558.748	0.151
59258.4	243778.333	243558.748	0.090
59258.5	243563.137	243558.748	0.002
59258.6	243460.307	243558.748	0.040
59258.7	243408.134	243558.748	0.062
59258.8	243510.915	243558.748	0.020
59258.9	243659.373	243558.748	0.041
59259.0	243898.385	243558.748	0.139
59259.1	244131.994	243804.190	0.134
59259.2	244175.342	243804.190	0.152
59259.3	244162.803	243804.190	0.147
59259.4	244032.600	243804.190	0.094
59259.5	243826.959	243804.190	0.009
59259.6	243696.524	243804.190	0.044
59259.7	243641.292	243804.190	0.067
59259.8	243767.064	243804.190	0.015
59259.9	243950.725	243804.190	0.060
59260.0	244171.467	243804.190	0.150
59260.1	244372.010	244101.676	0.111
59260.2	244459.000	244101.676	0.146
59260.3	244424.762	244101.676	0.132
59260.4	244273.466	244101.676	0.070
59260.5	244062.401	244101.676	0.016
59260.6	243958.988	244101.676	0.058
59260.7	243926.509	244101.676	0.072
59260.8	244005.135	244101.676	0.040
59260.9	244219.989	244101.676	0.048
59261.0	244463.916	244101.676	0.148
59261.1	244657.775	244322.808	0.137
59261.2	244693.938	244322.808	0.152
59261.3	244628.205	244322.808	0.125
59261.4	244524.772	244322.808	0.083
59261.5	244311.819	244322.808	0.004
59261.6	244179.044	244322.808	0.059
59261.7	244138.076	244322.808	0.076
59261.8	244248.359	244322.808	0.030
59261.9	244443.771	244322.808	0.049
59262.0	244708.472	244322.808	0.158
59262.1	244875.252	244556.263	0.130
59262.2	244947.568	244556.263	0.160
59262.3	244904.021	244556.263	0.142
59262.4	244759.133	244556.263	0.083
59262.5	244557.364	244556.263	0.000
59262.6	244432.252	244556.263	0.051
59262.7	244400.836	244556.263	0.064
59262.8	244534.653	244556.263	0.009
59262.9	244724.701	244556.263	0.069
59263.0	244967.836	244556.263	0.168
59263.1	245135.936	244832.024	0.124
59263.2	245222.593	244832.024	0.159
59263.3	245135.318	244832.024	0.124
59263.4	244976.521	244832.024	0.059
59263.5	244812.598	244832.024	0.008
59263.6	244678.283	244832.024	0.063
59263.7	244675.783	244832.024	0.064
59263.8	244790.916	244832.024	0.017
59263.9	244970.620	244832.024	0.057
59264.0	245200.397	244832.024	0.150
59264.1	245390.194	245082.728	0.125
59264.2	245453.722	245082.728	0.151
59264.3	245407.272	245082.728	0.132
59264.4	245215.889	245082.728	0.054
59264.5	245061.459	245082.728	0.009
59264.6	244947.088	245082.728	0.055
59264.7	244945.187	245082.728	0.056
59264.8	245011.493	245082.728	0.029
59264.9	245244.356	245082.728	0.066
59265.0	245476.213	245082.728	0.160
59265.1	245655.171	245317.238	0.138
59265.2	245721.506	245317.238	0.165
59265.3	245651.708	245317.238	0.136
59265.4	245501.675	245317.238	0.075
59265.5	245312.803	245317.238	0.002
59265.6	245171.326	245317.238	0.060
59265.7	245178.086	245317.238	0.057
59265.8	245306.947	245317.238	0.004
59265.9	245492.047	245317.238	0.071
59266.0	245734.176	245317.238	0.170
59266.1	245888.374	245614.357	0.111
59266.2	245961.728	245614.357	0.141
59266.3	245888.854	245614.357	0.112
59266.4	245734.754	245614.357	0.049
59266.5	245539.857	245614.357	0.030
59266.6	245421.554	245614.357	0.079
59266.7	245401.282	245614.357	0.087
59266.8	245552.076	245614.357	0.025
59266.9	245732.526	245614.357	0.048
59267.0	245994.684	245614.357	0.155
59267.1	246191.618	245840.842	0.142
59267.2	246203.651	245840.842	0.147
59267.3	246160.206	245840.842	0.130
59267.4	245984.905	245840.842	0.059
59267.5	245815.675	245840.842	0.010
59267.6	245687.244	245840.842	0.063
59267.7	245657.880	245840.842	0.074
59267.8	245802.059	245840.842	0.016
59267.9	245972.215	245840.842	0.053
59268.0	246280.371	245840.842	0.178
59268.1	246404.694	246120.299	0.115
59268.2	246451.161	246120.299	0.134
59268.3	246402.384	246120.299	0.114
59268.4	246247.174	246120.299	0.052
59268.5	246027.340	246120.299	0.038
59268.6	245957.088	246120.299	0.066
59268.7	245938.820	246120.299	0.074
59268.8	246063.604	246120.299	0.023
59268.9	246286.983	246120.299	0.068
59269.0	246518.065	246120.299	0.161
59269.1	246669.976	246335.399	0.136
59269.2	246703.897	246335.399	0.149
59269.3	246639.695	246335.399	0.123
59269.4	246471.476	246335.399	0.055
59269.5	246297.471	246335.399	0.015
59269.6	246189.552	246335.399	0.059
59269.7	246191.378	246335.399	0.058
59269.8	246298.209	246335.399	0.015
59269.9	246546.878	246335.399	0.086
59270.0	246774.088	246335.399	0.178
59270.1	246937.838	246612.520	0.132
59270.2	246956.437	246612.520	0.139
59270.3	246896.534	246612.520	0.115
59270.4	246714.461	246612.520	0.041
59270.5	246540.995	246612.520	0.029
59270.6	246443.188	246612.520	0.069
59270.7	246416.445	246612.520	0.080
59270.8	246562.324	246612.520	0.020
59270.9	246769.917	246612.520	0.064
59271.0	247059.015	246612.520	0.181
59271.1	247190.749	246858.811	0.134
59271.2	247236.000	246858.811	0.153
59271.3	247125.945	246858.811	0.108
59271.4	246983.368	246858.811	0.050
59271.5	246789.244	246858.811	0.028
59271.6	246688.057	246858.811	0.069
59271.7	246694.047	246858.811	0.067
59271.8	246813.237	246858.811	0.018
59271.9	247055.254	246858.811	0.080
59272.0	247270.100	246858.811	0.166
59272.1	247447.029	247118.076	0.133
59272.2	247500.238	247118.076	0.154
59272.3	247380.410	247118.076	0.106
59272.4	247223.991	247118.076	0.043
59272.5	247068.622	247118.076	0.020
59272.6	246907.676	247118.076	0.085
59272.7	246973.697	247118.076	0.058
59272.8	247114.147	247118.076	0.002
59272.9	247299.315	247118.076	0.073
59273.0	247515.456	247118.076	0.161
59273.1	247682.553	247344.493	0.136
59273.2	247714.956	247344.493	0.150
59273.3	247643.169	247344.493	0.121
59273.4	247458.851	247344.493	0.046
59273.5	247299.791	247344.493	0.018
59273.6	247189.672	247344.493	0.063
59273.7	247238.410	247344.493	0.043
59273.8	247358.350	247344.493	0.006
59273.9	247555.462	247344.493	0.085
59274.0	247793.360	247344.493	0.181
59274.1	247953.452	247588.388	0.147
59274.2	247984.612	247588.388	0.160
59274.3	247893.502	247588.388	0.123
59274.4	247725.265	247588.388	0.055
59274.5	247574.230	247588.388	0.006
59274.6	247412.616	247588.388	0.071
59274.7	247480.592	247588.388	0.044
59274.8	247603.888	247588.388	0.006
59274.9	247822.544	247588.388	0.094
59275.0	248033.738	247588.388	0.180
59275.1	248222.391	247868.200	0.143
59275.2	248226.017	247868.200	0.144
59275.3	248140.087	247868.200	0.110
59275.4	247959.720	247868.200	0.037
59275.5	247788.004	247868.200	0.032
59275.6	247699.607	247868.200	0.068
59275.7	247698.277	247868.200	0.069
59275.8	247874.410	247868.200	0.003
59275.9	248082.082	247868.200	0.086
59276.0	248325.196	247868.200	0.184
59276.1	248435.109	248115.507	0.129
59276.2	248488.705	248115.507	0.150
59276.3	248363.035	248115.507	0.100
59276.4	248241.509	248115.507	0.051
59276.5	248025.890	248115.507	0.036
59276.6	247936.250	248115.507	0.072
59276.7	247984.682	248115.507	0.053
59276.8	248134.548	248115.507	0.008
59276.9	248345.904	248115.507	0.093
59277.0	248551.110	248115.507	0.175
59277.1	248724.848	248369.041	0.143
59277.2	248734.391	248369.041	0.147
59277.3	248656.647	248369.041	0.116
59277.4	248463.515	248369.041	0.038
59277.5	248277.496	248369.041	0.037
59277.6	248207.872	248369.041	0.065
59277.7	248237.347	248369.041	0.053
59277.8	248347.766	248369.041	0.009
59277.9	248602.127	248369.041	0.094
59278.0	248829.129	248369.041	0.185
59278.1	248971.780	248594.381	0.152
59278.2	248972.496	248594.381	0.152
59278.3	248922.111	248594.381	0.132
59278.4	248750.336	248594.381	0.063
59278.5	248531.630	248594.381	0.025
59278.6	248457.089	248594.381	0.055
59278.7	248460.954	248594.381	0.054
59278.8	248642.936	248594.381	0.020
59278.9	248860.926	248594.381	0.107
59279.0	249090.981	248594.381	0.199
59279.1	249245.309	248871.725	0.150
59279.2	249214.051	248871.725	0.137
59279.3	249123.084	248871.725	0.101
59279.4	248977.473	248871.725	0.042
59279.5	248794.941	248871.725	0.031
59279.6	248663.186	248871.725	0.084
59279.7	248725.390	248871.725	0.059
59279.8	248891.215	248871.725	0.008
59279.9	249112.029	248871.725	0.096
59280.0	249332.341	248871.725	0.185
59280.1	249468.494	249142.328	0.131
59280.2	249486.231	249142.328	0.138
59280.3	249391.975	249142.328	0.100
59280.4	249185.938	249142.328	0.018
59280.5	249002.268	249142.328	0.056
59280.6	248963.009	249142.328	0.072
59280.7	248964.434	249142.328	0.071
59280.8	249120.790	249142.328	0.009
59280.9	249373.395	249142.328	0.093
59281.0	249589.161	249142.328	0.179
59281.1	249722.370	249372.818	0.140
59281.2	249730.373	249372.818	0.143
59281.3	249657.698	249372.818	0.114
59281.4	249476.915	249372.818	0.042
59281.5	249295.707	249372.818	0.031
59281.6	249209.812	249372.818	0.065
59281.7	249256.284	249372.818	0.047
59281.8	249405.013	249372.818	0.013
59281.9	249623.006	249372.818	0.100
59282.0	249875.793	249372.818	0.201
59282.1	249970.393	249596.603	0.150
59282.2	249978.015	249596.603	0.153
59282.3	249851.879	249596.603	0.102
59282.4	249699.035	249596.603	0.041
59282.5	249545.459	249596.603	0.020
59282.6	249433.041	249596.603	0.066
59282.7	249479.182	249596.603	0.047
59282.8	249657.611	249596.603	0.024
59282.9	249877.586	249596.603	0.112
59283.0	250084.050	249596.603	0.195
59283.1	250238.874	249874.074	0.146
59283.2	250235.819	249874.074	0.145
59283.3	250109.046	249874.074	0.094
59283.4	249933.078	249874.074	0.024
59283.5	249757.935	249874.074	0.047
59283.6	249668.218	249874.074	0.082
59283.7	249766.839	249874.074	0.043
59283.8	249939.376	249874.074	0.026
59283.9	250125.432	249874.074	0.100
59284.0	250335.017	249874.074	0.184
59284.1	250502.244	250151.481	0.140
59284.2	250486.954	250151.481	0.134
59284.3	250367.919	250151.481	0.086
59284.4	250182.588	250151.481	0.012
59284.5	250017.370	250151.481	0.054
59284.6	249922.828	250151.481	0.091
59284.7	249962.582	250151.481	0.076
59284.8	250127.406	250151.481	0.010
59284.9	250368.300	250151.481	0.087
59285.0	250617.488	250151.481	0.186
59285.1	250743.585	250380.467	0.145
59285.2	250739.730	250380.467	0.143
59285.3	250609.899	250380.467	0.092
59285.4	250422.746	250380.467	0.017
59285.5	250275.827	250380.467	0.042
59285.6	250199.516	250380.467	0.072
59285.7	250231.459	250380.467	0.060
59285.8	250378.532	250380.467	0.001
59285.9	250612.041	250380.467	0.092
59286.0	250855.836	250380.467	0.189
59286.1	250990.137	250605.326	0.153
59286.2	250976.498	250605.326	0.148
59286.3	250841.696	250605.326	0.094
59286.4	250643.370	250605.326	0.015
59286.5	250474.889	250605.326	0.052
59286.6	250420.328	250605.326	0.074
59286.7	250451.953	250605.326	0.061
59286.8	250632.190	250605.326	0.011
59286.9	250849.041	250605.326	0.097
59287.0	251111.029	250605.326	0.201
59287.1	251228.155	250837.829	0.155
59287.2	251213.235	250837.829	0.149
59287.3	251057.449	250837.829	0.087
59287.4	250903.766	250837.829	0.026
59287.5	250734.088	250837.829	0.041
59287.6	250630.958	250837.829	0.083
59287.7	250704.738	250837.829	0.053
59287.8	250917.236	250837.829	0.032
59287.9	251125.977	250837.829	0.115
59288.0	251352.027	250837.829	0.205
59288.1	251467.951	251082.239	0.153
59288.2	251440.731	251082.239	0.143
59288.3	251312.101	251082.239	0.091
59288.4	251150.822	251082.239	0.027
59288.5	250987.470	251082.239	0.038
59288.6	250905.151	251082.239	0.071
59288.7	250960.145	251082.239	0.049
59288.8	251143.811	251082.239	0.025
59288.9	251390.933	251082.239	0.123
59289.0	251599.722	251082.239	0.206
59289.1	251696.719	251349.523	0.138
59289.2	251687.680	251349.523	0.134
59289.3	251549.922	251349.523	0.080
59289.4	251373.044	251349.523	0.009
59289.5	251221.319	251349.523	0.051
59289.6	251169.981	251349.523	0.071
59289.7	251195.097	251349.523	0.061
59289.8	251388.057	251349.523	0.015
59289.9	251612.805	251349.523	0.105
59290.0	251828.778	251349.523	0.190
59290.1	251927.293	251577.044	0.139
59290.2	251951.699	251577.044	0.149
59290.3	251807.124	251577.044	0.091
59290.4	251609.836	251577.044	0.013
59290.5	251448.484	251577.044	0.051
59290.6	251374.707	251577.044	0.080
59290.7	251411.438	251577.044	0.066
59290.8	251649.374	251577.044	0.029
59290.9	251833.770	251577.044	0.102
59291.0	252051.124	251577.044	0.188
59291.1	252179.793	251814.611	0.145
59291.2	252152.965	251814.611	0.134
59291.3	252017.841	251814.611	0.081
59291.4	251839.044	251814.611	0.010
59291.5	251646.092	251814.611	0.067
59291.6	251621.727	251814.611	0.077
59291.7	251719.942	251814.611	0.038
59291.8	251869.156	251814.611	0.022
59291.9	252115.631	251814.611	0.119
59292.0	252308.189	251814.611	0.196
59292.1	252444.099	252056.447	0.154
59292.2	252410.945	252056.447	0.140
59292.3	252237.872	252056.447	0.072
59292.4	252084.805	252056.447	0.011
59292.5	251923.791	252056.447	0.053
59292.6	251838.244	252056.447	0.087
59292.7	251916.873	252056.447	0.055
59292.8	252127.806	252056.447	0.028
59292.9	252357.797	252056.447	0.119
59293.0	252538.973	252056.447	0.191
59293.1	252668.789	252258.683	0.162
59293.2	252637.456	252258.683	0.150
59293.3	252457.848	252258.683	0.079
59293.4	252296.289	252258.683	0.015
59293.5	252118.674	252258.683	0.056
59293.6	252067.509	252258.683	0.076
59293.7	252158.611	252258.683	0.040
59293.8	252360.286	252258.683	0.040
59293.9	252603.289	252258.683	0.136
59294.0	252795.285	252258.683	0.212
59294.1	252894.995	252520.707	0.148
59294.2	252881.098	252520.707	0.143
59294.3	252682.136	252520.707	0.064
59294.4	252507.720	252520.707	0.005
59294.5	252358.295	252520.707	0.064
59294.6	252307.647	252520.707	0.084
59294.7	252389.288	252520.707	0.052
59294.8	252564.832	252520.707	0.017
59294.9	252837.755	252520.707	0.125
59295.0	252999.895	252520.707	0.189
59295.1	253100.216	252771.640	0.130
59295.2	253095.908	252771.640	0.128
59295.3	252935.036	252771.640	0.065
59295.4	252730.039	252771.640	0.016
59295.5	252580.302	252771.640	0.076
59295.6	252536.700	252771.640	0.093
59295.7	252619.878	252771.640	0.060
59295.8	252836.904	252771.640	0.026
59295.9	253064.616	252771.640	0.116
59296.0	253281.303	252771.640	0.201
59296.1	253327.271	252984.642	0.135
59296.2	253304.097	252984.642	0.126
59296.3	253158.210	252984.642	0.069
59296.4	252949.689	252984.642	0.014
59296.5	252808.723	252984.642	0.070
59296.6	252755.627	252984.642	0.091
59296.7	252850.366	252984.642	0.053
59296.8	253062.563	252984.642	0.031
59296.9	253280.505	252984.642	0.117
59297.0	253469.232	252984.642	0.191
59297.1	253586.400	253191.035	0.156
59297.2	253538.147	253191.035	0.137
59297.3	253363.850	253191.035	0.068
59297.4	253190.160	253191.035	0.000
59297.5	253018.649	253191.035	0.068
59297.6	253007.263	253191.035	0.073
59297.7	253054.870	253191.035	0.054
59297.8	253287.225	253191.035	0.038
59297.9	253508.196	253191.035	0.125
59298.0	253695.564	253191.035	0.199
59298.1	253793.351	253454.420	0.134
59298.2	253756.209	253454.420	0.119
59298.3	253580.352	253454.420	0.050
59298.4	253376.412	253454.420	0.031
59298.5	253241.271	253454.420	0.084
59298.6	253211.085	253454.420	0.096
59298.7	253308.876	253454.420	0.057
59298.8	253491.832	253454.420	0.015
59298.9	253735.825	253454.420	0.111
59299.0	253943.955	253454.420	0.193
59299.1	254000.861	253660.656	0.134
59299.2	253960.794	253660.656	0.118
59299.3	253812.532	253660.656	0.060
59299.4	253598.307	253660.656	0.025
59299.5	253465.425	253660.656	0.077
59299.6	253435.756	253660.656	0.089
59299.7	253521.592	253660.656	0.055
59299.8	253719.783	253660.656	0.023
59299.9	253982.693	253660.656	0.127
59300.0	254145.188	253660.656	0.191
59300.1	254222.037	253828.293	0.155
59300.2	254189.598	253828.293	0.142
59300.3	254059.902	253828.293	0.091
59300.4	253821.006	253828.293	0.003
59300.5	253675.939	253828.293	0.060
59300.6	253637.535	253828.293	0.075
59300.7	253745.120	253828.293	0.033
59300.8	253926.778	253828.293	0.039
59300.9	254171.531	253828.293	0.135
59301.0	254363.209	253828.293	0.210
59301.1	254460.526	254053.699	0.160
59301.2	254385.651	254053.699	0.130
59301.3	254256.847	254053.699	0.080
59301.4	254016.060	254053.699	0.015
59301.5	253909.074	254053.699	0.057
59301.6	253869.573	254053.699	0.073
59301.7	253951.839	254053.699	0.040
59301.8	254172.241	254053.699	0.047
59301.9	254402.347	254053.699	0.137
59302.0	254601.951	254053.699	0.215
59302.1	254670.658	254289.864	0.150
59302.2	254605.281	254289.864	0.124
59302.3	254440.260	254289.864	0.059
59302.4	254249.380	254289.864	0.016
59302.5	254104.629	254289.864	0.073
59302.6	254083.899	254289.864	0.081
59302.7	254195.294	254289.864	0.037
59302.8	254389.937	254289.864	0.039
59302.9	254630.557	254289.864	0.134
59303.0	254784.740	254289.864	0.194
59303.1	254898.036	254519.462	0.149
59303.2	254855.823	254519.462	0.132
59303.3	254649.843	254519.462	0.051
59303.4	254454.385	254519.462	0.026
59303.5	254325.611	254519.462	0.076
59303.6	254286.253	254519.462	0.092
59303.7	254392.807	254519.462	0.050
59303.8	254611.986	254519.462	0.036
59303.9	254840.374	254519.462	0.126
59304.0	255055.261	254519.462	0.210
59304.1	255103.129	254723.365	0.149
59304.2	255045.832	254723.365	0.126
59304.3	254873.951	254723.365	0.059
59304.4	254670.864	254723.365	0.021
59304.5	254533.738	254723.365	0.074
59304.6	254493.009	254723.365	0.091
59304.7	254629.544	254723.365	0.037
59304.8	254848.670	254723.365	0.049
59304.9	255062.550	254723.365	0.133
59305.0	255208.869	254723.365	0.190
59305.1	255303.742	254896.220	0.160
59305.2	255253.312	254896.220	0.140
59305.3	255063.227	254896.220	0.065
59305.4	254838.376	254896.220	0.023
59305.5	254738.885	254896.220	0.062
59305.6	254699.661	254896.220	0.077
59305.7	254836.774	254896.220	0.023
59305.8	255036.949	254896.220	0.055
59305.9	255275.694	254896.220	0.149
59306.0	255489.931	254896.220	0.232
59306.1	255505.242	255145.574	0.141
59306.2	255446.075	255145.574	0.118
59306.3	255253.404	255145.574	0.042
59306.4	255061.127	255145.574	0.033
59306.5	254915.879	255145.574	0.090
59306.6	254904.498	255145.574	0.095
59306.7	255046.775	255145.574	0.039
59306.8	255236.021	255145.574	0.035
59306.9	255486.206	255145.574	0.133
59307.0	255673.487	255145.574	0.206
59307.1	255701.948	255342.791	0.140
59307.2	255606.941	255342.791	0.103
59307.3	255462.569	255342.791	0.047
59307.4	255250.182	255342.791	0.036
59307.5	255140.798	255342.791	0.079
59307.6	255112.817	255342.791	0.090
59307.7	255243.889	255342.791	0.039
59307.8	255460.563	255342.791	0.046
59307.9	255666.329	255342.791	0.127
59308.0	255856.054	255342.791	0.201
59308.1	255913.487	255522.764	0.153
59308.2	255807.840	255522.764	0.111
59308.3	255622.719	255522.764	0.039
59308.4	255459.900	255522.764	0.025
59308.5	255328.452	255522.764	0.076
59308.6	255330.905	255522.764	0.075
59308.7	255455.369	255522.764	0.026
59308.8	255679.489	255522.764	0.061
59308.9	255873.887	255522.764	0.137
59309.0	256031.319	255522.764	0.199
59309.1	256136.388	255771.600	0.142
59309.2	256021.136	255771.600	0.097
59309.3	255832.641	255771.600	0.024
59309.4	255646.825	255771.600	0.049
59309.5	255533.048	255771.600	0.093
59309.6	255529.831	255771.600	0.095
59309.7	255623.341	255771.600	0.058
59309.8	255872.660	255771.600	0.039
59309.9	256084.769	255771.600	0.122
59310.0	256251.903	255771.600	0.187
59310.1	256288.650	255943.188	0.135
59310.2	256204.766	255943.188	0.102
59310.3	256050.318	255943.188	0.042
59310.4	255836.565	255943.188	0.042
59310.5	255732.289	255943.188	0.082
59310.6	255726.893	255943.188	0.085
59310.7	255825.742	255943.188	0.046
59310.8	256055.219	255943.188	0.044
59310.9	256260.401	255943.188	0.124
59311.0	256427.082	255943.188	0.189
59311.1	256504.159	256126.559	0.147
59311.2	256435.842	256126.559	0.121
59311.3	256239.020	256126.559	0.044
59311.4	256024.235	256126.559	0.040
59311.5	255909.714	256126.559	0.085
59311.6	255908.414	256126.559	0.085
59311.7	256037.915	256126.559	0.035
59311.8	256249.277	256126.559	0.048
59311.9	256475.687	256126.559	0.136
59312.0	256672.653	256126.559	0.213
59312.1	256695.958	256326.873	0.144
59312.2	256595.436	256326.873	0.105
59312.3	256421.495	256326.873	0.037
59312.4	256202.748	256326.873	0.048
59312.5	256117.590	256326.873	0.082
59312.6	256133.008	256326.873	0.076
59312.7	256233.447	256326.873	0.036
59312.8	256471.342	256326.873	0.056
59312.9	256688.180	256326.873	0.141
59313.0	256840.570	256326.873	0.200
59313.1	256871.689	256528.039	0.134
59313.2	256771.496	256528.039	0.095
59313.3	256640.642	256528.039	0.044
59313.4	256419.852	256528.039	0.042
59313.5	256297.572	256528.039	0.090
59313.6	256293.651	256528.039	0.091
59313.7	256436.297	256528.039	0.036
59313.8	256660.539	256528.039	0.052
59313.9	256882.336	256528.039	0.138
59314.0	257043.372	256528.039	0.200
59314.1	257087.654	256691.330	0.154
59314.2	256972.456	256691.330	0.109
59314.3	256770.458	256691.330	0.031
59314.4	256567.464	256691.330	0.048
59314.5	256463.667	256691.330	0.089
59314.6	256473.117	256691.330	0.085
59314.7	256635.276	256691.330	0.022
59314.8	256823.639	256691.330	0.052
59314.9	257046.720	256691.330	0.138
59315.0	257217.351	256691.330	0.205
59315.1	257220.828	256912.931	0.120
59315.2	257153.446	256912.931	0.094
59315.3	256963.369	256912.931	0.020
59315.4	256775.243	256912.931	0.054
59315.5	256662.149	256912.931	0.098
59315.6	256676.306	256912.931	0.092
59315.7	256785.605	256912.931	0.050
59315.8	257028.212	256912.931	0.045
59315.9	257279.455	256912.931	0.142
59316.0	257384.022	256912.931	0.183
59316.1	257422.858	257091.936	0.129
59316.2	257314.554	257091.936	0.087
59316.3	257113.943	257091.936	0.009
59316.4	256954.158	257091.936	0.054
59316.5	256837.835	257091.936	0.099
59316.6	256855.395	257091.936	0.092
59316.7	256994.160	257091.936	0.038
59316.8	257197.258	257091.936	0.041
59316.9	257430.918	257091.936	0.132
59317.0	257577.521	257091.936	0.189
59317.1	257614.958	257240.234	0.145
59317.2	257486.409	257240.234	0.096
59317.3	257330.344	257240.234	0.035
59317.4	257130.050	257240.234	0.043
59317.5	256996.598	257240.234	0.095
59317.6	257002.921	257240.234	0.092
59317.7	257162.009	257240.234	0.030
59317.8	257386.831	257240.234	0.057
59317.9	257633.538	257240.234	0.153
59318.0	257739.344	257240.234	0.194
59318.1	257749.719	257429.831	0.124
59318.2	257675.897	257429.831	0.095
59318.3	257498.327	257429.831	0.027
59318.4	257296.924	257429.831	0.052
59318.5	257171.036	257429.831	0.101
59318.6	257211.383	257429.831	0.085
59318.7	257339.677	257429.831	0.035
59318.8	257580.140	257429.831	0.058
59318.9	257807.480	257429.831	0.146
59319.0	257942.435	257429.831	0.199
59319.1	257939.637	257569.070	0.144
59319.2	257828.818	257569.070	0.101
59319.3	257642.572	257569.070	0.029
59319.4	257446.049	257569.070	0.048
59319.5	257347.300	257569.070	0.086
59319.6	257353.703	257569.070	0.084
59319.7	257512.276	257569.070	0.022
59319.8	257738.943	257569.070	0.066
59319.9	257989.154	257569.070	0.163
59320.0	258094.190	257569.070	0.203
59320.1	258139.184	257759.375	0.147
59320.2	257985.617	257759.375	0.088
59320.3	257811.321	257759.375	0.020
59320.4	257605.682	257759.375	0.060
59320.5	257540.032	257759.375	0.085
59320.6	257569.647	257759.375	0.074
59320.7	257676.842	257759.375	0.032
59320.8	257899.607	257759.375	0.054
59320.9	258131.393	257759.375	0.144
59321.0	258267.513	257759.375	0.197
59321.1	258233.645	257927.927	0.118
59321.2	258143.281	257927.927	0.083
59321.3	257974.933	257927.927	0.018
59321.4	257762.445	257927.927	0.064
59321.5	257682.559	257927.927	0.095
59321.6	257689.373	257927.927	0.093
59321.7	257851.086	257927.927	0.030
59321.8	258068.050	257927.927	0.054
59321.9	258280.491	257927.927	0.137
59322.0	258435.790	257927.927	0.197
59322.1	258467.106	258091.349	0.145
59322.2	258331.227	258091.349	0.093
59322.3	258112.131	258091.349	0.008
59322.4	257924.880	258091.349	0.065
59322.5	257806.466	258091.349	0.111
59322.6	257860.787	258091.349	0.089
59322.7	257986.993	258091.349	0.040
59322.8	258236.366	258091.349	0.056
59322.9	258477.505	258091.349	0.149
59323.0	258583.341	258091.349	0.190
59323.1	258580.189	258266.431	0.121
59323.2	258444.517	258266.431	0.069
59323.3	258276.576	258266.431	0.004
59323.4	258085.057	258266.431	0.070
59323.5	258017.265	258266.431	0.097
59323.6	258012.503	258266.431	0.098
59323.7	258153.254	258266.431	0.044
59323.8	258400.528	258266.431	0.052
59323.9	258623.358	258266.431	0.138
59324.0	258751.386	258266.431	0.187
59324.1	258735.063	258420.808	0.121
59324.2	258609.658	258420.808	0.073
59324.3	258416.222	258420.808	0.002
59324.4	258238.567	258420.808	0.071
59324.5	258127.110	258420.808	0.114
59324.6	258201.037	258420.808	0.085
59324.7	258363.151	258420.808	0.022
59324.8	258542.964	258420.808	0.047
59324.9	258788.682	258420.808	0.142
59325.0	258878.237	258420.808	0.177
59325.1	258878.011	258544.789	0.129
59325.2	258772.623	258544.789	0.088
59325.3	258540.538	258544.789	0.002
59325.4	258369.358	258544.789	0.068
59325.5	258268.346	258544.789	0.107
59325.6	258320.113	258544.789	0.087
59325.7	258468.544	258544.789	0.029
59325.8	258718.723	258544.789	0.067
59325.9	258907.182	258544.789	0.140
59326.0	259052.818	258544.789	0.196
59326.1	259023.995	258687.275	0.130
59326.2	258894.439	258687.275	0.080
59326.3	258717.891	258687.275	0.012
59326.4	258522.887	258687.275	0.064
59326.5	258423.778	258687.275	0.102
59326.6	258471.581	258687.275	0.083
59326.7	258634.914	258687.275	0.020
59326.8	258863.084	258687.275	0.068
59326.9	259059.501	258687.275	0.144
59327.0	259176.473	258687.275	0.189
59327.1	259145.253	258857.845	0.111
59327.2	259054.058	258857.845	0.076
59327.3	258815.319	258857.845	0.016
59327.4	258630.994	258857.845	0.088
59327.5	258588.573	258857.845	0.104
59327.6	258635.967	258857.845	0.086
59327.7	258796.743	258857.845	0.024
59327.8	258993.504	258857.845	0.052
59327.9	259213.869	258857.845	0.137
59328.0	259318.570	258857.845	0.178
59328.1	259297.781	258975.428	0.124
59328.2	259165.062	258975.428	0.073
59328.3	258975.269	258975.428	0.000
59328.4	258795.190	258975.428	0.070
59328.5	258722.210	258975.428	0.098
59328.6	258743.108	258975.428	0.090
59328.7	258913.163	258975.428	0.024
59328.8	259152.977	258975.428	0.069
59328.9	259355.303	258975.428	0.146
59329.0	259460.570	258975.428	0.187
59329.1	259444.831	259096.234	0.134
59329.2	259316.167	259096.234	0.085
59329.3	259106.971	259096.234	0.004
59329.4	258909.821	259096.234	0.072
59329.5	258832.116	259096.234	0.102
59329.6	258915.827	259096.234	0.070
59329.7	259062.953	259096.234	0.013
59329.8	259273.620	259096.234	0.068
59329.9	259483.770	259096.234	0.149
59330.0	259611.197	259096.234	0.198
59330.1	259574.717	259272.025	0.117
59330.2	259421.922	259272.025	0.058
59330.3	259214.242	259272.025	0.022
59330.4	259060.749	259272.025	0.082
59330.5	258990.083	259272.025	0.109
59330.6	259040.272	259272.025	0.089
59330.7	259197.679	259272.025	0.029
59330.8	259428.669	259272.025	0.060
59330.9	259632.687	259272.025	0.139
59331.0	259747.797	259272.025	0.183
59331.1	259729.105	259365.857	0.140
59331.2	259562.888	259365.857	0.076
59331.3	259383.283	259365.857	0.007
59331.4	259185.965	259365.857	0.069
59331.5	259102.005	259365.857	0.102
59331.6	259180.381	259365.857	0.072
59331.7	259313.028	259365.857	0.020
59331.8	259546.041	259365.857	0.069
59331.9	259762.229	259365.857	0.153
59332.0	259866.063	259365.857	0.192
59332.1	259825.664	259528.372	0.114
59332.2	259688.970	259528.372	0.062
59332.3	259469.160	259528.372	0.023
59332.4	259306.937	259528.372	0.085
59332.5	259235.496	259528.372	0.113
59332.6	259279.144	259528.372	0.096
59332.7	259446.452	259528.372	0.032
59332.8	259683.946	259528.372	0.060
59332.9	259899.068	259528.372	0.143
59333.0	260012.160	259528.372	0.186
59333.1	259927.831	259672.515	0.098
59333.2	259818.049	259672.515	0.056
59333.3	259614.413	259672.515	0.022
59333.4	259435.010	259672.515	0.092
59333.5	259334.299	259672.515	0.130
59333.6	259408.519	259672.515	0.102
59333.7	259607.602	259672.515	0.025
59333.8	259817.213	259672.515	0.056
59333.9	260012.417	259672.515	0.131
59334.0	260136.858	259672.515	0.178
59334.1	260089.414	259765.344	0.125
59334.2	259921.665	259765.344	0.060
59334.3	259725.424	259765.344	0.015
59334.4	259552.560	259765.344	0.082
59334.5	259489.646	259765.344	0.106
59334.6	259593.378	259765.344	0.066
59334.7	259746.248	259765.344	0.007
59334.8	259959.036	259765.344	0.075
59334.9	260120.491	259765.344	0.137
59335.0	260232.597	259765.344	0.180
59335.1	260163.655	259885.942	0.107
59335.2	260024.195	259885.942	0.053
59335.3	259834.749	259885.942	0.020
59335.4	259681.849	259885.942	0.079
59335.5	259595.791	259885.942	0.112
59335.6	259641.000	259885.942	0.094
59335.7	259839.890	259885.942	0.018
59335.8	260063.557	259885.942	0.068
59335.9	260260.415	259885.942	0.144
59336.0	260356.070	259885.942	0.181
59336.1	260313.470	260006.408	0.118
59336.2	260162.550	260006.408	0.060
59336.3	259934.231	260006.408	0.028
59336.4	259774.263	260006.408	0.089
59336.5	259715.331	260006.408	0.112
59336.6	259753.779	260006.408	0.097
59336.7	259961.823	260006.408	0.017
59336.8	260172.049	260006.408	0.064
59336.9	260364.159	260006.408	0.137
59337.0	260461.998	260006.408	0.175
59337.1	260387.653	260083.980	0.117
59337.2	260271.487	260083.980	0.072
59337.3	260043.426	260083.980	0.016
59337.4	259859.462	260083.980	0.086
59337.5	259828.897	260083.980	0.098
59337.6	259879.884	260083.980	0.079
59337.7	260084.939	260083.980	0.000
59337.8	260303.107	260083.980	0.084
59337.9	260494.507	260083.980	0.158
59338.0	260578.390	260083.980	0.190
59338.1	260513.972	260181.030	0.128
59338.2	260369.514	260181.030	0.072
59338.3	260144.447	260181.030	0.014
59338.4	259981.968	260181.030	0.077
59338.5	259941.220	260181.030	0.092
59338.6	259986.911	260181.030	0.075
59338.7	260193.715	260181.030	0.005
59338.8	260420.026	260181.030	0.092
59338.9	260585.166	260181.030	0.155
59339.0	260641.567	260181.030	0.177
59339.1	260639.048	260311.573	0.126
59339.2	260433.519	260311.573	0.047
59339.3	260255.042	260311.573	0.022
59339.4	260054.697	260311.573	0.099
59339.5	259997.859	260311.573	0.121
59339.6	260127.366	260311.573	0.071
59339.7	260290.509	260311.573	0.008
59339.8	260481.130	260311.573	0.065
59339.9	260702.952	260311.573	0.150
59340.0	260742.206	260311.573	0.165
59340.1	260716.489	260423.057	0.113
59340.2	260555.718	260423.057	0.051
59340.3	260366.206	260423.057	0.022
59340.4	260202.290	260423.057	0.085
59340.5	260122.359	260423.057	0.116
59340.6	260201.254	260423.057	0.085
59340.7	260393.830	260423.057	0.011
59340.8	260616.339	260423.057	0.074
59340.9	260816.760	260423.057	0.151
59341.0	260861.474	260423.057	0.168
59341.1	260803.681	260536.165	0.103
59341.2	260627.196	260536.165	0.035
59341.3	260448.702	260536.165	0.034
59341.4	260271.607	260536.165	0.102
59341.5	260226.043	260536.165	0.119
59341.6	260290.706	260536.165	0.094
59341.7	260531.454	260536.165	0.002
59341.8	260748.173	260536.165	0.081
59341.9	260884.800	260536.165	0.134
59342.0	260938.919	260536.165	0.154
59342.1	260921.929	260618.481	0.116
59342.2	260746.688	260618.481	0.049
59342.3	260505.156	260618.481	0.044
59342.4	260360.467	260618.481	0.099
59342.5	260345.768	260618.481	0.105
59342.6	260386.630	260618.481	0.089
59342.7	260613.555	260618.481	0.002
59342.8	260838.262	260618.481	0.084
59342.9	260997.003	260618.481	0.145
59343.0	261058.549	260618.481	0.169
59343.1	261002.539	260694.531	0.118
59343.2	260814.792	260694.531	0.046
59343.3	260609.564	260694.531	0.033
59343.4	260415.566	260694.531	0.107
59343.5	260403.467	260694.531	0.112
59343.6	260504.146	260694.531	0.073
59343.7	260675.840	260694.531	0.007
59343.8	260926.067	260694.531	0.089
59343.9	261072.739	260694.531	0.145
59344.0	261166.906	260694.531	0.181
59344.1	261069.012	260783.270	0.109
59344.2	260891.527	260783.270	0.041
59344.3	260702.915	260783.270	0.031
59344.4	260516.458	260783.270	0.102
59344.5	260525.779	260783.270	0.099
59344.6	260585.662	260783.270	0.076
59344.7	260782.082	260783.270	0.000
59344.8	261015.695	260783.270	0.089
59344.9	261164.401	260783.270	0.146
59345.0	261226.974	260783.270	0.170
59345.1	261166.895	260898.210	0.103
59345.2	261004.182	260898.210	0.041
59345.3	260773.218	260898.210	0.048
59345.4	260609.487	260898.210	0.111
59345.5	260548.538	260898.210	0.134
59345.6	260660.336	260898.210	0.091
59345.7	260874.066	260898.210	0.009
59345.8	261075.769	260898.210	0.068
59345.9	261244.488	260898.210	0.133
59346.0	261309.054	260898.210	0.157
59346.1	261227.789	260959.625	0.103
59346.2	261028.450	260959.625	0.026
59346.3	260846.665	260959.625	0.043
59346.4	260677.405	260959.625	0.108
59346.5	260657.472	260959.625	0.116
59346.6	260769.888	260959.625	0.073
59346.7	260932.112	260959.625	0.011
59346.8	261140.297	260959.625	0.069
59346.9	261335.663	260959.625	0.144
59347.0	261385.384	260959.625	0.163
59347.1	261283.072	261033.982	0.095
59347.2	261143.036	261033.982	0.042
59347.3	260900.482	261033.982	0.051
59347.4	260770.237	261033.982	0.101
59347.5	260730.262	261033.982	0.116
59347.6	260819.367	261033.982	0.082
59347.7	261003.052	261033.982	0.012
59347.8	261251.668	261033.982	0.083
59347.9	261389.603	261033.982	0.136
59348.0	261426.915	261033.982	0.150
59348.1	261349.218	261106.114	0.093
59348.2	261199.852	261106.114	0.036
59348.3	260956.438	261106.114	0.057
59348.4	260818.503	261106.114	0.110
59348.5	260796.514	261106.114	0.119
59348.6	260865.574	261106.114	0.092
59348.7	261056.585	261106.114	0.019
59348.8	261312.847	261106.114	0.079
59348.9	261450.083	261106.114	0.132
59349.0	261524.972	261106.114	0.160
59349.1	261429.470	261192.257	0.091
59349.2	261255.525	261192.257	0.024
59349.3	261039.434	261192.257	0.059
59349.4	260869.698	261192.257	0.124
59349.5	260844.025	261192.257	0.134
59349.6	260994.275	261192.257	0.076
59349.7	261120.894	261192.257	0.027
59349.8	261393.455	261192.257	0.077
59349.9	261535.501	261192.257	0.131
59350.0	261560.933	261192.257	0.141
59350.1	261500.829	261236.990	0.101
59350.2	261266.654	261236.990	0.011
59350.3	261095.017	261236.990	0.054
59350.4	260934.977	261236.990	0.116
59350.5	260921.947	261236.990	0.121
59350.6	261024.962	261236.990	0.081
59350.7	261248.044	261236.990	0.004
59350.8	261444.502	261236.990	0.079
59350.9	261595.720	261236.990	0.137
59351.0	261636.078	261236.990	0.153
59351.1	261550.442	261246.987	0.116
59351.2	261344.877	261246.987	0.037
59351.3	261124.788	261246.987	0.047
59351.4	260997.883	261246.987	0.095
59351.5	260953.275	261246.987	0.113
59351.6	261085.091	261246.987	0.062
59351.7	261298.032	261246.987	0.020
59351.8	261472.048	261246.987	0.086
59351.9	261660.331	261246.987	0.158
59352.0	261679.806	261246.987	0.165
59352.1	261610.869	261351.120	0.099
59352.2	261373.363	261351.120	0.009
59352.3	261188.790	261351.120	0.062
59352.4	261069.338	261351.120	0.108
59352.5	261009.440	261351.120	0.131
59352.6	261147.034	261351.120	0.078
59352.7	261316.556	261351.120	0.013
59352.8	261554.867	261351.120	0.078
59352.9	261704.442	261351.120	0.135
59353.0	261716.668	261351.120	0.140
59353.1	261673.027	261391.553	0.108
59353.2	261461.827	261391.553	0.027
59353.3	261247.586	261391.553	0.055
59353.4	261100.510	261391.553	0.111
59353.5	261100.404	261391.553	0.112
59353.6	261207.668	261391.553	0.070
59353.7	261374.071	261391.553	0.007
59353.8	261612.877	261391.553	0.085
59353.9	261749.317	261391.553	0.137
59354.0	261777.050	261391.553	0.147
59354.1	261652.515	261450.846	0.077
59354.2	261483.561	261450.846	0.013
59354.3	261275.578	261450.846	0.067
59354.4	261140.848	261450.846	0.119
59354.5	261134.783	261450.846	0.121
59354.6	261242.717	261450.846	0.080
59354.7	261410.058	261450.846	0.016
59354.8	261651.017	261450.846	0.077
59354.9	261808.938	261450.846	0.137
59355.0	261829.996	261450.846	0.145
59355.1	261719.861	261483.521	0.090
59355.2	261532.074	261483.521	0.019
59355.3	261322.039	261483.521	0.062
59355.4	261176.189	261483.521	0.118
59355.5	261195.498	261483.521	0.110
59355.6	261288.229	261483.521	0.075
59355.7	261491.658	261483.521	0.003
59355.8	261677.728	261483.521	0.074
59355.9	261814.005	261483.521	0.126
59356.0	261850.504	261483.521	0.140
59356.1	261776.580	261516.712	0.099
59356.2	261559.133	261516.712	0.016
59356.3	261347.055	261516.712	0.065
59356.4	261199.956	261516.712	0.121
59356.5	261213.268	261516.712	0.116
59356.6	261328.596	261516.712	0.072
59356.7	261512.100	261516.712	0.002
59356.8	261747.011	261516.712	0.088
59356.9	261890.810	261516.712	0.143
59357.0	261880.803	261516.712	0.139
59357.1	261809.036	261561.783	0.094
59357.2	261567.068	261561.783	0.002
59357.3	261391.451	261561.783	0.065
59357.4	261256.284	261561.783	0.117
59357.5	261283.883	261561.783	0.106
59357.6	261346.523	261561.783	0.082
59357.7	261554.919	261561.783	0.003
59357.8	261776.217	261561.783	0.082
59357.9	261905.064	261561.783	0.131
59358.0	261921.344	261561.783	0.137
59358.1	261816.385	261569.668	0.094
59358.2	261592.186	261569.668	0.009
59358.3	261422.797	261569.668	0.056
59358.4	261282.320	261569.668	0.110
59358.5	261290.024	261569.668	0.107
59358.6	261420.933	261569.668	0.057
59358.7	261594.283	261569.668	0.009
59358.8	261833.630	261569.668	0.101
59358.9	261924.325	261569.668	0.135
59359.0	261960.596	261569.668	0.149
59359.1	261825.167	261595.828	0.088
59359.2	261615.976	261595.828	0.008
59359.3	261433.430	261595.828	0.062
59359.4	261286.985	261595.828	0.118
59359.5	261306.405	261595.828	0.111
59359.6	261429.150	261595.828	0.064
59359.7	261634.556	261595.828	0.015
59359.8	261832.939	261595.828	0.091
59359.9	261958.864	261595.828	0.139
59360.0	261981.777	261595.828	0.147
59360.1	261869.242	261625.913	0.093
59360.2	261659.337	261625.913	0.013
59360.3	261440.131	261625.913	0.071
59360.4	261339.088	261625.913	0.110
59360.5	261298.446	261625.913	0.125
59360.6	261427.128	261625.913	0.076
59360.7	261670.250	261625.913	0.017
59360.8	261874.454	261625.913	0.095
59360.9	261988.161	261625.913	0.138
59361.0	261987.457	261625.913	0.138
59361.1	261890.006	261683.828	0.079
59361.2	261700.288	261683.828	0.006
59361.3	261486.857	261683.828	0.075
59361.4	261356.819	261683.828	0.125
59361.5	261340.094	261683.828	0.132
59361.6	261492.995	261683.828	0.073
59361.7	261662.594	261683.828	0.008
59361.8	261855.387	261683.828	0.066
59361.9	262018.649	261683.828	0.128
59362.0	262029.469	261683.828	0.132
59362.1	261862.933	261695.997	0.064
59362.2	261670.330	261695.997	0.010
59362.3	261466.907	261695.997	0.088
59362.4	261380.926	261695.997	0.121
59362.5	261352.855	261695.997	0.131
59362.6	261498.476	261695.997	0.076
59362.7	261704.522	261695.997	0.003
59362.8	261956.081	261695.997	0.099
59362.9	261994.693	261695.997	0.114
59363.0	262008.221	261695.997	0.119
59363.1	261877.678	261684.866	0.074
59363.2	261683.325	261684.866	0.001
59363.3	261495.467	261684.866	0.072
59363.4	261398.177	261684.866	0.110
59363.5	261370.874	261684.866	0.120
59363.6	261522.793	261684.866	0.062
59363.7	261696.482	261684.866	0.004
59363.8	261954.735	261684.866	0.103
59363.9	262028.060	261684.866	0.131
59364.0	262032.275	261684.866	0.133
59364.1	261872.516	261691.222	0.069
59364.2	261691.738	261691.222	0.000
59364.3	261485.221	261691.222	0.079
59364.4	261398.716	261691.222	0.112
59364.5	261392.018	261691.222	0.114
59364.6	261541.375	261691.222	0.057
59364.7	261736.963	261691.222	0.017
59364.8	261939.997	261691.222	0.095
59364.9	262067.884	261691.222	0.144
59365.0	262039.573	261691.222	0.133
59365.1	261904.617	261718.427	0.071
59365.2	261704.418	261718.427	0.005
59365.3	261484.739	261718.427	0.089
59365.4	261397.978	261718.427	0.123
59365.5	261409.588	261718.427	0.118
59365.6	261520.001	261718.427	0.076
59365.7	261757.270	261718.427	0.015
59365.8	261917.526	261718.427	0.076
59365.9	262083.220	261718.427	0.139
59366.0	262022.503	261718.427	0.116
59366.1	261888.151	261712.158	0.067
59366.2	261728.898	261712.158	0.006
59366.3	261476.561	261712.158	0.090
59366.4	261352.092	261712.158	0.138
59366.5	261418.231	261712.158	0.112
59366.6	261553.449	261712.158	0.061
59366.7	261742.193	261712.158	0.011
59366.8	261947.778	261712.158	0.090
59366.9	262084.022	261712.158	0.142
59367.0	262006.470	261712.158	0.112
59367.1	261912.053	261706.013	0.079
59367.2	261684.972	261706.013	0.008
59367.3	261501.771	261706.013	0.078
59367.4	261372.983	261706.013	0.127
59367.5	261398.154	261706.013	0.118
59367.6	261557.323	261706.013	0.057
59367.7	261747.008	261706.013	0.016
59367.8	261963.374	261706.013	0.098
59367.9	262060.759	261706.013	0.135
59368.0	262042.957	261706.013	0.129
59368.1	261883.439	261700.621	0.070
59368.2	261687.125	261700.621	0.005
59368.3	261502.901	261700.621	0.076
59368.4	261373.979	261700.621	0.125
59368.5	261393.565	261700.621	0.117
59368.6	261546.434	261700.621	0.059
59368.7	261752.607	261700.621	0.020
59368.8	261942.676	261700.621	0.092
59368.9	262038.333	261700.621	0.129
59369.0	262007.801	261700.621	0.117
59369.1	261856.671	261701.689	0.059
59369.2	261653.307	261701.689	0.018
59369.3	261475.400	261701.689	0.087
59369.4	261361.452	261701.689	0.130
59369.5	261370.701	261701.689	0.127
59369.6	261522.385	261701.689	0.069
59369.7	261749.886	261701.689	0.018
59369.8	261933.728	261701.689	0.089
59369.9	262013.589	261701.689	0.119
59370.0	261990.266	261701.689	0.110
59370.1	261861.059	261684.121	0.068
59370.2	261636.271	261684.121	0.018
59370.3	261441.112	261684.121	0.093
59370.4	261371.574	261684.121	0.120
59370.5	261362.587	261684.121	0.123
59370.6	261531.172	261684.121	0.058
59370.7	261717.038	261684.121	0.013
59370.8	261913.237	261684.121	0.087
59370.9	262011.598	261684.121	0.125
59371.0	261987.695	261684.121	0.116
59371.1	261810.011	261696.583	0.043
59371.2	261614.019	261696.583	0.032
59371.3	261431.720	261696.583	0.101
59371.4	261345.797	261696.583	0.134
59371.5	261368.849	261696.583	0.125
59371.6	261516.396	261696.583	0.069
59371.7	261711.014	261696.583	0.006
59371.8	261908.445	261696.583	0.081
59371.9	262008.292	261696.583	0.119
59372.0	261937.104	261696.583	0.092
59372.1	261811.136	261659.790	0.058
59372.2	261599.908	261659.790	0.023
59372.3	261417.650	261659.790	0.093
59372.4	261309.214	261659.790	0.134
59372.5	261336.443	261659.790	0.124
59372.6	261489.763	261659.790	0.065
59372.7	261704.784	261659.790	0.017
59372.8	261873.963	261659.790	0.082
59372.9	261984.226	261659.790	0.124
59373.0	261938.648	261659.790	0.106
59373.1	261787.538	261604.571	0.070
59373.2	261541.284	261604.571	0.024
59373.3	261359.068	261604.571	0.094
59373.4	261301.022	261604.571	0.116
59373.5	261329.054	261604.571	0.105
59373.6	261448.516	261604.571	0.060
59373.7	261703.939	261604.571	0.038
59373.8	261847.161	261604.571	0.093
59373.9	261943.315	261604.571	0.129
59374.0	261881.212	261604.571	0.106
59374.1	261764.437	261616.326	0.057
59374.2	261548.337	261616.326	0.026
59374.3	261347.995	261616.326	0.103
59374.4	261253.634	261616.326	0.139
59374.5	261302.143	261616.326	0.120
59374.6	261464.103	261616.326	0.058
59374.7	261651.134	261616.326	0.013
59374.8	261819.504	261616.326	0.078
59374.9	261920.113	261616.326	0.116
59375.0	261850.031	261616.326	0.089
59375.1	261697.108	261592.510	0.040
59375.2	261510.969	261592.510	0.031
59375.3	261308.503	261592.510	0.109
59375.4	261225.140	261592.510	0.141
59375.5	261265.369	261592.510	0.125
59375.6	261438.115	261592.510	0.059
59375.7	261642.100	261592.510	0.019
59375.8	261800.531	261592.510	0.079
59375.9	261862.157	261592.510	0.103
59376.0	261806.916	261592.510	0.082
59376.1	261687.701	261535.910	0.058
59376.2	261467.864	261535.910	0.026
59376.3	261296.081	261535.910	0.092
59376.4	261186.607	261535.910	0.134
59376.5	261238.761	261535.910	0.114
59376.6	261386.262	261535.910	0.057
59376.7	261591.196	261535.910	0.021
59376.8	261756.245	261535.910	0.084
59376.9	261827.715	261535.910	0.111
59377.0	261780.910	261535.910	0.094
59377.1	261614.819	261496.401	0.045
59377.2	261394.245	261496.401	0.039
59377.3	261216.787	261496.401	0.107
59377.4	261139.870	261496.401	0.137
59377.5	261176.906	261496.401	0.122
59377.6	261370.299	261496.401	0.048
59377.7	261577.290	261496.401	0.031
59377.8	261734.833	261496.401	0.091
59377.9	261818.635	261496.401	0.123
59378.0	261749.042	261496.401	0.097
59378.1	261570.006	261466.712	0.039
59378.2	261353.134	261466.712	0.043
59378.3	261137.572	261466.712	0.126
59378.4	261072.767	261466.712	0.151
59378.5	261157.852	261466.712	0.118
59378.6	261310.261	261466.712	0.060
59378.7	261510.173	261466.712	0.017
59378.8	261673.520	261466.712	0.079
59378.9	261733.140	261466.712	0.102
59379.0	261679.821	261466.712	0.081
59379.1	261509.248	261412.042	0.037
59379.2	261298.400	261412.042	0.043
59379.3	261129.991	261412.042	0.108
59379.4	261059.462	261412.042	0.135
59379.5	261101.410	261412.042	0.119
59379.6	261271.424	261412.042	0.054
59379.7	261464.539	261412.042	0.020
59379.8	261634.656	261412.042	0.085
59379.9	261668.875	261412.042	0.098
59380.0	261640.848	261412.042	0.087
59380.1	261457.294	261359.541	0.037
59380.2	261246.742	261359.541	0.043
59380.3	261053.815	261359.541	0.117
59380.4	260966.089	261359.541	0.151
59380.5	261049.259	261359.541	0.119
59380.6	261227.986	261359.541	0.050
59380.7	261410.822	261359.541	0.020
59380.8	261581.046	261359.541	0.085
59380.9	261648.290	261359.541	0.110
59381.0	261545.606	261359.541	0.071
59381.1	261408.589	261299.025	0.042
59381.2	261167.043	261299.025	0.051
59381.3	261008.720	261299.025	0.111
59381.4	260953.515	261299.025	0.132
59381.5	261002.499	261299.025	0.114
59381.6	261157.376	261299.025	0.054
59381.7	261368.097	261299.025	0.026
59381.8	261510.397	261299.025	0.081
59381.9	261572.616	261299.025	0.105
59382.0	261491.945	261299.025	0.074
59382.1	261339.713	261253.910	0.033
59382.2	261112.952	261253.910	0.054
59382.3	260962.562	261253.910	0.112
59382.4	260887.953	261253.910	0.140
59382.5	260935.637	261253.910	0.122
59382.6	261095.622	261253.910	0.061
59382.7	261289.444	261253.910	0.014
59382.8	261476.558	261253.910	0.085
59382.9	261497.764	261253.910	0.093
59383.0	261470.992	261253.910	0.083
59383.1	261263.366	261160.561	0.039
59383.2	261027.449	261160.561	0.051
59383.3	260885.376	261160.561	0.105
59383.4	260807.532	261160.561	0.135
59383.5	260857.966	261160.561	0.116
59383.6	261033.429	261160.561	0.049
59383.7	261256.196	261160.561	0.037
59383.8	261398.738	261160.561	0.091
59383.9	261461.606	261160.561	0.115
59384.0	261376.400	261160.561	0.083
59384.1	261173.189	261117.296	0.021
59384.2	260972.270	261117.296	0.056
59384.3	260812.834	261117.296	0.117
59384.4	260761.627	261117.296	0.136
59384.5	260803.728	261117.296	0.120
59384.6	260973.616	261117.296	0.055
59384.7	261172.752	261117.296	0.021
59384.8	261319.585	261117.296	0.077
59384.9	261387.795	261117.296	0.103
59385.0	261284.428	261117.296	0.064
59385.1	261112.226	261048.874	0.024
59385.2	260892.131	261048.874	0.060
59385.3	260744.704	261048.874	0.117
59385.4	260682.006	261048.874	0.141
59385.5	260766.288	261048.874	0.108
59385.6	260919.578	261048.874	0.050
59385.7	261115.599	261048.874	0.026
59385.8	261262.466	261048.874	0.082
59385.9	261302.166	261048.874	0.097
59386.0	261210.261	261048.874	0.062
59386.1	261048.712	260956.245	0.035
59386.2	260825.570	260956.245	0.050
59386.3	260648.623	260956.245	0.118
59386.4	260580.592	260956.245	0.144
59386.5	260672.950	260956.245	0.109
59386.6	260829.229	260956.245	0.049
59386.7	261026.285	260956.245	0.027
59386.8	261179.394	260956.245	0.085
59386.9	261235.622	260956.245	0.107
59387.0	261116.517	260956.245	0.061
59387.1	260967.381	260875.469	0.035
59387.2	260753.697	260875.469	0.047
59387.3	260552.965	260875.469	0.124
59387.4	260508.569	260875.469	0.141
59387.5	260617.022	260875.469	0.099
59387.6	260766.073	260875.469	0.042
59387.7	260960.794	260875.469	0.033
59387.8	261083.388	260875.469	0.080
59387.9	261148.999	260875.469	0.105
59388.0	261047.535	260875.469	0.066
59388.1	260867.254	260792.253	0.029
59388.2	260669.596	260792.253	0.047
59388.3	260492.817	260792.253	0.115
59388.4	260425.457	260792.253	0.141
59388.5	260509.157	260792.253	0.109
59388.6	260704.521	260792.253	0.034
59388.7	260867.235	260792.253	0.029
59388.8	261047.188	260792.253	0.098
59388.9	261061.169	260792.253	0.103
59389.0	260966.873	260792.253	0.067
59389.1	260776.561	260733.189	0.017
59389.2	260562.879	260733.189	0.065
59389.3	260401.346	260733.189	0.127
59389.4	260336.004	260733.189	0.153
59389.5	260434.146	260733.189	0.115
59389.6	260610.204	260733.189	0.047
59389.7	260809.216	260733.189	0.029
59389.8	260956.554	260733.189	0.086
59389.9	260957.388	260733.189	0.086
59390.0	260870.494	260733.189	0.053
59390.1	260685.669	260628.767	0.022
59390.2	260470.041	260628.767	0.061
59390.3	260307.426	260628.767	0.123
59390.4	260264.718	260628.767	0.140
59390.5	260346.778	260628.767	0.108
59390.6	260518.327	260628.767	0.042
59390.7	260720.981	260628.767	0.035
59390.8	260845.669	260628.767	0.083
59390.9	260886.346	260628.767	0.099
59391.0	260782.532	260628.767	0.059
59391.1	260605.128	260535.983	0.027
59391.2	260415.148	260535.983	0.046
59391.3	260238.917	260535.983	0.114
59391.4	260174.045	260535.983	0.139
59391.5	260256.844	260535.983	0.107
59391.6	260416.707	260535.983	0.046
59391.7	260629.183	260535.983	0.036
59391.8	260765.415	260535.983	0.088
59391.9	260789.116	260535.983	0.097
59392.0	260697.543	260535.983	0.062
59392.1	260516.202	260473.347	0.016
59392.2	260285.081	260473.347	0.072
59392.3	260100.966	260473.347	0.143
59392.4	260108.602	260473.347	0.140
59392.5	260154.911	260473.347	0.122
59392.6	260331.766	260473.347	0.054
59392.7	260536.064	260473.347	0.024
59392.8	260659.870	260473.347	0.072
59392.9	260680.586	260473.347	0.079
59393.0	260583.703	260473.347	0.042
59393.1	260389.251	260353.573	0.014
59393.2	260170.063	260353.573	0.071
59393.3	260008.850	260353.573	0.133
59393.4	259975.865	260353.573	0.145
59393.5	260084.184	260353.573	0.104
59393.6	260237.622	260353.573	0.045
59393.7	260428.105	260353.573	0.029
59393.8	260548.468	260353.573	0.075
59393.9	260582.287	260353.573	0.088
59394.0	260498.598	260353.573	0.056
59394.1	260284.033	260256.875	0.010
59394.2	260078.936	260256.875	0.068
59394.3	259931.513	260256.875	0.125
59394.4	259896.030	260256.875	0.139
59394.5	260006.246	260256.875	0.096
59394.6	260146.666	260256.875	0.042
59394.7	260350.722	260256.875	0.036
59394.8	260458.654	260256.875	0.077
59394.9	260460.721	260256.875	0.078
59395.0	260387.977	260256.875	0.050
59395.1	260174.110	260125.550	0.019
59395.2	259994.506	260125.550	0.050
59395.3	259828.865	260125.550	0.114
59395.4	259798.819	260125.550	0.126
59395.5	259861.491	260125.550	0.102
59395.6	260055.595	260125.550	0.027
59395.7	260276.685	260125.550	0.058
59395.8	260356.095	260125.550	0.089
59395.9	260395.272	260125.550	0.104
59396.0	260263.549	260125.550	0.053
59396.1	260053.524	260027.459	0.010
59396.2	259845.585	260027.459	0.070
59396.3	259705.304	260027.459	0.124
59396.4	259680.504	260027.459	0.134
59396.5	259790.078	260027.459	0.091
59396.6	259947.124	260027.459	0.031
59396.7	260166.906	260027.459	0.054
59396.8	260272.842	260027.459	0.094
59396.9	260283.820	260027.459	0.098
59397.0	260150.426	260027.459	0.047
59397.1	259936.363	259930.134	0.002
59397.2	259752.909	259930.134	0.068
59397.3	259603.146	259930.134	0.126
59397.4	259545.412	259930.134	0.148
59397.5	259663.502	259930.134	0.103
59397.6	259852.070	259930.134	0.030
59397.7	260021.235	259930.134	0.035
59397.8	260172.284	259930.134	0.093
59397.9	260156.145	259930.134	0.087
59398.0	260031.474	259930.134	0.039
59398.1	259817.885	259784.938	0.013
59398.2	259632.274	259784.938	0.059
59398.3	259480.714	259784.938	0.117
59398.4	259446.135	259784.938	0.131
59398.5	259533.305	259784.938	0.097
59398.6	259722.730	259784.938	0.024
59398.7	259937.795	259784.938	0.059
59398.8	260032.451	259784.938	0.095
59398.9	260037.534	259784.938	0.097
59399.0	259884.985	259784.938	0.038
59399.1	259694.713	259705.596	0.004
59399.2	259482.038	259705.596	0.086
59399.3	259344.114	259705.596	0.139
59399.4	259319.974	259705.596	0.149
59399.5	259428.914	259705.596	0.107
59399.6	259592.866	259705.596	0.043
59399.7	259824.777	259705.596	0.046
59399.8	259912.101	259705.596	0.079
59399.9	259875.606	259705.596	0.065
59400.0	259763.115	259705.596	0.022
59400.1	259607.629	259596.322	0.004
59400.2	259367.955	259596.322	0.088
59400.3	259205.052	259596.322	0.151
59400.4	259235.054	259596.322	0.139
59400.5	259301.113	259596.322	0.114
59400.6	259477.425	259596.322	0.046
59400.7	259673.552	259596.322	0.030
59400.8	259785.128	259596.322	0.073
59400.9	259778.042	259596.322	0.070
59401.0	259648.006	259596.322	0.020
59401.1	259436.560	259453.073	0.006
59401.2	259235.678	259453.073	0.084
59401.3	259113.610	259453.073	0.131
59401.4	259092.089	259453.073	0.139
59401.5	259200.974	259453.073	0.097
59401.6	259367.647	259453.073	0.033
59401.7	259547.864	259453.073	0.037
59401.8	259676.455	259453.073	0.086
59401.9	259673.762	259453.073	0.085
59402.0	259528.569	259453.073	0.029
59402.1	259329.467	259352.968	0.009
59402.2	259101.609	259352.968	0.097
59402.3	258979.594	259352.968	0.144
59402.4	258962.326	259352.968	0.151
59402.5	259072.053	259352.968	0.108
59402.6	259252.282	259352.968	0.039
59402.7	259420.038	259352.968	0.026
59402.8	259527.484	259352.968	0.067
59402.9	259513.619	259352.968	0.062
59403.0	259392.356	259352.968	0.015
59403.1	259180.927	259180.484	0.000
59403.2	258974.950	259180.484	0.079
59403.3	258814.127	259180.484	0.142
59403.4	258852.798	259180.484	0.127
59403.5	258949.999	259180.484	0.089
59403.6	259117.643	259180.484	0.024
59403.7	259287.075	259180.484	0.041
59403.8	259399.796	259180.484	0.085
59403.9	259390.550	259180.484	0.081
59404.0	259229.234	259180.484	0.019
59404.1	259013.760	259068.338	0.021
59404.2	258819.234	259068.338	0.096
59404.3	258711.748	259068.338	0.138
59404.4	258721.233	259068.338	0.134
59404.5	258842.152	259068.338	0.087
59404.6	258991.149	259068.338	0.030
59404.7	259163.225	259068.338	0.037
59404.8	259273.786	259068.338	0.079
59404.9	259237.785	259068.338	0.065
59405.0	259098.554	259068.338	0.012
59405.1	258892.484	258911.009	0.007
59405.2	258689.784	258911.009	0.086
59405.3	258566.856	258911.009	0.133
59405.4	258566.184	258911.009	0.133
59405.5	258685.616	258911.009	0.087
59405.6	258879.971	258911.009	0.012
59405.7	259026.328	258911.009	0.045
59405.8	259142.043	258911.009	0.089
59405.9	259109.734	258911.009	0.077
59406.0	258964.254	258911.009	0.021
59406.1	258717.649	258792.208	0.029
59406.2	258527.982	258792.208	0.102
59406.3	258407.737	258792.208	0.149
59406.4	258406.875	258792.208	0.149
59406.5	258542.143	258792.208	0.097
59406.6	258722.950	258792.208	0.027
59406.7	258878.615	258792.208	0.033
59406.8	258985.560	258792.208	0.075
59406.9	258959.256	258792.208	0.065
59407.0	258790.915	258792.208	0.000
59407.1	258607.667	258645.944	0.015
59407.2	258374.659	258645.944	0.105
59407.3	258283.796	258645.944	0.140
59407.4	258280.192	258645.944	0.142
59407.5	258400.448	258645.944	0.095
59407.6	258592.184	258645.944	0.021
59407.7	258758.296	258645.944	0.043
59407.8	258809.612	258645.944	0.063
59407.9	258810.077	258645.944	0.063
59408.0	258648.005	258645.944	0.001
59408.1	258434.795	258493.806	0.023
59408.2	258232.804	258493.806	0.101
59408.3	258114.869	258493.806	0.147
59408.4	258126.215	258493.806	0.142
59408.5	258252.723	258493.806	0.093
59408.6	258425.771	258493.806	0.026
59408.7	258591.449	258493.806	0.038
59408.8	258700.092	258493.806	0.080
59408.9	258670.373	258493.806	0.068
59409.0	258493.702	258493.806	0.000
59409.1	258277.367	258341.659	0.025
59409.2	258056.976	258341.659	0.110
59409.3	257979.003	258341.659	0.141
59409.4	257970.299	258341.659	0.144
59409.5	258098.422	258341.659	0.094
59409.6	258282.950	258341.659	0.023
59409.7	258440.167	258341.659	0.038
59409.8	258540.805	258341.659	0.077
59409.9	258497.273	258341.659	0.060
59410.0	258342.608	258341.659	0.000
59410.1	258116.325	258195.107	0.031
59410.2	257909.235	258195.107	0.111
59410.3	257832.437	258195.107	0.141
59410.4	257811.629	258195.107	0.149
59410.5	257939.415	258195.107	0.099
59410.6	258154.116	258195.107	0.016
59410.7	258286.592	258195.107	0.035
59410.8	258372.221	258195.107	0.069
59410.9	258339.803	258195.107	0.056
59411.0	258179.851	258195.107	0.006
59411.1	257962.345	258030.862	0.027
59411.2	257755.529	258030.862	0.107
59411.3	257664.755	258030.862	0.142
59411.4	257684.862	258030.862	0.134
59411.5	257777.938	258030.862	0.098
59411.6	257979.450	258030.862	0.020
59411.7	258161.283	258030.862	0.051
59411.8	258210.306	258030.862	0.069
59411.9	258173.780	258030.862	0.055
59412.0	258001.525	258030.862	0.011
59412.1	257782.336	257853.659	0.028
59412.2	257625.231	257853.659	0.089
59412.3	257500.202	257853.659	0.137
59412.4	257493.145	257853.659	0.140
59412.5	257651.719	257853.659	0.078
59412.6	257832.657	257853.659	0.008
59412.7	257989.654	257853.659	0.053
59412.8	258057.941	257853.659	0.079
59412.9	258018.345	257853.659	0.064
59413.0	257857.268	257853.659	0.001
59413.1	257623.407	257714.978	0.036
59413.2	257453.655	257714.978	0.102
59413.3	257341.622	257714.978	0.145
59413.4	257376.593	257714.978	0.131
59413.5	257473.498	257714.978	0.094
59413.6	257654.088	257714.978	0.024
59413.7	257822.743	257714.978	0.042
59413.8	257877.180	257714.978	0.063
59413.9	257821.738	257714.978	0.041
59414.0	257647.151	257714.978	0.026
59414.1	257450.231	257530.494	0.031
59414.2	257268.788	257530.494	0.102
59414.3	257193.383	257530.494	0.131
59414.4	257206.821	257530.494	0.126
59414.5	257331.509	257530.494	0.077
59414.6	257498.912	257530.494	0.012
59414.7	257640.478	257530.494	0.043
59414.8	257759.650	257530.494	0.089
59414.9	257650.645	257530.494	0.047
59415.0	257510.767	257530.494	0.008
59415.1	257272.210	257358.728	0.034
59415.2	257103.015	257358.728	0.099
59415.3	257005.062	257358.728	0.138
59415.4	257033.394	257358.728	0.127
59415.5	257172.945	257358.728	0.072
59415.6	257328.343	257358.728	0.012
59415.7	257495.562	257358.728	0.053
59415.8	257545.996	257358.728	0.073
59415.9	257461.964	257358.728	0.040
59416.0	257334.213	257358.728	0.010
59416.1	257118.739	257211.258	0.036
59416.2	256895.880	257211.258	0.123
59416.3	256827.063	257211.258	0.150
59416.4	256844.641	257211.258	0.143
59416.5	256996.839	257211.258	0.083
59416.6	257155.192	257211.258	0.022
59416.7	257320.187	257211.258	0.042
59416.8	257384.753	257211.258	0.067
59416.9	257312.668	257211.258	0.039
59417.0	257129.392	257211.258	0.032
59417.1	256913.306	257040.891	0.050
59417.2	256752.957	257040.891	0.112
59417.3	256673.407	257040.891	0.143
59417.4	256693.942	257040.891	0.135
59417.5	256821.198	257040.891	0.086
59417.6	257006.415	257040.891	0.013
59417.7	257169.289	257040.891	0.050
59417.8	257196.981	257040.891	0.061
59417.9	257144.734	257040.891	0.040
59418.0	256970.483	257040.891	0.027
59418.1	256754.563	256877.288	0.048
59418.2	256556.860	256877.288	0.125
59418.3	256489.253	256877.288	0.151
59418.4	256509.111	256877.288	0.144
59418.5	256641.286	256877.288	0.092
59418.6	256827.083	256877.288	0.020
59418.7	256978.826	256877.288	0.040
59418.8	257028.429	256877.288	0.059
59418.9	256977.309	256877.288	0.039
59419.0	256759.614	256877.288	0.046
59419.1	256565.791	256668.818	0.040
59419.2	256407.795	256668.818	0.102
59419.3	256305.927	256668.818	0.142
59419.4	256311.551	256668.818	0.139
59419.5	256472.456	256668.818	0.077
59419.6	256648.250	256668.818	0.008
59419.7	256810.996	256668.818	0.055
59419.8	256858.513	256668.818	0.074
59419.9	256788.386	256668.818	0.047
59420.0	256584.998	256668.818	0.033
59420.1	256390.098	256481.093	0.035
59420.2	256192.951	256481.093	0.112
59420.3	256140.277	256481.093	0.133
59420.4	256165.113	256481.093	0.123
59420.5	256300.355	256481.093	0.071
59420.6	256500.452	256481.093	0.008
59420.7	256627.654	256481.093	0.057
59420.8	256685.027	256481.093	0.079
59420.9	256590.886	256481.093	0.043
59421.0	256433.075	256481.093	0.019
59421.1	256186.216	256307.926	0.048
59421.2	256013.884	256307.926	0.115
59421.3	255975.441	256307.926	0.130
59421.4	255990.386	256307.926	0.124
59421.5	256115.592	256307.926	0.075
59421.6	256303.152	256307.926	0.002
59421.7	256453.791	256307.926	0.057
59421.8	256485.799	256307.926	0.069
59421.9	256410.169	256307.926	0.040
59422.0	256225.659	256307.926	0.032
59422.1	255991.824	256143.082	0.059
59422.2	255859.019	256143.082	0.111
59422.3	255779.718	256143.082	0.142
59422.4	255798.358	256143.082	0.135
59422.5	255911.758	256143.082	0.090
59422.6	256115.571	256143.082	0.011
59422.7	256253.025	256143.082	0.043
59422.8	256306.232	256143.082	0.064
59422.9	256204.811	256143.082	0.024
59423.0	256018.576	256143.082	0.049
59423.1	255806.992	255949.005	0.056
59423.2	255647.700	255949.005	0.118
59423.3	255572.818	255949.005	0.147
59423.4	255594.584	255949.005	0.139
59423.5	255768.363	255949.005	0.071
59423.6	255910.660	255949.005	0.015
59423.7	256087.870	255949.005	0.054
59423.8	256100.239	255949.005	0.059
59423.9	256034.576	255949.005	0.033
59424.0	255844.846	255949.005	0.041
59424.1	255622.121	255742.046	0.047
59424.2	255437.064	255742.046	0.119
59424.3	255375.387	255742.046	0.144
59424.4	255421.055	255742.046	0.126
59424.5	255577.137	255742.046	0.065
59424.6	255755.700	255742.046	0.005
59424.7	255893.982	255742.046	0.059
59424.8	255928.306	255742.046	0.073
59424.9	255836.282	255742.046	0.037
59425.0	255643.692	255742.046	0.038
59425.1	255405.679	255567.105	0.063
59425.2	255258.586	255567.105	0.121
59425.3	255184.929	255567.105	0.150
59425.4	255236.731	255567.105	0.129
59425.5	255392.571	255567.105	0.068
59425.6	255531.777	255567.105	0.014
59425.7	255682.873	255567.105	0.045
59425.8	255705.329	255567.105	0.054
59425.9	255608.164	255567.105	0.016
59426.0	255441.228	255567.105	0.049
59426.1	255225.930	255378.145	0.060
59426.2	255054.238	255378.145	0.127
59426.3	254994.956	255378.145	0.150
59426.4	255033.746	255378.145	0.135
59426.5	255205.044	255378.145	0.068
59426.6	255360.209	255378.145	0.007
59426.7	255497.124	255378.145	0.047
59426.8	255517.504	255378.145	0.055
59426.9	255416.288	255378.145	0.015
59427.0	255207.815	255378.145	0.067
59427.1	255042.922	255162.558	0.047
59427.2	254844.605	255162.558	0.125
59427.3	254788.964	255162.558	0.147
59427.4	254868.566	255162.558	0.115
59427.5	255015.060	255162.558	0.058
59427.6	255156.768	255162.558	0.002
59427.7	255307.048	255162.558	0.057
59427.8	255298.057	255162.558	0.053
59427.9	255193.971	255162.558	0.012
59428.0	255021.659	255162.558	0.055
59428.1	254806.380	254930.987	0.049
59428.2	254648.407	254930.987	0.111
59428.3	254604.960	254930.987	0.128
59428.4	254649.173	254930.987	0.111
59428.5	254799.785	254930.987	0.051
59428.6	254953.026	254930.987	0.009
59428.7	255100.368	254930.987	0.066
59428.8	255116.882	254930.987	0.073
59428.9	254998.563	254930.987	0.027
59429.0	254824.454	254930.987	0.042
59429.1	254594.156	254771.412	0.070
59429.2	254446.269	254771.412	0.128
59429.3	254405.254	254771.412	0.144
59429.4	254451.254	254771.412	0.126
59429.5	254589.212	254771.412	0.072
59429.6	254772.400	254771.412	0.000
59429.7	254906.658	254771.412	0.053
59429.8	254906.282	254771.412	0.053
59429.9	254823.939	254771.412	0.021
59430.0	254608.096	254771.412	0.064
59430.1	254401.391	254559.370	0.062
59430.2	254245.202	254559.370	0.124
59430.3	254190.896	254559.370	0.145
59430.4	254252.184	254559.370	0.121
59430.5	254417.643	254559.370	0.056
59430.6	254573.876	254559.370	0.006
59430.7	254682.414	254559.370	0.048
59430.8	254705.374	254559.370	0.057
59430.9	254582.461	254559.370	0.009
59431.0	254377.093	254559.370	0.072
59431.1	254181.958	254357.057	0.069
59431.2	254052.590	254357.057	0.120
59431.3	253987.216	254357.057	0.146
59431.4	254049.546	254357.057	0.121
59431.5	254191.362	254357.057	0.065
59431.6	254360.423	254357.057	0.001
59431.7	254467.856	254357.057	0.044
59431.8	254491.098	254357.057	0.053
59431.9	254377.371	254357.057	0.008
59432.0	254196.862	254357.057	0.063
59432.1	253974.482	254139.151	0.065
59432.2	253803.350	254139.151	0.132
59432.3	253768.995	254139.151	0.146
59432.4	253869.916	254139.151	0.106
59432.5	253989.266	254139.151	0.059
59432.6	254198.172	254139.151	0.023
59432.7	254276.328	254139.151	0.054
59432.8	254296.441	254139.151	0.062
59432.9	254169.817	254139.151	0.012
59433.0	253984.312	254139.151	0.061
59433.1	253763.471	253932.043	0.066
59433.2	253606.968	253932.043	0.128
59433.3	253559.433	253932.043	0.147
59433.4	253639.061	253932.043	0.116
59433.5	253782.545	253932.043	0.059
59433.6	253952.229	253932.043	0.008
59433.7	254070.334	253932.043	0.054
59433.8	254051.751	253932.043	0.047
59433.9	253984.165	253932.043	0.021
59434.0	253759.310	253932.043	0.068
59434.1	253536.721	253722.528	0.073
59434.2	253378.426	253722.528	0.136
59434.3	253347.456	253722.528	0.148
59434.4	253440.247	253722.528	0.111
59434.5	253576.627	253722.528	0.058
59434.6	253760.453	253722.528	0.015
59434.7	253850.689	253722.528	0.050
59434.8	253828.947	253722.528	0.042
59434.9	253720.834	253722.528	0.001
59435.0	253518.533	253722.528	0.080
59435.1	253332.956	253496.201	0.064
59435.2	253150.649	253496.201	0.137
59435.3	253146.287	253496.201	0.138
59435.4	253190.147	253496.201	0.121
59435.5	253366.090	253496.201	0.051
59435.6	253536.382	253496.201	0.016
59435.7	253625.402	253496.201	0.051
59435.8	253627.073	253496.201	0.052
59435.9	253502.746	253496.201	0.003
59436.0	253299.975	253496.201	0.077
59436.1	253075.039	253295.873	0.087
59436.2	252946.768	253295.873	0.138
59436.3	252915.074	253295.873	0.151
59436.4	253014.095	253295.873	0.111
59436.5	253138.742	253295.873	0.062
59436.6	253325.260	253295.873	0.012
59436.7	253399.819	253295.873	0.041
59436.8	253413.535	253295.873	0.046
59436.9	253273.255	253295.873	0.009
59437.0	253094.831	253295.873	0.079
59437.1	252867.310	253040.399	0.068
59437.2	252727.245	253040.399	0.124
59437.3	252685.769	253040.399	0.140
59437.4	252785.543	253040.399	0.101
59437.5	252950.762	253040.399	0.035
59437.6	253097.373	253040.399	0.023
59437.7	253211.386	253040.399	0.068
59437.8	253205.770	253040.399	0.065
59437.9	253064.368	253040.399	0.009
59438.0	252821.576	253040.399	0.087
59438.1	252655.516	252847.295	0.076
59438.2	252503.140	252847.295	0.136
59438.3	252476.303	252847.295	0.147
59438.4	252566.826	252847.295	0.111
59438.5	252733.381	252847.295	0.045
59438.6	252881.153	252847.295	0.013
59438.7	252977.867	252847.295	0.052
59438.8	252974.333	252847.295	0.050
59438.9	252805.422	252847.295	0.017
59439.0	252622.624	252847.295	0.089
59439.1	252430.596	252611.215	0.072
59439.2	252291.434	252611.215	0.127
59439.3	252243.782	252611.215	0.146
59439.4	252348.639	252611.215	0.104
59439.5	252491.199	252611.215	0.048
59439.6	252663.711	252611.215	0.021
59439.7	252734.621	252611.215	0.049
59439.8	252727.917	252611.215	0.046
59439.9	252592.242	252611.215	0.008
59440.0	252407.398	252611.215	0.081
59440.1	252203.903	252377.835	0.069
59440.2	252052.395	252377.835	0.129
59440.3	252031.304	252377.835	0.137
59440.4	252123.994	252377.835	0.101
59440.5	252282.591	252377.835	0.038
59440.6	252417.321	252377.835	0.016
59440.7	252514.322	252377.835	0.054
59440.8	252502.936	252377.835	0.050
59440.9	252379.974	252377.835	0.001
59441.0	252166.200	252377.835	0.084
59441.1	251964.602	252165.646	0.080
59441.2	251825.708	252165.646	0.135
59441.3	251793.123	252165.646	0.148
59441.4	251901.237	252165.646	0.105
59441.5	252047.476	252165.646	0.047
59441.6	252209.989	252165.646	0.018
59441.7	252291.868	252165.646	0.050
59441.8	252291.546	252165.646	0.050
59441.9	252126.127	252165.646	0.016
59442.0	251937.110	252165.646	0.091
59442.1	251696.097	251951.403	0.101
59442.2	251584.999	251951.403	0.146
59442.3	251579.027	251951.403	0.148
59442.4	251678.915	251951.403	0.108
59442.5	251850.343	251951.403	0.040
59442.6	251996.600	251951.403	0.018
59442.7	252079.402	251951.403	0.051
59442.8	252038.890	251951.403	0.035
59442.9	251911.057	251951.403	0.016
59443.0	251692.213	251951.403	0.103
59443.1	251501.827	251712.467	0.084
59443.2	251365.183	251712.467	0.138
59443.3	251349.540	251712.467	0.144
59443.4	251462.954	251712.467	0.099
59443.5	251637.703	251712.467	0.030
59443.6	251748.633	251712.467	0.014
59443.7	251840.482	251712.467	0.051
59443.8	251824.962	251712.467	0.045
59443.9	251665.920	251712.467	0.018
59444.0	251474.052	251712.467	0.095
59444.1	251269.075	251482.408	0.085
59444.2	251119.229	251482.408	0.145
59444.3	251144.271	251482.408	0.135
59444.4	251222.285	251482.408	0.104
59444.5	251386.490	251482.408	0.038
59444.6	251522.982	251482.408	0.016
59444.7	251611.507	251482.408	0.051
59444.8	251568.946	251482.408	0.034
59444.9	251448.670	251482.408	0.013
59445.0	251227.587	251482.408	0.101
59445.1	251010.124	251264.501	0.101
59445.2	250899.980	251264.501	0.145
59445.3	250913.780	251264.501	0.140
59445.4	250994.305	251264.501	0.108
59445.5	251157.674	251264.501	0.043
59445.6	251306.880	251264.501	0.017
59445.7	251384.371	251264.501	0.048
59445.8	251351.098	251264.501	0.034
59445.9	251214.416	251264.501	0.020
59446.0	250979.253	251264.501	0.114
59446.1	250800.510	251008.007	0.083
59446.2	250679.329	251008.007	0.131
59446.3	250643.533	251008.007	0.145
59446.4	250775.812	251008.007	0.093
59446.5	250955.639	251008.007	0.021
59446.6	251089.913	251008.007	0.033
59446.7	251142.394	251008.007	0.054
59446.8	251092.505	251008.007	0.034
59446.9	250953.493	251008.007	0.022
59447.0	250744.590	251008.007	0.105
59447.1	250575.593	250775.570	0.080
59447.2	250442.894	250775.570	0.133
59447.3	250446.614	250775.570	0.131
59447.4	250557.587	250775.570	0.087
59447.5	250687.826	250775.570	0.035
59447.6	250860.775	250775.570	0.034
59447.7	250936.940	250775.570	0.064
59447.8	250873.553	250775.570	0.039
59447.9	250730.588	250775.570	0.018
59448.0	250518.552	250775.570	0.103
59448.1	250337.931	250553.627	0.086
59448.2	250181.235	250553.627	0.149
59448.3	250202.173	250553.627	0.140
59448.4	250325.990	250553.627	0.091
59448.5	250469.998	250553.627	0.033
59448.6	250630.729	250553.627	0.031
59448.7	250678.150	250553.627	0.050
59448.8	250612.236	250553.627	0.023
59448.9	250479.953	250553.627	0.029
59449.0	250281.240	250553.627	0.109
59449.1	250084.699	250318.452	0.093
59449.2	249994.408	250318.452	0.130
59449.3	249990.770	250318.452	0.131
59449.4	250105.074	250318.452	0.085
59449.5	250261.742	250318.452	0.023
59449.6	250384.816	250318.452	0.027
59449.7	250457.536	250318.452	0.056
59449.8	250374.960	250318.452	0.023
59449.9	250254.776	250318.452	0.025
59450.0	250014.099	250318.452	0.122
59450.1	249857.278	250081.581	0.090
59450.2	249716.951	250081.581	0.146
59450.3	249741.555	250081.581	0.136
59450.4	249843.848	250081.581	0.095
59450.5	250041.319	250081.581	0.016
59450.6	250139.051	250081.581	0.023
59450.7	250246.805	250081.581	0.066
59450.8	250151.320	250081.581	0.028
59450.9	249987.952	250081.581	0.037
59451.0	249783.825	250081.581	0.119
59451.1	249590.885	249843.793	0.101
59451.2	249488.854	249843.793	0.142
59451.3	249527.201	249843.793	0.127
59451.4	249646.129	249843.793	0.079
59451.5	249792.439	249843.793	0.021
59451.6	249917.364	249843.793	0.029
59451.7	249971.657	249843.793	0.051
59451.8	249924.971	249843.793	0.032
59451.9	249760.881	249843.793	0.033
59452.0	249515.374	249843.793	0.132
59452.1	249360.306	249603.658	0.098
59452.2	249273.007	249603.658	0.133
59452.3	249277.115	249603.658	0.131
59452.4	249383.325	249603.658	0.088
59452.5	249570.096	249603.658	0.013
59452.6	249668.548	249603.658	0.026
59452.7	249720.973	249603.658	0.047
59452.8	249645.818	249603.658	0.017
59452.9	249491.732	249603.658	0.045
59453.0	249296.931	249603.658	0.123
59453.1	249128.127	249376.376	0.100
59453.2	249042.000	249376.376	0.134
59453.3	249034.968	249376.376	0.137
59453.4	249169.373	249376.376	0.083
59453.5	249306.684	249376.376	0.028
59453.6	249455.757	249376.376	0.032
59453.7	249481.817	249376.376	0.042
59453.8	249428.951	249376.376	0.021
59453.9	249260.247	249376.376	0.047
59454.0	249039.695	249376.376	0.135
59454.1	248870.288	249147.743	0.111
59454.2	248786.214	249147.743	0.145
59454.3	248780.263	249147.743	0.148
59454.4	248916.055	249147.743	0.093
59454.5	249080.324	249147.743	0.027
59454.6	249202.896	249147.743	0.022
59454.7	249254.162	249147.743	0.043
59454.8	249147.178	249147.743	0.000
59454.9	249026.451	249147.743	0.049
59455.0	248818.214	249147.743	0.132
59455.1	248622.567	248879.347	0.103
59455.2	248538.327	248879.347	0.137
59455.3	248561.745	248879.347	0.128
59455.4	248688.698	248879.347	0.077
59455.5	248827.221	248879.347	0.021
59455.6	248976.200	248879.347	0.039
59455.7	249013.152	248879.347	0.054
59455.8	248927.703	248879.347	0.019
59455.9	248767.202	248879.347	0.045
59456.0	248567.734	248879.347	0.125
59456.1	248373.860	248634.432	0.105
59456.2	248304.552	248634.432	0.133
59456.3	248330.349	248634.432	0.122
59456.4	248459.245	248634.432	0.071
59456.5	248611.152	248634.432	0.009
59456.6	248707.821	248634.432	0.030
59456.7	248769.025	248634.432	0.054
59456.8	248681.553	248634.432	0.019
59456.9	248517.219	248634.432	0.047
59457.0	248306.602	248634.432	0.132
59457.1	248151.141	248414.647	0.106
59457.2	248055.871	248414.647	0.145
59457.3	248083.861	248414.647	0.133
59457.4	248215.683	248414.647	0.080
59457.5	248368.345	248414.647	0.019
59457.6	248489.932	248414.647	0.030
59457.7	248537.452	248414.647	0.049
59457.8	248448.959	248414.647	0.014
59457.9	248293.443	248414.647	0.049
59458.0	248081.271	248414.647	0.134
59458.1	247872.456	248153.189	0.113
59458.2	247794.377	248153.189	0.145
59458.3	247837.459	248153.189	0.127
59458.4	247957.307	248153.189	0.079
59458.5	248138.114	248153.189	0.006
59458.6	248271.148	248153.189	0.048
59458.7	248290.908	248153.189	0.055
59458.8	248210.891	248153.189	0.023
59458.9	248044.127	248153.189	0.044
59459.0	247802.837	248153.189	0.141
59459.1	247622.001	247906.443	0.115
59459.2	247583.425	247906.443	0.130
59459.3	247615.850	247906.443	0.117
59459.4	247737.716	247906.443	0.068
59459.5	247893.170	247906.443	0.005
59459.6	248002.166	247906.443	0.039
59459.7	248005.865	247906.443	0.040
59459.8	247937.757	247906.443	0.013
59459.9	247752.348	247906.443	0.062
59460.0	247549.622	247906.443	0.144
59460.1	247406.375	247669.073	0.106
59460.2	247318.351	247669.073	0.142
59460.3	247365.699	247669.073	0.123
59460.4	247502.263	247669.073	0.067
59460.5	247662.277	247669.073	0.003
59460.6	247766.992	247669.073	0.040
59460.7	247794.903	247669.073	0.051
59460.8	247712.025	247669.073	0.017
59460.9	247513.215	247669.073	0.063
59461.0	247309.922	247669.073	0.145
59461.1	247179.879	247419.810	0.097
59461.2	247080.559	247419.810	0.137
59461.3	247116.395	247419.810	0.123
59461.4	247242.138	247419.810	0.072
59461.5	247413.581	247419.810	0.003
59461.6	247533.721	247419.810	0.046
59461.7	247532.870	247419.810	0.046
59461.8	247446.987	247419.810	0.011
59461.9	247261.146	247419.810	0.064
59462.0	247067.965	247419.810	0.142
59462.1	246897.208	247193.755	0.120
59462.2	246826.757	247193.755	0.149
59462.3	246880.531	247193.755	0.127
59462.4	246981.626	247193.755	0.086
59462.5	247166.644	247193.755	0.011
59462.6	247298.171	247193.755	0.042
59462.7	247281.272	247193.755	0.035
59462.8	247206.116	247193.755	0.005
59462.9	247042.942	247193.755	0.061
59463.0	246811.107	247193.755	0.155
59463.1	246643.795	246942.021	0.121
59463.2	246571.726	246942.021	0.150
59463.3	246614.933	246942.021	0.133
59463.4	246769.987	246942.021	0.070
59463.5	246943.920	246942.021	0.001
59463.6	247023.149	246942.021	0.033
59463.7	247056.982	246942.021	0.047
59463.8	246953.316	246942.021	0.005
59463.9	246775.704	246942.021	0.067
59464.0	246566.660	246942.021	0.152
59464.1	246412.686	246689.059	0.112
59464.2	246343.985	246689.059	0.140
59464.3	246412.904	246689.059	0.112
59464.4	246520.822	246689.059	0.068
59464.5	246681.719	246689.059	0.003
59464.6	246798.846	246689.059	0.044
59464.7	246793.223	246689.059	0.042
59464.8	246724.753	246689.059	0.014
59464.9	246518.011	246689.059	0.069
59465.0	246295.545	246689.059	0.160
59465.1	246142.067	246423.088	0.114
59465.2	246102.437	246423.088	0.130
59465.3	246161.657	246423.088	0.106
59465.4	246293.986	246423.088	0.052
59465.5	246443.803	246423.088	0.008
59465.6	246535.048	246423.088	0.045
59465.7	246553.742	246423.088	0.053
59465.8	246431.308	246423.088	0.003
59465.9	246249.156	246423.088	0.071
59466.0	246064.629	246423.088	0.146
59466.1	245911.675	246207.975	0.120
59466.2	245872.254	246207.975	0.137
59466.3	245896.467	246207.975	0.127
59466.4	246057.166	246207.975	0.061
59466.5	246193.905	246207.975	0.006
59466.6	246323.122	246207.975	0.047
59466.7	246311.963	246207.975	0.042
59466.8	246201.260	246207.975	0.003
59466.9	246016.338	246207.975	0.078
59467.0	245818.627	246207.975	0.158
59467.1	245668.046	245940.581	0.111
59467.2	245591.706	245940.581	0.142
59467.3	245680.038	245940.581	0.106
59467.4	245819.085	245940.581	0.049
59467.5	245930.941	245940.581	0.004
59467.6	246046.057	245940.581	0.043
59467.7	246073.090	245940.581	0.054
59467.8	245946.608	245940.581	0.002
59467.9	245759.982	245940.581	0.073
59468.0	245573.134	245940.581	0.150
59468.1	245385.187	245685.689	0.122
59468.2	245374.974	245685.689	0.127
59468.3	245427.101	245685.689	0.105
59468.4	245568.074	245685.689	0.048
59468.5	245732.782	245685.689	0.019
59468.6	245846.490	245685.689	0.065
59468.7	245807.320	245685.689	0.049
59468.8	245690.654	245685.689	0.002
59468.9	245501.308	245685.689	0.075
59469.0	245315.928	245685.689	0.151
59469.1	245140.178	245445.421	0.125
59469.2	245107.126	245445.421	0.138
59469.3	245174.953	245445.421	0.110
59469.4	245329.565	245445.421	0.047
59469.5	245481.208	245445.421	0.015
59469.6	245569.944	245445.421	0.051
59469.7	245553.145	245445.421	0.044
59469.8	245448.338	245445.421	0.001
59469.9	245257.296	245445.421	0.077
59470.0	245082.286	245445.421	0.148
59470.1	244921.732	245217.701	0.121
59470.2	244888.809	245217.701	0.134
59470.3	244935.224	245217.701	0.115
59470.4	245091.842	245217.701	0.051
59470.5	245231.321	245217.701	0.006
59470.6	245319.756	245217.701	0.042
59470.7	245313.490	245217.701	0.039
59470.8	245192.845	245217.701	0.010
59470.9	244999.472	245217.701	0.089
59471.0	244799.214	245217.701	0.171
59471.1	244663.545	244964.074	0.123
59471.2	244633.994	244964.074	0.135
59471.3	244709.291	244964.074	0.104
59471.4	244829.254	244964.074	0.055
59471.5	245008.907	244964.074	0.018
59471.6	245094.994	244964.074	0.053
59471.7	245074.623	244964.074	0.045
59471.8	244951.171	244964.074	0.005
59471.9	244768.437	244964.074	0.080
59472.0	244566.871	244964.074	0.162
59472.1	244420.047	244735.031	0.129
59472.2	244419.489	244735.031	0.129
59472.3	244469.334	244735.031	0.109
59472.4	244591.127	244735.031	0.059
59472.5	244759.560	244735.031	0.010
59472.6	244831.420	244735.031	0.039
59472.7	244822.685	244735.031	0.036
59472.8	244709.981	244735.031	0.010
59472.9	244511.857	244735.031	0.091
59473.0	244310.998	244735.031	0.174
59473.1	244191.063	244468.308	0.114
59473.2	244152.590	244468.308	0.129
59473.3	244218.100	244468.308	0.102
59473.4	244368.538	244468.308	0.041
59473.5	244523.878	244468.308	0.023
59473.6	244594.154	244468.308	0.051
59473.7	244570.685	244468.308	0.042
59473.8	244480.713	244468.308	0.005
59473.9	244256.084	244468.308	0.087
59474.0	244067.420	244468.308	0.164
59474.1	243922.637	244254.475	0.136
59474.2	243899.016	244254.475	0.146
59474.3	244006.581	244254.475	0.102
59474.4	244132.860	244254.475	0.050
59474.5	244273.901	244254.475	0.008
59474.6	244346.195	244254.475	0.038
59474.7	244333.063	244254.475	0.032
59474.8	244214.334	244254.475	0.016
59474.9	244025.773	244254.475	0.094
59475.0	243823.699	244254.475	0.177
59475.1	243681.163	243990.132	0.127
59475.2	243659.184	243990.132	0.136
59475.3	243767.770	243990.132	0.091
59475.4	243908.963	243990.132	0.033
59475.5	244053.669	243990.132	0.026
59475.6	244095.862	243990.132	0.043
59475.7	244095.417	243990.132	0.043
59475.8	243948.906	243990.132	0.017
59475.9	243771.410	243990.132	0.090
59476.0	243556.130	243990.132	0.178
59476.1	243451.530	243752.252	0.124
59476.2	243445.121	243752.252	0.126
59476.3	243518.913	243752.252	0.096
59476.4	243661.792	243752.252	0.037
59476.5	243793.378	243752.252	0.017
59476.6	243898.477	243752.252	0.060
59476.7	243843.532	243752.252	0.037
59476.8	243721.145	243752.252	0.013
59476.9	243531.039	243752.252	0.091
59477.0	243339.486	243752.252	0.170
59477.1	243196.335	243525.038	0.135
59477.2	243193.773	243525.038	0.136
59477.3	243294.668	243525.038	0.095
59477.4	243427.516	243525.038	0.040
59477.5	243558.760	243525.038	0.014
59477.6	243651.802	243525.038	0.052
59477.7	243618.165	243525.038	0.038
59477.8	243468.869	243525.038	0.023
59477.9	243276.359	243525.038	0.102
59478.0	243071.611	243525.038	0.187
59478.1	242969.368	243287.835	0.131
59478.2	242941.733	243287.835	0.142
59478.3	243060.197	243287.835	0.094
59478.4	243205.910	243287.835	0.034
59478.5	243348.686	243287.835	0.025
59478.6	243390.590	243287.835	0.042
59478.7	243368.670	243287.835	0.033
59478.8	243227.469	243287.835	0.025
59478.9	243021.535	243287.835	0.110
59479.0	242856.693	243287.835	0.178
59479.1	242717.519	243025.476	0.127
59479.2	242731.719	243025.476	0.121
59479.3	242812.756	243025.476	0.088
59479.4	242935.390	243025.476	0.037
59479.5	243116.645	243025.476	0.038
59479.6	243169.197	243025.476	0.059
59479.7	243119.341	243025.476	0.039
59479.8	243002.027	243025.476	0.010
59479.9	242794.943	243025.476	0.095
59480.0	242602.255	243025.476	0.174
59480.1	242478.040	242802.476	0.134
59480.2	242506.707	242802.476	0.122
59480.3	242602.868	242802.476	0.082
59480.4	242727.426	242802.476	0.031
59480.5	242885.265	242802.476	0.034
59480.6	242947.385	242802.476	0.060
59480.7	242884.225	242802.476	0.034
59480.8	242738.448	242802.476	0.026
59480.9	242567.550	242802.476	0.097
59481.0	242389.355	242802.476	0.170
59481.1	242265.453	242564.840	0.124
59481.2	242243.912	242564.840	0.132
59481.3	242342.134	242564.840	0.092
59481.4	242520.038	242564.840	0.018
59481.5	242651.823	242564.840	0.036
59481.6	242674.694	242564.840	0.045
59481.7	242648.365	242564.840	0.034
59481.8	242513.079	242564.840	0.021
59481.9	242302.927	242564.840	0.108
59482.0	242136.098	242564.840	0.177
59482.1	242012.303	242342.577	0.136
59482.2	242021.541	242342.577	0.133
59482.3	242121.690	242342.577	0.091
59482.4	242274.726	242342.577	0.028
59482.5	242421.090	242342.577	0.032
59482.6	242469.418	242342.577	0.052
59482.7	242400.137	242342.577	0.024
59482.8	242262.220	242342.577	0.033
59482.9	242076.058	242342.577	0.110
59483.0	241924.018	242342.577	0.173
59483.1	241776.343	242120.221	0.142
59483.2	241798.889	242120.221	0.133
59483.3	241890.349	242120.221	0.095
59483.4	242058.035	242120.221	0.026
59483.5	242202.987	242120.221	0.034
59483.6	242237.997	242120.221	0.049
59483.7	242152.711	242120.221	0.013
59483.8	242026.906	242120.221	0.039
59483.9	241811.674	242120.221	0.128
59484.0	241659.421	242120.221	0.191
59484.1	241566.407	241859.789	0.121
59484.2	241539.490	241859.789	0.133
59484.3	241669.737	241859.789	0.079
59484.4	241813.399	241859.789	0.019
59484.5	241971.759	241859.789	0.046
59484.6	242005.643	241859.789	0.060
59484.7	241970.947	241859.789	0.046
59484.8	241778.438	241859.789	0.034
59484.9	241587.243	241859.789	0.113
59485.0	241433.917	241859.789	0.176
59485.1	241328.425	241626.261	0.123
59485.2	241318.555	241626.261	0.128
59485.3	241438.184	241626.261	0.078
59485.4	241597.291	241626.261	0.012
59485.5	241715.600	241626.261	0.037
59485.6	241762.007	241626.261	0.056
59485.7	241711.043	241626.261	0.035
59485.8	241541.757	241626.261	0.035
59485.9	241376.789	241626.261	0.103
59486.0	241185.033	241626.261	0.183
59486.1	241094.133	241405.342	0.129
59486.2	241111.413	241405.342	0.122
59486.3	241222.898	241405.342	0.076
59486.4	241381.116	241405.342	0.010
59486.5	241475.974	241405.342	0.029
59486.6	241544.086	241405.342	0.057
59486.7	241464.997	241405.342	0.025
59486.8	241321.832	241405.342	0.035
59486.9	241140.167	241405.342	0.110
59487.0	240935.129	241405.342	0.195
59487.1	240859.339	241136.143	0.115
59487.2	240866.283	241136.143	0.112
59487.3	240979.010	241136.143	0.065
59487.4	241124.818	241136.143	0.005
59487.5	241273.332	241136.143	0.057
59487.6	241303.701	241136.143	0.069
59487.7	241220.874	241136.143	0.035
59487.8	241099.588	241136.143	0.015
59487.9	240879.619	241136.143	0.106
59488.0	240726.809	241136.143	0.170
59488.1	240652.801	240929.868	0.115
59488.2	240673.149	240929.868	0.107
59488.3	240777.757	240929.868	0.063
59488.4	240925.193	240929.868	0.002
59488.5	241059.423	240929.868	0.054
59488.6	241073.599	240929.868	0.060
59488.7	241003.433	240929.868	0.031
59488.8	240839.358	240929.868	0.038
59488.9	240644.745	240929.868	0.118
59489.0	240504.691	240929.868	0.177
59489.1	240420.035	240711.588	0.121
59489.2	240418.495	240711.588	0.122
59489.3	240563.248	240711.588	0.062
59489.4	240687.340	240711.588	0.010
59489.5	240832.367	240711.588	0.050
59489.6	240846.092	240711.588	0.056
59489.7	240786.740	240711.588	0.031
59489.8	240621.881	240711.588	0.037
59489.9	240424.811	240711.588	0.119
59490.0	240233.063	240711.588	0.199
59490.1	240201.118	240495.917	0.123
59490.2	240203.875	240495.917	0.122
59490.3	240310.496	240495.917	0.077
59490.4	240488.550	240495.917	0.003
59490.5	240596.671	240495.917	0.042
59490.6	240633.378	240495.917	0.057
59490.7	240545.919	240495.917	0.021
59490.8	240404.216	240495.917	0.038
59490.9	240191.562	240495.917	0.127
59491.0	240040.478	240495.917	0.190
59491.1	239944.821	240294.156	0.146
59491.2	240001.189	240294.156	0.122
59491.3	240097.662	240294.156	0.082
59491.4	240277.553	240294.156	0.007
59491.5	240346.061	240294.156	0.022
59491.6	240392.650	240294.156	0.041
59491.7	240329.975	240294.156	0.015
59491.8	240173.439	240294.156	0.050
59491.9	239974.055	240294.156	0.133
59492.0	239822.799	240294.156	0.197
59492.1	239744.545	240028.855	0.119
59492.2	239764.055	240028.855	0.110
59492.3	239875.441	240028.855	0.064
59492.4	240070.199	240028.855	0.017
59492.5	240174.766	240028.855	0.061
59492.6	240183.598	240028.855	0.064
59492.7	240104.799	240028.855	0.032
59492.8	239958.425	240028.855	0.029
59492.9	239733.362	240028.855	0.123
59493.0	239594.744	240028.855	0.181
59493.1	239530.240	239802.041	0.113
59493.2	239564.069	239802.041	0.099
59493.3	239667.247	239802.041	0.056
59493.4	239835.661	239802.041	0.014
59493.5	239940.803	239802.041	0.058
59493.6	239973.487	239802.041	0.071
59493.7	239879.491	239802.041	0.032
59493.8	239717.616	239802.041	0.035
59493.9	239544.957	239802.041	0.107
59494.0	239354.449	239802.041	0.187
59494.1	239303.599	239606.681	0.127
59494.2	239329.400	239606.681	0.116
59494.3	239500.239	239606.681	0.044
59494.4	239642.263	239606.681	0.015
59494.5	239723.472	239606.681	0.049
59494.6	239741.698	239606.681	0.056
59494.7	239655.989	239606.681	0.021
59494.8	239493.203	239606.681	0.047
59494.9	239317.288	239606.681	0.121
59495.0	239129.249	239606.681	0.200
59495.1	239081.627	239371.059	0.121
59495.2	239148.167	239371.059	0.093
59495.3	239279.823	239371.059	0.038
59495.4	239425.342	239371.059	0.023
59495.5	239518.347	239371.059	0.061
59495.6	239535.227	239371.059	0.069
59495.7	239448.306	239371.059	0.032
59495.8	239270.519	239371.059	0.042
59495.9	239082.001	239371.059	0.121
59496.0	238932.891	239371.059	0.183
59496.1	238857.772	239177.536	0.134
59496.2	238941.637	239177.536	0.099
59496.3	239077.087	239177.536	0.042
59496.4	239198.820	239177.536	0.009
59496.5	239316.862	239177.536	0.058
59496.6	239344.642	239177.536	0.070
59496.7	239230.202	239177.536	0.022
59496.8	239076.850	239177.536	0.042
59496.9	238859.600	239177.536	0.133
59497.0	238711.062	239177.536	0.195
59497.1	238667.478	238973.665	0.128
59497.2	238699.208	238973.665	0.115
59497.3	238835.770	238973.665	0.058
59497.4	238997.732	238973.665	0.010
59497.5	239103.169	238973.665	0.054
59497.6	239117.270	238973.665	0.060
59497.7	239039.345	238973.665	0.027
59497.8	238842.869	238973.665	0.055
59497.9	238652.323	238973.665	0.135
59498.0	238506.159	238973.665	0.196
59498.1	238450.033	238744.326	0.123
59498.2	238512.170	238744.326	0.097
59498.3	238637.539	238744.326	0.045
59498.4	238800.311	238744.326	0.023
59498.5	238878.876	238744.326	0.056
59498.6	238917.188	238744.326	0.072
59498.7	238798.503	238744.326	0.023
59498.8	238640.709	238744.326	0.043
59498.9	238461.851	238744.326	0.118
59499.0	238288.973	238744.326	0.191
59499.1	238249.381	238557.298	0.129
59499.2	238326.129	238557.298	0.097
59499.3	238441.991	238557.298	0.048
59499.4	238579.046	238557.298	0.009
59499.5	238697.033	238557.298	0.059
59499.6	238693.328	238557.298	0.057
59499.7	238612.250	238557.298	0.023
59499.8	238428.054	238557.298	0.054
59499.9	238259.181	238557.298	0.125
59500.0	238101.846	238557.298	0.191
59500.1	238063.805	238332.490	0.113
59500.2	238117.316	238332.490	0.090
59500.3	238247.438	238332.490	0.036
59500.4	238400.314	238332.490	0.028
59500.5	238478.139	238332.490	0.061
59500.6	238511.933	238332.490	0.075
59500.7	238416.423	238332.490	0.035
59500.8	238228.613	238332.490	0.044
59500.9	238033.725	238332.490	0.126
59501.0	237901.646	238332.490	0.181
59501.1	237852.784	238165.081	0.131
59501.2	237922.652	238165.081	0.102
59501.3	238070.839	238165.081	0.040
59501.4	238223.455	238165.081	0.025
59501.5	238287.358	238165.081	0.051
59501.6	238293.478	238165.081	0.054
59501.7	238194.169	238165.081	0.012
59501.8	237978.985	238165.081	0.078
59501.9	237837.459	238165.081	0.138
59502.0	237692.671	238165.081	0.199
59502.1	237658.761	237960.722	0.127
59502.2	237731.838	237960.722	0.096
59502.3	237868.531	237960.722	0.039
59502.4	238009.365	237960.722	0.020
59502.5	238111.204	237960.722	0.063
59502.6	238103.468	237960.722	0.060
59502.7	238001.959	237960.722	0.017
59502.8	237812.431	237960.722	0.062
59502.9	237643.802	237960.722	0.133
59503.0	237526.195	237960.722	0.183
59503.1	237493.893	237755.522	0.110
59503.2	237556.885	237755.522	0.084
59503.3	237682.095	237755.522	0.031
59503.4	237822.732	237755.522	0.028
59503.5	237926.188	237755.522	0.072
59503.6	237916.400	237755.522	0.068
59503.7	237797.646	237755.522	0.018
59503.8	237631.862	237755.522	0.052
59503.9	237423.937	237755.522	0.140
59504.0	237308.708	237755.522	0.188
59504.1	237291.952	237581.543	0.122
59504.2	237371.247	237581.543	0.089
59504.3	237485.094	237581.543	0.041
59504.4	237655.076	237581.543	0.031
59504.5	237729.546	237581.543	0.062
59504.6	237718.437	237581.543	0.058
59504.7	237585.097	237581.543	0.001
59504.8	237417.044	237581.543	0.069
59504.9	237248.395	237581.543	0.140
59505.0	237121.286	237581.543	0.194
59505.1	237092.669	237382.621	0.122
59505.2	237186.979	237382.621	0.082
59505.3	237316.219	237382.621	0.028
59505.4	237460.858	237382.621	0.033
59505.5	237535.807	237382.621	0.064
59505.6	237548.650	237382.621	0.070
59505.7	237412.810	237382.621	0.013
59505.8	237216.217	237382.621	0.070
59505.9	237088.894	237382.621	0.124
59506.0	236919.880	237382.621	0.195
59506.1	236937.038	237172.243	0.099
59506.2	236979.351	237172.243	0.081
59506.3	237136.913	237172.243	0.015
59506.4	237296.063	237172.243	0.052
59506.5	237369.104	237172.243	0.083
59506.6	237353.632	237172.243	0.076
59506.7	237244.792	237172.243	0.031
59506.8	237047.326	237172.243	0.053
59506.9	236862.976	237172.243	0.131
59507.0	236751.362	237172.243	0.178
59507.1	236754.254	237019.405	0.112
59507.2	236814.628	237019.405	0.086
59507.3	236961.736	237019.405	0.024
59507.4	237094.498	237019.405	0.032
59507.5	237181.020	237019.405	0.068
59507.6	237177.438	237019.405	0.067
59507.7	237036.333	237019.405	0.007
59507.8	236851.472	237019.405	0.071
59507.9	236654.653	237019.405	0.154
59508.0	236568.924	237019.405	0.190
59508.1	236576.255	236828.138	0.106
59508.2	236613.111	236828.138	0.091
59508.3	236802.027	236828.138	0.011
59508.4	236948.240	236828.138	0.051
59508.5	236979.920	236828.138	0.064
59508.6	236974.574	236828.138	0.062
59508.7	236859.054	236828.138	0.013
59508.8	236671.309	236828.138	0.066
59508.9	236488.370	236828.138	0.144
59509.0	236392.678	236828.138	0.184
59509.1	236372.702	236666.422	0.124
59509.2	236466.043	236666.422	0.085
59509.3	236590.481	236666.422	0.032
59509.4	236777.511	236666.422	0.047
59509.5	236850.040	236666.422	0.078
59509.6	236802.049	236666.422	0.057
59509.7	236670.904	236666.422	0.002
59509.8	236495.017	236666.422	0.072
59509.9	236325.168	236666.422	0.144
59510.0	236215.742	236666.422	0.191
59510.1	236199.822	236507.515	0.130
59510.2	236308.632	236507.515	0.084
59510.3	236475.948	236507.515	0.013
59510.4	236568.869	236507.515	0.026
59510.5	236654.639	236507.515	0.062
59510.6	236645.448	236507.515	0.058
59510.7	236513.116	236507.515	0.002
59510.8	236320.122	236507.515	0.079
59510.9	236151.163	236507.515	0.151
59511.0	236042.861	236507.515	0.197
59511.1	236030.489	236324.890	0.125
59511.2	236126.573	236324.890	0.084
59511.3	236282.911	236324.890	0.018
59511.4	236418.870	236324.890	0.040
59511.5	236501.667	236324.890	0.075
59511.6	236437.662	236324.890	0.048
59511.7	236342.677	236324.890	0.008
59511.8	236150.157	236324.890	0.074
59511.9	235965.363	236324.890	0.152
59512.0	235873.438	236324.890	0.191
59512.1	235875.005	236156.507	0.119
59512.2	235989.621	236156.507	0.071
59512.3	236107.603	236156.507	0.021
59512.4	236269.353	236156.507	0.048
59512.5	236311.511	236156.507	0.066
59512.6	236286.001	236156.507	0.055
59512.7	236148.775	236156.507	0.003
59512.8	235980.724	236156.507	0.074
59512.9	235809.179	236156.507	0.147
59513.0	235691.374	236156.507	0.197
59513.1	235724.474	235978.811	0.108
59513.2	235827.059	235978.811	0.064
59513.3	235973.892	235978.811	0.002
59513.4	236068.945	235978.811	0.038
59513.5	236137.469	235978.811	0.067
59513.6	236137.649	235978.811	0.067
59513.7	235983.404	235978.811	0.002
59513.8	235827.785	235978.811	0.064
59513.9	235643.303	235978.811	0.142
59514.0	235540.358	235978.811	0.186
59514.1	235562.419	235802.917	0.102
59514.2	235669.149	235802.917	0.057
59514.3	235816.201	235802.917	0.006
59514.4	235953.024	235802.917	0.064
59514.5	236020.740	235802.917	0.092
59514.6	235977.650	235802.917	0.074
59514.7	235836.910	235802.917	0.014
59514.8	235650.943	235802.917	0.064
59514.9	235494.116	235802.917	0.131
59515.0	235380.032	235802.917	0.180
59515.1	235416.597	235671.445	0.108
59515.2	235510.882	235671.445	0.068
59515.3	235648.373	235671.445	0.010
59515.4	235785.669	235671.445	0.048
59515.5	235866.165	235671.445	0.083
59515.6	235806.855	235671.445	0.057
59515.7	235649.423	235671.445	0.009
59515.8	235450.833	235671.445	0.094
59515.9	235307.984	235671.445	0.154
59516.0	235234.010	235671.445	0.186
59516.1	235274.405	235487.639	0.091
59516.2	235358.641	235487.639	0.055
59516.3	235510.327	235487.639	0.010
59516.4	235621.911	235487.639	0.057
59516.5	235687.698	235487.639	0.085
59516.6	235653.653	235487.639	0.070
59516.7	235492.539	235487.639	0.002
59516.8	235334.401	235487.639	0.065
59516.9	235176.460	235487.639	0.132
59517.0	235078.078	235487.639	0.174
59517.1	235148.114	235334.316	0.079
59517.2	235208.133	235334.316	0.054
59517.3	235362.396	235334.316	0.012
59517.4	235487.069	235334.316	0.065
59517.5	235564.961	235334.316	0.098
59517.6	235489.886	235334.316	0.066
59517.7	235341.680	235334.316	0.003
59517.8	235193.420	235334.316	0.060
59517.9	235022.779	235334.316	0.133
59518.0	234926.585	235334.316	0.174
59518.1	234945.389	235184.666	0.102
59518.2	235047.985	235184.666	0.058
59518.3	235203.257	235184.666	0.008
59518.4	235370.676	235184.666	0.079
59518.5	235393.603	235184.666	0.089
59518.6	235354.400	235184.666	0.072
59518.7	235205.663	235184.666	0.009
59518.8	235001.572	235184.666	0.078
59518.9	234871.563	235184.666	0.133
59519.0	234804.367	235184.666	0.162
59519.1	234811.428	235064.946	0.108
59519.2	234931.054	235064.946	0.057
59519.3	235102.233	235064.946	0.016
59519.4	235201.572	235064.946	0.058
59519.5	235278.691	235064.946	0.091
59519.6	235211.656	235064.946	0.062
59519.7	235057.747	235064.946	0.003
59519.8	234894.911	235064.946	0.072
59519.9	234724.899	235064.946	0.145
59520.0	234644.282	235064.946	0.179
59520.1	234681.853	234909.056	0.097
59520.2	234803.684	234909.056	0.045
59520.3	234962.450	234909.056	0.023
59520.4	235089.851	234909.056	0.077
59520.5	235152.421	234909.056	0.103
59520.6	235069.998	234909.056	0.068
59520.7	234928.251	234909.056	0.008
59520.8	234722.421	234909.056	0.080
59520.9	234608.326	234909.056	0.128
59521.0	234543.308	234909.056	0.156
59521.1	234542.570	234795.709	0.108
59521.2	234681.554	234795.709	0.049
59521.3	234842.050	234795.709	0.020
59521.4	234969.314	234795.709	0.074
59521.5	235018.221	234795.709	0.095
59521.6	234945.084	234795.709	0.064
59521.7	234775.720	234795.709	0.009
59521.8	234623.935	234795.709	0.073
59521.9	234453.870	234795.709	0.146
59522.0	234378.760	234795.709	0.178
59522.1	234434.230	234645.149	0.090
59522.2	234534.700	234645.149	0.047
59522.3	234683.885	234645.149	0.017
59522.4	234852.120	234645.149	0.088
59522.5	234856.633	234645.149	0.090
59522.6	234783.157	234645.149	0.059
59522.7	234611.860	234645.149	0.014
59522.8	234445.080	234645.149	0.085
59522.9	234317.270	234645.149	0.140
59523.0	234255.995	234645.149	0.166
59523.1	234301.331	234513.410	0.091
59523.2	234417.785	234513.410	0.041
59523.3	234584.106	234513.410	0.030
59523.4	234712.475	234513.410	0.085
59523.5	234730.282	234513.410	0.092
59523.6	234652.792	234513.410	0.059
59523.7	234507.280	234513.410	0.003
59523.8	234298.163	234513.410	0.092
59523.9	234184.615	234513.410	0.140
59524.0	234112.516	234513.410	0.171
59524.1	234174.671	234413.994	0.102
59524.2	234307.308	234413.994	0.046
59524.3	234474.391	234413.994	0.026
59524.4	234616.605	234413.994	0.086
59524.5	234617.094	234413.994	0.087
59524.6	234554.523	234413.994	0.060
59524.7	234363.181	234413.994	0.022
59524.8	234198.026	234413.994	0.092
59524.9	234070.333	234413.994	0.147
59525.0	233984.373	234413.994	0.184
59525.1	234064.899	234260.796	0.084
59525.2	234184.433	234260.796	0.033
59525.3	234328.492	234260.796	0.029
59525.4	234456.917	234260.796	0.084
59525.5	234498.101	234260.796	0.101
59525.6	234419.411	234260.796	0.068
59525.7	234281.161	234260.796	0.009
59525.8	234072.317	234260.796	0.081
59525.9	233918.348	234260.796	0.146
59526.0	233916.618	234260.796	0.147
59526.1	233931.068	234153.867	0.095
59526.2	234095.144	234153.867	0.025
59526.3	234225.745	234153.867	0.031
59526.4	234366.337	234153.867	0.091
59526.5	234381.451	234153.867	0.097
59526.6	234313.123	234153.867	0.068
59526.7	234147.330	234153.867	0.003
59526.8	233962.917	234153.867	0.082
59526.9	233811.829	234153.867	0.146
59527.0	233800.003	234153.867	0.151
59527.1	233828.788	234065.805	0.101
59527.2	233971.025	234065.805	0.041
59527.3	234142.295	234065.805	0.033
59527.4	234256.515	234065.805	0.081
59527.5	234268.772	234065.805	0.087
59527.6	234187.104	234065.805	0.052
59527.7	234058.698	234065.805	0.003
59527.8	233875.171	234065.805	0.082
59527.9	233735.366	234065.805	0.141
59528.0	233699.399	234065.805	0.157
59528.1	233731.244	233939.951	0.089
59528.2	233859.747	233939.951	0.034
59528.3	234037.877	233939.951	0.042
59528.4	234151.031	233939.951	0.090
59528.5	234160.676	233939.951	0.094
59528.6	234062.122	233939.951	0.052
59528.7	233907.043	233939.951	0.014
59528.8	233734.886	233939.951	0.088
59528.9	233622.766	233939.951	0.136
59529.0	233589.652	233939.951	0.150
59529.1	233623.209	233873.121	0.107
59529.2	233785.418	233873.121	0.038
59529.3	233919.927	233873.121	0.020
59529.4	234047.466	233873.121	0.074
59529.5	234069.017	233873.121	0.084
59529.6	233996.376	233873.121	0.053
59529.7	233825.459	233873.121	0.020
59529.8	233652.878	233873.121	0.094
59529.9	233530.688	233873.121	0.147
59530.0	233482.559	233873.121	0.167
59530.1	233548.936	233754.214	0.088
59530.2	233727.243	233754.214	0.012
59530.3	233862.755	233754.214	0.046
59530.4	233962.181	233754.214	0.089
59530.5	233957.660	233754.214	0.087
59530.6	233881.337	233754.214	0.054
59530.7	233694.731	233754.214	0.025
59530.8	233535.235	233754.214	0.094
59530.9	233397.516	233754.214	0.153
59531.0	233381.493	233754.214	0.160
59531.1	233478.248	233668.177	0.081
59531.2	233616.858	233668.177	0.022
59531.3	233738.450	233668.177	0.030
59531.4	233880.348	233668.177	0.091
59531.5	233861.378	233668.177	0.083
59531.6	233769.798	233668.177	0.043
59531.7	233609.189	233668.177	0.025
59531.8	233435.006	233668.177	0.100
59531.9	233325.709	233668.177	0.147
59532.0	233312.776	233668.177	0.152
59532.1	233369.160	233557.651	0.081
59532.2	233510.683	233557.651	0.020
59532.3	233675.086	233557.651	0.050
59532.4	233791.210	233557.651	0.100
59532.5	233797.331	233557.651	0.103
59532.6	233686.515	233557.651	0.055
59532.7	233553.625	233557.651	0.002
59532.8	233336.869	233557.651	0.095
59532.9	233245.041	233557.651	0.134
59533.0	233218.949	233557.651	0.145
59533.1	233279.919	233508.071	0.098
59533.2	233448.268	233508.071	0.026
59533.3	233616.951	233508.071	0.047
59533.4	233703.909	233508.071	0.084
59533.5	233736.934	233508.071	0.098
59533.6	233613.087	233508.071	0.045
59533.7	233448.816	233508.071	0.025
59533.8	233273.281	233508.071	0.101
59533.9	233167.235	233508.071	0.146
59534.0	233115.354	233508.071	0.168
59534.1	233219.823	233424.300	0.088
59534.2	233379.527	233424.300	0.019
59534.3	233535.902	233424.300	0.048
59534.4	233636.510	233424.300	0.091
59534.5	233625.394	233424.300	0.086
59534.6	233541.599	233424.300	0.050
59534.7	233389.588	233424.300	0.015
59534.8	233185.197	233424.300	0.103
59534.9	233092.061	233424.300	0.143
59535.0	233058.971	233424.300	0.157
59535.1	233165.768	233309.957	0.062
59535.2	233315.201	233309.957	0.002
59535.3	233470.452	233309.957	0.069
59535.4	233586.041	233309.957	0.118
59535.5	233544.490	233309.957	0.100
59535.6	233473.628	233309.957	0.070
59535.7	233292.532	233309.957	0.007
59535.8	233102.444	233309.957	0.089
59535.9	233012.162	233309.957	0.128
59536.0	232992.013	233309.957	0.136
59536.1	233074.735	233273.721	0.085
59536.2	233224.388	233273.721	0.021
59536.3	233411.369	233273.721	0.059
59536.4	233481.619	233273.721	0.089
59536.5	233483.546	233273.721	0.090
59536.6	233380.981	233273.721	0.046
59536.7	233210.472	233273.721	0.027
59536.8	233062.597	233273.721	0.091
59536.9	232916.739	233273.721	0.153
59537.0	232913.498	233273.721	0.155
59537.1	233027.467	233168.611	0.061
59537.2	233196.174	233168.611	0.012
59537.3	233339.541	233168.611	0.073
59537.4	233398.298	233168.611	0.098
59537.5	233423.717	233168.611	0.109
59537.6	233309.486	233168.611	0.060
59537.7	233151.063	233168.611	0.008
59537.8	232958.503	233168.611	0.090
59537.9	232869.182	233168.611	0.129
59538.0	232854.562	233168.611	0.135
59538.1	232956.533	233125.211	0.072
59538.2	233112.499	233125.211	0.005
59538.3	233273.062	233125.211	0.063
59538.4	233359.871	233125.211	0.101
59538.5	233355.756	233125.211	0.099
59538.6	233222.463	233125.211	0.042
59538.7	233078.162	233125.211	0.020
59538.8	232899.966	233125.211	0.097
59538.9	232842.563	233125.211	0.121
59539.0	232814.666	233125.211	0.133
59539.1	232891.341	233058.597	0.072
59539.2	233053.479	233058.597	0.002
59539.3	233239.139	233058.597	0.077
59539.4	233311.283	233058.597	0.108
59539.5	233323.214	233058.597	0.113
59539.6	233182.140	233058.597	0.053
59539.7	233024.229	233058.597	0.015
59539.8	232861.273	233058.597	0.085
59539.9	232734.253	233058.597	0.139
59540.0	232764.924	233058.597	0.126
59540.1	232858.530	233007.762	0.064
59540.2	233033.822	233007.762	0.011
59540.3	233164.995	233007.762	0.067
59540.4	233266.073	233007.762	0.111
59540.5	233262.989	233007.762	0.109
59540.6	233134.989	233007.762	0.055
59540.7	232962.281	233007.762	0.020
59540.8	232755.074	233007.762	0.109
59540.9	232671.566	233007.762	0.144
59541.0	232720.546	233007.762	0.123
59541.1	232815.573	232979.317	0.070
59541.2	233007.579	232979.317	0.012
59541.3	233142.450	232979.317	0.070
59541.4	233243.334	232979.317	0.113
59541.5	233206.154	232979.317	0.097
59541.6	233095.117	232979.317	0.050
59541.7	232916.350	232979.317	0.027
59541.8	232724.458	232979.317	0.110
59541.9	232654.492	232979.317	0.140
59542.0	232689.805	232979.317	0.124
59542.1	232807.642	232910.671	0.044
59542.2	232957.050	232910.671	0.020
59542.3	233091.202	232910.671	0.077
59542.4	233176.510	232910.671	0.114
59542.5	233169.635	232910.671	0.111
59542.6	233042.741	232910.671	0.057
59542.7	232888.377	232910.671	0.010
59542.8	232697.266	232910.671	0.092
59542.9	232615.594	232910.671	0.127
59543.0	232625.332	232910.671	0.123
59543.1	232726.948	232892.434	0.071
59543.2	232896.051	232892.434	0.002
59543.3	233076.626	232892.434	0.079
59543.4	233173.202	232892.434	0.120
59543.5	233122.737	232892.434	0.099
59543.6	232976.083	232892.434	0.036
59543.7	232796.076	232892.434	0.041
59543.8	232645.149	232892.434	0.106
59543.9	232565.538	232892.434	0.141
59544.0	232594.462	232892.434	0.128
59544.1	232695.096	232843.797	0.064
59544.2	232884.071	232843.797	0.017
59544.3	233049.254	232843.797	0.088
59544.4	233135.769	232843.797	0.125
59544.5	233077.626	232843.797	0.100
59544.6	232932.093	232843.797	0.038
59544.7	232780.459	232843.797	0.027
59544.8	232627.334	232843.797	0.093
59544.9	232545.027	232843.797	0.128
59545.0	232565.492	232843.797	0.120
59545.1	232703.335	232814.791	0.048
59545.2	232858.509	232814.791	0.019
59545.3	233013.758	232814.791	0.085
59545.4	233110.627	232814.791	0.127
59545.5	233040.645	232814.791	0.097
59545.6	232920.197	232814.791	0.045
59545.7	232707.939	232814.791	0.046
59545.8	232600.774	232814.791	0.092
59545.9	232504.089	232814.791	0.134
59546.0	232539.184	232814.791	0.119
59546.1	232680.029	232775.122	0.041
59546.2	232824.805	232775.122	0.021
59546.3	232980.924	232775.122	0.088
59546.4	233061.897	232775.122	0.123
59546.5	233034.268	232775.122	0.111
59546.6	232896.986	232775.122	0.052
59546.7	232684.680	232775.122	0.039
59546.8	232562.178	232775.122	0.092
59546.9	232483.725	232775.122	0.125
59547.0	232552.472	232775.122	0.096
59547.1	232633.614	232757.771	0.053
59547.2	232810.988	232757.771	0.023
59547.3	232966.042	232757.771	0.089
59547.4	233049.428	232757.771	0.125
59547.5	232989.233	232757.771	0.099
59547.6	232849.973	232757.771	0.040
59547.7	232694.112	232757.771	0.027
59547.8	232531.902	232757.771	0.097
59547.9	232481.842	232757.771	0.119
59548.0	232509.298	232757.771	0.107
59548.1	232652.767	232744.709	0.040
59548.2	232816.723	232744.709	0.031
59548.3	232958.046	232744.709	0.092
59548.4	233053.493	232744.709	0.132
59548.5	233008.572	232744.709	0.113
59548.6	232837.737	232744.709	0.040
59548.7	232665.225	232744.709	0.034
59548.8	232543.554	232744.709	0.087
59548.9	232457.071	232744.709	0.124
59549.0	232483.324	232744.709	0.112
59549.1	232630.436	232720.113	0.039
59549.2	232824.415	232720.113	0.045
59549.3	232955.797	232720.113	0.101
59549.4	233020.667	232720.113	0.129
59549.5	232958.741	232720.113	0.102
59549.6	232830.528	232720.113	0.047
59549.7	232671.326	232720.113	0.021
59549.8	232532.855	232720.113	0.081
59549.9	232431.752	232720.113	0.124
59550.0	232491.848	232720.113	0.098
59550.1	232628.098	232702.485	0.032
59550.2	232811.789	232702.485	0.047
59550.3	232971.455	232702.485	0.115
59550.4	233005.719	232702.485	0.130
59550.5	232954.063	232702.485	0.108
59550.6	232840.569	232702.485	0.059
59550.7	232650.836	232702.485	0.022
59550.8	232516.077	232702.485	0.080
59550.9	232442.768	232702.485	0.112
59551.0	232490.800	232702.485	0.091
59551.1	232645.182	232716.611	0.031
59551.2	232802.641	232716.611	0.037
59551.3	232976.194	232716.611	0.111
59551.4	232997.858	232716.611	0.121
59551.5	232960.173	232716.611	0.105
59551.6	232828.844	232716.611	0.048
59551.7	232650.381	232716.611	0.028
59551.8	232499.871	232716.611	0.093
59551.9	232449.584	232716.611	0.115
59552.0	232495.443	232716.611	0.095
59552.1	232636.764	232737.171	0.043
59552.2	232796.867	232737.171	0.026
59552.3	232958.331	232737.171	0.095
59552.4	233020.146	232737.171	0.121
59552.5	232981.298	232737.171	0.105
59552.6	232835.829	232737.171	0.042
59552.7	232655.640	232737.171	0.035
59552.8	232521.231	232737.171	0.093
59552.9	232466.293	232737.171	0.117
59553.0	232491.275	232737.171	0.106
59553.1	232667.685	232730.677	0.027
59553.2	232840.316	232730.677	0.047
59553.3	232986.562	232730.677	0.110
59553.4	233037.544	232730.677	0.132
59553.5	232983.818	232730.677	0.109
59553.6	232833.296	232730.677	0.044
59553.7	232652.869	232730.677	0.033
59553.8	232514.033	232730.677	0.093
59553.9	232465.635	232730.677	0.114
59554.0	232522.611	232730.677	0.089
59554.1	232699.842	232761.208	0.026
59554.2	232876.811	232761.208	0.050
59554.3	232979.348	232761.208	0.094
59554.4	233026.898	232761.208	0.114
59554.5	233014.834	232761.208	0.109
59554.6	232817.142	232761.208	0.024
59554.7	232667.253	232761.208	0.040
59554.8	232531.655	232761.208	0.099
59554.9	232496.779	232761.208	0.114
59555.0	232572.174	232761.208	0.081
59555.1	232722.251	232767.632	0.020
59555.2	232870.457	232767.632	0.044
59555.3	233049.093	232767.632	0.121
59555.4	233066.440	232767.632	0.128
59555.5	232995.731	232767.632	0.098
59555.6	232884.370	232767.632	0.050
59555.7	232701.225	232767.632	0.029
59555.8	232551.079	232767.632	0.093
59555.9	232507.787	232767.632	0.112
59556.0	232578.837	232767.632	0.081
59556.1	232734.358	232794.466	0.026
59556.2	232918.540	232794.466	0.053
59556.3	233049.138	232794.466	0.109
59556.4	233098.820	232794.466	0.131
59556.5	233022.783	232794.466	0.098
59556.6	232881.148	232794.466	0.037
59556.7	232717.351	232794.466	0.033
59556.8	232563.543	232794.466	0.099
59556.9	232545.595	232794.466	0.107
59557.0	232609.926	232794.466	0.079
59557.1	232752.807	232822.905	0.030
59557.2	232966.780	232822.905	0.062
59557.3	233069.567	232822.905	0.106
59557.4	233131.971	232822.905	0.133
59557.5	233053.202	232822.905	0.099
59557.6	232893.357	232822.905	0.030
59557.7	232726.062	232822.905	0.042
59557.8	232592.041	232822.905	0.099
59557.9	232546.047	232822.905	0.119
59558.0	232676.026	232822.905	0.063
59558.1	232820.358	232841.806	0.009
59558.2	232977.140	232841.806	0.058
59558.3	233124.908	232841.806	0.121
59558.4	233159.909	232841.806	0.136
59558.5	233092.748	232841.806	0.108
59558.6	232947.312	232841.806	0.045
59558.7	232764.688	232841.806	0.033
59558.8	232641.758	232841.806	0.086
59558.9	232588.291	232841.806	0.109
59559.0	232685.566	232841.806	0.067
59559.1	232847.851	232892.796	0.019
59559.2	233034.392	232892.796	0.061
59559.3	233167.188	232892.796	0.118
59559.4	233230.671	232892.796	0.145
59559.5	233132.915	232892.796	0.103
59559.6	232957.032	232892.796	0.028
59559.7	232788.456	232892.796	0.045
59559.8	232683.541	232892.796	0.090
59559.9	232657.083	232892.796	0.101
59560.0	232744.427	232892.796	0.064
59560.1	232908.832	232926.479	0.008
59560.2	233068.608	232926.479	0.061
59560.3	233246.663	232926.479	0.137
59560.4	233233.188	232926.479	0.132
59560.5	233148.521	232926.479	0.095
59560.6	233017.347	232926.479	0.039
59560.7	232818.554	232926.479	0.046
59560.8	232758.190	232926.479	0.072
59560.9	232688.494	232926.479	0.102
59561.0	232807.453	232926.479	0.051
59561.1	232974.706	232962.935	0.005
59561.2	233152.993	232962.935	0.082
59561.3	233272.992	232962.935	0.133
59561.4	233300.005	232962.935	0.144
59561.5	233201.287	232962.935	0.102
59561.6	233066.799	232962.935	0.045
59561.7	232851.262	232962.935	0.048
59561.8	232748.870	232962.935	0.092
59561.9	232768.557	232962.935	0.084
59562.0	232828.511	232962.935	0.058
59562.1	233015.956	233043.573	0.012
59562.2	233223.479	233043.573	0.077
59562.3	233316.218	233043.573	0.117
59562.4	233341.500	233043.573	0.128
59562.5	233274.184	233043.573	0.099
59562.6	233105.300	233043.573	0.026
59562.7	232948.438	233043.573	0.041
59562.8	232816.802	233043.573	0.097
59562.9	232796.119	233043.573	0.106
59563.0	232887.636	233043.573	0.067
59563.1	233077.257	233098.824	0.009
59563.2	233253.986	233098.824	0.067
59563.3	233378.785	233098.824	0.120
59563.4	233392.498	233098.824	0.126
59563.5	233315.488	233098.824	0.093
59563.6	233162.886	233098.824	0.027
59563.7	233002.192	233098.824	0.041
59563.8	232876.084	233098.824	0.096
59563.9	232889.312	233098.824	0.090
59564.0	232980.496	233098.824	0.051
59564.1	233142.719	233166.040	0.010
59564.2	233322.051	233166.040	0.067
59564.3	233429.056	233166.040	0.113
59564.4	233485.264	233166.040	0.137
59564.5	233351.204	233166.040	0.079
59564.6	233196.728	233166.040	0.013
59564.7	233052.637	233166.040	0.049
59564.8	232965.118	233166.040	0.086
59564.9	232921.184	233166.040	0.105
59565.0	233023.159	233166.040	0.061
59565.1	233225.833	233217.437	0.004
59565.2	233412.624	233217.437	0.084
59565.3	233504.681	233217.437	0.123
59565.4	233510.878	233217.437	0.126
59565.5	233451.685	233217.437	0.100
59565.6	233293.835	233217.437	0.033
59565.7	233117.475	233217.437	0.043
59565.8	233003.831	233217.437	0.092
59565.9	233029.731	233217.437	0.081
59566.0	233090.696	233217.437	0.054
59566.1	233282.639	233322.815	0.017
59566.2	233484.099	233322.815	0.069
59566.3	233577.648	233322.815	0.109
59566.4	233601.237	233322.815	0.119
59566.5	233504.947	233322.815	0.078
59566.6	233338.150	233322.815	0.007
59566.7	233188.247	233322.815	0.058
59566.8	233089.014	233322.815	0.100
59566.9	233090.578	233322.815	0.100
59567.0	233179.172	233322.815	0.062
59567.1	233392.361	233379.693	0.005
59567.2	233553.320	233379.693	0.074
59567.3	233659.634	233379.693	0.120
59567.4	233681.525	233379.693	0.129
59567.5	233584.051	233379.693	0.087
59567.6	233411.244	233379.693	0.014
59567.7	233290.104	233379.693	0.038
59567.8	233148.616	233379.693	0.099
59567.9	233167.598	233379.693	0.091
59568.0	233265.505	233379.693	0.049
59568.1	233446.031	233468.701	0.010
59568.2	233632.838	233468.701	0.070
59568.3	233774.786	233468.701	0.131
59568.4	233748.168	233468.701	0.120
59568.5	233663.707	233468.701	0.083
59568.6	233491.170	233468.701	0.010
59568.7	233353.609	233468.701	0.049
59568.8	233246.281	233468.701	0.095
59568.9	233221.913	233468.701	0.106
59569.0	233376.418	233468.701	0.040
59569.1	233517.888	233500.368	0.008
59569.2	233728.155	233500.368	0.097
59569.3	233831.542	233500.368	0.142
59569.4	233843.336	233500.368	0.147
59569.5	233751.026	233500.368	0.107
59569.6	233573.797	233500.368	0.031
59569.7	233459.658	233500.368	0.017
59569.8	233314.764	233500.368	0.080
59569.9	233355.530	233500.368	0.062
59570.0	233439.906	233500.368	0.026
59570.1	233656.484	233618.202	0.016
59570.2	233826.799	233618.202	0.089
59570.3	233939.955	233618.202	0.138
59570.4	233931.532	233618.202	0.134
59570.5	233830.566	233618.202	0.091
59570.6	233671.600	233618.202	0.023
59570.7	233497.127	233618.202	0.052
59570.8	233403.665	233618.202	0.092
59570.9	233412.825	233618.202	0.088
59571.0	233559.693	233618.202	0.025
59571.1	233753.720	233708.776	0.019
59571.2	233928.938	233708.776	0.094
59571.3	234037.615	233708.776	0.141
59571.4	234056.509	233708.776	0.149
59571.5	233938.079	233708.776	0.098
59571.6	233740.685	233708.776	0.014
59571.7	233578.760	233708.776	0.056
59571.8	233494.334	233708.776	0.092
59571.9	233538.349	233708.776	0.073
59572.0	233658.950	233708.776	0.021
59572.1	233855.060	233801.844	0.023
59572.2	234015.525	233801.844	0.091
59572.3	234140.122	233801.844	0.144
59572.4	234128.191	233801.844	0.139
59572.5	234005.461	233801.844	0.087
59572.6	233851.857	233801.844	0.021
59572.7	233677.191	233801.844	0.053
59572.8	233596.762	233801.844	0.088
59572.9	233639.594	233801.844	0.069
59573.0	233775.658	233801.844	0.011
59573.1	233947.158	233891.684	0.024
59573.2	234122.013	233891.684	0.098
59573.3	234248.211	233891.684	0.152
59573.4	234247.925	233891.684	0.152
59573.5	234122.522	233891.684	0.099
59573.6	233942.642	233891.684	0.022
59573.7	233774.307	233891.684	0.050
59573.8	233695.499	233891.684	0.084
59573.9	233722.111	233891.684	0.073
59574.0	233894.236	233891.684	0.001
59574.1	234100.781	234029.709	0.030
59574.2	234251.503	234029.709	0.095
59574.3	234342.239	234029.709	0.133
59574.4	234298.456	234029.709	0.115
59574.5	234201.121	234029.709	0.073
59574.6	234057.968	234029.709	0.012
59574.7	233911.597	234029.709	0.050
59574.8	233832.963	234029.709	0.084
59574.9	233849.562	234029.709	0.077
59575.0	233981.308	234029.709	0.021
59575.1	234181.663	234128.608	0.023
59575.2	234362.774	234128.608	0.100
59575.3	234454.278	234128.608	0.139
59575.4	234443.761	234128.608	0.134
59575.5	234327.799	234128.608	0.085
59575.6	234157.693	234128.608	0.012
59575.7	234018.216	234128.608	0.047
59575.8	233915.296	234128.608	0.091
59575.9	233963.028	234128.608	0.071
59576.0	234110.241	234128.608	0.008
59576.1	234317.584	234258.220	0.025
59576.2	234466.182	234258.220	0.089
59576.3	234588.548	234258.220	0.141
59576.4	234600.785	234258.220	0.146
59576.5	234450.996	234258.220	0.082
59576.6	234269.174	234258.220	0.005
59576.7	234086.932	234258.220	0.073
59576.8	234044.271	234258.220	0.091
59576.9	234074.496	234258.220	0.078
59577.0	234218.874	234258.220	0.017
59577.1	234423.964	234343.523	0.034
59577.2	234613.900	234343.523	0.115
59577.3	234701.864	234343.523	0.153
59577.4	234683.865	234343.523	0.145
59577.5	234568.361	234343.523	0.096
59577.6	234395.406	234343.523	0.022
59577.7	234224.008	234343.523	0.051
59577.8	234194.148	234343.523	0.064
59577.9	234221.310	234343.523	0.052
59578.0	234353.018	234343.523	0.004
59578.1	234564.488	234498.783	0.028
59578.2	234721.749	234498.783	0.095
59578.3	234831.088	234498.783	0.142
59578.4	234836.427	234498.783	0.144
59578.5	234661.046	234498.783	0.069
59578.6	234498.827	234498.783	0.000
59578.7	234331.570	234498.783	0.071
59578.8	234320.992	234498.783	0.076
59578.9	234368.436	234498.783	0.056
59579.0	234484.482	234498.783	0.006
59579.1	234680.324	234599.366	0.034
59579.2	234874.150	234599.366	0.117
59579.3	234949.634	234599.366	0.149
59579.4	234957.827	234599.366	0.153
59579.5	234803.984	234599.366	0.087
59579.6	234628.945	234599.366	0.013
59579.7	234478.460	234599.366	0.052
59579.8	234434.253	234599.366	0.070
59579.9	234488.117	234599.366	0.047
59580.0	234637.064	234599.366	0.016
59580.1	234859.526	234746.652	0.048
59580.2	234995.926	234746.652	0.106
59580.3	235088.492	234746.652	0.145
59580.4	235061.781	234746.652	0.134
59580.5	234964.529	234746.652	0.093
59580.6	234777.118	234746.652	0.013
59580.7	234639.727	234746.652	0.046
59580.8	234552.973	234746.652	0.083
59580.9	234619.083	234746.652	0.054
59581.0	234776.783	234746.652	0.013
59581.1	234996.015	234886.296	0.047
59581.2	235164.397	234886.296	0.118
59581.3	235245.358	234886.296	0.153
59581.4	235204.535	234886.296	0.135
59581.5	235053.654	234886.296	0.071
59581.6	234868.207	234886.296	0.008
59581.7	234742.374	234886.296	0.061
59581.8	234696.650	234886.296	0.081
59581.9	234758.381	234886.296	0.054
59582.0	234916.626	234886.296	0.013
59582.1	235107.605	235013.681	0.040
59582.2	235314.280	235013.681	0.128
59582.3	235376.745	235013.681	0.154
59582.4	235352.891	235013.681	0.144
59582.5	235206.360	235013.681	0.082
59582.6	235025.211	235013.681	0.005
59582.7	234904.627	235013.681	0.046
59582.8	234831.225	235013.681	0.078
59582.9	234904.179	235013.681	0.047
59583.0	235066.666	235013.681	0.023
59583.1	235291.520	235174.636	0.050
59583.2	235431.640	235174.636	0.109
59583.3	235518.454	235174.636	0.146
59583.4	235499.830	235174.636	0.138
59583.5	235363.128	235174.636	0.080
59583.6	235180.886	235174.636	0.003
59583.7	235047.740	235174.636	0.054
59583.8	234999.270	235174.636	0.075
59583.9	235057.018	235174.636	0.050
59584.0	235263.568	235174.636	0.038
59584.1	235429.774	235341.146	0.038
59584.2	235626.409	235341.146	0.121
59584.3	235682.669	235341.146	0.145
59584.4	235634.254	235341.146	0.124
59584.5	235494.304	235341.146	0.065
59584.6	235305.454	235341.146	0.015
59584.7	235182.450	235341.146	0.067
59584.8	235152.855	235341.146	0.080
59584.9	235219.256	235341.146	0.052
59585.0	235392.186	235341.146	0.022
59585.1	235598.943	235451.748	0.062
59585.2	235747.551	235451.748	0.125
59585.3	235840.705	235451.748	0.165
59585.4	235795.555	235451.748	0.146
59585.5	235666.128	235451.748	0.091
59585.6	235481.038	235451.748	0.012
59585.7	235341.395	235451.748	0.047
59585.8	235289.085	235451.748	0.069
59585.9	235367.887	235451.748	0.036
59586.0	235532.926	235451.748	0.034
59586.1	235750.969	235614.037	0.058
59586.2	235884.066	235614.037	0.114
59586.3	235988.952	235614.037	0.159
59586.4	235961.750	235614.037	0.147
59586.5	235807.417	235614.037	0.082
59586.6	235655.896	235614.037	0.018
59586.7	235498.770	235614.037	0.049
59586.8	235464.610	235614.037	0.063
59586.9	235557.680	235614.037	0.024
59587.0	235713.819	235614.037	0.042
59587.1	235941.326	235818.149	0.052
59587.2	236081.192	235818.149	0.111
59587.3	236142.725	235818.149	0.137
59587.4	236090.725	235818.149	0.115
59587.5	235970.727	235818.149	0.065
59587.6	235800.140	235818.149	0.008
59587.7	235677.510	235818.149	0.060
59587.8	235627.578	235818.149	0.081
59587.9	235692.802	235818.149	0.053
59588.0	235916.266	235818.149	0.042
59588.1	236122.591	235990.144	0.056
59588.2	236251.156	235990.144	0.110
59588.3	236307.627	235990.144	0.134
59588.4	236277.333	235990.144	0.122
59588.5	236112.767	235990.144	0.052
59588.6	235929.413	235990.144	0.026
59588.7	235812.498	235990.144	0.075
59588.8	235775.637	235990.144	0.091
59588.9	235866.076	235990.144	0.053
59589.0	236080.874	235990.144	0.038
59589.1	236265.036	236093.436	0.073
59589.2	236425.875	236093.436	0.141
59589.3	236487.690	236093.436	0.167
59589.4	236444.589	236093.436	0.149
59589.5	236278.957	236093.436	0.079
59589.6	236136.048	236093.436	0.018
59589.7	236011.652	236093.436	0.035
59589.8	235957.754	236093.436	0.058
59589.9	236050.496	236093.436	0.018
59590.0	236256.621	236093.436	0.069
59590.1	236454.964	236334.577	0.051
59590.2	236610.717	236334.577	0.117
59590.3	236684.902	236334.577	0.148
59590.4	236579.073	236334.577	0.103
59590.5	236477.883	236334.577	0.061
59590.6	236297.440	236334.577	0.016
59590.7	236160.647	236334.577	0.074
59590.8	236137.577	236334.577	0.083
59590.9	236222.804	236334.577	0.047
59591.0	236429.530	236334.577	0.040
59591.1	236618.306	236476.943	0.060
59591.2	236793.578	236476.943	0.134
59591.3	236849.545	236476.943	0.157
59591.4	236771.788	236476.943	0.125
59591.5	236633.008	236476.943	0.066
59591.6	236500.308	236476.943	0.010
59591.7	236332.858	236476.943	0.061
59591.8	236322.723	236476.943	0.065
59591.9	236396.849	236476.943	0.034
59592.0	236563.531	236476.943	0.037
59592.1	236822.414	236653.121	0.071
59592.2	236974.994	236653.121	0.136
59592.3	237018.899	236653.121	0.154
59592.4	236976.960	236653.121	0.137
59592.5	236780.528	236653.121	0.054
59592.6	236627.718	236653.121	0.011
59592.7	236533.377	236653.121	0.051
59592.8	236499.695	236653.121	0.065
59592.9	236577.105	236653.121	0.032
59593.0	236770.410	236653.121	0.050
59593.1	237000.786	236810.081	0.080
59593.2	237128.979	236810.081	0.134
59593.3	237189.992	236810.081	0.160
59593.4	237141.683	236810.081	0.140
59593.5	236986.390	236810.081	0.074
59593.6	236806.646	236810.081	0.001
59593.7	236693.755	236810.081	0.049
59593.8	236668.401	236810.081	0.060
59593.9	236795.964	236810.081	0.006
59594.0	236957.372	236810.081	0.062
59594.1	237200.455	237043.077	0.066
59594.2	237354.502	237043.077	0.131
59594.3	237378.699	237043.077	0.141
59594.4	237334.324	237043.077	0.123
59594.5	237121.889	237043.077	0.033
59594.6	236991.642	237043.077	0.022
59594.7	236865.644	237043.077	0.075
59594.8	236901.586	237043.077	0.060
59594.9	237001.918	237043.077	0.017
59595.0	237165.311	237043.077	0.052
59595.1	237379.773	237207.502	0.073
59595.2	237534.199	237207.502	0.138
59595.3	237577.046	237207.502	0.156
59595.4	237489.128	237207.502	0.119
59595.5	237377.904	237207.502	0.072
59595.6	237179.843	237207.502	0.012
59595.7	237053.657	237207.502	0.065
59595.8	237047.656	237207.502	0.067
59595.9	237149.073	237207.502	0.025
59596.0	237363.692	237207.502	0.066
59596.1	237569.594	237385.843	0.077
59596.2	237731.489	237385.843	0.145
59596.3	237780.250	237385.843	0.166
59596.4	237695.531	237385.843	0.130
59596.5	237510.645	237385.843	0.053
59596.6	237339.127	237385.843	0.020
59596.7	237213.488	237385.843	0.073
59596.8	237265.472	237385.843	0.051
59596.9	237382.401	237385.843	0.001
59597.0	237561.115	237385.843	0.074
59597.1	237774.580	237619.714	0.065
59597.2	237925.773	237619.714	0.129
59597.3	237973.695	237619.714	0.149
59597.4	237893.867	237619.714	0.115
59597.5	237705.585	237619.714	0.036
59597.6	237534.501	237619.714	0.036
59597.7	237475.740	237619.714	0.061
59597.8	237455.828	237619.714	0.069
59597.9	237568.285	237619.714	0.022
59598.0	237769.872	237619.714	0.063
59598.1	237983.088	237789.770	0.081
59598.2	238160.357	237789.770	0.156
59598.3	238146.181	237789.770	0.150
59598.4	238058.916	237789.770	0.113
59598.5	237894.735	237789.770	0.044
59598.6	237723.319	237789.770	0.028
59598.7	237676.508	237789.770	0.048
59598.8	237649.654	237789.770	0.059
59598.9	237794.350	237789.770	0.002
59599.0	238004.596	237789.770	0.090
59599.1	238210.759	237987.122	0.094
59599.2	238320.276	237987.122	0.140
59599.3	238348.192	237987.122	0.151
59599.4	238253.925	237987.122	0.112
59599.5	238123.275	237987.122	0.057
59599.6	237962.532	237987.122	0.010
59599.7	237848.321	237987.122	0.058
59599.8	237841.232	237987.122	0.061
59599.9	237958.236	237987.122	0.012
59600.0	238196.079	237987.122	0.088
59600.1	238409.510	238199.498	0.088
59600.2	238519.381	238199.498	0.134
59600.3	238577.342	238199.498	0.158
59600.4	238488.255	238199.498	0.121
59600.5	238313.041	238199.498	0.048
59600.6	238150.581	238199.498	0.021
59600.7	238036.122	238199.498	0.069
59600.8	238073.941	238199.498	0.053
59600.9	238187.684	238199.498	0.005
59601.0	238389.253	238199.498	0.080
59601.1	238605.506	238392.772	0.089
59601.2	238771.980	238392.772	0.159
59601.3	238755.016	238392.772	0.152
59601.4	238664.307	238392.772	0.114
59601.5	238524.757	238392.772	0.055
59601.6	238341.829	238392.772	0.021
59601.7	238259.379	238392.772	0.056
59601.8	238255.331	238392.772	0.058
59601.9	238432.489	238392.772	0.017
59602.0	238618.695	238392.772	0.095
59602.1	238806.232	238588.496	0.091
59602.2	238973.048	238588.496	0.161
59602.3	238993.078	238588.496	0.169
59602.4	238869.156	238588.496	0.117
59602.5	238739.775	238588.496	0.063
59602.6	238562.504	238588.496	0.011
59602.7	238473.151	238588.496	0.048
59602.8	238445.849	238588.496	0.060
59602.9	238643.674	238588.496	0.023
59603.0	238801.711	238588.496	0.089
59603.1	239002.486	238838.590	0.069
59603.2	239195.485	238838.590	0.149
59603.3	239196.809	238838.590	0.150
59603.4	239090.065	238838.590	0.105
59603.5	238928.869	238838.590	0.038
59603.6	238779.729	238838.590	0.025
59603.7	238654.091	238838.590	0.077
59603.8	238702.182	238838.590	0.057
59603.9	238808.336	238838.590	0.013
59604.0	239045.374	238838.590	0.087
59604.1	239247.483	239024.234	0.093
59604.2	239392.706	239024.234	0.154
59604.3	239392.659	239024.234	0.154
59604.4	239290.751	239024.234	0.111
59604.5	239138.913	239024.234	0.048
59604.6	238977.542	239024.234	0.020
59604.7	238875.927	239024.234	0.062
59604.8	238901.378	239024.234	0.051
59604.9	239061.832	239024.234	0.016
59605.0	239254.550	239024.234	0.096
59605.1	239496.671	239257.319	0.100
59605.2	239604.371	239257.319	0.145
59605.3	239616.361	239257.319	0.150
59605.4	239518.243	239257.319	0.109
59605.5	239346.409	239257.319	0.037
59605.6	239202.853	239257.319	0.023
59605.7	239121.535	239257.319	0.057
59605.8	239140.059	239257.319	0.049
59605.9	239246.326	239257.319	0.005
59606.0	239486.753	239257.319	0.096
59606.1	239699.302	239495.089	0.085
59606.2	239793.965	239495.089	0.125
59606.3	239824.337	239495.089	0.137
59606.4	239725.362	239495.089	0.096
59606.5	239539.026	239495.089	0.018
59606.6	239407.841	239495.089	0.036
59606.7	239325.619	239495.089	0.071
59606.8	239347.171	239495.089	0.062
59606.9	239504.297	239495.089	0.004
59607.0	239685.799	239495.089	0.080
59607.1	239911.447	239685.642	0.094
59607.2	240045.303	239685.642	0.150
59607.3	240025.985	239685.642	0.142
59607.4	239974.423	239685.642	0.120
59607.5	239760.119	239685.642	0.031
59607.6	239603.391	239685.642	0.034
59607.7	239535.953	239685.642	0.062
59607.8	239570.221	239685.642	0.048
59607.9	239735.446	239685.642	0.021
59608.0	239950.644	239685.642	0.110
59608.1	240123.749	239929.210	0.081
59608.2	240275.232	239929.210	0.144
59608.3	240284.618	239929.210	0.148
59608.4	240158.728	239929.210	0.096
59608.5	240012.092	239929.210	0.035
59608.6	239877.224	239929.210	0.022
59608.7	239746.422	239929.210	0.076
59608.8	239784.599	239929.210	0.060
59608.9	239959.580	239929.210	0.013
59609.0	240195.957	239929.210	0.111
59609.1	240393.954	240153.167	0.100
59609.2	240522.190	240153.167	0.153
59609.3	240504.583	240153.167	0.146
59609.4	240370.625	240153.167	0.090
59609.5	240243.836	240153.167	0.038
59609.6	240100.639	240153.167	0.022
59609.7	240001.280	240153.167	0.063
59609.8	240022.046	240153.167	0.055
59609.9	240198.099	240153.167	0.019
59610.0	240410.108	240153.167	0.107
59610.1	240599.861	240393.033	0.086
59610.2	240759.417	240393.033	0.152
59610.3	240717.590	240393.033	0.135
59610.4	240631.147	240393.033	0.099
59610.5	240446.184	240393.033	0.022
59610.6	240320.135	240393.033	0.030
59610.7	240243.393	240393.033	0.062
59610.8	240278.299	240393.033	0.048
59610.9	240442.252	240393.033	0.020
59611.0	240657.052	240393.033	0.110
59611.1	240847.313	240610.539	0.098
59611.2	240958.008	240610.539	0.144
59611.3	240977.342	240610.539	0.152
59611.4	240857.625	240610.539	0.103
59611.5	240682.605	240610.539	0.030
59611.6	240512.805	240610.539	0.041
59611.7	240437.365	240610.539	0.072
59611.8	240523.059	240610.539	0.036
59611.9	240661.614	240610.539	0.021
59612.0	240868.200	240610.539	0.107
59612.1	241072.250	240826.872	0.102
59612.2	241208.434	240826.872	0.158
59612.3	241208.745	240826.872	0.158
59612.4	241099.133	240826.872	0.113
59612.5	240873.064	240826.872	0.019
59612.6	240760.308	240826.872	0.028
59612.7	240683.842	240826.872	0.059
59612.8	240752.787	240826.872	0.031
59612.9	240924.890	240826.872	0.041
59613.0	241152.757	240826.872	0.135
59613.1	241318.847	241089.972	0.095
59613.2	241426.143	241089.972	0.139
59613.3	241428.492	241089.972	0.140
59613.4	241325.525	241089.972	0.098
59613.5	241146.834	241089.972	0.024
59613.6	240996.309	241089.972	0.039
59613.7	240913.740	241089.972	0.073
59613.8	240957.600	241089.972	0.055
59613.9	241159.782	241089.972	0.029
59614.0	241382.966	241089.972	0.121
59614.1	241577.857	241317.985	0.108
59614.2	241700.657	241317.985	0.158
59614.3	241675.568	241317.985	0.148
59614.4	241574.358	241317.985	0.106
59614.5	241374.627	241317.985	0.023
59614.6	241191.342	241317.985	0.053
59614.7	241143.381	241317.985	0.072
59614.8	241244.807	241317.985	0.030
59614.9	241402.126	241317.985	0.035
59615.0	241588.780	241317.985	0.112
59615.1	241831.892	241560.926	0.112
59615.2	241944.993	241560.926	0.159
59615.3	241891.683	241560.926	0.137
59615.4	241775.595	241560.926	0.089
59615.5	241626.460	241560.926	0.027
59615.6	241452.956	241560.926	0.045
59615.7	241403.250	241560.926	0.065
59615.8	241457.644	241560.926	0.043
59615.9	241625.140	241560.926	0.027
59616.0	241864.026	241560.926	0.125
59616.1	242094.025	241815.477	0.115
59616.2	242176.611	241815.477	0.149
59616.3	242127.942	241815.477	0.129
59616.4	242013.369	241815.477	0.082
59616.5	241821.544	241815.477	0.003
59616.6	241647.703	241815.477	0.069
59616.7	241670.328	241815.477	0.060
59616.8	241700.594	241815.477	0.048
59616.9	241914.173	241815.477	0.041
59617.0	242093.962	241815.477	0.115
59617.1	242305.177	242053.290	0.104
59617.2	242398.249	242053.290	0.142
59617.3	242382.288	242053.290	0.136
59617.4	242245.214	242053.290	0.079
59617.5	242090.014	242053.290	0.015
59617.6	241923.448	242053.290	0.054
59617.7	241868.073	242053.290	0.077
59617.8	241939.258	242053.290	0.047
59617.9	242122.937	242053.290	0.029
59618.0	242348.120	242053.290	0.122
59618.1	242550.599	242268.992	0.116
59618.2	242662.636	242268.992	0.162
59618.3	242614.342	242268.992	0.142
59618.4	242529.689	242268.992	0.107
59618.5	242311.626	242268.992	0.018
59618.6	242154.781	242268.992	0.047
59618.7	242107.619	242268.992	0.067
59618.8	242192.843	242268.992	0.031
59618.9	242390.773	242268.992	0.050
59619.0	242618.732	242268.992	0.144
59619.1	242790.777	242512.571	0.115
59619.2	242876.906	242512.571	0.150
59619.3	242846.624	242512.571	0.138
59619.4	242736.334	242512.571	0.092
59619.5	242534.920	242512.571	0.009
59619.6	242378.542	242512.571	0.055
59619.7	242351.276	242512.571	0.067
59619.8	242461.309	242512.571	0.021
59619.9	242600.728	242512.571	0.036
59620.0	242856.313	242512.571	0.142
59620.1	243033.436	242760.283	0.112
59620.2	243140.130	242760.283	0.156
59620.3	243120.827	242760.283	0.148
59620.4	242987.909	242760.283	0.094
59620.5	242805.579	242760.283	0.019
59620.6	242660.455	242760.283	0.041
59620.7	242602.085	242760.283	0.065
59620.8	242702.088	242760.283	0.024
59620.9	242903.657	242760.283	0.059
59621.0	243112.540	242760.283	0.145
59621.1	243310.339	243014.297	0.122
59621.2	243405.900	243014.297	0.161
59621.3	243384.382	243014.297	0.152
59621.4	243251.348	243014.297	0.097
59621.5	243047.015	243014.297	0.013
59621.6	242896.172	243014.297	0.049
59621.7	242843.768	243014.297	0.070
59621.8	242944.550	243014.297	0.029
59621.9	243127.259	243014.297	0.046
59622.0	243341.859	243014.297	0.135
59622.1	243530.245	243236.149	0.121
59622.2	243636.172	243236.149	0.164
59622.3	243612.479	243236.149	0.154
59622.4	243466.239	243236.149	0.095
59622.5	243261.659	243236.149	0.010
59622.6	243155.046	243236.149	0.033
59622.7	243110.213	243236.149	0.052
59622.8	243172.498	243236.149	0.026
59622.9	243366.981	243236.149	0.054
59623.0	243611.775	243236.149	0.154
59623.1	243781.226	243501.167	0.115
59623.2	243874.464	243501.167	0.153
59623.3	243864.096	243501.167	0.149
59623.4	243708.270	243501.167	0.085
59623.5	243543.429	243501.167	0.017
59623.6	243382.514	243501.167	0.049
59623.7	243346.130	243501.167	0.064
59623.8	243458.804	243501.167	0.017
59623.9	243630.208	243501.167	0.053
59624.0	243849.624	243501.167	0.143
59624.1	244058.524	243770.516	0.118
59624.2	244145.825	243770.516	0.154
59624.3	244082.087	243770.516	0.128
59624.4	243921.052	243770.516	0.062
59624.5	243796.710	243770.516	0.011
59624.6	243631.868	243770.516	0.057
59624.7	243627.027	243770.516	0.059
59624.8	243675.057	243770.516	0.039
59624.9	243876.462	243770.516	0.043
59625.0	244135.261	243770.516	0.149
59625.1	244308.962	244028.107	0.115
59625.2	244383.602	244028.107	0.145
59625.3	244350.977	244028.107	0.132
59625.4	244187.442	244028.107	0.065
59625.5	244018.805	244028.107	0.004
59625.6	243865.146	244028.107	0.067
59625.7	243813.259	244028.107	0.088
59625.8	243980.328	244028.107	0.020
59625.9	244152.719	244028.107	0.051
59626.0	244386.052	244028.107	0.146
59626.1	244591.223	244237.752	0.145
59626.2	244623.917	244237.752	0.158
59626.3	244589.041	244237.752	0.144
59626.4	244447.536	244237.752	0.086
59626.5	244235.478	244237.752	0.001
59626.6	244133.679	244237.752	0.043
59626.7	244130.854	244237.752	0.044
59626.8	244209.444	244237.752	0.012
59626.9	244396.748	244237.752	0.065
59627.0	244620.660	244237.752	0.157
59627.1	244811.599	244527.747	0.116
59627.2	244870.940	244527.747	0.140
59627.3	244823.227	244527.747	0.121
59627.4	244699.483	244527.747	0.070
59627.5	244477.524	244527.747	0.021
59627.6	244402.821	244527.747	0.051
59627.7	244341.399	244527.747	0.076
59627.8	244443.481	244527.747	0.034
59627.9	244661.120	244527.747	0.055
59628.0	244884.590	244527.747	0.146
59628.1	245045.263	244762.651	0.115
59628.2	245109.033	244762.651	0.141
59628.3	245071.315	244762.651	0.126
59628.4	244903.601	244762.651	0.058
59628.5	244760.091	244762.651	0.001
59628.6	244639.776	244762.651	0.050
59628.7	244593.357	244762.651	0.069
59628.8	244707.653	244762.651	0.022
59628.9	244910.897	244762.651	0.061
59629.0	245140.528	244762.651	0.154
59629.1	245304.935	245022.860	0.115
59629.2	245368.349	245022.860	0.141
59629.3	245349.499	245022.860	0.133
59629.4	245201.188	245022.860	0.073
59629.5	244984.258	245022.860	0.016
59629.6	244869.979	245022.860	0.062
59629.7	244879.543	245022.860	0.059
59629.8	245006.871	245022.860	0.007
59629.9	245177.009	245022.860	0.063
59630.0	245428.305	245022.860	0.165
59630.1	245583.372	245249.712	0.136
59630.2	245652.943	245249.712	0.164
59630.3	245575.767	245249.712	0.133
59630.4	245425.785	245249.712	0.072
59630.5	245236.179	245249.712	0.006
59630.6	245099.620	245249.712	0.061
59630.7	245109.733	245249.712	0.057
59630.8	245227.229	245249.712	0.009
59630.9	245450.558	245249.712	0.082
59631.0	245664.809	245249.712	0.169
59631.1	245835.937	245534.405	0.123
59631.2	245922.147	245534.405	0.158
59631.3	245807.805	245534.405	0.111
59631.4	245687.764	245534.405	0.062
59631.5	245488.915	245534.405	0.019
59631.6	245372.376	245534.405	0.066
59631.7	245363.562	245534.405	0.070
59631.8	245509.553	245534.405	0.010
59631.9	245668.763	245534.405	0.055
59632.0	245923.403	245534.405	0.158
59632.1	246115.445	245750.806	0.148
59632.2	246149.976	245750.806	0.162
59632.3	246088.586	245750.806	0.137
59632.4	245935.130	245750.806	0.075
59632.5	245743.322	245750.806	0.003
59632.6	245605.314	245750.806	0.059
59632.7	245606.059	245750.806	0.059
59632.8	245738.112	245750.806	0.005
59632.9	245939.121	245750.806	0.077
59633.0	246185.364	245750.806	0.177
59633.1	246357.521	246018.673	0.138
59633.2	246423.380	246018.673	0.164
59633.3	246310.975	246018.673	0.119
59633.4	246174.487	246018.673	0.063
59633.5	245950.751	246018.673	0.028
59633.6	245853.741	246018.673	0.067
59633.7	245878.558	246018.673	0.057
59633.8	245997.757	246018.673	0.009
59633.9	246199.840	246018.673	0.074
59634.0	246440.762	246018.673	0.171
59634.1	246615.944	246270.971	0.140
59634.2	246649.719	246270.971	0.154
59634.3	246541.616	246270.971	0.110
59634.4	246418.055	246270.971	0.060
59634.5	246229.719	246270.971	0.017
59634.6	246114.532	246270.971	0.064
59634.7	246138.240	246270.971	0.054
59634.8	246263.828	246270.971	0.003
59634.9	246489.051	246270.971	0.088
59635.0	246719.120	246270.971	0.182
59635.1	246902.310	246547.013	0.144
59635.2	246907.776	246547.013	0.146
59635.3	246839.867	246547.013	0.119
59635.4	246642.112	246547.013	0.039
59635.5	246487.408	246547.013	0.024
59635.6	246391.400	246547.013	0.063
59635.7	246381.759	246547.013	0.067
59635.8	246497.678	246547.013	0.020
59635.9	246756.546	246547.013	0.085
59636.0	246971.246	246547.013	0.172
59636.1	247106.201	246804.343	0.122
59636.2	247178.389	246804.343	0.151
59636.3	247060.769	246804.343	0.104
59636.4	246899.507	246804.343	0.039
59636.5	246751.911	246804.343	0.021
59636.6	246623.902	246804.343	0.073
59636.7	246658.664	246804.343	0.059
59636.8	246776.249	246804.343	0.011
59636.9	246978.236	246804.343	0.070
59637.0	247211.737	246804.343	0.165
59637.1	247363.097	247025.912	0.136
59637.2	247432.025	247025.912	0.164
59637.3	247324.169	247025.912	0.121
59637.4	247152.007	247025.912	0.051
59637.5	246962.100	247025.912	0.026
59637.6	246874.935	247025.912	0.061
59637.7	246890.700	247025.912	0.055
59637.8	247030.303	247025.912	0.002
59637.9	247262.973	247025.912	0.096
59638.0	247459.416	247025.912	0.175
59638.1	247660.891	247289.168	0.150
59638.2	247661.470	247289.168	0.150
59638.3	247610.885	247289.168	0.130
59638.4	247394.927	247289.168	0.043
59638.5	247253.376	247289.168	0.014
59638.6	247135.921	247289.168	0.062
59638.7	247152.256	247289.168	0.055
59638.8	247293.532	247289.168	0.002
59638.9	247509.393	247289.168	0.089
59639.0	247770.500	247289.168	0.194
59639.1	247878.303	247554.139	0.131
59639.2	247950.222	247554.139	0.160
59639.3	247831.930	247554.139	0.112
59639.4	247680.346	247554.139	0.051
59639.5	247510.676	247554.139	0.018
59639.6	247410.689	247554.139	0.058
59639.7	247397.671	247554.139	0.063
59639.8	247571.407	247554.139	0.007
59639.9	247781.660	247554.139	0.092
59640.0	247982.402	247554.139	0.173
59640.1	248161.654	247826.242	0.135
59640.2	248216.376	247826.242	0.157
59640.3	248101.303	247826.242	0.111
59640.4	247932.127	247826.242	0.043
59640.5	247740.945	247826.242	0.034
59640.6	247637.689	247826.242	0.076
59640.7	247656.008	247826.242	0.069
59640.8	247813.505	247826.242	0.005
59640.9	248040.789	247826.242	0.086
59641.0	248237.185	247826.242	0.166
59641.1	248427.126	248037.626	0.157
59641.2	248438.632	248037.626	0.161
59641.3	248332.426	248037.626	0.119
59641.4	248173.525	248037.626	0.055
59641.5	247982.074	248037.626	0.022
59641.6	247887.939	248037.626	0.060
59641.7	247916.904	248037.626	0.049
59641.8	248057.325	248037.626	0.008
59641.9	248289.283	248037.626	0.101
59642.0	248525.167	248037.626	0.196
59642.1	248674.721	248321.518	0.142
59642.2	248697.017	248321.518	0.151
59642.3	248598.775	248321.518	0.112
59642.4	248405.454	248321.518	0.034
59642.5	248230.651	248321.518	0.037
59642.6	248120.080	248321.518	0.081
59642.7	248171.117	248321.518	0.061
59642.8	248331.038	248321.518	0.004
59642.9	248563.940	248321.518	0.098
59643.0	248781.539	248321.518	0.185
59643.1	248923.192	248577.414	0.139
59643.2	248935.696	248577.414	0.144
59643.3	248818.133	248577.414	0.097
59643.4	248651.148	248577.414	0.030
59643.5	248486.355	248577.414	0.037
59643.6	248405.265	248577.414	0.069
59643.7	248435.411	248577.414	0.057
59643.8	248597.002	248577.414	0.008
59643.9	248785.085	248577.414	0.083
59644.0	249035.601	248577.414	0.184
59644.1	249186.284	248825.589	0.145
59644.2	249179.772	248825.589	0.142
59644.3	249086.021	248825.589	0.105
59644.4	248940.376	248825.589	0.046
59644.5	248750.375	248825.589	0.030
59644.6	248650.257	248825.589	0.071
59644.7	248662.293	248825.589	0.066
59644.8	248837.543	248825.589	0.005
59644.9	249077.908	248825.589	0.101
59645.0	249298.125	248825.589	0.190
59645.1	249400.797	249058.642	0.137
59645.2	249439.775	249058.642	0.153
59645.3	249349.013	249058.642	0.116
59645.4	249130.022	249058.642	0.029
59645.5	248982.428	249058.642	0.031
59645.6	248887.691	249058.642	0.069
59645.7	248921.607	249058.642	0.055
59645.8	249067.802	249058.642	0.004
59645.9	249330.590	249058.642	0.109
59646.0	249525.795	249058.642	0.187
59646.1	249668.247	249309.404	0.144
59646.2	249666.815	249309.404	0.143
59646.3	249592.338	249309.404	0.113
59646.4	249401.336	249309.404	0.037
59646.5	249240.571	249309.404	0.028
59646.6	249138.826	249309.404	0.068
59646.7	249161.322	249309.404	0.059
59646.8	249340.743	249309.404	0.013
59646.9	249585.016	249309.404	0.110
59647.0	249779.819	249309.404	0.188
59647.1	249925.464	249584.121	0.137
59647.2	249961.852	249584.121	0.151
59647.3	249856.042	249584.121	0.109
59647.4	249637.061	249584.121	0.021
59647.5	249443.640	249584.121	0.056
59647.6	249391.639	249584.121	0.077
59647.7	249395.193	249584.121	0.076
59647.8	249616.253	249584.121	0.013
59647.9	249824.200	249584.121	0.096
59648.0	250078.245	249584.121	0.198
59648.1	250153.735	249789.921	0.145
59648.2	250175.428	249789.921	0.154
59648.3	250066.400	249789.921	0.111
59648.4	249852.344	249789.921	0.025
59648.5	249697.659	249789.921	0.037
59648.6	249652.791	249789.921	0.055
59648.7	249662.286	249789.921	0.051
59648.8	249822.809	249789.921	0.013
59648.9	250082.942	249789.921	0.117
59649.0	250311.105	249789.921	0.208
59649.1	250436.524	250048.525	0.155
59649.2	250403.286	250048.525	0.142
59649.3	250322.471	250048.525	0.109
59649.4	250108.332	250048.525	0.024
59649.5	249960.003	250048.525	0.035
59649.6	249901.454	250048.525	0.059
59649.7	249908.008	250048.525	0.056
59649.8	250081.316	250048.525	0.013
59649.9	250311.895	250048.525	0.105
59650.0	250541.414	250048.525	0.197
59650.1	250687.851	250324.815	0.145
59650.2	250655.112	250324.815	0.132
59650.3	250554.934	250324.815	0.092
59650.4	250345.640	250324.815	0.008
59650.5	250180.206	250324.815	0.058
59650.6	250137.183	250324.815	0.075
59650.7	250174.929	250324.815	0.060
59650.8	250341.537	250324.815	0.007
59650.9	250596.220	250324.815	0.108
59651.0	250786.315	250324.815	0.184
59651.1	250942.567	250557.069	0.154
59651.2	250906.769	250557.069	0.139
59651.3	250775.402	250557.069	0.087
59651.4	250574.512	250557.069	0.007
59651.5	250425.566	250557.069	0.053
59651.6	250384.786	250557.069	0.069
59651.7	250424.913	250557.069	0.053
59651.8	250579.495	250557.069	0.009
59651.9	250827.783	250557.069	0.108
59652.0	251048.068	250557.069	0.196
59652.1	251136.118	250786.700	0.139
59652.2	251161.041	250786.700	0.149
59652.3	251027.230	250786.700	0.096
59652.4	250836.448	250786.700	0.020
59652.5	250668.651	250786.700	0.047
59652.6	250593.407	250786.700	0.077
59652.7	250665.549	250786.700	0.048
59652.8	250837.241	250786.700	0.020
59652.9	251101.820	250786.700	0.125
59653.0	251304.816	250786.700	0.206
59653.1	251413.877	251041.044	0.148
59653.2	251386.526	251041.044	0.137
59653.3	251250.280	251041.044	0.083
59653.4	251054.152	251041.044	0.005
59653.5	250925.757	251041.044	0.046
59653.6	250813.025	251041.044	0.091
59653.7	250915.357	251041.044	0.050
59653.8	251068.512	251041.044	0.011
59653.9	251319.882	251041.044	0.111
59654.0	251534.359	251041.044	0.196
59654.1	251632.124	251264.807	0.146
59654.2	251604.408	251264.807	0.135
59654.3	251513.096	251264.807	0.099
59654.4	251290.718	251264.807	0.010
59654.5	251100.213	251264.807	0.066
59654.6	251083.407	251264.807	0.072
59654.7	251169.568	251264.807	0.038
59654.8	251304.981	251264.807	0.016
59654.9	251576.052	251264.807	0.124
59655.0	251753.786	251264.807	0.194
59655.1	251862.246	251510.527	0.140
59655.2	251861.187	251510.527	0.139
59655.3	251721.832	251510.527	0.084
59655.4	251534.688	251510.527	0.010
59655.5	251358.912	251510.527	0.060
59655.6	251318.260	251510.527	0.077
59655.7	251383.853	251510.527	0.050
59655.8	251558.158	251510.527	0.019
59655.9	251785.780	251510.527	0.109
59656.0	252013.989	251510.527	0.200
59656.1	252102.638	251768.957	0.132
59656.2	252100.234	251768.957	0.131
59656.3	251950.870	251768.957	0.072
59656.4	251797.190	251768.957	0.011
59656.5	251585.813	251768.957	0.073
59656.6	251542.144	251768.957	0.090
59656.7	251619.347	251768.957	0.059
59656.8	251808.194	251768.957	0.016
59656.9	252022.341	251768.957	0.101
59657.0	252213.867	251768.957	0.176
59657.1	252391.946	251994.320	0.158
59657.2	252350.176	251994.320	0.141
59657.3	252194.864	251994.320	0.080
59657.4	252004.850	251994.320	0.004
59657.5	251850.483	251994.320	0.057
59657.6	251776.030	251994.320	0.087
59657.7	251884.253	251994.320	0.044
59657.8	252006.452	251994.320	0.005
59657.9	252316.666	251994.320	0.128
59658.0	252504.365	251994.320	0.202
59658.1	252585.072	252192.653	0.155
59658.2	252532.637	252192.653	0.135
59658.3	252417.123	252192.653	0.089
59658.4	252252.114	252192.653	0.024
59658.5	252064.341	252192.653	0.051
59658.6	252014.211	252192.653	0.071
59658.7	252074.103	252192.653	0.047
59658.8	252275.776	252192.653	0.033
59658.9	252548.193	252192.653	0.141
59659.0	252709.652	252192.653	0.205
59659.1	252838.668	252444.396	0.156
59659.2	252773.315	252444.396	0.130
59659.3	252657.080	252444.396	0.084
59659.4	252442.089	252444.396	0.001
59659.5	252292.751	252444.396	0.060
59659.6	252253.190	252444.396	0.076
59659.7	252341.503	252444.396	0.041
59659.8	252507.971	252444.396	0.025
59659.9	252741.087	252444.396	0.117
59660.0	252974.760	252444.396	0.210
59660.1	253063.033	252704.220	0.142
59660.2	253028.242	252704.220	0.128
59660.3	252848.873	252704.220	0.057
59660.4	252671.626	252704.220	0.013
59660.5	252501.714	252704.220	0.080
59660.6	252450.769	252704.220	0.100
59660.7	252561.801	252704.220	0.056
59660.8	252751.960	252704.220	0.019
59660.9	252965.886	252704.220	0.103
59661.0	253179.070	252704.220	0.188
59661.1	253288.878	252919.751	0.146
59661.2	253232.759	252919.751	0.124
59661.3	253083.694	252919.751	0.065
59661.4	252893.600	252919.751	0.010
59661.5	252742.717	252919.751	0.070
59661.6	252720.941	252919.751	0.079
59661.7	252807.381	252919.751	0.044
59661.8	252983.987	252919.751	0.025
59661.9	253229.726	252919.751	0.122
59662.0	253456.749	252919.751	0.212
59662.1	253507.467	253150.878	0.141
59662.2	253450.653	253150.878	0.118
59662.3	253308.416	253150.878	0.062
59662.4	253123.833	253150.878	0.011
59662.5	252960.765	253150.878	0.075
59662.6	252923.687	253150.878	0.090
59662.7	253017.493	253150.878	0.053
59662.8	253199.346	253150.878	0.019
59662.9	253447.763	253150.878	0.117
59663.0	253636.847	253150.878	0.192
59663.1	253716.652	253357.879	0.141
59663.2	253686.244	253357.879	0.129
59663.3	253503.777	253357.879	0.058
59663.4	253318.186	253357.879	0.016
59663.5	253195.007	253357.879	0.064
59663.6	253153.087	253357.879	0.081
59663.7	253250.989	253357.879	0.042
59663.8	253435.554	253357.879	0.031
59663.9	253646.732	253357.879	0.114
59664.0	253876.555	253357.879	0.204
59664.1	253925.205	253564.847	0.142
59664.2	253894.025	253564.847	0.130
59664.3	253767.798	253564.847	0.080
59664.4	253554.516	253564.847	0.004
59664.5	253428.182	253564.847	0.054
59664.6	253368.457	253564.847	0.078
59664.7	253465.331	253564.847	0.039
59664.8	253671.966	253564.847	0.042
59664.9	253907.099	253564.847	0.135
59665.0	254095.317	253564.847	0.209
59665.1	254174.456	253790.104	0.151
59665.2	254134.751	253790.104	0.136
59665.3	253975.775	253790.104	0.073
59665.4	253766.071	253790.104	0.009
59665.5	253622.975	253790.104	0.066
59665.6	253604.869	253790.104	0.073
59665.7	253683.075	253790.104	0.042
59665.8	253892.418	253790.104	0.040
59665.9	254128.728	253790.104	0.133
59666.0	254320.269	253790.104	0.208
59666.1	254395.651	254041.764	0.139
59666.2	254352.649	254041.764	0.122
59666.3	254142.675	254041.764	0.040
59666.4	253982.927	254041.764	0.023
59666.5	253839.516	254041.764	0.080
59666.6	253817.447	254041.764	0.088
59666.7	253920.941	254041.764	0.048
59666.8	254150.419	254041.764	0.043
59666.9	254357.745	254041.764	0.124
59667.0	254557.237	254041.764	0.202
59667.1	254607.450	254251.328	0.140
59667.2	254573.929	254251.328	0.127
59667.3	254390.556	254251.328	0.055
59667.4	254200.628	254251.328	0.020
59667.5	254055.954	254251.328	0.077
59667.6	254022.541	254251.328	0.090
59667.7	254139.447	254251.328	0.044
59667.8	254339.613	254251.328	0.035
59667.9	254569.301	254251.328	0.125
59668.0	254755.371	254251.328	0.198
59668.1	254850.245	254478.142	0.146
59668.2	254805.984	254478.142	0.129
59668.3	254621.944	254478.142	0.056
59668.4	254418.215	254478.142	0.024
59668.5	254271.321	254478.142	0.081
59668.6	254251.227	254478.142	0.089
59668.7	254337.711	254478.142	0.055
59668.8	254560.786	254478.142	0.032
59668.9	254777.820	254478.142	0.118
59669.0	254978.265	254478.142	0.196
59669.1	255033.388	254679.225	0.139
59669.2	254989.685	254679.225	0.122
59669.3	254783.963	254679.225	0.041
59669.4	254616.547	254679.225	0.025
59669.5	254500.304	254679.225	0.070
59669.6	254462.537	254679.225	0.085
59669.7	254557.949	254679.225	0.048
59669.8	254744.439	254679.225	0.026
59669.9	254996.677	254679.225	0.124
59670.0	255180.923	254679.225	0.197
59670.1	255248.484	254879.297	0.145
59670.2	255191.569	254879.297	0.122
59670.3	254991.531	254879.297	0.044
59670.4	254853.964	254879.297	0.010
59670.5	254717.310	254879.297	0.064
59670.6	254648.191	254879.297	0.091
59670.7	254765.292	254879.297	0.045
59670.8	254996.473	254879.297	0.046
59670.9	255241.574	254879.297	0.142
59671.0	255405.572	254879.297	0.206
59671.1	255451.710	255091.125	0.141
59671.2	255355.158	255091.125	0.103
59671.3	255221.647	255091.125	0.051
59671.4	255042.887	255091.125	0.019
59671.5	254871.375	255091.125	0.086
59671.6	254857.423	255091.125	0.092
59671.7	254987.927	255091.125	0.040
59671.8	255209.095	255091.125	0.046
59671.9	255445.501	255091.125	0.139
59672.0	255590.883	255091.125	0.196
59672.1	255669.246	255313.033	0.139
59672.2	255575.061	255313.033	0.103
59672.3	255419.755	255313.033	0.042
59672.4	255224.533	255313.033	0.035
59672.5	255121.694	255313.033	0.075
59672.6	255053.758	255313.033	0.102
59672.7	255176.907	255313.033	0.053
59672.8	255419.711	255313.033	0.042
59672.9	255611.130	255313.033	0.117
59673.0	255816.977	255313.033	0.197
59673.1	255872.339	255515.466	0.139
59673.2	255817.458	255515.466	0.118
59673.3	255632.226	255515.466	0.046
59673.4	255419.770	255515.466	0.037
59673.5	255309.136	255515.466	0.081
59673.6	255280.837	255515.466	0.092
59673.7	255425.400	255515.466	0.035
59673.8	255613.074	255515.466	0.038
59673.9	255850.911	255515.466	0.131
59674.0	256021.955	255515.466	0.198
59674.1	256059.873	255714.208	0.135
59674.2	256000.645	255714.208	0.112
59674.3	255812.066	255714.208	0.038
59674.4	255617.349	255714.208	0.038
59674.5	255497.454	255714.208	0.085
59674.6	255469.693	255714.208	0.096
59674.7	255576.812	255714.208	0.054
59674.8	255824.462	255714.208	0.043
59674.9	256045.426	255714.208	0.129
59675.0	256226.870	255714.208	0.200
59675.1	256290.718	255916.464	0.146
59675.2	256184.782	255916.464	0.105
59675.3	256014.478	255916.464	0.038
59675.4	255818.709	255916.464	0.038
59675.5	255703.662	255916.464	0.083
59675.6	255678.225	255916.464	0.093
59675.7	255817.058	255916.464	0.039
59675.8	255995.744	255916.464	0.031
59675.9	256261.546	255916.464	0.135
59676.0	256398.269	255916.464	0.188
59676.1	256483.378	256076.025	0.159
59676.2	256375.300	256076.025	0.117
59676.3	256212.869	256076.025	0.053
59676.4	256017.021	256076.025	0.023
59676.5	255881.697	256076.025	0.076
59676.6	255874.978	256076.025	0.079
59676.7	256016.222	256076.025	0.023
59676.8	256198.776	256076.025	0.048
59676.9	256450.348	256076.025	0.146
59677.0	256624.672	256076.025	0.214
59677.1	256668.790	256269.030	0.156
59677.2	256549.237	256269.030	0.109
59677.3	256402.253	256269.030	0.052
59677.4	256182.517	256269.030	0.034
59677.5	256048.810	256269.030	0.086
59677.6	256075.146	256269.030	0.076
59677.7	256193.589	256269.030	0.029
59677.8	256447.522	256269.030	0.070
59677.9	256638.182	256269.030	0.144
59678.0	256798.597	256269.030	0.206
59678.1	256838.427	256497.833	0.133
59678.2	256759.964	256497.833	0.102
59678.3	256532.929	256497.833	0.014
59678.4	256391.398	256497.833	0.042
59678.5	256236.538	256497.833	0.102
59678.6	256271.437	256497.833	0.088
59678.7	256364.548	256497.833	0.052
59678.8	256588.801	256497.833	0.035
59678.9	256791.617	256497.833	0.114
59679.0	257011.040	256497.833	0.200
59679.1	257021.760	256646.333	0.146
59679.2	256918.241	256646.333	0.106
59679.3	256760.467	256646.333	0.044
59679.4	256548.665	256646.333	0.038
59679.5	256432.142	256646.333	0.084
59679.6	256420.008	256646.333	0.088
59679.7	256591.114	256646.333	0.022
59679.8	256790.307	256646.333	0.056
59679.9	257021.394	256646.333	0.146
59680.0	257193.648	256646.333	0.213
59680.1	257206.791	256849.707	0.139
59680.2	257072.215	256849.707	0.087
59680.3	256939.516	256849.707	0.035
59680.4	256711.850	256849.707	0.054
59680.5	256599.817	256849.707	0.097
59680.6	256606.068	256849.707	0.095
59680.7	256787.771	256849.707	0.024
59680.8	256982.870	256849.707	0.052
59680.9	257171.750	256849.707	0.125
59681.0	257368.135	256849.707	0.201
59681.1	257359.371	257015.741	0.134
59681.2	257241.023	257015.741	0.088
59681.3	257103.640	257015.741	0.034
59681.4	256937.943	257015.741	0.030
59681.5	256795.026	257015.741	0.086
59681.6	256780.170	257015.741	0.092
59681.7	256957.460	257015.741	0.023
59681.8	257173.351	257015.741	0.061
59681.9	257412.965	257015.741	0.154
59682.0	257532.605	257015.741	0.201
59682.1	257554.304	257223.059	0.129
59682.2	257449.239	257223.059	0.088
59682.3	257260.699	257223.059	0.015
59682.4	257054.461	257223.059	0.066
59682.5	256938.853	257223.059	0.111
59682.6	256975.777	257223.059	0.096
59682.7	257103.452	257223.059	0.047
59682.8	257319.327	257223.059	0.037
59682.9	257548.176	257223.059	0.126
59683.0	257709.186	257223.059	0.189
59683.1	257729.177	257401.497	0.127
59683.2	257627.614	257401.497	0.088
59683.3	257429.415	257401.497	0.011
59683.4	257209.375	257401.497	0.075
59683.5	257129.790	257401.497	0.106
59683.6	257159.392	257401.497	0.094
59683.7	257299.574	257401.497	0.040
59683.8	257517.408	257401.497	0.045
59683.9	257745.540	257401.497	0.133
59684.0	257889.295	257401.497	0.189
59684.1	257898.147	257539.514	0.139
59684.2	257773.469	257539.514	0.091
59684.3	257632.414	257539.514	0.036
59684.4	257404.460	257539.514	0.052
59684.5	257277.334	257539.514	0.102
59684.6	257306.473	257539.514	0.091
59684.7	257439.434	257539.514	0.039
59684.8	257696.616	257539.514	0.061
59684.9	257932.929	257539.514	0.153
59685.0	258039.817	257539.514	0.194
59685.1	258048.348	257695.162	0.137
59685.2	257969.254	257695.162	0.106
59685.3	257758.660	257695.162	0.025
59685.4	257564.885	257695.162	0.051
59685.5	257454.032	257695.162	0.094
59685.6	257478.959	257695.162	0.084
59685.7	257631.318	257695.162	0.025
59685.8	257863.907	257695.162	0.065
59685.9	258082.797	257695.162	0.150
59686.0	258226.617	257695.162	0.206
59686.1	258224.904	257851.675	0.145
59686.2	258089.423	257851.675	0.092
59686.3	257939.628	257851.675	0.034
59686.4	257707.585	257851.675	0.056
59686.5	257618.997	257851.675	0.090
59686.6	257640.468	257851.675	0.082
59686.7	257798.519	257851.675	0.021
59686.8	258049.720	257851.675	0.077
59686.9	258238.449	257851.675	0.150
59687.0	258350.550	257851.675	0.193
59687.1	258381.749	258056.100	0.126
59687.2	258282.889	258056.100	0.088
59687.3	258074.530	258056.100	0.007
59687.4	257889.342	258056.100	0.065
59687.5	257807.096	258056.100	0.097
59687.6	257820.379	258056.100	0.091
59687.7	257961.584	258056.100	0.037
59687.8	258156.904	258056.100	0.039
59687.9	258408.774	258056.100	0.136
59688.0	258545.864	258056.100	0.189
59688.1	258563.747	258200.561	0.140
59688.2	258419.538	258200.561	0.085
59688.3	258234.575	258200.561	0.013
59688.4	258000.462	258200.561	0.078
59688.5	257958.932	258200.561	0.094
59688.6	257983.626	258200.561	0.084
59688.7	258132.267	258200.561	0.026
59688.8	258323.904	258200.561	0.048
59688.9	258556.429	258200.561	0.138
59689.0	258720.366	258200.561	0.201
59689.1	258694.041	258343.913	0.135
59689.2	258568.463	258343.913	0.087
59689.3	258361.686	258343.913	0.007
59689.4	258187.498	258343.913	0.061
59689.5	258090.158	258343.913	0.098
59689.6	258144.613	258343.913	0.077
59689.7	258239.486	258343.913	0.040
59689.8	258507.242	258343.913	0.063
59689.9	258722.547	258343.913	0.146
59690.0	258858.712	258343.913	0.199
59690.1	258819.237	258506.730	0.121
59690.2	258726.558	258506.730	0.085
59690.3	258490.163	258506.730	0.006
59690.4	258340.637	258506.730	0.064
59690.5	258240.760	258506.730	0.103
59690.6	258276.287	258506.730	0.089
59690.7	258469.482	258506.730	0.014
59690.8	258662.151	258506.730	0.060
59690.9	258877.755	258506.730	0.143
59691.0	259015.489	258506.730	0.196
59691.1	258995.201	258671.458	0.125
59691.2	258878.333	258671.458	0.080
59691.3	258701.717	258671.458	0.012
59691.4	258501.254	258671.458	0.066
59691.5	258357.928	258671.458	0.121
59691.6	258436.099	258671.458	0.091
59691.7	258610.376	258671.458	0.024
59691.8	258835.489	258671.458	0.063
59691.9	259022.050	258671.458	0.135
59692.0	259138.847	258671.458	0.180
59692.1	259119.233	258823.199	0.114
59692.2	258990.160	258823.199	0.064
59692.3	258810.472	258823.199	0.005
59692.4	258657.604	258823.199	0.064
59692.5	258535.370	258823.199	0.111
59692.6	258558.013	258823.199	0.103
59692.7	258731.898	258823.199	0.035
59692.8	258988.096	258823.199	0.064
59692.9	259196.558	258823.199	0.144
59693.0	259284.750	258823.199	0.178
59693.1	259274.556	258941.522	0.128
59693.2	259159.998	258941.522	0.084
59693.3	258979.632	258941.522	0.015
59693.4	258775.890	258941.522	0.064
59693.5	258673.903	258941.522	0.103
59693.6	258723.018	258941.522	0.084
59693.7	258893.172	258941.522	0.019
59693.8	259131.981	258941.522	0.073
59693.9	259334.221	258941.522	0.151
59694.0	259458.680	258941.522	0.199
59694.1	259424.431	259114.591	0.119
59694.2	259311.543	259114.591	0.076
59694.3	259108.723	259114.591	0.002
59694.4	258900.756	259114.591	0.083
59694.5	258822.118	259114.591	0.113
59694.6	258880.297	259114.591	0.091
59694.7	259058.679	259114.591	0.022
59694.8	259245.639	259114.591	0.051
59694.9	259477.335	259114.591	0.140
59695.0	259594.832	259114.591	0.185
59695.1	259548.403	259263.034	0.110
59695.2	259420.032	259263.034	0.061
59695.3	259236.969	259263.034	0.010
59695.4	259011.763	259263.034	0.097
59695.5	258928.277	259263.034	0.129
59695.6	259011.733	259263.034	0.097
59695.7	259202.615	259263.034	0.023
59695.8	259378.848	259263.034	0.045
59695.9	259611.863	259263.034	0.134
59696.0	259694.438	259263.034	0.166
59696.1	259698.248	259381.283	0.122
59696.2	259522.131	259381.283	0.054
59696.3	259324.324	259381.283	0.022
59696.4	259159.832	259381.283	0.085
59696.5	259085.025	259381.283	0.114
59696.6	259135.530	259381.283	0.095
59696.7	259302.546	259381.283	0.030
59696.8	259535.586	259381.283	0.059
59696.9	259740.898	259381.283	0.138
59697.0	259863.829	259381.283	0.186
59697.1	259828.751	259500.511	0.126
59697.2	259660.894	259500.511	0.062
59697.3	259461.217	259500.511	0.015
59697.4	259312.553	259500.511	0.072
59697.5	259207.049	259500.511	0.113
59697.6	259271.439	259500.511	0.088
59697.7	259474.137	259500.511	0.010
59697.8	259676.343	259500.511	0.068
59697.9	259872.205	259500.511	0.143
59698.0	259957.270	259500.511	0.176
59698.1	259938.991	259635.721	0.117
59698.2	259793.954	259635.721	0.061
59698.3	259598.564	259635.721	0.014
59698.4	259401.101	259635.721	0.090
59698.5	259310.242	259635.721	0.126
59698.6	259403.702	259635.721	0.089
59698.7	259571.855	259635.721	0.025
59698.8	259822.277	259635.721	0.072
59698.9	260029.264	259635.721	0.151
59699.0	260111.390	259635.721	0.183
59699.1	260073.527	259742.288	0.127
59699.2	259889.691	259742.288	0.057
59699.3	259704.231	259742.288	0.015
59699.4	259528.779	259742.288	0.082
59699.5	259456.668	259742.288	0.110
59699.6	259524.387	259742.288	0.084
59699.7	259689.157	259742.288	0.020
59699.8	259908.148	259742.288	0.064
59699.9	260145.404	259742.288	0.155
59700.0	260223.341	259742.288	0.185
59700.1	260196.464	259900.860	0.114
59700.2	260029.059	259900.860	0.049
59700.3	259787.710	259900.860	0.044
59700.4	259657.832	259900.860	0.094
59700.5	259575.559	259900.860	0.125
59700.6	259645.998	259900.860	0.098
59700.7	259827.503	259900.860	0.028
59700.8	260032.642	259900.860	0.051
59700.9	260229.453	259900.860	0.126
59701.0	260305.954	259900.860	0.156
59701.1	260295.189	259968.133	0.126
59701.2	260119.379	259968.133	0.058
59701.3	259904.973	259968.133	0.024
59701.4	259745.033	259968.133	0.086
59701.5	259703.052	259968.133	0.102
59701.6	259764.339	259968.133	0.078
59701.7	259940.495	259968.133	0.011
59701.8	260170.823	259968.133	0.078
59701.9	260341.224	259968.133	0.143
59702.0	260439.971	259968.133	0.181
59702.1	260383.946	260086.218	0.114
59702.2	260229.169	260086.218	0.055
59702.3	260029.751	260086.218	0.022
59702.4	259875.604	260086.218	0.081
59702.5	259792.502	260086.218	0.113
59702.6	259879.381	260086.218	0.080
59702.7	260059.494	260086.218	0.010
59702.8	260300.604	260086.218	0.082
59702.9	260483.215	260086.218	0.152
59703.0	260587.560	260086.218	0.192
59703.1	260530.029	260185.201	0.132
59703.2	260319.982	260185.201	0.052
59703.3	260132.665	260185.201	0.020
59703.4	259945.392	260185.201	0.092
59703.5	259893.846	260185.201	0.112
59703.6	259961.318	260185.201	0.086
59703.7	260136.656	260185.201	0.019
59703.8	260392.334	260185.201	0.080
59703.9	260575.294	260185.201	0.150
59704.0	260667.297	260185.201	0.185
59704.1	260597.513	260318.348	0.107
59704.2	260431.339	260318.348	0.043
59704.3	260237.157	260318.348	0.031
59704.4	260065.461	260318.348	0.097
59704.5	260024.390	260318.348	0.113
59704.6	260078.866	260318.348	0.092
59704.7	260257.782	260318.348	0.023
59704.8	260506.836	260318.348	0.072
59704.9	260660.397	260318.348	0.131
59705.0	260775.686	260318.348	0.175
59705.1	260721.157	260391.184	0.127
59705.2	260517.807	260391.184	0.049
59705.3	260336.230	260391.184	0.021
59705.4	260182.139	260391.184	0.080
59705.5	260103.330	260391.184	0.111
59705.6	260168.268	260391.184	0.086
59705.7	260390.617	260391.184	0.000
59705.8	260619.030	260391.184	0.087
59705.9	260748.214	260391.184	0.137
59706.0	260839.229	260391.184	0.172
59706.1	260805.926	260531.643	0.105
59706.2	260628.547	260531.643	0.037
59706.3	260416.406	260531.643	0.044
59706.4	260278.760	260531.643	0.097
59706.5	260210.480	260531.643	0.123
59706.6	260306.795	260531.643	0.086
59706.7	260492.529	260531.643	0.015
59706.8	260696.263	260531.643	0.063
59706.9	260880.217	260531.643	0.134
59707.0	260934.179	260531.643	0.154
59707.1	260876.613	260620.560	0.098
59707.2	260725.099	260620.560	0.040
59707.3	260500.105	260620.560	0.046
59707.4	260374.158	260620.560	0.095
59707.5	260305.547	260620.560	0.121
59707.6	260364.137	260620.560	0.098
59707.7	260583.231	260620.560	0.014
59707.8	260766.378	260620.560	0.056
59707.9	260961.510	260620.560	0.131
59708.0	261072.088	260620.560	0.173
59708.1	260949.165	260682.744	0.102
59708.2	260801.737	260682.744	0.046
59708.3	260569.101	260682.744	0.044
59708.4	260442.939	260682.744	0.092
59708.5	260409.193	260682.744	0.105
59708.6	260469.528	260682.744	0.082
59708.7	260666.605	260682.744	0.006
59708.8	260923.043	260682.744	0.092
59708.9	261053.606	260682.744	0.142
59709.0	261111.347	260682.744	0.164
59709.1	261061.515	260796.562	0.101
59709.2	260893.699	260796.562	0.037
59709.3	260698.398	260796.562	0.038
59709.4	260531.669	260796.562	0.102
59709.5	260462.391	260796.562	0.128
59709.6	260560.672	260796.562	0.091
59709.7	260760.666	260796.562	0.014
59709.8	260953.408	260796.562	0.060
59709.9	261147.031	260796.562	0.134
59710.0	261205.316	260796.562	0.156
59710.1	261116.674	260876.520	0.092
59710.2	260961.574	260876.520	0.033
59710.3	260762.113	260876.520	0.044
59710.4	260577.705	260876.520	0.115
59710.5	260557.214	260876.520	0.123
59710.6	260670.191	260876.520	0.079
59710.7	260851.338	260876.520	0.010
59710.8	261078.253	260876.520	0.077
59710.9	261221.648	260876.520	0.132
59711.0	261261.907	260876.520	0.148
59711.1	261199.096	260927.843	0.104
59711.2	261017.107	260927.843	0.034
59711.3	260816.781	260927.843	0.043
59711.4	260665.008	260927.843	0.101
59711.5	260622.321	260927.843	0.117
59711.6	260722.757	260927.843	0.079
59711.7	260914.471	260927.843	0.005
59711.8	261126.025	260927.843	0.076
59711.9	261297.192	260927.843	0.141
59712.0	261370.858	260927.843	0.169
59712.1	261284.733	260991.095	0.112
59712.2	261093.428	260991.095	0.039
59712.3	260898.688	260991.095	0.035
59712.4	260693.452	260991.095	0.114
59712.5	260716.671	260991.095	0.105
59712.6	260793.900	260991.095	0.076
59712.7	260992.896	260991.095	0.001
59712.8	261191.350	260991.095	0.077
59712.9	261373.901	260991.095	0.146
59713.0	261432.809	260991.095	0.169
59713.1	261346.229	261066.343	0.107
59713.2	261156.546	261066.343	0.035
59713.3	260978.178	261066.343	0.034
59713.4	260829.379	261066.343	0.091
59713.5	260741.325	261066.343	0.125
59713.6	260849.671	261066.343	0.083
59713.7	261039.666	261066.343	0.010
59713.8	261279.560	261066.343	0.082
59713.9	261433.040	261066.343	0.140
59714.0	261480.598	261066.343	0.158
59714.1	261386.035	261176.142	0.080
59714.2	261228.229	261176.142	0.020
59714.3	261023.001	261176.142	0.059
59714.4	260852.242	261176.142	0.124
59714.5	260850.690	261176.142	0.125
59714.6	260892.317	261176.142	0.109
59714.7	261130.905	261176.142	0.017
59714.8	261382.736	261176.142	0.079
59714.9	261509.469	261176.142	0.127
59715.0	261537.052	261176.142	0.138
59715.1	261455.025	261208.624	0.094
59715.2	261264.140	261208.624	0.021
59715.3	261053.431	261208.624	0.059
59715.4	260914.829	261208.624	0.113
59715.5	260918.534	261208.624	0.111
59715.6	260991.288	261208.624	0.083
59715.7	261175.286	261208.624	0.013
59715.8	261420.679	261208.624	0.081
59715.9	261593.400	261208.624	0.147
59716.0	261597.628	261208.624	0.149
59716.1	261502.443	261265.253	0.091
59716.2	261358.244	261265.253	0.036
59716.3	261138.119	261265.253	0.049
59716.4	260994.110	261265.253	0.104
59716.5	260955.877	261265.253	0.119
59716.6	261056.430	261265.253	0.080
59716.7	261238.189	261265.253	0.010
59716.8	261484.661	261265.253	0.084
59716.9	261634.853	261265.253	0.141
59717.0	261659.349	261265.253	0.151
59717.1	261590.238	261348.414	0.092
59717.2	261376.584	261348.414	0.011
59717.3	261190.907	261348.414	0.060
59717.4	261045.624	261348.414	0.116
59717.5	260973.776	261348.414	0.144
59717.6	261111.509	261348.414	0.091
59717.7	261343.099	261348.414	0.002
59717.8	261551.600	261348.414	0.078
59717.9	261701.053	261348.414	0.135
59718.0	261714.760	261348.414	0.140
59718.1	261622.193	261383.869	0.091
59718.2	261432.757	261383.869	0.019
59718.3	261215.871	261383.869	0.064
59718.4	261076.545	261383.869	0.118
59718.5	261061.611	261383.869	0.123
59718.6	261185.007	261383.869	0.076
59718.7	261396.678	261383.869	0.005
59718.8	261601.180	261383.869	0.083
59718.9	261716.720	261383.869	0.127
59719.0	261756.327	261383.869	0.142
59719.1	261691.577	261417.010	0.105
59719.2	261480.709	261417.010	0.024
59719.3	261290.809	261417.010	0.048
59719.4	261122.051	261417.010	0.113
59719.5	261116.097	261417.010	0.115
59719.6	261208.832	261417.010	0.080
59719.7	261428.580	261417.010	0.004
59719.8	261634.273	261417.010	0.083
59719.9	261806.299	261417.010	0.149
59720.0	261821.051	261417.010	0.154
59720.1	261702.006	261463.626	0.091
59720.2	261514.114	261463.626	0.019
59720.3	261295.273	261463.626	0.064
59720.4	261147.276	261463.626	0.121
59720.5	261135.959	261463.626	0.125
59720.6	261290.778	261463.626	0.066
59720.7	261482.240	261463.626	0.007
59720.8	261688.022	261463.626	0.086
59720.9	261837.289	261463.626	0.143
59721.0	261879.676	261463.626	0.159
59721.1	261738.768	261531.068	0.079
59721.2	261544.203	261531.068	0.005
59721.3	261328.173	261531.068	0.078
59721.4	261206.329	261531.068	0.124
59721.5	261214.322	261531.068	0.121
59721.6	261314.990	261531.068	0.083
59721.7	261504.547	261531.068	0.010
59721.8	261723.559	261531.068	0.074
59721.9	261878.229	261531.068	0.133
59722.0	261928.761	261531.068	0.152
59722.1	261759.539	261550.144	0.080
59722.2	261561.942	261550.144	0.005
59722.3	261382.840	261550.144	0.064
59722.4	261242.612	261550.144	0.118
59722.5	261232.808	261550.144	0.121
59722.6	261371.955	261550.144	0.068
59722.7	261551.437	261550.144	0.000
59722.8	261777.601	261550.144	0.087
59722.9	261886.749	261550.144	0.129
59723.0	261918.693	261550.144	0.141
59723.1	261774.753	261599.630	0.067
59723.2	261625.061	261599.630	0.010
59723.3	261428.910	261599.630	0.065
59723.4	261309.367	261599.630	0.111
59723.5	261273.594	261599.630	0.125
59723.6	261398.411	261599.630	0.077
59723.7	261605.874	261599.630	0.002
59723.8	261834.243	261599.630	0.090
59723.9	261936.591	261599.630	0.129
59724.0	261963.149	261599.630	0.139
59724.1	261837.405	261651.763	0.071
59724.2	261629.196	261651.763	0.009
59724.3	261441.950	261651.763	0.080
59724.4	261302.403	261651.763	0.134
59724.5	261309.817	261651.763	0.131
59724.6	261426.874	261651.763	0.086
59724.7	261648.065	261651.763	0.001
59724.8	261863.281	261651.763	0.081
59724.9	261989.080	261651.763	0.129
59725.0	261969.458	261651.763	0.121
59725.1	261865.840	261663.859	0.077
59725.2	261648.970	261663.859	0.006
59725.3	261494.162	261663.859	0.065
59725.4	261330.891	261663.859	0.127
59725.5	261326.899	261663.859	0.129
59725.6	261468.288	261663.859	0.075
59725.7	261658.998	261663.859	0.002
59725.8	261865.426	261663.859	0.077
59725.9	262012.546	261663.859	0.133
59726.0	261989.208	261663.859	0.124
59726.1	261883.938	261709.086	0.067
59726.2	261697.571	261709.086	0.004
59726.3	261507.215	261709.086	0.077
59726.4	261332.843	261709.086	0.144
59726.5	261360.565	261709.086	0.133
59726.6	261497.979	261709.086	0.081
59726.7	261694.267	261709.086	0.006
59726.8	261877.138	261709.086	0.064
59726.9	262024.708	261709.086	0.120
59727.0	262017.646	261709.086	0.118
59727.1	261895.301	261680.968	0.082
59727.2	261679.439	261680.968	0.001
59727.3	261506.909	261680.968	0.067
59727.4	261372.233	261680.968	0.118
59727.5	261354.139	261680.968	0.125
59727.6	261509.960	261680.968	0.065
59727.7	261726.025	261680.968	0.017
59727.8	261905.536	261680.968	0.086
59727.9	262039.217	261680.968	0.137
59728.0	262036.161	261680.968	0.136
59728.1	261935.241	261714.832	0.084
59728.2	261713.117	261714.832	0.001
59728.3	261490.995	261714.832	0.086
59728.4	261367.235	261714.832	0.133
59728.5	261396.334	261714.832	0.122
59728.6	261535.119	261714.832	0.069
59728.7	261736.528	261714.832	0.008
59728.8	261935.025	261714.832	0.084
59728.9	262061.310	261714.832	0.132
59729.0	262074.249	261714.832	0.137
59729.1	261911.002	261700.029	0.081
59729.2	261744.417	261700.029	0.017
59729.3	261481.641	261700.029	0.084
59729.4	261401.728	261700.029	0.114
59729.5	261400.701	261700.029	0.115
59729.6	261525.817	261700.029	0.067
59729.7	261740.270	261700.029	0.015
59729.8	261915.686	261700.029	0.082
59729.9	262047.962	261700.029	0.133
59730.0	262057.033	261700.029	0.136
59730.1	261899.873	261746.777	0.058
59730.2	261729.285	261746.777	0.007
59730.3	261506.389	261746.777	0.092
59730.4	261420.771	261746.777	0.125
59730.5	261413.770	261746.777	0.127
59730.6	261535.297	261746.777	0.081
59730.7	261761.550	261746.777	0.006
59730.8	261970.191	261746.777	0.085
59730.9	262063.131	261746.777	0.121
59731.0	262044.193	261746.777	0.113
59731.1	261922.818	261715.179	0.079
59731.2	261737.119	261715.179	0.008
59731.3	261517.497	261715.179	0.076
59731.4	261375.571	261715.179	0.130
59731.5	261418.960	261715.179	0.113
59731.6	261567.528	261715.179	0.056
59731.7	261755.187	261715.179	0.015
59731.8	261970.423	261715.179	0.097
59731.9	262058.400	261715.179	0.131
59732.0	262037.915	261715.179	0.123
59732.1	261914.860	261728.391	0.071
59732.2	261705.169	261728.391	0.009
59732.3	261505.607	261728.391	0.085
59732.4	261392.066	261728.391	0.129
59732.5	261416.209	261728.391	0.119
59732.6	261574.354	261728.391	0.059
59732.7	261758.318	261728.391	0.011
59732.8	261947.641	261728.391	0.084
59732.9	262050.288	261728.391	0.123
59733.0	262060.932	261728.391	0.127
59733.1	261890.206	261728.566	0.062
59733.2	261693.821	261728.566	0.013
59733.3	261495.499	261728.566	0.089
59733.4	261385.850	261728.566	0.131
59733.5	261431.834	261728.566	0.114
59733.6	261555.494	261728.566	0.066
59733.7	261757.277	261728.566	0.011
59733.8	261947.343	261728.566	0.084
59733.9	262075.559	261728.566	0.132
59734.0	262023.350	261728.566	0.113
59734.1	261901.662	261719.462	0.070
59734.2	261670.875	261719.462	0.019
59734.3	261475.620	261719.462	0.093
59734.4	261365.706	261719.462	0.135
59734.5	261419.784	261719.462	0.115
59734.6	261537.913	261719.462	0.069
59734.7	261741.763	261719.462	0.009
59734.8	261916.710	261719.462	0.075
59734.9	262048.263	261719.462	0.125
59735.0	261994.512	261719.462	0.105
59735.1	261843.892	261720.834	0.047
59735.2	261663.651	261720.834	0.022
59735.3	261456.242	261720.834	0.101
59735.4	261365.515	261720.834	0.136
59735.5	261358.414	261720.834	0.139
59735.6	261533.156	261720.834	0.072
59735.7	261734.198	261720.834	0.005
59735.8	261913.019	261720.834	0.073
59735.9	262013.525	261720.834	0.112
59736.0	262000.615	261720.834	0.107
59736.1	261837.267	261698.398	0.053
59736.2	261615.605	261698.398	0.032
59736.3	261445.542	261698.398	0.097
59736.4	261331.276	261698.398	0.140
59736.5	261360.530	261698.398	0.129
59736.6	261522.050	261698.398	0.067
59736.7	261696.644	261698.398	0.001
59736.8	261926.424	261698.398	0.087
59736.9	261995.544	261698.398	0.113
59737.0	261948.690	261698.398	0.096
59737.1	261823.729	261667.532	0.060
59737.2	261598.591	261667.532	0.026
59737.3	261386.880	261667.532	0.107
59737.4	261345.207	261667.532	0.123
59737.5	261336.815	261667.532	0.127
59737.6	261527.527	261667.532	0.054
59737.7	261719.194	261667.532	0.020
59737.8	261910.605	261667.532	0.093
59737.9	261952.905	261667.532	0.109
59738.0	261953.852	261667.532	0.109
59738.1	261764.513	261643.198	0.046
59738.2	261579.644	261643.198	0.024
59738.3	261384.034	261643.198	0.099
59738.4	261283.957	261643.198	0.137
59738.5	261346.793	261643.198	0.113
59738.6	261490.944	261643.198	0.058
59738.7	261684.803	261643.198	0.016
59738.8	261870.168	261643.198	0.087
59738.9	261955.062	261643.198	0.119
59739.0	261903.925	261643.198	0.100
59739.1	261753.196	261626.427	0.048
59739.2	261532.209	261626.427	0.036
59739.3	261370.165	261626.427	0.098
59739.4	261251.263	261626.427	0.144
59739.5	261311.052	261626.427	0.121
59739.6	261457.076	261626.427	0.065
59739.7	261645.633	261626.427	0.007
59739.8	261857.172	261626.427	0.088
59739.9	261901.828	261626.427	0.105
59740.0	261873.617	261626.427	0.094
59740.1	261709.350	261593.784	0.044
59740.2	261492.441	261593.784	0.039
59740.3	261294.670	261593.784	0.114
59740.4	261226.153	261593.784	0.141
59740.5	261272.955	261593.784	0.123
59740.6	261418.627	261593.784	0.067
59740.7	261621.525	261593.784	0.011
59740.8	261808.190	261593.784	0.082
59740.9	261853.767	261593.784	0.099
59741.0	261823.772	261593.784	0.088
59741.1	261666.826	261532.161	0.051
59741.2	261432.201	261532.161	0.038
59741.3	261265.067	261532.161	0.102
59741.4	261181.575	261532.161	0.134
59741.5	261213.260	261532.161	0.122
59741.6	261394.842	261532.161	0.053
59741.7	261571.572	261532.161	0.015
59741.8	261794.388	261532.161	0.100
59741.9	261812.251	261532.161	0.107
59742.0	261792.777	261532.161	0.100
59742.1	261615.332	261490.032	0.048
59742.2	261417.068	261490.032	0.028
59742.3	261244.184	261490.032	0.094
59742.4	261178.593	261490.032	0.119
59742.5	261203.416	261490.032	0.110
59742.6	261354.016	261490.032	0.052
59742.7	261545.179	261490.032	0.021
59742.8	261701.585	261490.032	0.081
59742.9	261805.761	261490.032	0.121
59743.0	261759.528	261490.032	0.103
59743.1	261603.889	261457.964	0.056
59743.2	261365.591	261457.964	0.035
59743.3	261189.337	261457.964	0.103
59743.4	261068.400	261457.964	0.149
59743.5	261182.870	261457.964	0.105
59743.6	261338.834	261457.964	0.046
59743.7	261499.369	261457.964	0.016
59743.8	261696.364	261457.964	0.091
59743.9	261754.725	261457.964	0.113
59744.0	261681.021	261457.964	0.085
59744.1	261510.286	261426.795	0.032
59744.2	261307.170	261426.795	0.046
59744.3	261134.429	261426.795	0.112
59744.4	261045.887	261426.795	0.146
59744.5	261107.014	261426.795	0.122
59744.6	261268.156	261426.795	0.061
59744.7	261480.457	261426.795	0.021
59744.8	261635.890	261426.795	0.080
59744.9	261704.799	261426.795	0.106
59745.0	261659.717	261426.795	0.089
59745.1	261451.489	261348.127	0.040
59745.2	261246.403	261348.127	0.039
59745.3	261083.730	261348.127	0.101
59745.4	260994.958	261348.127	0.135
59745.5	261047.937	261348.127	0.115
59745.6	261231.169	261348.127	0.045
59745.7	261433.096	261348.127	0.033
59745.8	261594.363	261348.127	0.094
59745.9	261640.098	261348.127	0.112
59746.0	261584.489	261348.127	0.090
59746.1	261413.571	261307.441	0.041
59746.2	261211.162	261307.441	0.037
59746.3	261006.107	261307.441	0.115
59746.4	260955.255	261307.441	0.135
59746.5	260998.520	261307.441	0.118
59746.6	261166.892	261307.441	0.054
59746.7	261357.641	261307.441	0.019
59746.8	261527.931	261307.441	0.084
59746.9	261595.477	261307.441	0.110
59747.0	261530.173	261307.441	0.085
59747.1	261367.590	261280.955	0.033
59747.2	261136.441	261280.955	0.055
59747.3	260958.351	261280.955	0.124
59747.4	260872.486	261280.955	0.157
59747.5	260944.875	261280.955	0.129
59747.6	261082.382	261280.955	0.076
59747.7	261353.713	261280.955	0.028
59747.8	261470.336	261280.955	0.072
59747.9	261536.066	261280.955	0.098
59748.0	261456.647	261280.955	0.067
59748.1	261314.862	261185.181	0.050
59748.2	261082.984	261185.181	0.039
59748.3	260932.611	261185.181	0.097
59748.4	260833.312	261185.181	0.135
59748.5	260880.767	261185.181	0.117
59748.6	261041.632	261185.181	0.055
59748.7	261269.810	261185.181	0.032
59748.8	261423.615	261185.181	0.091
59748.9	261473.105	261185.181	0.110
59749.0	261399.069	261185.181	0.082
59749.1	261234.872	261137.028	0.037
59749.2	260989.810	261137.028	0.056
59749.3	260827.377	261137.028	0.119
59749.4	260781.073	261137.028	0.136
59749.5	260832.732	261137.028	0.117
59749.6	260990.257	261137.028	0.056
59749.7	261178.126	261137.028	0.016
59749.8	261368.254	261137.028	0.088
59749.9	261405.464	261137.028	0.103
59750.0	261332.754	261137.028	0.075
59750.1	261149.470	261050.982	0.038
59750.2	260904.344	261050.982	0.056
59750.3	260762.407	261050.982	0.111
59750.4	260667.956	261050.982	0.147
59750.5	260772.764	261050.982	0.107
59750.6	260948.807	261050.982	0.039
59750.7	261136.513	261050.982	0.033
59750.8	261303.033	261050.982	0.096
59750.9	261350.789	261050.982	0.115
59751.0	261272.271	261050.982	0.085
59751.1	261058.353	260990.450	0.026
59751.2	260865.757	260990.450	0.048
59751.3	260669.484	260990.450	0.123
59751.4	260629.314	260990.450	0.139
59751.5	260712.168	260990.450	0.107
59751.6	260864.537	260990.450	0.048
59751.7	261064.542	260990.450	0.028
59751.8	261204.490	260990.450	0.082
59751.9	261266.883	260990.450	0.106
59752.0	261198.629	260990.450	0.080
59752.1	260967.702	260916.161	0.020
59752.2	260796.929	260916.161	0.046
59752.3	260604.757	260916.161	0.119
59752.4	260525.172	260916.161	0.150
59752.5	260634.841	260916.161	0.108
59752.6	260784.080	260916.161	0.051
59752.7	260990.139	260916.161	0.028
59752.8	261133.108	260916.161	0.083
59752.9	261194.762	260916.161	0.107
59753.0	261112.944	260916.161	0.075
59753.1	260901.166	260831.036	0.027
59753.2	260700.681	260831.036	0.050
59753.3	260536.366	260831.036	0.113
59753.4	260483.171	260831.036	0.134
59753.5	260552.839	260831.036	0.107
59753.6	260711.902	260831.036	0.046
59753.7	260925.219	260831.036	0.036
59753.8	261079.639	260831.036	0.095
59753.9	261089.637	260831.036	0.099
59754.0	261005.495	260831.036	0.067
59754.1	260813.514	260766.491	0.018
59754.2	260609.577	260766.491	0.060
59754.3	260434.361	260766.491	0.128
59754.4	260366.406	260766.491	0.154
59754.5	260441.793	260766.491	0.125
59754.6	260643.465	260766.491	0.047
59754.7	260827.291	260766.491	0.023
59754.8	260965.484	260766.491	0.076
59754.9	260996.625	260766.491	0.088
59755.0	260920.949	260766.491	0.059
59755.1	260733.336	260666.676	0.026
59755.2	260521.308	260666.676	0.056
59755.3	260353.834	260666.676	0.120
59755.4	260301.986	260666.676	0.140
59755.5	260390.710	260666.676	0.106
59755.6	260566.475	260666.676	0.038
59755.7	260728.553	260666.676	0.024
59755.8	260875.668	260666.676	0.080
59755.9	260914.069	260666.676	0.095
59756.0	260840.391	260666.676	0.067
59756.1	260665.094	260574.676	0.035
59756.2	260416.522	260574.676	0.061
59756.3	260234.345	260574.676	0.131
59756.4	260232.812	260574.676	0.131
59756.5	260285.492	260574.676	0.111
59756.6	260475.649	260574.676	0.038
59756.7	260665.316	260574.676	0.035
59756.8	260814.079	260574.676	0.092
59756.9	260836.564	260574.676	0.100
59757.0	260727.317	260574.676	0.059
59757.1	260540.294	260476.597	0.024
59757.2	260313.934	260476.597	0.062
59757.3	260146.699	260476.597	0.127
59757.4	260126.767	260476.597	0.134
59757.5	260228.580	260476.597	0.095
59757.6	260383.777	260476.597	0.036
59757.7	260582.240	260476.597	0.041
59757.8	260699.910	260476.597	0.086
59757.9	260735.621	260476.597	0.099
59758.0	260644.446	260476.597	0.064
59758.1	260439.664	260417.870	0.008
59758.2	260260.484	260417.870	0.060
59758.3	260069.348	260417.870	0.134
59758.4	259997.369	260417.870	0.162
59758.5	260116.102	260417.870	0.116
59758.6	260282.199	260417.870	0.052
59758.7	260472.720	260417.870	0.021
59758.8	260629.854	260417.870	0.081
59758.9	260638.288	260417.870	0.085
59759.0	260513.166	260417.870	0.037
59759.1	260335.248	260301.301	0.013
59759.2	260100.234	260301.301	0.077
59759.3	259960.842	260301.301	0.131
59759.4	259943.734	260301.301	0.138
59759.5	260012.643	260301.301	0.111
59759.6	260192.300	260301.301	0.042
59759.7	260382.546	260301.301	0.031
59759.8	260512.282	260301.301	0.081
59759.9	260507.388	260301.301	0.079
59760.0	260409.284	260301.301	0.041
59760.1	260206.752	260172.077	0.013
59760.2	260000.732	260172.077	0.066
59760.3	259851.017	260172.077	0.124
59760.4	259804.998	260172.077	0.141
59760.5	259904.503	260172.077	0.103
59760.6	260074.559	260172.077	0.037
59760.7	260275.104	260172.077	0.040
59760.8	260379.756	260172.077	0.080
59760.9	260410.823	260172.077	0.092
59761.0	260309.825	260172.077	0.053
59761.1	260111.168	260086.332	0.010
59761.2	259874.671	260086.332	0.081
59761.3	259743.090	260086.332	0.132
59761.4	259723.285	260086.332	0.140
59761.5	259818.056	260086.332	0.103
59761.6	259976.255	260086.332	0.042
59761.7	260164.098	260086.332	0.030
59761.8	260302.015	260086.332	0.083
59761.9	260286.586	260086.332	0.077
59762.0	260195.313	260086.332	0.042
59762.1	259993.762	259931.743	0.024
59762.2	259753.158	259931.743	0.069
59762.3	259635.288	259931.743	0.114
59762.4	259575.315	259931.743	0.137
59762.5	259678.579	259931.743	0.097
59762.6	259876.596	259931.743	0.021
59762.7	260040.253	259931.743	0.042
59762.8	260172.670	259931.743	0.093
59762.9	260156.617	259931.743	0.086
59763.0	260077.228	259931.743	0.056
59763.1	259854.904	259839.973	0.006
59763.2	259635.737	259839.973	0.079
59763.3	259536.646	259839.973	0.117
59763.4	259482.921	259839.973	0.138
59763.5	259577.825	259839.973	0.101
59763.6	259771.186	259839.973	0.026
59763.7	259946.315	259839.973	0.041
59763.8	260080.908	259839.973	0.093
59763.9	260048.310	259839.973	0.080
59764.0	259925.961	259839.973	0.033
59764.1	259729.354	259733.937	0.002
59764.2	259530.156	259733.937	0.079
59764.3	259416.438	259733.937	0.122
59764.4	259358.536	259733.937	0.145
59764.5	259492.987	259733.937	0.093
59764.6	259651.609	259733.937	0.032
59764.7	259832.098	259733.937	0.038
59764.8	259934.126	259733.937	0.077
59764.9	259936.206	259733.937	0.078
59765.0	259799.645	259733.937	0.025
59765.1	259591.705	259608.606	0.007
59765.2	259404.326	259608.606	0.079
59765.3	259268.376	259608.606	0.131
59765.4	259214.856	259608.606	0.152
59765.5	259338.400	259608.606	0.104
59765.6	259515.923	259608.606	0.036
59765.7	259704.774	259608.606	0.037
59765.8	259823.608	259608.606	0.083
59765.9	259812.247	259608.606	0.078
59766.0	259667.516	259608.606	0.023
59766.1	259489.199	259467.017	0.009
59766.2	259256.182	259467.017	0.081
59766.3	259135.932	259467.017	0.128
59766.4	259125.339	259467.017	0.132
59766.5	259198.322	259467.017	0.104
59766.6	259401.762	259467.017	0.025
59766.7	259593.597	259467.017	0.049
59766.8	259682.120	259467.017	0.083
59766.9	259696.191	259467.017	0.088
59767.0	259564.284	259467.017	0.037
59767.1	259328.453	259349.136	0.008
59767.2	259121.979	259349.136	0.088
59767.3	259003.963	259349.136	0.133
59767.4	258995.011	259349.136	0.137
59767.5	259094.300	259349.136	0.098
59767.6	259282.849	259349.136	0.026
59767.7	259451.742	259349.136	0.040
59767.8	259548.656	259349.136	0.077
59767.9	259534.704	259349.136	0.072
59768.0	259415.587	259349.136	0.026
59768.1	259186.752	259238.122	0.020
59768.2	259024.660	259238.122	0.082
59768.3	258849.372	259238.122	0.150
59768.4	258855.198	259238.122	0.148
59768.5	258969.168	259238.122	0.104
59768.6	259152.039	259238.122	0.033
59768.7	259321.505	259238.122	0.032
59768.8	259402.273	259238.122	0.063
59768.9	259400.933	259238.122	0.063
59769.0	259277.753	259238.122	0.015
59769.1	259073.253	259091.956	0.007
59769.2	258868.638	259091.956	0.086
59769.3	258733.456	259091.956	0.139
59769.4	258757.452	259091.956	0.129
59769.5	258836.754	259091.956	0.099
59769.6	259012.503	259091.956	0.031
59769.7	259195.688	259091.956	0.040
59769.8	259292.879	259091.956	0.077
59769.9	259296.179	259091.956	0.079
59770.0	259119.114	259091.956	0.010
59770.1	258941.663	258960.412	0.007
59770.2	258735.091	258960.412	0.087
59770.3	258577.803	258960.412	0.148
59770.4	258585.028	258960.412	0.145
59770.5	258703.396	258960.412	0.099
59770.6	258866.672	258960.412	0.036
59770.7	259054.721	258960.412	0.036
59770.8	259139.280	258960.412	0.069
59770.9	259113.586	258960.412	0.059
59771.0	259026.101	258960.412	0.025
59771.1	258791.010	258803.603	0.005
59771.2	258589.615	258803.603	0.083
59771.3	258449.827	258803.603	0.137
59771.4	258441.058	258803.603	0.140
59771.5	258559.790	258803.603	0.094
59771.6	258757.260	258803.603	0.018
59771.7	258902.848	258803.603	0.038
59771.8	259009.734	258803.603	0.080
59771.9	258982.165	258803.603	0.069
59772.0	258838.175	258803.603	0.013
59772.1	258643.911	258670.994	0.010
59772.2	258423.984	258670.994	0.096
59772.3	258317.753	258670.994	0.137
59772.4	258306.179	258670.994	0.141
59772.5	258454.054	258670.994	0.084
59772.6	258615.024	258670.994	0.022
59772.7	258812.802	258670.994	0.055
59772.8	258847.811	258670.994	0.068
59772.9	258836.090	258670.994	0.064
59773.0	258688.096	258670.994	0.007
59773.1	258463.861	258518.267	0.021
59773.2	258281.897	258518.267	0.092
59773.3	258166.226	258518.267	0.136
59773.4	258164.763	258518.267	0.137
59773.5	258280.787	258518.267	0.092
59773.6	258476.251	258518.267	0.016
59773.7	258620.720	258518.267	0.040
59773.8	258724.533	258518.267	0.080
59773.9	258669.618	258518.267	0.059
59774.0	258521.298	258518.267	0.001
59774.1	258307.081	258383.524	0.030
59774.2	258139.783	258383.524	0.094
59774.3	257998.209	258383.524	0.149
59774.4	258014.199	258383.524	0.143
59774.5	258138.824	258383.524	0.095
59774.6	258342.408	258383.524	0.016
59774.7	258496.275	258383.524	0.044
59774.8	258586.222	258383.524	0.078
59774.9	258541.408	258383.524	0.061
59775.0	258392.332	258383.524	0.003
59775.1	258175.225	258223.440	0.019
59775.2	257982.070	258223.440	0.094
59775.3	257867.603	258223.440	0.138
59775.4	257870.568	258223.440	0.137
59775.5	257984.288	258223.440	0.093
59775.6	258188.418	258223.440	0.014
59775.7	258316.247	258223.440	0.036
59775.8	258392.143	258223.440	0.065
59775.9	258385.586	258223.440	0.063
59776.0	258219.459	258223.440	0.002
59776.1	258000.665	258097.658	0.038
59776.2	257792.652	258097.658	0.118
59776.3	257715.897	258097.658	0.148
59776.4	257711.359	258097.658	0.150
59776.5	257842.279	258097.658	0.099
59776.6	258019.059	258097.658	0.030
59776.7	258176.110	258097.658	0.030
59776.8	258274.689	258097.658	0.069
59776.9	258213.265	258097.658	0.045
59777.0	258067.809	258097.658	0.012
59777.1	257837.786	257931.799	0.036
59777.2	257654.748	257931.799	0.108
59777.3	257568.512	257931.799	0.141
59777.4	257560.380	257931.799	0.144
59777.5	257682.489	257931.799	0.097
59777.6	257873.014	257931.799	0.023
59777.7	258041.853	257931.799	0.043
59777.8	258088.756	257931.799	0.061
59777.9	258063.131	257931.799	0.051
59778.0	257901.916	257931.799	0.012
59778.1	257670.121	257745.583	0.029
59778.2	257499.160	257745.583	0.096
59778.3	257387.100	257745.583	0.139
59778.4	257397.374	257745.583	0.135
59778.5	257505.082	257745.583	0.093
59778.6	257697.568	257745.583	0.019
59778.7	257855.575	257745.583	0.043
59778.8	257938.091	257745.583	0.075
59778.9	257884.709	257745.583	0.054
59779.0	257747.561	257745.583	0.001
59779.1	257524.678	257577.145	0.020
59779.2	257329.211	257577.145	0.096
59779.3	257217.323	257577.145	0.140
59779.4	257254.380	257577.145	0.125
59779.5	257365.124	257577.145	0.082
59779.6	257559.549	257577.145	0.007
59779.7	257717.376	257577.145	0.054
59779.8	257769.736	257577.145	0.075
59779.9	257713.392	257577.145	0.053
59780.0	257574.486	257577.145	0.001
59780.1	257324.095	257424.589	0.039
59780.2	257143.892	257424.589	0.109
59780.3	257054.594	257424.589	0.144
59780.4	257058.246	257424.589	0.143
59780.5	257210.724	257424.589	0.083
59780.6	257364.054	257424.589	0.024
59780.7	257533.476	257424.589	0.042
59780.8	257612.911	257424.589	0.073
59780.9	257527.784	257424.589	0.040
59781.0	257399.900	257424.589	0.010
59781.1	257188.504	257262.872	0.029
59781.2	256976.530	257262.872	0.111
59781.3	256893.597	257262.872	0.144
59781.4	256884.306	257262.872	0.147
59781.5	257050.530	257262.872	0.083
59781.6	257233.826	257262.872	0.011
59781.7	257377.206	257262.872	0.044
59781.8	257464.318	257262.872	0.078
59781.9	257378.441	257262.872	0.045
59782.0	257184.295	257262.872	0.031
59782.1	256979.674	257098.649	0.046
59782.2	256797.949	257098.649	0.117
59782.3	256688.439	257098.649	0.160
59782.4	256734.729	257098.649	0.142
59782.5	256888.942	257098.649	0.082
59782.6	257069.792	257098.649	0.011
59782.7	257200.159	257098.649	0.039
59782.8	257264.837	257098.649	0.065
59782.9	257212.518	257098.649	0.044
59783.0	257027.369	257098.649	0.028
59783.1	256813.207	256906.467	0.036
59783.2	256625.437	256906.467	0.110
59783.3	256542.878	256906.467	0.142
59783.4	256566.242	256906.467	0.133
59783.5	256697.723	256906.467	0.081
59783.6	256867.798	256906.467	0.015
59783.7	257022.927	256906.467	0.045
59783.8	257100.224	256906.467	0.075
59783.9	257018.067	256906.467	0.043
59784.0	256814.412	256906.467	0.036
59784.1	256623.406	256748.948	0.049
59784.2	256451.570	256748.948	0.116
59784.3	256372.032	256748.948	0.147
59784.4	256393.680	256748.948	0.139
59784.5	256527.048	256748.948	0.087
59784.6	256726.471	256748.948	0.009
59784.7	256867.614	256748.948	0.046
59784.8	256914.011	256748.948	0.064
59784.9	256831.160	256748.948	0.032
59785.0	256655.133	256748.948	0.037
59785.1	256460.088	256523.714	0.025
59785.2	256249.130	256523.714	0.107
59785.3	256169.624	256523.714	0.138
59785.4	256206.414	256523.714	0.124
59785.5	256331.577	256523.714	0.075
59785.6	256518.360	256523.714	0.002
59785.7	256693.764	256523.714	0.066
59785.8	256714.590	256523.714	0.074
59785.9	256629.933	256523.714	0.041
59786.0	256474.455	256523.714	0.019
59786.1	256267.296	256385.125	0.046
59786.2	256083.423	256385.125	0.118
59786.3	255990.875	256385.125	0.154
59786.4	256031.500	256385.125	0.138
59786.5	256194.451	256385.125	0.074
59786.6	256369.003	256385.125	0.006
59786.7	256483.797	256385.125	0.038
59786.8	256524.262	256385.125	0.054
59786.9	256437.763	256385.125	0.021
59787.0	256279.915	256385.125	0.041
59787.1	256047.623	256210.983	0.064
59787.2	255901.663	256210.983	0.121
59787.3	255810.267	256210.983	0.157
59787.4	255854.642	256210.983	0.139
59787.5	255991.018	256210.983	0.086
59787.6	256179.495	256210.983	0.012
59787.7	256319.818	256210.983	0.042
59787.8	256357.639	256210.983	0.057
59787.9	256270.406	256210.983	0.023
59788.0	256096.043	256210.983	0.045
59788.1	255876.136	255988.827	0.044
59788.2	255688.463	255988.827	0.117
59788.3	255612.425	255988.827	0.147
59788.4	255683.908	255988.827	0.119
59788.5	255798.772	255988.827	0.074
59788.6	256000.106	255988.827	0.004
59788.7	256125.474	255988.827	0.053
59788.8	256179.338	255988.827	0.074
59788.9	256093.937	255988.827	0.041
59789.0	255894.980	255988.827	0.037
59789.1	255697.763	255832.444	0.053
59789.2	255511.533	255832.444	0.126
59789.3	255453.562	255832.444	0.148
59789.4	255482.354	255832.444	0.137
59789.5	255613.311	255832.444	0.086
59789.6	255803.982	255832.444	0.011
59789.7	255967.968	255832.444	0.053
59789.8	255993.543	255832.444	0.063
59789.9	255874.524	255832.444	0.016
59790.0	255692.597	255832.444	0.055
59790.1	255492.485	255604.329	0.044
59790.2	255294.537	255604.329	0.121
59790.3	255234.379	255604.329	0.145
59790.4	255296.783	255604.329	0.120
59790.5	255440.616	255604.329	0.064
59790.6	255579.688	255604.329	0.010
59790.7	255713.701	255604.329	0.043
59790.8	255752.388	255604.329	0.058
59790.9	255667.594	255604.329	0.025
59791.0	255500.539	255604.329	0.041
59791.1	255271.646	255400.916	0.051
59791.2	255100.668	255400.916	0.118
59791.3	255043.092	255400.916	0.140
59791.4	255092.907	255400.916	0.121
59791.5	255249.629	255400.916	0.059
59791.6	255405.952	255400.916	0.002
59791.7	255540.717	255400.916	0.055
59791.8	255547.569	255400.916	0.057
59791.9	255472.982	255400.916	0.028
59792.0	255265.815	255400.916	0.053
59792.1	255076.118	255192.481	0.046
59792.2	254904.356	255192.481	0.113
59792.3	254845.396	255192.481	0.136
59792.4	254885.137	255192.481	0.121
59792.5	255034.202	255192.481	0.062
59792.6	255213.326	255192.481	0.008
59792.7	255350.132	255192.481	0.062
59792.8	255369.844	255192.481	0.069
59792.9	255293.320	255192.481	0.039
59793.0	255066.018	255192.481	0.050
59793.1	254864.062	255000.892	0.054
59793.2	254706.030	255000.892	0.116
59793.3	254634.598	255000.892	0.144
59793.4	254677.456	255000.892	0.127
59793.5	254864.978	255000.892	0.053
59793.6	255032.849	255000.892	0.013
59793.7	255140.332	255000.892	0.055
59793.8	255160.128	255000.892	0.062
59793.9	255078.710	255000.892	0.031
59794.0	254890.860	255000.892	0.043
59794.1	254675.887	254813.185	0.054
59794.2	254475.814	254813.185	0.133
59794.3	254435.848	254813.185	0.148
59794.4	254505.228	254813.185	0.121
59794.5	254666.632	254813.185	0.058
59794.6	254810.833	254813.185	0.001
59794.7	254958.586	254813.185	0.057
59794.8	254960.379	254813.185	0.058
59794.9	254853.740	254813.185	0.016
59795.0	254675.411	254813.185	0.054
59795.1	254430.985	254611.144	0.071
59795.2	254285.677	254611.144	0.128
59795.3	254246.885	254611.144	0.143
59795.4	254277.193	254611.144	0.131
59795.5	254470.428	254611.144	0.055
59795.6	254626.921	254611.144	0.006
59795.7	254746.331	254611.144	0.053
59795.8	254771.606	254611.144	0.063
59795.9	254647.628	254611.144	0.014
59796.0	254445.459	254611.144	0.065
59796.1	254237.920	254384.366	0.058
59796.2	254090.768	254384.366	0.116
59796.3	254002.090	254384.366	0.151
59796.4	254087.683	254384.366	0.117
59796.5	254245.226	254384.366	0.055
59796.6	254425.557	254384.366	0.016
59796.7	254546.115	254384.366	0.064
59796.8	254542.820	254384.366	0.062
59796.9	254417.857	254384.366	0.013
59797.0	254225.063	254384.366	0.063
59797.1	254014.785	254192.880	0.070
59797.2	253832.482	254192.880	0.142
59797.3	253808.108	254192.880	0.152
59797.4	253885.778	254192.880	0.121
59797.5	254041.848	254192.880	0.059
59797.6	254211.918	254192.880	0.007
59797.7	254315.716	254192.880	0.048
59797.8	254337.952	254192.880	0.057
59797.9	254222.326	254192.880	0.012
59798.0	254039.967	254192.880	0.060
59798.1	253805.736	253985.545	0.071
59798.2	253660.305	253985.545	0.128
59798.3	253625.000	253985.545	0.142
59798.4	253701.406	253985.545	0.112
59798.5	253837.147	253985.545	0.058
59798.6	253992.465	253985.545	0.003
59798.7	254123.844	253985.545	0.054
59798.8	254106.340	253985.545	0.048
59798.9	253985.610	253985.545	0.000
59799.0	253801.466	253985.545	0.073
59799.1	253589.991	253739.201	0.059
59799.2	253422.570	253739.201	0.125
59799.3	253401.672	253739.201	0.133
59799.4	253466.877	253739.201	0.107
59799.5	253629.904	253739.201	0.043
59799.6	253800.501	253739.201	0.024
59799.7	253904.051	253739.201	0.065
59799.8	253895.548	253739.201	0.062
59799.9	253789.425	253739.201	0.020
59800.0	253587.102	253739.201	0.060
59800.1	253364.844	253529.179	0.065
59800.2	253208.843	253529.179	0.127
59800.3	253176.029	253529.179	0.139
59800.4	253246.293	253529.179	0.112
59800.5	253420.249	253529.179	0.043
59800.6	253592.710	253529.179	0.025
59800.7	253695.047	253529.179	0.065
59800.8	253683.418	253529.179	0.061
59800.9	253537.630	253529.179	0.003
59801.0	253361.173	253529.179	0.066
59801.1	253123.112	253316.624	0.076
59801.2	253017.171	253316.624	0.118
59801.3	252975.203	253316.624	0.135
59801.4	253046.785	253316.624	0.107
59801.5	253211.428	253316.624	0.042
59801.6	253355.936	253316.624	0.016
59801.7	253458.162	253316.624	0.056
59801.8	253471.991	253316.624	0.061
59801.9	253309.100	253316.624	0.003
59802.0	253143.243	253316.624	0.068
59802.1	252929.604	253112.780	0.072
59802.2	252787.553	253112.780	0.129
59802.3	252747.986	253112.780	0.144
59802.4	252846.749	253112.780	0.105
59802.5	252988.726	253112.780	0.049
59802.6	253159.669	253112.780	0.019
59802.7	253234.107	253112.780	0.048
59802.8	253244.727	253112.780	0.052
59802.9	253117.870	253112.780	0.002
59803.0	252912.141	253112.780	0.079
59803.1	252710.386	252897.451	0.074
59803.2	252568.656	252897.451	0.130
59803.3	252544.494	252897.451	0.140
59803.4	252632.982	252897.451	0.105
59803.5	252785.170	252897.451	0.044
59803.6	252948.580	252897.451	0.020
59803.7	253034.076	252897.451	0.054
59803.8	253014.331	252897.451	0.046
59803.9	252872.915	252897.451	0.010
59804.0	252689.996	252897.451	0.082
59804.1	252476.735	252668.444	0.076
59804.2	252322.688	252668.444	0.137
59804.3	252298.617	252668.444	0.147
59804.4	252403.789	252668.444	0.105
59804.5	252559.357	252668.444	0.043
59804.6	252719.852	252668.444	0.020
59804.7	252803.335	252668.444	0.053
59804.8	252773.085	252668.444	0.041
59804.9	252664.242	252668.444	0.002
59805.0	252453.449	252668.444	0.085
59805.1	252277.369	252460.539	0.073
59805.2	252099.989	252460.539	0.143
59805.3	252077.084	252460.539	0.152
59805.4	252159.592	252460.539	0.119
59805.5	252315.347	252460.539	0.058
59805.6	252502.954	252460.539	0.017
59805.7	252573.749	252460.539	0.045
59805.8	252566.001	252460.539	0.042
59805.9	252428.063	252460.539	0.013
59806.0	252228.657	252460.539	0.092
59806.1	252038.885	252239.725	0.080
59806.2	251914.411	252239.725	0.129
59806.3	251879.664	252239.725	0.143
59806.4	251951.803	252239.725	0.114
59806.5	252134.911	252239.725	0.042
59806.6	252270.533	252239.725	0.012
59806.7	252355.042	252239.725	0.046
59806.8	252331.044	252239.725	0.036
59806.9	252217.739	252239.725	0.009
59807.0	252004.264	252239.725	0.093
59807.1	251812.153	252016.435	0.081
59807.2	251648.080	252016.435	0.146
59807.3	251682.249	252016.435	0.133
59807.4	251740.909	252016.435	0.109
59807.5	251902.164	252016.435	0.045
59807.6	252050.294	252016.435	0.013
59807.7	252119.708	252016.435	0.041
59807.8	252120.135	252016.435	0.041
59807.9	251964.465	252016.435	0.021
59808.0	251748.246	252016.435	0.107
59808.1	251571.258	251766.118	0.077
59808.2	251445.757	251766.118	0.127
59808.3	251417.813	251766.118	0.139
59808.4	251530.695	251766.118	0.094
59808.5	251667.296	251766.118	0.039
59808.6	251827.898	251766.118	0.025
59808.7	251908.059	251766.118	0.056
59808.8	251879.273	251766.118	0.045
59808.9	251723.482	251766.118	0.017
59809.0	251531.415	251766.118	0.093
59809.1	251351.664	251551.025	0.079
59809.2	251216.805	251551.025	0.133
59809.3	251201.861	251551.025	0.139
59809.4	251290.823	251551.025	0.104
59809.5	251466.900	251551.025	0.033
59809.6	251604.543	251551.025	0.021
59809.7	251682.844	251551.025	0.052
59809.8	251639.812	251551.025	0.035
59809.9	251517.819	251551.025	0.013
59810.0	251299.240	251551.025	0.100
59810.1	251081.616	251297.780	0.086
59810.2	250972.984	251297.780	0.129
59810.3	250973.224	251297.780	0.129
59810.4	251076.556	251297.780	0.088
59810.5	251228.616	251297.780	0.028
59810.6	251402.314	251297.780	0.042
59810.7	251443.052	251297.780	0.058
59810.8	251433.040	251297.780	0.054
59810.9	251260.593	251297.780	0.015
59811.0	251036.779	251297.780	0.104
59811.1	250869.753	251091.819	0.089
59811.2	250762.437	251091.819	0.131
59811.3	250727.639	251091.819	0.145
59811.4	250859.421	251091.819	0.093
59811.5	250999.287	251091.819	0.037
59811.6	251161.276	251091.819	0.028
59811.7	251225.183	251091.819	0.053
59811.8	251189.818	251091.819	0.039
59811.9	251038.256	251091.819	0.021
59812.0	250801.305	251091.819	0.116
59812.1	250607.861	250859.616	0.100
59812.2	250501.017	250859.616	0.143
59812.3	250507.193	250859.616	0.141
59812.4	250628.534	250859.616	0.092
59812.5	250769.161	250859.616	0.036
59812.6	250931.364	250859.616	0.029
59812.7	250982.150	250859.616	0.049
59812.8	250954.996	250859.616	0.038
59812.9	250814.661	250859.616	0.018
59813.0	250588.963	250859.616	0.108
59813.1	250396.388	250612.147	0.086
59813.2	250262.457	250612.147	0.140
59813.3	250284.376	250612.147	0.131
59813.4	250368.751	250612.147	0.097
59813.5	250524.703	250612.147	0.035
59813.6	250685.039	250612.147	0.029
59813.7	250747.496	250612.147	0.054
59813.8	250718.383	250612.147	0.042
59813.9	250524.900	250612.147	0.035
59814.0	250348.251	250612.147	0.105
59814.1	250155.770	250375.699	0.088
59814.2	250037.185	250375.699	0.135
59814.3	250046.691	250375.699	0.132
59814.4	250158.082	250375.699	0.087
59814.5	250304.807	250375.699	0.028
59814.6	250465.917	250375.699	0.036
59814.7	250509.947	250375.699	0.054
59814.8	250454.067	250375.699	0.031
59814.9	250322.390	250375.699	0.021
59815.0	250108.326	250375.699	0.107
59815.1	249888.869	250162.944	0.110
59815.2	249809.902	250162.944	0.141
59815.3	249820.944	250162.944	0.137
59815.4	249921.490	250162.944	0.097
59815.5	250081.682	250162.944	0.032
59815.6	250242.909	250162.944	0.032
59815.7	250249.845	250162.944	0.035
59815.8	250217.382	250162.944	0.022
59815.9	250068.201	250162.944	0.038
59816.0	249837.550	250162.944	0.130
59816.1	249695.977	249922.132	0.091
59816.2	249542.320	249922.132	0.152
59816.3	249581.324	249922.132	0.137
59816.4	249710.701	249922.132	0.085
59816.5	249856.008	249922.132	0.026
59816.6	249992.885	249922.132	0.028
59816.7	250036.800	249922.132	0.046
59816.8	249986.996	249922.132	0.026
59816.9	249824.177	249922.132	0.039
59817.0	249593.992	249922.132	0.131
59817.1	249425.189	249668.897	0.098
59817.2	249296.702	249668.897	0.149
59817.3	249327.177	249668.897	0.137
59817.4	249444.622	249668.897	0.090
59817.5	249605.971	249668.897	0.025
59817.6	249755.405	249668.897	0.035
59817.7	249833.956	249668.897	0.066
59817.8	249745.877	249668.897	0.031
59817.9	249567.126	249668.897	0.041
59818.0	249360.906	249668.897	0.124
59818.1	249164.327	249451.882	0.115
59818.2	249077.243	249451.882	0.150
59818.3	249096.117	249451.882	0.143
59818.4	249216.885	249451.882	0.094
59818.5	249352.178	249451.882	0.040
59818.6	249528.119	249451.882	0.031
59818.7	249581.151	249451.882	0.052
59818.8	249489.559	249451.882	0.015
59818.9	249334.629	249451.882	0.047
59819.0	249124.290	249451.882	0.131
59819.1	248931.487	249195.319	0.106
59819.2	248856.119	249195.319	0.136
59819.3	248876.621	249195.319	0.128
59819.4	248988.848	249195.319	0.083
59819.5	249138.514	249195.319	0.023
59819.6	249286.333	249195.319	0.037
59819.7	249323.008	249195.319	0.051
59819.8	249268.892	249195.319	0.030
59819.9	249084.734	249195.319	0.044
59820.0	248886.939	249195.319	0.124
59820.1	248707.049	248936.454	0.092
59820.2	248608.921	248936.454	0.132
59820.3	248645.288	248936.454	0.117
59820.4	248731.737	248936.454	0.082
59820.5	248921.474	248936.454	0.006
59820.6	249031.980	248936.454	0.038
59820.7	249069.233	248936.454	0.053
59820.8	248997.431	248936.454	0.024
59820.9	248837.919	248936.454	0.040
59821.0	248637.324	248936.454	0.120
59821.1	248456.907	248690.505	0.094
59821.2	248335.771	248690.505	0.143
59821.3	248385.001	248690.505	0.123
59821.4	248488.455	248690.505	0.081
59821.5	248679.760	248690.505	0.004
59821.6	248814.373	248690.505	0.050
59821.7	248836.515	248690.505	0.059
59821.8	248760.954	248690.505	0.028
59821.9	248585.816	248690.505	0.042
59822.0	248360.205	248690.505	0.133
59822.1	248205.743	248469.190	0.106
59822.2	248124.172	248469.190	0.139
59822.3	248125.674	248469.190	0.138
59822.4	248254.283	248469.190	0.087
59822.5	248422.057	248469.190	0.019
59822.6	248556.545	248469.190	0.035
59822.7	248589.923	248469.190	0.049
59822.8	248500.444	248469.190	0.013
59822.9	248322.772	248469.190	0.059
59823.0	248134.719	248469.190	0.135
59823.1	247953.363	248194.012	0.097
59823.2	247874.142	248194.012	0.129
59823.3	247890.628	248194.012	0.122
59823.4	248047.727	248194.012	0.059
59823.5	248177.783	248194.012	0.007
59823.6	248311.063	248194.012	0.047
59823.7	248353.838	248194.012	0.064
59823.8	248251.713	248194.012	0.023
59823.9	248083.802	248194.012	0.044
59824.0	247868.848	248194.012	0.131
59824.1	247662.536	247958.638	0.120
59824.2	247623.778	247958.638	0.135
59824.3	247655.234	247958.638	0.123
59824.4	247801.482	247958.638	0.063
59824.5	247944.180	247958.638	0.006
59824.6	248053.382	247958.638	0.038
59824.7	248105.993	247958.638	0.059
59824.8	248014.447	247958.638	0.023
59824.9	247833.047	247958.638	0.051
59825.0	247616.497	247958.638	0.138
59825.1	247447.733	247720.159	0.110
59825.2	247372.325	247720.159	0.141
59825.3	247418.669	247720.159	0.122
59825.4	247529.716	247720.159	0.077
59825.5	247711.327	247720.159	0.004
59825.6	247819.170	247720.159	0.040
59825.7	247833.309	247720.159	0.046
59825.8	247764.134	247720.159	0.018
59825.9	247603.382	247720.159	0.047
59826.0	247374.566	247720.159	0.140
59826.1	247208.333	247484.485	0.112
59826.2	247158.783	247484.485	0.132
59826.3	247181.870	247484.485	0.122
59826.4	247306.552	247484.485	0.072
59826.5	247490.920	247484.485	0.003
59826.6	247570.879	247484.485	0.035
59826.7	247584.762	247484.485	0.041
59826.8	247513.661	247484.485	0.012
59826.9	247313.024	247484.485	0.069
59827.0	247118.683	247484.485	0.148
59827.1	246965.675	247233.843	0.109
59827.2	246880.371	247233.843	0.143
59827.3	246919.347	247233.843	0.127
59827.4	247086.264	247233.843	0.060
59827.5	247219.246	247233.843	0.006
59827.6	247338.182	247233.843	0.042
59827.7	247361.601	247233.843	0.052
59827.8	247262.950	247233.843	0.012
59827.9	247071.236	247233.843	0.066
59828.0	246865.671	247233.843	0.149
59828.1	246711.143	247009.384	0.121
59828.2	246668.438	247009.384	0.138
59828.3	246708.596	247009.384	0.122
59828.4	246838.178	247009.384	0.069
59828.5	246972.940	247009.384	0.015
59828.6	247105.277	247009.384	0.039
59828.7	247100.910	247009.384	0.037
59828.8	247008.956	247009.384	0.000
59828.9	246819.529	247009.384	0.077
59829.0	246624.140	247009.384	0.156
59829.1	246445.684	246769.989	0.132
59829.2	246415.036	246769.989	0.144
59829.3	246458.368	246769.989	0.126
59829.4	246603.622	246769.989	0.067
59829.5	246737.025	246769.989	0.013
59829.6	246855.261	246769.989	0.035
59829.7	246877.208	246769.989	0.043
59829.8	246757.754	246769.989	0.005
59829.9	246578.253	246769.989	0.078
59830.0	246368.528	246769.989	0.163
59830.1	246229.737	246495.140	0.108
59830.2	246174.134	246495.140	0.130
59830.3	246220.649	246495.140	0.111
59830.4	246367.829	246495.140	0.052
59830.5	246478.408	246495.140	0.007
59830.6	246581.517	246495.140	0.035
59830.7	246614.008	246495.140	0.048
59830.8	246505.317	246495.140	0.004
59830.9	246321.962	246495.140	0.070
59831.0	246113.932	246495.140	0.155
59831.1	245975.646	246255.205	0.114
59831.2	245896.808	246255.205	0.146
59831.3	245981.718	246255.205	0.111
59831.4	246119.037	246255.205	0.055
59831.5	246281.406	246255.205	0.011
59831.6	246359.594	246255.205	0.042
59831.7	246363.334	246255.205	0.044
59831.8	246265.363	246255.205	0.004
59831.9	246069.687	246255.205	0.075
59832.0	245897.049	246255.205	0.146
59832.1	245745.492	246019.099	0.111
59832.2	245656.370	246019.099	0.148
59832.3	245708.258	246019.099	0.127
59832.4	245883.700	246019.099	0.055
59832.5	246008.493	246019.099	0.004
59832.6	246137.466	246019.099	0.048
59832.7	246126.176	246019.099	0.044
59832.8	246001.792	246019.099	0.007
59832.9	245839.338	246019.099	0.073
59833.0	245629.129	246019.099	0.159
59833.1	245491.897	245778.876	0.117
59833.2	245428.685	245778.876	0.143
59833.3	245496.460	245778.876	0.115
59833.4	245609.833	245778.876	0.069
59833.5	245773.646	245778.876	0.002
59833.6	245862.925	245778.876	0.034
59833.7	245863.090	245778.876	0.034
59833.8	245773.131	245778.876	0.002
59833.9	245584.706	245778.876	0.079
59834.0	245386.520	245778.876	0.160
59834.1	245250.818	245514.821	0.108
59834.2	245162.293	245514.821	0.144
59834.3	245271.652	245514.821	0.099
59834.4	245413.482	245514.821	0.041
59834.5	245539.547	245514.821	0.010
59834.6	245654.063	245514.821	0.057
59834.7	245625.556	245514.821	0.045
59834.8	245519.604	245514.821	0.002
59834.9	245330.595	245514.821	0.075
59835.0	245130.703	245514.821	0.157
59835.1	244992.743	245276.121	0.116
59835.2	244948.969	245276.121	0.134
59835.3	245018.959	245276.121	0.105
59835.4	245150.964	245276.121	0.051
59835.5	245302.253	245276.121	0.011
59835.6	245403.639	245276.121	0.052
59835.7	245386.645	245276.121	0.045
59835.8	245291.556	245276.121	0.006
59835.9	245085.814	245276.121	0.078
59836.0	244887.950	245276.121	0.159
59836.1	244737.269	245049.820	0.128
59836.2	244708.759	245049.820	0.139
59836.3	244756.246	245049.820	0.120
59836.4	244914.759	245049.820	0.055
59836.5	245067.784	245049.820	0.007
59836.6	245167.742	245049.820	0.048
59836.7	245148.527	245049.820	0.040
59836.8	245012.344	245049.820	0.015
59836.9	244833.478	245049.820	0.088
59837.0	244616.900	245049.820	0.177
59837.1	244495.691	244809.623	0.128
59837.2	244467.394	244809.623	0.140
59837.3	244529.619	244809.623	0.115
59837.4	244705.009	244809.623	0.043
59837.5	244832.053	244809.623	0.009
59837.6	244917.787	244809.623	0.044
59837.7	244898.574	244809.623	0.036
59837.8	244772.867	244809.623	0.015
59837.9	244574.874	244809.623	0.096
59838.0	244387.312	244809.623	0.173
59838.1	244253.539	244542.483	0.118
59838.2	244227.644	244542.483	0.129
59838.3	244279.391	244542.483	0.108
59838.4	244440.677	244542.483	0.042
59838.5	244582.252	244542.483	0.016
59838.6	244694.475	244542.483	0.062
59838.7	244645.064	244542.483	0.042
59838.8	244530.616	244542.483	0.005
59838.9	244332.518	244542.483	0.086
59839.0	244131.025	244542.483	0.169
59839.1	244021.975	244316.626	0.121
59839.2	243961.085	244316.626	0.146
59839.3	244066.307	244316.626	0.103
59839.4	244192.937	244316.626	0.051
59839.5	244348.078	244316.626	0.013
59839.6	244444.119	244316.626	0.052
59839.7	244432.856	244316.626	0.048
59839.8	244289.797	244316.626	0.011
59839.9	244102.176	244316.626	0.088
59840.0	243910.232	244316.626	0.167
59840.1	243780.956	244088.839	0.126
59840.2	243720.217	244088.839	0.151
59840.3	243828.526	244088.839	0.107
59840.4	243955.989	244088.839	0.054
59840.5	244126.518	244088.839	0.015
59840.6	244193.439	244088.839	0.043
59840.7	244180.261	244088.839	0.037
59840.8	244008.283	244088.839	0.033
59840.9	243844.638	244088.839	0.100
59841.0	243667.339	244088.839	0.173
59841.1	243523.245	243796.251	0.112
59841.2	243505.468	243796.251	0.119
59841.3	243602.241	243796.251	0.080
59841.4	243731.539	243796.251	0.027
59841.5	243901.648	243796.251	0.043
59841.6	243957.429	243796.251	0.066
59841.7	243901.646	243796.251	0.043
59841.8	243766.356	243796.251	0.012
59841.9	243602.576	243796.251	0.080
59842.0	243411.372	243796.251	0.158
59842.1	243280.531	243597.776	0.130
59842.2	243264.141	243597.776	0.137
59842.3	243314.425	243597.776	0.116
59842.4	243521.700	243597.776	0.031
59842.5	243626.300	243597.776	0.012
59842.6	243720.278	243597.776	0.050
59842.7	243701.748	243597.776	0.043
59842.8	243539.516	243597.776	0.024
59842.9	243344.993	243597.776	0.104
59843.0	243194.393	243597.776	0.166
59843.1	243052.362	243370.003	0.131
59843.2	243036.645	243370.003	0.137
59843.3	243114.404	243370.003	0.105
59843.4	243234.500	243370.003	0.056
59843.5	243392.248	243370.003	0.009
59843.6	243482.973	243370.003	0.046
59843.7	243448.167	243370.003	0.032
59843.8	243310.086	243370.003	0.025
59843.9	243116.359	243370.003	0.104
59844.0	242924.238	243370.003	0.183
59844.1	242797.650	243105.697	0.127
59844.2	242797.763	243105.697	0.127
59844.3	242877.976	243105.697	0.094
59844.4	243023.412	243105.697	0.034
59844.5	243169.919	243105.697	0.026
59844.6	243209.794	243105.697	0.043
59844.7	243198.633	243105.697	0.038
59844.8	243055.573	243105.697	0.021
59844.9	242872.250	243105.697	0.096
59845.0	242642.872	243105.697	0.191
59845.1	242568.082	242841.229	0.113
59845.2	242544.802	242841.229	0.122
59845.3	242653.719	242841.229	0.077
59845.4	242789.410	242841.229	0.021
59845.5	242933.528	242841.229	0.038
59845.6	242985.799	242841.229	0.059
59845.7	242959.644	242841.229	0.049
59845.8	242814.653	242841.229	0.011
59845.9	242618.879	242841.229	0.092
59846.0	242426.315	242841.229	0.171
59846.1	242326.638	242613.838	0.119
59846.2	242305.696	242613.838	0.127
59846.3	242402.915	242613.838	0.087
59846.4	242541.159	242613.838	0.030
59846.5	242686.858	242613.838	0.030
59846.6	242736.813	242613.838	0.051
59846.7	242722.630	242613.838	0.045
59846.8	242574.586	242613.838	0.016
59846.9	242389.263	242613.838	0.093
59847.0	242197.221	242613.838	0.172
59847.1	242100.043	242388.888	0.119
59847.2	242094.241	242388.888	0.122
59847.3	242155.779	242388.888	0.096
59847.4	242294.521	242388.888	0.039
59847.5	242453.181	242388.888	0.027
59847.6	242528.459	242388.888	0.058
59847.7	242459.104	242388.888	0.029
59847.8	242322.350	242388.888	0.027
59847.9	242121.449	242388.888	0.110
59848.0	241943.898	242388.888	0.184
59848.1	241860.806	242151.176	0.120
59848.2	241843.089	242151.176	0.127
59848.3	241958.251	242151.176	0.080
59848.4	242111.679	242151.176	0.016
59848.5	242232.942	242151.176	0.034
59848.6	242280.016	242151.176	0.053
59848.7	242248.477	242151.176	0.040
59848.8	242081.863	242151.176	0.029
59848.9	241894.294	242151.176	0.106
59849.0	241691.419	242151.176	0.190
59849.1	241596.099	241889.575	0.121
59849.2	241622.021	241889.575	0.111
59849.3	241712.438	241889.575	0.073
59849.4	241855.961	241889.575	0.014
59849.5	242000.534	241889.575	0.046
59849.6	242046.665	241889.575	0.065
59849.7	242011.726	241889.575	0.050
59849.8	241858.349	241889.575	0.013
59849.9	241681.800	241889.575	0.086
59850.0	241488.721	241889.575	0.166
59850.1	241359.064	241653.754	0.122
59850.2	241399.025	241653.754	0.106
59850.3	241492.481	241653.754	0.067
59850.4	241648.812	241653.754	0.002
59850.5	241769.205	241653.754	0.048
59850.6	241814.505	241653.754	0.066
59850.7	241738.912	241653.754	0.035
59850.8	241608.437	241653.754	0.019
59850.9	241391.598	241653.754	0.109
59851.0	241238.454	241653.754	0.172
59851.1	241146.978	241458.567	0.129
59851.2	241176.940	241458.567	0.117
59851.3	241274.344	241458.567	0.076
59851.4	241419.492	241458.567	0.016
59851.5	241552.583	241458.567	0.039
59851.6	241595.728	241458.567	0.057
59851.7	241531.660	241458.567	0.030
59851.8	241387.189	241458.567	0.030
59851.9	241166.640	241458.567	0.121
59852.0	241026.451	241458.567	0.179
59852.1	240912.868	241226.550	0.130
59852.2	240918.535	241226.550	0.128
59852.3	241043.074	241226.550	0.076
59852.4	241177.940	241226.550	0.020
59852.5	241324.459	241226.550	0.041
59852.6	241365.292	241226.550	0.057
59852.7	241273.349	241226.550	0.019
59852.8	241126.107	241226.550	0.042
59852.9	240983.763	241226.550	0.101
59853.0	240766.024	241226.550	0.191
59853.1	240690.732	240994.114	0.126
59853.2	240700.839	240994.114	0.122
59853.3	240814.528	240994.114	0.075
59853.4	240952.030	240994.114	0.017
59853.5	241109.537	240994.114	0.048
59853.6	241125.666	240994.114	0.055
59853.7	241080.638	240994.114	0.036
59853.8	240932.414	240994.114	0.026
59853.9	240696.768	240994.114	0.124
59854.0	240558.651	240994.114	0.181
59854.1	240445.773	240777.497	0.138
59854.2	240484.213	240777.497	0.122
59854.3	240600.988	240777.497	0.073
59854.4	240739.137	240777.497	0.016
59854.5	240858.894	240777.497	0.034
59854.6	240910.133	240777.497	0.055
59854.7	240864.718	240777.497	0.036
59854.8	240688.749	240777.497	0.037
59854.9	240491.403	240777.497	0.119
59855.0	240300.863	240777.497	0.198
59855.1	240228.645	240522.603	0.122
59855.2	240242.390	240522.603	0.117
59855.3	240374.976	240522.603	0.061
59855.4	240513.919	240522.603	0.004
59855.5	240633.325	240522.603	0.046
59855.6	240699.086	240522.603	0.073
59855.7	240612.610	240522.603	0.037
59855.8	240444.827	240522.603	0.032
59855.9	240234.136	240522.603	0.120
59856.0	240082.532	240522.603	0.183
59856.1	240026.138	240334.497	0.128
59856.2	240055.233	240334.497	0.116
59856.3	240191.801	240334.497	0.059
59856.4	240291.479	240334.497	0.018
59856.5	240438.581	240334.497	0.043
59856.6	240487.079	240334.497	0.063
59856.7	240398.416	240334.497	0.027
59856.8	240216.583	240334.497	0.049
59856.9	240031.165	240334.497	0.126
59857.0	239879.602	240334.497	0.190
59857.1	239812.524	240070.924	0.108
59857.2	239818.695	240070.924	0.105
59857.3	239970.416	240070.924	0.042
59857.4	240084.785	240070.924	0.006
59857.5	240204.391	240070.924	0.056
59857.6	240213.253	240070.924	0.059
59857.7	240135.604	240070.924	0.027
59857.8	240003.420	240070.924	0.028
59857.9	239804.302	240070.924	0.111
59858.0	239653.157	240070.924	0.174
59858.1	239574.320	239872.595	0.125
59858.2	239635.392	239872.595	0.099
59858.3	239736.679	239872.595	0.057
59858.4	239892.028	239872.595	0.008
59858.5	240012.223	239872.595	0.058
59858.6	240019.733	239872.595	0.061
59858.7	239953.832	239872.595	0.034
59858.8	239778.798	239872.595	0.039
59858.9	239578.172	239872.595	0.123
59859.0	239427.750	239872.595	0.186
59859.1	239377.527	239664.884	0.120
59859.2	239415.481	239664.884	0.104
59859.3	239531.874	239664.884	0.056
59859.4	239662.660	239664.884	0.001
59859.5	239808.762	239664.884	0.060
59859.6	239801.721	239664.884	0.057
59859.7	239704.741	239664.884	0.017
59859.8	239555.873	239664.884	0.046
59859.9	239380.963	239664.884	0.119
59860.0	239191.631	239664.884	0.198
59860.1	239142.160	239458.864	0.132
59860.2	239197.296	239458.864	0.109
59860.3	239328.892	239458.864	0.054
59860.4	239460.405	239458.864	0.001
59860.5	239566.718	239458.864	0.045
59860.6	239597.748	239458.864	0.058
59860.7	239513.632	239458.864	0.023
59860.8	239346.127	239458.864	0.047
59860.9	239132.154	239458.864	0.137
59861.0	238996.851	239458.864	0.193
59861.1	238923.476	239240.744	0.133
59861.2	238992.290	239240.744	0.104
59861.3	239113.656	239240.744	0.053
59861.4	239274.908	239240.744	0.014
59861.5	239365.858	239240.744	0.052
59861.6	239382.409	239240.744	0.059
59861.7	239295.264	239240.744	0.023
59861.8	239115.574	239240.744	0.052
59861.9	238924.635	239240.744	0.132
59862.0	238763.568	239240.744	0.200
59862.1	238732.080	239011.159	0.117
59862.2	238804.089	239011.159	0.087
59862.3	238914.250	239011.159	0.041
59862.4	239062.191	239011.159	0.021
59862.5	239166.856	239011.159	0.065
59862.6	239182.017	239011.159	0.071
59862.7	239105.031	239011.159	0.039
59862.8	238909.479	239011.159	0.043
59862.9	238732.878	239011.159	0.117
59863.0	238584.700	239011.159	0.179
59863.1	238528.419	238822.897	0.123
59863.2	238577.255	238822.897	0.103
59863.3	238703.468	238822.897	0.050
59863.4	238865.396	238822.897	0.018
59863.5	238959.125	238822.897	0.057
59863.6	238970.253	238822.897	0.062
59863.7	238850.783	238822.897	0.012
59863.8	238707.907	238822.897	0.048
59863.9	238514.822	238822.897	0.129
59864.0	238368.190	238822.897	0.191
59864.1	238342.500	238610.102	0.112
59864.2	238379.512	238610.102	0.097
59864.3	238494.539	238610.102	0.048
59864.4	238644.866	238610.102	0.015
59864.5	238761.860	238610.102	0.064
59864.6	238758.403	238610.102	0.062
59864.7	238665.060	238610.102	0.023
59864.8	238494.096	238610.102	0.049
59864.9	238315.468	238610.102	0.124
59865.0	238154.376	238610.102	0.191
59865.1	238102.939	238414.065	0.131
59865.2	238169.526	238414.065	0.103
59865.3	238286.537	238414.065	0.054
59865.4	238451.675	238414.065	0.016
59865.5	238555.992	238414.065	0.059
59865.6	238565.226	238414.065	0.063
59865.7	238481.290	238414.065	0.028
59865.8	238267.938	238414.065	0.061
59865.9	238101.127	238414.065	0.131
59866.0	237955.597	238414.065	0.193
59866.1	237919.815	238217.312	0.125
59866.2	237975.459	238217.312	0.102
59866.3	238108.506	238217.312	0.046
59866.4	238261.181	238217.312	0.018
59866.5	238365.106	238217.312	0.062
59866.6	238370.440	238217.312	0.064
59866.7	238245.480	238217.312	0.012
59866.8	238056.023	238217.312	0.068
59866.9	237889.541	238217.312	0.138
59867.0	237744.623	238217.312	0.199
59867.1	237736.946	238022.235	0.120
59867.2	237783.336	238022.235	0.100
59867.3	237919.094	238022.235	0.043
59867.4	238071.797	238022.235	0.021
59867.5	238175.135	238022.235	0.064
59867.6	238154.371	238022.235	0.055
59867.7	238052.080	238022.235	0.013
59867.8	237874.886	238022.235	0.062
59867.9	237692.936	238022.235	0.139
59868.0	237562.788	238022.235	0.193
59868.1	237530.911	237818.638	0.121
59868.2	237592.063	237818.638	0.095
59868.3	237744.000	237818.638	0.031
59868.4	237885.582	237818.638	0.028
59868.5	237973.765	237818.638	0.065
59868.6	237990.726	237818.638	0.072
59868.7	237834.099	237818.638	0.007
59868.8	237669.339	237818.638	0.063
59868.9	237500.078	237818.638	0.134
59869.0	237382.912	237818.638	0.184
59869.1	237326.987	237613.927	0.121
59869.2	237391.127	237613.927	0.094
59869.3	237558.214	237613.927	0.023
59869.4	237699.837	237613.927	0.036
59869.5	237829.221	237613.927	0.091
59869.6	237764.111	237613.927	0.063
59869.7	237631.810	237613.927	0.008
59869.8	237491.069	237613.927	0.052
59869.9	237308.368	237613.927	0.129
59870.0	237166.984	237613.927	0.188
59870.1	237164.808	237415.725	0.106
59870.2	237219.725	237415.725	0.083
59870.3	237387.929	237415.725	0.012
59870.4	237504.455	237415.725	0.037
59870.5	237606.529	237415.725	0.080
59870.6	237592.512	237415.725	0.074
59870.7	237498.147	237415.725	0.035
59870.8	237287.674	237415.725	0.054
59870.9	237132.539	237415.725	0.119
59871.0	237004.483	237415.725	0.174
59871.1	236965.524	237229.092	0.111
59871.2	237035.283	237229.092	0.082
59871.3	237180.171	237229.092	0.021
59871.4	237349.980	237229.092	0.051
59871.5	237398.465	237229.092	0.071
59871.6	237408.676	237229.092	0.076
59871.7	237284.975	237229.092	0.024
59871.8	237100.960	237229.092	0.054
59871.9	236918.017	237229.092	0.131
59872.0	236806.227	237229.092	0.179
59872.1	236796.542	237046.318	0.105
59872.2	236855.625	237046.318	0.081
59872.3	237028.366	237046.318	0.008
59872.4	237160.853	237046.318	0.048
59872.5	237246.267	237046.318	0.084
59872.6	237215.195	237046.318	0.071
59872.7	237102.681	237046.318	0.024
59872.8	236930.454	237046.318	0.049
59872.9	236733.551	237046.318	0.132
59873.0	236621.519	237046.318	0.180
59873.1	236614.508	236892.764	0.118
59873.2	236689.019	236892.764	0.086
59873.3	236837.812	236892.764	0.023
59873.4	236970.925	236892.764	0.033
59873.5	237070.386	236892.764	0.075
59873.6	237025.245	236892.764	0.056
59873.7	236910.172	236892.764	0.007
59873.8	236721.295	236892.764	0.072
59873.9	236524.444	236892.764	0.156
59874.0	236441.521	236892.764	0.191
59874.1	236410.130	236713.792	0.128
59874.2	236487.153	236713.792	0.096
59874.3	236677.635	236713.792	0.015
59874.4	236797.719	236713.792	0.035
59874.5	236856.320	236713.792	0.060
59874.6	236862.192	236713.792	0.063
59874.7	236732.767	236713.792	0.008
59874.8	236543.624	236713.792	0.072
59874.9	236371.630	236713.792	0.145
59875.0	236290.253	236713.792	0.179
59875.1	236274.524	236511.566	0.100
59875.2	236341.378	236511.566	0.072
59875.3	236466.342	236511.566	0.019
59875.4	236627.220	236511.566	0.049
59875.5	236711.385	236511.566	0.084
59875.6	236690.793	236511.566	0.076
59875.7	236556.844	236511.566	0.019
59875.8	236366.896	236511.566	0.061
59875.9	236195.302	236511.566	0.134
59876.0	236088.429	236511.566	0.179
59876.1	236087.472	236352.535	0.112
59876.2	236183.454	236352.535	0.072
59876.3	236326.902	236352.535	0.011
59876.4	236474.417	236352.535	0.052
59876.5	236571.384	236352.535	0.093
59876.6	236506.764	236352.535	0.065
59876.7	236370.769	236352.535	0.008
59876.8	236192.779	236352.535	0.068
59876.9	235994.661	236352.535	0.152
59877.0	235914.131	236352.535	0.186
59877.1	235930.084	236184.281	0.108
59877.2	236004.708	236184.281	0.076
59877.3	236160.670	236184.281	0.010
59877.4	236282.423	236184.281	0.042
59877.5	236378.990	236184.281	0.082
59877.6	236351.878	236184.281	0.071
59877.7	236201.954	236184.281	0.007
59877.8	236021.011	236184.281	0.069
59877.9	235838.615	236184.281	0.147
59878.0	235733.125	236184.281	0.191
59878.1	235763.416	236017.858	0.108
59878.2	235851.971	236017.858	0.070
59878.3	236011.468	236017.858	0.003
59878.4	236135.649	236017.858	0.050
59878.5	236203.319	236017.858	0.079
59878.6	236174.612	236017.858	0.066
59878.7	235996.004	236017.858	0.009
59878.8	235827.142	236017.858	0.081
59878.9	235670.040	236017.858	0.148
59879.0	235580.550	236017.858	0.186
59879.1	235574.798	235840.552	0.113
59879.2	235705.689	235840.552	0.057
59879.3	235839.667	235840.552	0.000
59879.4	235976.531	235840.552	0.058
59879.5	236059.055	235840.552	0.093
59879.6	235974.100	235840.552	0.057
59879.7	235861.332	235840.552	0.009
59879.8	235677.047	235840.552	0.069
59879.9	235532.825	235840.552	0.131
59880.0	235416.923	235840.552	0.180
59880.1	235441.445	235680.666	0.102
59880.2	235562.113	235680.666	0.050
59880.3	235698.722	235680.666	0.008
59880.4	235849.116	235680.666	0.071
59880.5	235876.104	235680.666	0.083
59880.6	235842.722	235680.666	0.069
59880.7	235715.397	235680.666	0.015
59880.8	235528.591	235680.666	0.065
59880.9	235358.577	235680.666	0.137
59881.0	235246.352	235680.666	0.185
59881.1	235297.337	235538.051	0.102
59881.2	235394.719	235538.051	0.061
59881.3	235547.079	235538.051	0.004
59881.4	235684.353	235538.051	0.062
59881.5	235737.086	235538.051	0.084
59881.6	235689.095	235538.051	0.064
59881.7	235531.416	235538.051	0.003
59881.8	235332.044	235538.051	0.088
59881.9	235201.134	235538.051	0.143
59882.0	235115.858	235538.051	0.180
59882.1	235118.057	235413.326	0.126
59882.2	235244.076	235413.326	0.072
59882.3	235412.257	235413.326	0.000
59882.4	235549.322	235413.326	0.058
59882.5	235600.895	235413.326	0.080
59882.6	235539.906	235413.326	0.054
59882.7	235407.362	235413.326	0.003
59882.8	235204.848	235413.326	0.089
59882.9	235033.125	235413.326	0.162
59883.0	234964.944	235413.326	0.191
59883.1	235037.256	235222.093	0.079
59883.2	235099.268	235222.093	0.052
59883.3	235282.633	235222.093	0.026
59883.4	235379.819	235222.093	0.067
59883.5	235430.140	235222.093	0.088
59883.6	235405.901	235222.093	0.078
59883.7	235244.856	235222.093	0.010
59883.8	235041.498	235222.093	0.077
59883.9	234910.547	235222.093	0.133
59884.0	234844.865	235222.093	0.161
59884.1	234850.981	235117.868	0.114
59884.2	234957.283	235117.868	0.068
59884.3	235112.681	235117.868	0.002
59884.4	235267.687	235117.868	0.064
59884.5	235275.223	235117.868	0.067
59884.6	235235.657	235117.868	0.050
59884.7	235085.118	235117.868	0.014
59884.8	234908.170	235117.868	0.089
59884.9	234738.926	235117.868	0.161
59885.0	234698.655	235117.868	0.179
59885.1	234707.926	234976.697	0.115
59885.2	234856.958	234976.697	0.051
59885.3	235004.283	234976.697	0.012
59885.4	235129.084	234976.697	0.065
59885.5	235166.136	234976.697	0.081
59885.6	235095.347	234976.697	0.050
59885.7	234942.945	234976.697	0.014
59885.8	234764.414	234976.697	0.090
59885.9	234608.753	234976.697	0.157
59886.0	234517.854	234976.697	0.196
59886.1	234569.962	234811.736	0.103
59886.2	234722.951	234811.736	0.038
59886.3	234828.854	234811.736	0.007
59886.4	234997.521	234811.736	0.079
59886.5	235016.518	234811.736	0.087
59886.6	235000.110	234811.736	0.080
59886.7	234818.288	234811.736	0.003
59886.8	234653.210	234811.736	0.068
59886.9	234471.413	234811.736	0.145
59887.0	234394.402	234811.736	0.178
59887.1	234489.680	234661.870	0.073
59887.2	234577.467	234661.870	0.036
59887.3	234739.863	234661.870	0.033
59887.4	234866.031	234661.870	0.087
59887.5	234899.774	234661.870	0.101
59887.6	234841.258	234661.870	0.076
59887.7	234697.280	234661.870	0.015
59887.8	234503.986	234661.870	0.067
59887.9	234320.921	234661.870	0.146
59888.0	234259.537	234661.870	0.172
59888.1	234318.253	234542.774	0.096
59888.2	234462.139	234542.774	0.034
59888.3	234640.615	234542.774	0.042
59888.4	234741.509	234542.774	0.085
59888.5	234759.729	234542.774	0.092
59888.6	234711.724	234542.774	0.072
59888.7	234538.130	234542.774	0.002
59888.8	234384.954	234542.774	0.067
59888.9	234215.680	234542.774	0.140
59889.0	234157.457	234542.774	0.165
59889.1	234219.420	234443.035	0.095
59889.2	234338.717	234443.035	0.045
59889.3	234504.980	234443.035	0.026
59889.4	234618.870	234443.035	0.075
59889.5	234663.069	234443.035	0.094
59889.6	234586.262	234443.035	0.061
59889.7	234410.345	234443.035	0.014
59889.8	234229.759	234443.035	0.091
59889.9	234117.580	234443.035	0.139
59890.0	234072.528	234443.035	0.158
59890.1	234082.255	234334.176	0.108
59890.2	234231.572	234334.176	0.044
59890.3	234385.260	234334.176	0.022
59890.4	234513.756	234334.176	0.077
59890.5	234530.258	234334.176	0.084
59890.6	234478.113	234334.176	0.061
59890.7	234300.744	234334.176	0.014
59890.8	234132.156	234334.176	0.086
59890.9	233990.994	234334.176	0.147
59891.0	233908.480	234334.176	0.182
59891.1	233989.723	234198.706	0.089
59891.2	234127.215	234198.706	0.031
59891.3	234256.603	234198.706	0.025
59891.4	234384.878	234198.706	0.079
59891.5	234441.001	234198.706	0.103
59891.6	234357.920	234198.706	0.068
59891.7	234166.579	234198.706	0.014
59891.8	233996.147	234198.706	0.087
59891.9	233856.535	234198.706	0.146
59892.0	233831.632	234198.706	0.157
59892.1	233885.501	234124.301	0.102
59892.2	234028.833	234124.301	0.041
59892.3	234200.089	234124.301	0.032
59892.4	234298.275	234124.301	0.074
59892.5	234313.581	234124.301	0.081
59892.6	234243.636	234124.301	0.051
59892.7	234090.452	234124.301	0.014
59892.8	233906.442	234124.301	0.093
59892.9	233765.266	234124.301	0.154
59893.0	233715.458	234124.301	0.175
59893.1	233760.346	234010.214	0.107
59893.2	233918.630	234010.214	0.039
59893.3	234092.419	234010.214	0.035
59893.4	234176.278	234010.214	0.071
59893.5	234217.615	234010.214	0.089
59893.6	234119.180	234010.214	0.047
59893.7	233962.854	234010.214	0.020
59893.8	233779.830	234010.214	0.099
59893.9	233624.997	234010.214	0.165
59894.0	233603.528	234010.214	0.174
59894.1	233679.774	233872.156	0.082
59894.2	233784.008	233872.156	0.038
59894.3	233946.933	233872.156	0.032
59894.4	234088.553	233872.156	0.092
59894.5	234125.671	233872.156	0.108
59894.6	234025.955	233872.156	0.066
59894.7	233867.475	233872.156	0.002
59894.8	233696.985	233872.156	0.075
59894.9	233558.713	233872.156	0.134
59895.0	233510.184	233872.156	0.155
59895.1	233588.819	233781.447	0.082
59895.2	233722.968	233781.447	0.025
59895.3	233871.559	233781.447	0.039
59895.4	233988.066	233781.447	0.088
59895.5	234024.732	233781.447	0.104
59895.6	233919.195	233781.447	0.059
59895.7	233762.094	233781.447	0.008
59895.8	233573.135	233781.447	0.089
59895.9	233479.170	233781.447	0.129
59896.0	233420.480	233781.447	0.155
59896.1	233472.194	233679.321	0.089
59896.2	233612.146	233679.321	0.029
59896.3	233789.591	233679.321	0.047
59896.4	233890.440	233679.321	0.090
59896.5	233897.188	233679.321	0.093
59896.6	233820.524	233679.321	0.060
59896.7	233658.397	233679.321	0.009
59896.8	233471.094	233679.321	0.089
59896.9	233348.344	233679.321	0.142
59897.0	233349.175	233679.321	0.141
59897.1	233389.055	233609.589	0.094
59897.2	233571.581	233609.589	0.016
59897.3	233681.580	233609.589	0.031
59897.4	233808.540	233609.589	0.085
59897.5	233804.082	233609.589	0.083
59897.6	233723.734	233609.589	0.049
59897.7	233574.564	233609.589	0.015
59897.8	233401.213	233609.589	0.089
59897.9	233263.426	233609.589	0.148
59898.0	233250.318	233609.589	0.154
59898.1	233311.100	233485.875	0.075
59898.2	233454.519	233485.875	0.013
59898.3	233619.791	233485.875	0.057
59898.4	233719.349	233485.875	0.100
59898.5	233726.832	233485.875	0.103
59898.6	233658.404	233485.875	0.074
59898.7	233465.437	233485.875	0.009
59898.8	233305.453	233485.875	0.077
59898.9	233155.663	233485.875	0.142
59899.0	233147.199	233485.875	0.145
59899.1	233235.932	233424.032	0.081
59899.2	233393.786	233424.032	0.013
59899.3	233550.097	233424.032	0.054
59899.4	233635.282	233424.032	0.090
59899.5	233667.895	233424.032	0.104
59899.6	233557.108	233424.032	0.057
59899.7	233388.596	233424.032	0.015
59899.8	233201.523	233424.032	0.095
59899.9	233107.457	233424.032	0.136
59900.0	233099.772	233424.032	0.139
59900.1	233151.105	233337.585	0.080
59900.2	233339.907	233337.585	0.001
59900.3	233480.399	233337.585	0.061
59900.4	233552.915	233337.585	0.092
59900.5	233555.437	233337.585	0.093
59900.6	233471.545	233337.585	0.057
59900.7	233288.784	233337.585	0.021
59900.8	233139.944	233337.585	0.085
59900.9	233023.158	233337.585	0.135
59901.0	233000.263	233337.585	0.145
59901.1	233096.662	233267.698	0.073
59901.2	233233.249	233267.698	0.015
59901.3	233403.565	233267.698	0.058
59901.4	233504.769	233267.698	0.102
59901.5	233506.033	233267.698	0.102
59901.6	233388.590	233267.698	0.052
59901.7	233223.104	233267.698	0.019
59901.8	233042.124	233267.698	0.097
59901.9	232939.012	233267.698	0.141
59902.0	232907.677	233267.698	0.155
59902.1	233006.361	233204.902	0.085
59902.2	233188.008	233204.902	0.007
59902.3	233329.032	233204.902	0.053
59902.4	233476.089	233204.902	0.116
59902.5	233418.859	233204.902	0.092
59902.6	233313.255	233204.902	0.046
59902.7	233154.955	233204.902	0.021
59902.8	232992.474	233204.902	0.091
59902.9	232889.873	233204.902	0.135
59903.0	232889.016	233204.902	0.136
59903.1	232991.989	233129.842	0.059
59903.2	233129.182	233129.842	0.000
59903.3	233275.765	233129.842	0.063
59903.4	233374.978	233129.842	0.105
59903.5	233376.577	233129.842	0.106
59903.6	233239.423	233129.842	0.047
59903.7	233107.965	233129.842	0.009
59903.8	232905.010	233129.842	0.097
59903.9	232802.890	233129.842	0.140
59904.0	232801.534	233129.842	0.141
59904.1	232905.529	233075.724	0.073
59904.2	233095.045	233075.724	0.008
59904.3	233252.313	233075.724	0.076
59904.4	233313.483	233075.724	0.102
59904.5	233293.013	233075.724	0.093
59904.6	233186.122	233075.724	0.047
59904.7	233026.994	233075.724	0.021
59904.8	232862.467	233075.724	0.092
59904.9	232746.929	233075.724	0.141
59905.0	232767.321	233075.724	0.132
59905.1	232846.060	233022.309	0.076
59905.2	233018.896	233022.309	0.001
59905.3	233180.642	233022.309	0.068
59905.4	233251.824	233022.309	0.098
59905.5	233232.945	233022.309	0.090
59905.6	233121.145	233022.309	0.042
59905.7	232960.282	233022.309	0.027
59905.8	232827.096	233022.309	0.084
59905.9	232727.514	233022.309	0.127
59906.0	232704.263	233022.309	0.137
59906.1	232814.368	232975.984	0.069
59906.2	232976.229	232975.984	0.000
59906.3	233154.857	232975.984	0.077
59906.4	233254.240	232975.984	0.119
59906.5	233201.086	232975.984	0.097
59906.6	233091.715	232975.984	0.050
59906.7	232899.308	232975.984	0.033
59906.8	232780.110	232975.984	0.084
59906.9	232652.573	232975.984	0.139
59907.0	232662.126	232975.984	0.135
59907.1	232776.811	232921.593	0.062
59907.2	232953.820	232921.593	0.014
59907.3	233089.525	232921.593	0.072
59907.4	233216.448	232921.593	0.126
59907.5	233136.530	232921.593	0.092
59907.6	233037.467	232921.593	0.050
59907.7	232873.865	232921.593	0.020
59907.8	232695.832	232921.593	0.097
59907.9	232612.574	232921.593	0.133
59908.0	232610.527	232921.593	0.134
59908.1	232737.469	232884.580	0.063
59908.2	232933.399	232884.580	0.021
59908.3	233057.643	232884.580	0.074
59908.4	233155.046	232884.580	0.116
59908.5	233116.184	232884.580	0.099
59908.6	232987.469	232884.580	0.044
59908.7	232850.649	232884.580	0.015
59908.8	232671.216	232884.580	0.092
59908.9	232575.288	232884.580	0.133
59909.0	232590.147	232884.580	0.127
59909.1	232753.355	232825.612	0.031
59909.2	232891.904	232825.612	0.028
59909.3	233030.724	232825.612	0.088
59909.4	233111.592	232825.612	0.123
59909.5	233060.053	232825.612	0.101
59909.6	232971.012	232825.612	0.062
59909.7	232778.534	232825.612	0.020
59909.8	232609.919	232825.612	0.093
59909.9	232546.133	232825.612	0.120
59910.0	232588.705	232825.612	0.102
59910.1	232696.964	232823.213	0.054
59910.2	232841.455	232823.213	0.008
59910.3	233006.461	232823.213	0.079
59910.4	233094.379	232823.213	0.116
59910.5	233063.684	232823.213	0.103
59910.6	232944.865	232823.213	0.052
59910.7	232734.388	232823.213	0.038
59910.8	232596.865	232823.213	0.097
59910.9	232533.649	232823.213	0.125
59911.0	232523.632	232823.213	0.129
59911.1	232664.324	232817.692	0.066
59911.2	232837.740	232817.692	0.009
59911.3	232980.042	232817.692	0.070
59911.4	233061.077	232817.692	0.104
59911.5	233030.618	232817.692	0.091
59911.6	232909.085	232817.692	0.039
59911.7	232713.191	232817.692	0.045
59911.8	232573.282	232817.692	0.105
59911.9	232500.072	232817.692	0.137
59912.0	232532.224	232817.692	0.123
59912.1	232631.497	232768.871	0.059
59912.2	232806.845	232768.871	0.016
59912.3	232979.537	232768.871	0.090
59912.4	233064.907	232768.871	0.127
59912.5	233016.664	232768.871	0.106
59912.6	232880.883	232768.871	0.048
59912.7	232706.752	232768.871	0.027
59912.8	232543.394	232768.871	0.097
59912.9	232482.765	232768.871	0.123
59913.0	232531.985	232768.871	0.102
59913.1	232637.608	232772.763	0.058
59913.2	232801.948	232772.763	0.013
59913.3	232974.868	232772.763	0.087
59913.4	233010.740	232772.763	0.102
59913.5	233005.011	232772.763	0.100
59913.6	232851.577	232772.763	0.034
59913.7	232681.793	232772.763	0.039
59913.8	232545.832	232772.763	0.098
59913.9	232470.013	232772.763	0.130
59914.0	232513.383	232772.763	0.112
59914.1	232645.094	232748.716	0.045
59914.2	232795.046	232748.716	0.020
59914.3	232954.549	232748.716	0.088
59914.4	233034.006	232748.716	0.122
59914.5	233019.682	232748.716	0.116
59914.6	232831.826	232748.716	0.036
59914.7	232654.855	232748.716	0.040
59914.8	232521.840	232748.716	0.098
59914.9	232468.057	232748.716	0.121
59915.0	232493.560	232748.716	0.110
59915.1	232642.683	232743.308	0.043
59915.2	232828.431	232743.308	0.037
59915.3	232940.338	232743.308	0.085
59915.4	233038.368	232743.308	0.127
59915.5	232984.652	232743.308	0.104
59915.6	232858.974	232743.308	0.050
59915.7	232653.402	232743.308	0.039
59915.8	232501.969	232743.308	0.104
59915.9	232444.388	232743.308	0.129
59916.0	232521.916	232743.308	0.095
59916.1	232660.962	232731.120	0.030
59916.2	232804.596	232731.120	0.032
59916.3	232975.149	232731.120	0.105
59916.4	233009.917	232731.120	0.120
59916.5	232960.133	232731.120	0.098
59916.6	232844.848	232731.120	0.049
59916.7	232655.682	232731.120	0.032
59916.8	232534.696	232731.120	0.084
59916.9	232450.953	232731.120	0.121
59917.0	232511.108	232731.120	0.095
59917.1	232653.021	232724.663	0.031
59917.2	232855.860	232724.663	0.056
59917.3	232985.224	232724.663	0.112
59917.4	233037.985	232724.663	0.134
59917.5	232970.239	232724.663	0.105
59917.6	232808.860	232724.663	0.036
59917.7	232627.968	232724.663	0.042
59917.8	232511.691	232724.663	0.092
59917.9	232472.614	232724.663	0.108
59918.0	232522.696	232724.663	0.087
59918.1	232666.802	232732.397	0.028
59918.2	232854.708	232732.397	0.053
59918.3	232945.235	232732.397	0.091
59918.4	233036.665	232732.397	0.131
59918.5	232999.895	232732.397	0.115
59918.6	232815.877	232732.397	0.036
59918.7	232669.092	232732.397	0.027
59918.8	232517.227	232732.397	0.093
59918.9	232497.719	232732.397	0.101
59919.0	232565.286	232732.397	0.072
59919.1	232711.558	232779.508	0.029
59919.2	232859.297	232779.508	0.034
59919.3	233023.324	232779.508	0.105
59919.4	233055.536	232779.508	0.118
59919.5	232985.414	232779.508	0.088
59919.6	232846.947	232779.508	0.029
59919.7	232650.240	232779.508	0.056
59919.8	232546.779	232779.508	0.100
59919.9	232511.751	232779.508	0.115
59920.0	232553.860	232779.508	0.097
59920.1	232732.871	232781.754	0.021
59920.2	232897.952	232781.754	0.050
59920.3	233049.238	232781.754	0.115
59920.4	233064.131	232781.754	0.121
59920.5	233005.742	232781.754	0.096
59920.6	232853.192	232781.754	0.031
59920.7	232716.870	232781.754	0.028
59920.8	232567.666	232781.754	0.092
59920.9	232518.461	232781.754	0.113
59921.0	232608.108	232781.754	0.075
59921.1	232743.883	232820.480	0.033
59921.2	232938.209	232820.480	0.051
59921.3	233074.117	232820.480	0.109
59921.4	233091.280	232820.480	0.116
59921.5	233030.205	232820.480	0.090
59921.6	232873.943	232820.480	0.023
59921.7	232722.349	232820.480	0.042
59921.8	232586.971	232820.480	0.100
59921.9	232557.775	232820.480	0.113
59922.0	232621.930	232820.480	0.085
59922.1	232763.926	232845.663	0.035
59922.2	232972.341	232845.663	0.054
59922.3	233046.414	232845.663	0.086
59922.4	233138.889	232845.663	0.126
59922.5	233062.972	232845.663	0.093
59922.6	232891.077	232845.663	0.020
59922.7	232735.960	232845.663	0.047
59922.8	232571.488	232845.663	0.118
59922.9	232586.472	232845.663	0.111
59923.0	232680.581	232845.663	0.071
59923.1	232814.038	232880.647	0.029
59923.2	232980.664	232880.647	0.043
59923.3	233131.243	232880.647	0.107
59923.4	233151.359	232880.647	0.116
59923.5	233096.486	232880.647	0.093
59923.6	232907.034	232880.647	0.011
59923.7	232767.346	232880.647	0.049
59923.8	232634.936	232880.647	0.106
59923.9	232592.722	232880.647	0.124
59924.0	232676.881	232880.647	0.088
59924.1	232837.520	232887.014	0.021
59924.2	233032.468	232887.014	0.062
59924.3	233185.388	232887.014	0.128
59924.4	233200.940	232887.014	0.135
59924.5	233091.914	232887.014	0.088
59924.6	232946.953	232887.014	0.026
59924.7	232802.083	232887.014	0.036
59924.8	232685.554	232887.014	0.087
59924.9	232658.948	232887.014	0.098
59925.0	232728.839	232887.014	0.068
59925.1	232892.292	232927.456	0.015
59925.2	233081.348	232927.456	0.066
59925.3	233217.130	232927.456	0.124
59925.4	233230.935	232927.456	0.130
59925.5	233176.514	232927.456	0.107
59925.6	233016.074	232927.456	0.038
59925.7	232813.698	232927.456	0.049
59925.8	232728.992	232927.456	0.085
59925.9	232699.943	232927.456	0.098
59926.0	232789.247	232927.456	0.059
59926.1	232954.817	232987.030	0.014
59926.2	233132.217	232987.030	0.062
59926.3	233252.213	232987.030	0.114
59926.4	233282.367	232987.030	0.127
59926.5	233209.431	232987.030	0.095
59926.6	233061.451	232987.030	0.032
59926.7	232874.645	232987.030	0.048
59926.8	232746.500	232987.030	0.103
59926.9	232748.718	232987.030	0.102
59927.0	232823.619	232987.030	0.070
59927.1	233009.399	233039.425	0.013
59927.2	233188.749	233039.425	0.064
59927.3	233329.348	233039.425	0.124
59927.4	233352.289	233039.425	0.134
59927.5	233280.467	233039.425	0.103
59927.6	233129.087	233039.425	0.038
59927.7	232937.553	233039.425	0.044
59927.8	232824.710	233039.425	0.092
59927.9	232805.515	233039.425	0.100
59928.0	232896.889	233039.425	0.061
59928.1	233051.438	233081.731	0.013
59928.2	233244.777	233081.731	0.070
59928.3	233371.748	233081.731	0.124
59928.4	233380.114	233081.731	0.128
59928.5	233309.620	233081.731	0.098
59928.6	233169.162	233081.731	0.037
59928.7	232969.164	233081.731	0.048
59928.8	232851.181	233081.731	0.099
59928.9	232846.767	233081.731	0.101
59929.0	232969.778	233081.731	0.048
59929.1	233144.610	233152.098	0.003
59929.2	233311.038	233152.098	0.068
59929.3	233449.447	233152.098	0.127
59929.4	233456.750	233152.098	0.130
59929.5	233369.899	233152.098	0.093
59929.6	233210.079	233152.098	0.025
59929.7	233041.930	233152.098	0.047
59929.8	232936.879	233152.098	0.092
59929.9	232904.861	233152.098	0.106
59930.0	233021.952	233152.098	0.056
59930.1	233181.318	233187.380	0.003
59930.2	233363.851	233187.380	0.076
59930.3	233484.781	233187.380	0.127
59930.4	233530.354	233187.380	0.147
59930.5	233387.047	233187.380	0.086
59930.6	233267.773	233187.380	0.034
59930.7	233059.689	233187.380	0.055
59930.8	233003.334	233187.380	0.079
59930.9	232990.061	233187.380	0.085
59931.0	233082.858	233187.380	0.045
59931.1	233301.265	233300.221	0.000
59931.2	233454.551	233300.221	0.066
59931.3	233577.756	233300.221	0.119
59931.4	233599.908	233300.221	0.128
59931.5	233493.184	233300.221	0.083
59931.6	233330.936	233300.221	0.013
59931.7	233146.232	233300.221	0.066
59931.8	233039.452	233300.221	0.112
59931.9	233077.345	233300.221	0.096
59932.0	233191.311	233300.221	0.047
59932.1	233361.157	233344.445	0.007
59932.2	233525.448	233344.445	0.078
59932.3	233626.824	233344.445	0.121
59932.4	233677.724	233344.445	0.143
59932.5	233581.810	233344.445	0.102
59932.6	233375.222	233344.445	0.013
59932.7	233259.073	233344.445	0.037
59932.8	233150.716	233344.445	0.083
59932.9	233166.124	233344.445	0.076
59933.0	233236.856	233344.445	0.046
59933.1	233413.065	233466.351	0.023
59933.2	233647.315	233466.351	0.077
59933.3	233723.865	233466.351	0.110
59933.4	233744.850	233466.351	0.119
59933.5	233617.328	233466.351	0.065
59933.6	233483.724	233466.351	0.007
59933.7	233312.374	233466.351	0.066
59933.8	233195.688	233466.351	0.116
59933.9	233230.706	233466.351	0.101
59934.0	233341.837	233466.351	0.053
59934.1	233515.916	233502.428	0.006
59934.2	233717.923	233502.428	0.092
59934.3	233825.734	233502.428	0.138
59934.4	233833.832	233502.428	0.142
59934.5	233715.568	233502.428	0.091
59934.6	233568.923	233502.428	0.028
59934.7	233374.609	233502.428	0.055
59934.8	233279.421	233502.428	0.096
59934.9	233302.959	233502.428	0.085
59935.0	233399.103	233502.428	0.044
59935.1	233633.383	233613.114	0.009
59935.2	233794.720	233613.114	0.078
59935.3	233901.118	233613.114	0.123
59935.4	233925.479	233613.114	0.134
59935.5	233823.125	233613.114	0.090
59935.6	233653.815	233613.114	0.017
59935.7	233487.608	233613.114	0.054
59935.8	233395.577	233613.114	0.093
59935.9	233441.243	233613.114	0.074
59936.0	233535.711	233613.114	0.033
59936.1	233711.605	233701.976	0.004
59936.2	233874.779	233701.976	0.074
59936.3	233991.902	233701.976	0.124
59936.4	234034.625	233701.976	0.142
59936.5	233871.431	233701.976	0.072
59936.6	233717.380	233701.976	0.007
59936.7	233590.593	233701.976	0.048
59936.8	233487.524	233701.976	0.092
59936.9	233519.512	233701.976	0.078
59937.0	233622.721	233701.976	0.034
59937.1	233829.848	233799.401	0.013
59937.2	234024.820	233799.401	0.096
59937.3	234102.141	233799.401	0.129
59937.4	234095.660	233799.401	0.127
59937.5	233984.166	233799.401	0.079
59937.6	233798.363	233799.401	0.000
59937.7	233670.840	233799.401	0.055
59937.8	233590.396	233799.401	0.089
59937.9	233603.226	233799.401	0.084
59938.0	233737.670	233799.401	0.026
59938.1	233923.803	233898.454	0.011
59938.2	234071.894	233898.454	0.074
59938.3	234210.657	233898.454	0.133
59938.4	234196.360	233898.454	0.127
59938.5	234120.515	233898.454	0.095
59938.6	233888.775	233898.454	0.004
59938.7	233785.747	233898.454	0.048
59938.8	233707.664	233898.454	0.082
59938.9	233720.884	233898.454	0.076
59939.0	233834.377	233898.454	0.027
59939.1	234029.677	234010.257	0.008
59939.2	234214.400	234010.257	0.087
59939.3	234328.861	234010.257	0.136
59939.4	234333.939	234010.257	0.138
59939.5	234183.029	234010.257	0.074
59939.6	234002.186	234010.257	0.003
59939.7	233869.878	234010.257	0.060
59939.8	233798.292	234010.257	0.091
59939.9	233818.140	234010.257	0.082
59940.0	233946.351	234010.257	0.027
59940.1	234166.022	234106.250	0.026
59940.2	234318.478	234106.250	0.091
59940.3	234440.750	234106.250	0.143
59940.4	234419.689	234106.250	0.134
59940.5	234292.033	234106.250	0.079
59940.6	234152.732	234106.250	0.020
59940.7	233958.154	234106.250	0.063
59940.8	233922.923	234106.250	0.078
59940.9	233937.737	234106.250	0.072
59941.0	234075.713	234106.250	0.013
59941.1	234282.166	234227.918	0.023
59941.2	234482.597	234227.918	0.109
59941.3	234549.792	234227.918	0.137
59941.4	234541.004	234227.918	0.133
59941.5	234417.112	234227.918	0.081
59941.6	234276.039	234227.918	0.021
59941.7	234105.641	234227.918	0.052
59941.8	234028.696	234227.918	0.085
59941.9	234070.629	234227.918	0.067
59942.0	234211.312	234227.918	0.007
59942.1	234406.579	234339.558	0.029
59942.2	234579.542	234339.558	0.102
59942.3	234671.879	234339.558	0.142
59942.4	234665.701	234339.558	0.139
59942.5	234522.413	234339.558	0.078
59942.6	234363.528	234339.558	0.010
59942.7	234226.510	234339.558	0.048
59942.8	234119.600	234339.558	0.094
59942.9	234194.316	234339.558	0.062
59943.0	234320.093	234339.558	0.008
59943.1	234523.303	234470.980	0.022
59943.2	234710.678	234470.980	0.102
59943.3	234797.923	234470.980	0.139
59943.4	234796.721	234470.980	0.139
59943.5	234680.178	234470.980	0.089
59943.6	234467.420	234470.980	0.002
59943.7	234317.772	234470.980	0.065
59943.8	234311.495	234470.980	0.068
59943.9	234365.496	234470.980	0.045
59944.0	234455.700	234470.980	0.007
59944.1	234669.876	234589.015	0.034
59944.2	234839.942	234589.015	0.107
59944.3	234933.158	234589.015	0.146
59944.4	234895.739	234589.015	0.131
59944.5	234778.860	234589.015	0.081
59944.6	234620.795	234589.015	0.014
59944.7	234490.126	234589.015	0.042
59944.8	234420.885	234589.015	0.072
59944.9	234467.932	234589.015	0.052
59945.0	234605.710	234589.015	0.007
59945.1	234803.473	234702.175	0.043
59945.2	234962.166	234702.175	0.111
59945.3	235085.692	234702.175	0.163
59945.4	235028.117	234702.175	0.139
59945.5	234897.696	234702.175	0.083
59945.6	234749.626	234702.175	0.020
59945.7	234594.529	234702.175	0.046
59945.8	234520.186	234702.175	0.078
59945.9	234601.521	234702.175	0.043
59946.0	234773.924	234702.175	0.031
59946.1	234949.574	234865.708	0.036
59946.2	235131.084	234865.708	0.113
59946.3	235181.803	234865.708	0.134
59946.4	235154.246	234865.708	0.123
59946.5	235075.627	234865.708	0.089
59946.6	234848.376	234865.708	0.007
59946.7	234716.161	234865.708	0.064
59946.8	234707.694	234865.708	0.067
59946.9	234736.869	234865.708	0.055
59947.0	234889.384	234865.708	0.010
59947.1	235109.099	235022.310	0.037
59947.2	235279.937	235022.310	0.109
59947.3	235354.093	235022.310	0.141
59947.4	235319.368	235022.310	0.126
59947.5	235214.812	235022.310	0.082
59947.6	235009.725	235022.310	0.005
59947.7	234835.682	235022.310	0.079
59947.8	234833.541	235022.310	0.080
59947.9	234870.656	235022.310	0.065
59948.0	235043.930	235022.310	0.009
59948.1	235237.555	235145.767	0.039
59948.2	235401.113	235145.767	0.108
59948.3	235511.203	235145.767	0.155
59948.4	235459.032	235145.767	0.133
59948.5	235327.955	235145.767	0.077
59948.6	235139.574	235145.767	0.003
59948.7	235032.031	235145.767	0.048
59948.8	234950.990	235145.767	0.083
59948.9	235038.931	235145.767	0.045
59949.0	235232.963	235145.767	0.037
59949.1	235380.351	235274.714	0.045
59949.2	235600.171	235274.714	0.138
59949.3	235651.192	235274.714	0.160
59949.4	235615.207	235274.714	0.145
59949.5	235475.335	235274.714	0.085
59949.6	235311.320	235274.714	0.016
59949.7	235147.113	235274.714	0.054
59949.8	235123.498	235274.714	0.064
59949.9	235182.236	235274.714	0.039
59950.0	235348.604	235274.714	0.031
59950.1	235565.844	235449.516	0.049
59950.2	235726.010	235449.516	0.117
59950.3	235818.416	235449.516	0.156
59950.4	235756.032	235449.516	0.130
59950.5	235590.721	235449.516	0.060
59950.6	235425.191	235449.516	0.010
59950.7	235289.713	235449.516	0.068
59950.8	235237.351	235449.516	0.090
59950.9	235336.508	235449.516	0.048
59951.0	235527.940	235449.516	0.033
59951.1	235723.483	235598.362	0.053
59951.2	235873.140	235598.362	0.116
59951.3	235978.748	235598.362	0.161
59951.4	235901.637	235598.362	0.129
59951.5	235795.880	235598.362	0.084
59951.6	235610.555	235598.362	0.005
59951.7	235474.993	235598.362	0.052
59951.8	235422.730	235598.362	0.075
59951.9	235516.402	235598.362	0.035
59952.0	235670.929	235598.362	0.031
59952.1	235867.696	235745.614	0.052
59952.2	236036.607	235745.614	0.123
59952.3	236110.429	235745.614	0.155
59952.4	236075.884	235745.614	0.140
59952.5	235900.969	235745.614	0.066
59952.6	235751.505	235745.614	0.002
59952.7	235620.865	235745.614	0.053
59952.8	235594.790	235745.614	0.064
59952.9	235664.982	235745.614	0.034
59953.0	235864.252	235745.614	0.050
59953.1	236087.848	235938.177	0.063
59953.2	236223.756	235938.177	0.121
59953.3	236284.664	235938.177	0.147
59953.4	236237.416	235938.177	0.127
59953.5	236102.676	235938.177	0.070
59953.6	235902.207	235938.177	0.015
59953.7	235789.526	235938.177	0.063
59953.8	235764.369	235938.177	0.074
59953.9	235825.456	235938.177	0.048
59954.0	236008.771	235938.177	0.030
59954.1	236198.006	236099.885	0.042
59954.2	236375.556	236099.885	0.117
59954.3	236451.821	236099.885	0.149
59954.4	236407.311	236099.885	0.130
59954.5	236259.240	236099.885	0.067
59954.6	236067.755	236099.885	0.014
59954.7	235927.417	236099.885	0.073
59954.8	235901.677	236099.885	0.084
59954.9	236001.741	236099.885	0.042
59955.0	236163.617	236099.885	0.027
59955.1	236398.375	236247.695	0.064
59955.2	236534.977	236247.695	0.121
59955.3	236607.672	236247.695	0.152
59955.4	236569.752	236247.695	0.136
59955.5	236413.873	236247.695	0.070
59955.6	236257.051	236247.695	0.004
59955.7	236128.769	236247.695	0.050
59955.8	236060.466	236247.695	0.079
59955.9	236175.401	236247.695	0.031
59956.0	236369.793	236247.695	0.052
59956.1	236582.152	236435.567	0.062
59956.2	236751.903	236435.567	0.134
59956.3	236788.029	236435.567	0.149
59956.4	236749.234	236435.567	0.132
59956.5	236583.870	236435.567	0.063
59956.6	236433.686	236435.567	0.001
59956.7	236289.980	236435.567	0.062
59956.8	236249.261	236435.567	0.079
59956.9	236353.816	236435.567	0.035
59957.0	236550.939	236435.567	0.049
59957.1	236765.381	236609.089	0.066
59957.2	236928.570	236609.089	0.135
59957.3	236990.081	236609.089	0.161
59957.4	236893.806	236609.089	0.120
59957.5	236753.329	236609.089	0.061
59957.6	236576.956	236609.089	0.014
59957.7	236482.653	236609.089	0.053
59957.8	236442.787	236609.089	0.070
59957.9	236530.812	236609.089	0.033
59958.0	236723.939	236609.089	0.049
59958.1	236940.855	236787.498	0.065
59958.2	237105.498	236787.498	0.134
59958.3	237149.497	236787.498	0.153
59958.4	237104.484	236787.498	0.134
59958.5	236938.270	236787.498	0.064
59958.6	236772.288	236787.498	0.006
59958.7	236647.281	236787.498	0.059
59958.8	236626.648	236787.498	0.068
59958.9	236716.497	236787.498	0.030
59959.0	236913.194	236787.498	0.053
59959.1	237156.879	236957.588	0.084
59959.2	237293.072	236957.588	0.141
59959.3	237329.381	236957.588	0.157
59959.4	237259.263	236957.588	0.127
59959.5	237114.393	236957.588	0.066
59959.6	236928.159	236957.588	0.012
59959.7	236804.459	236957.588	0.065
59959.8	236827.471	236957.588	0.055
59959.9	236919.876	236957.588	0.016
59960.0	237133.018	236957.588	0.074
59960.1	237303.792	237192.919	0.047
59960.2	237458.118	237192.919	0.112
59960.3	237524.403	237192.919	0.140
59960.4	237436.459	237192.919	0.103
59960.5	237320.394	237192.919	0.054
59960.6	237071.836	237192.919	0.051
59960.7	237026.904	237192.919	0.070
59960.8	237014.557	237192.919	0.075
59960.9	237122.305	237192.919	0.030
59961.0	237336.824	237192.919	0.061
59961.1	237510.301	237358.912	0.064
59961.2	237670.732	237358.912	0.131
59961.3	237707.201	237358.912	0.147
59961.4	237647.561	237358.912	0.121
59961.5	237474.864	237358.912	0.049
59961.6	237312.105	237358.912	0.020
59961.7	237186.535	237358.912	0.073
59961.8	237199.914	237358.912	0.067
59961.9	237315.254	237358.912	0.018
59962.0	237519.716	237358.912	0.068
59962.1	237715.192	237541.052	0.073
59962.2	237858.201	237541.052	0.133
59962.3	237906.096	237541.052	0.153
59962.4	237821.285	237541.052	0.118
59962.5	237646.125	237541.052	0.044
59962.6	237524.334	237541.052	0.007
59962.7	237380.003	237541.052	0.068
59962.8	237414.350	237541.052	0.053
59962.9	237544.371	237541.052	0.001
59963.0	237713.596	237541.052	0.073
59963.1	237965.500	237757.911	0.087
59963.2	238063.261	237757.911	0.128
59963.3	238134.263	237757.911	0.158
59963.4	238047.727	237757.911	0.122
59963.5	237864.954	237757.911	0.045
59963.6	237704.928	237757.911	0.022
59963.7	237615.438	237757.911	0.060
59963.8	237582.751	237757.911	0.074
59963.9	237722.667	237757.911	0.015
59964.0	237924.637	237757.911	0.070
59964.1	238129.917	237973.727	0.066
59964.2	238252.116	237973.727	0.117
59964.3	238285.932	237973.727	0.131
59964.4	238247.177	237973.727	0.115
59964.5	238062.602	237973.727	0.037
59964.6	237906.583	237973.727	0.028
59964.7	237795.141	237973.727	0.075
59964.8	237799.379	237973.727	0.073
59964.9	237915.583	237973.727	0.024
59965.0	238121.825	237973.727	0.062
59965.1	238328.378	238132.040	0.082
59965.2	238469.667	238132.040	0.142
59965.3	238520.823	238132.040	0.163
59965.4	238432.483	238132.040	0.126
59965.5	238277.528	238132.040	0.061
59965.6	238095.838	238132.040	0.015
59965.7	238019.603	238132.040	0.047
59965.8	237995.182	238132.040	0.058
59965.9	238126.074	238132.040	0.003
59966.0	238348.587	238132.040	0.091
59966.1	238537.602	238344.529	0.081
59966.2	238686.083	238344.529	0.143
59966.3	238731.362	238344.529	0.162
59966.4	238627.889	238344.529	0.119
59966.5	238470.376	238344.529	0.053
59966.6	238313.005	238344.529	0.013
59966.7	238224.621	238344.529	0.050
59966.8	238207.811	238344.529	0.057
59966.9	238354.098	238344.529	0.004
59967.0	238565.111	238344.529	0.092
59967.1	238738.034	238542.278	0.082
59967.2	238926.162	238542.278	0.161
59967.3	238902.367	238542.278	0.151
59967.4	238890.320	238542.278	0.146
59967.5	238668.727	238542.278	0.053
59967.6	238503.503	238542.278	0.016
59967.7	238402.211	238542.278	0.059
59967.8	238473.336	238542.278	0.029
59967.9	238585.375	238542.278	0.018
59968.0	238755.630	238542.278	0.089
59968.1	238987.158	238774.801	0.089
59968.2	239113.007	238774.801	0.141
59968.3	239149.340	238774.801	0.157
59968.4	239044.149	238774.801	0.113
59968.5	238883.028	238774.801	0.045
59968.6	238736.257	238774.801	0.016
59968.7	238634.832	238774.801	0.059
59968.8	238621.342	238774.801	0.064
59968.9	238789.860	238774.801	0.006
59969.0	238981.788	238774.801	0.087
59969.1	239194.420	239006.382	0.079
59969.2	239352.023	239006.382	0.144
59969.3	239385.025	239006.382	0.158
59969.4	239263.476	239006.382	0.107
59969.5	239087.859	239006.382	0.034
59969.6	238915.379	239006.382	0.038
59969.7	238851.117	239006.382	0.065
59969.8	238863.881	239006.382	0.060
59969.9	238992.120	239006.382	0.006
59970.0	239192.347	239006.382	0.078
59970.1	239402.807	239176.933	0.094
59970.2	239578.437	239176.933	0.168
59970.3	239583.345	239176.933	0.170
59970.4	239481.936	239176.933	0.127
59970.5	239317.156	239176.933	0.059
59970.6	239148.537	239176.933	0.012
59970.7	239047.567	239176.933	0.054
59970.8	239066.057	239176.933	0.046
59970.9	239228.319	239176.933	0.021
59971.0	239450.457	239176.933	0.114
59971.1	239642.403	239431.990	0.088
59971.2	239770.143	239431.990	0.141
59971.3	239775.984	239431.990	0.143
59971.4	239689.657	239431.990	0.107
59971.5	239516.023	239431.990	0.035
59971.6	239359.596	239431.990	0.030
59971.7	239264.068	239431.990	0.070
59971.8	239317.921	239431.990	0.048
59971.9	239437.822	239431.990	0.002
59972.0	239680.211	239431.990	0.104
59972.1	239882.835	239653.902	0.095
59972.2	239984.008	239653.902	0.138
59972.3	240020.164	239653.902	0.153
59972.4	239901.349	239653.902	0.103
59972.5	239713.996	239653.902	0.025
59972.6	239587.353	239653.902	0.028
59972.7	239493.112	239653.902	0.067
59972.8	239540.731	239653.902	0.047
59972.9	239682.165	239653.902	0.012
59973.0	239907.552	239653.902	0.106
59973.1	240106.079	239874.304	0.097
59973.2	240225.840	239874.304	0.146
59973.3	240225.693	239874.304	0.146
59973.4	240135.274	239874.304	0.109
59973.5	239957.883	239874.304	0.035
59973.6	239762.192	239874.304	0.047
59973.7	239719.226	239874.304	0.065
59973.8	239741.490	239874.304	0.055
59973.9	239934.680	239874.304	0.025
59974.0	240144.577	239874.304	0.113
59974.1	240318.846	240078.227	0.100
59974.2	240428.710	240078.227	0.146
59974.3	240438.265	240078.227	0.150
59974.4	240377.065	240078.227	0.124
59974.5	240181.405	240078.227	0.043
59974.6	239983.824	240078.227	0.039
59974.7	239939.714	240078.227	0.058
59974.8	239985.189	240078.227	0.039
59974.9	240142.863	240078.227	0.027
59975.0	240336.420	240078.227	0.107
59975.1	240542.880	240325.138	0.091
59975.2	240702.365	240325.138	0.157
59975.3	240692.186	240325.138	0.152
59975.4	240555.829	240325.138	0.096
59975.5	240402.569	240325.138	0.032
59975.6	240244.963	240325.138	0.033
59975.7	240202.635	240325.138	0.051
59975.8	240203.096	240325.138	0.051
59975.9	240396.269	240325.138	0.030
59976.0	240591.808	240325.138	0.111
59976.1	240781.177	240540.919	0.100
59976.2	240930.102	240540.919	0.162
59976.3	240938.431	240540.919	0.165
59976.4	240792.269	240540.919	0.104
59976.5	240617.345	240540.919	0.032
59976.6	240468.264	240540.919	0.030
59976.7	240418.499	240540.919	0.051
59976.8	240460.774	240540.919	0.033
59976.9	240616.194	240540.919	0.031
59977.0	240852.031	240540.919	0.129
59977.1	241031.714	240784.936	0.102
59977.2	241130.225	240784.936	0.143
59977.3	241142.288	240784.936	0.148
59977.4	241032.741	240784.936	0.103
59977.5	240855.195	240784.936	0.029
59977.6	240693.289	240784.936	0.038
59977.7	240629.390	240784.936	0.065
59977.8	240673.991	240784.936	0.046
59977.9	240883.575	240784.936	0.041
59978.0	241064.662	240784.936	0.116
59978.1	241264.856	241003.528	0.108
59978.2	241406.414	241003.528	0.167
59978.3	241386.110	241003.528	0.158
59978.4	241256.535	241003.528	0.105
59978.5	241073.640	241003.528	0.029
59978.6	240933.333	241003.528	0.029
59978.7	240871.514	241003.528	0.055
59978.8	240934.580	241003.528	0.029
59978.9	241096.726	241003.528	0.039
59979.0	241323.971	241003.528	0.133
59979.1	241543.959	241228.139	0.131
59979.2	241629.763	241228.139	0.166
59979.3	241579.721	241228.139	0.146
59979.4	241482.767	241228.139	0.105
59979.5	241323.865	241228.139	0.040
59979.6	241140.655	241228.139	0.036
59979.7	241052.776	241228.139	0.073
59979.8	241179.276	241228.139	0.020
59979.9	241327.175	241228.139	0.041
59980.0	241543.118	241228.139	0.130
59980.1	241801.062	241514.434	0.119
59980.2	241889.154	241514.434	0.155
59980.3	241824.956	241514.434	0.128
59980.4	241733.822	241514.434	0.091
59980.5	241570.723	241514.434	0.023
59980.6	241398.097	241514.434	0.048
59980.7	241312.354	241514.434	0.084
59980.8	241422.831	241514.434	0.038
59980.9	241590.257	241514.434	0.031
59981.0	241785.636	241514.434	0.112
59981.1	242006.309	241740.371	0.110
59981.2	242105.738	241740.371	0.151
59981.3	242071.846	241740.371	0.137
59981.4	241940.555	241740.371	0.083
59981.5	241783.223	241740.371	0.018
59981.6	241609.468	241740.371	0.054
59981.7	241562.735	241740.371	0.074
59981.8	241655.583	241740.371	0.035
59981.9	241847.397	241740.371	0.044
59982.0	242033.928	241740.371	0.121
59982.1	242245.001	241957.843	0.119
59982.2	242357.290	241957.843	0.165
59982.3	242341.275	241957.843	0.158
59982.4	242186.541	241957.843	0.094
59982.5	242019.783	241957.843	0.026
59982.6	241883.390	241957.843	0.031
59982.7	241777.115	241957.843	0.075
59982.8	241891.612	241957.843	0.027
59982.9	242061.983	241957.843	0.043
59983.0	242287.033	241957.843	0.136
59983.1	242487.002	242207.119	0.115
59983.2	242600.512	242207.119	0.162
59983.3	242562.989	242207.119	0.147
59983.4	242429.003	242207.119	0.092
59983.5	242250.399	242207.119	0.018
59983.6	242101.289	242207.119	0.044
59983.7	242065.019	242207.119	0.059
59983.8	242130.139	242207.119	0.032
59983.9	242316.367	242207.119	0.045
59984.0	242530.243	242207.119	0.133
59984.1	242736.921	242468.164	0.111
59984.2	242819.929	242468.164	0.145
59984.3	242801.161	242468.164	0.137
59984.4	242671.576	242468.164	0.084
59984.5	242482.640	242468.164	0.006
59984.6	242353.350	242468.164	0.047
59984.7	242286.736	242468.164	0.075
59984.8	242384.359	242468.164	0.035
59984.9	242534.505	242468.164	0.027
59985.0	242801.520	242468.164	0.137
59985.1	242997.089	242674.538	0.133
59985.2	243086.753	242674.538	0.170
59985.3	243053.366	242674.538	0.156
59985.4	242909.723	242674.538	0.097
59985.5	242719.721	242674.538	0.019
59985.6	242600.151	242674.538	0.031
59985.7	242566.614	242674.538	0.044
59985.8	242654.245	242674.538	0.008
59985.9	242801.662	242674.538	0.052
59986.0	243045.106	242674.538	0.152
59986.1	243231.212	242946.839	0.117
59986.2	243299.571	242946.839	0.145
59986.3	243256.918	242946.839	0.127
59986.4	243120.242	242946.839	0.071
59986.5	242970.822	242946.839	0.010
59986.6	242789.164	242946.839	0.065
59986.7	242762.344	242946.839	0.076
59986.8	242894.057	242946.839	0.022
59986.9	243068.038	242946.839	0.050
59987.0	243290.387	242946.839	0.141
59987.1	243485.719	243201.433	0.117
59987.2	243582.803	243201.433	0.157
59987.3	243542.056	243201.433	0.140
59987.4	243378.098	243201.433	0.073
59987.5	243203.703	243201.433	0.001
59987.6	243041.607	243201.433	0.066
59987.7	243048.721	243201.433	0.063
59987.8	243089.207	243201.433	0.046
59987.9	243315.374	243201.433	0.047
59988.0	243526.651	243201.433	0.134
59988.1	243727.724	243444.123	0.116
59988.2	243814.504	243444.123	0.152
59988.3	243741.447	243444.123	0.122
59988.4	243605.102	243444.123	0.066
59988.5	243458.925	243444.123	0.006
59988.6	243307.578	243444.123	0.056
59988.7	243274.104	243444.123	0.070
59988.8	243375.235	243444.123	0.028
59988.9	243545.765	243444.123	0.042
59989.0	243803.182	243444.123	0.147
59989.1	244001.254	243686.708	0.129
59989.2	244068.155	243686.708	0.156
59989.3	244035.262	243686.708	0.143
59989.4	243886.507	243686.708	0.082
59989.5	243708.353	243686.708	0.009
59989.6	243548.006	243686.708	0.057
59989.7	243522.986	243686.708	0.067
59989.8	243629.326	243686.708	0.024
59989.9	243798.932	243686.708	0.046
59990.0	244057.625	243686.708	0.152
59990.1	244272.797	243962.686	0.127
59990.2	244296.883	243962.686	0.137
59990.3	244252.749	243962.686	0.119
59990.4	244139.550	243962.686	0.072
59990.5	243971.792	243962.686	0.004
59990.6	243818.227	243962.686	0.059
59990.7	243754.959	243962.686	0.085
59990.8	243903.426	243962.686	0.024
59990.9	244079.208	243962.686	0.048
59991.0	244297.548	243962.686	0.137
59991.1	244501.779	244198.734	0.124
59991.2	244568.670	244198.734	0.151
59991.3	244503.642	244198.734	0.125
59991.4	244381.614	244198.734	0.075
59991.5	244201.327	244198.734	0.001
59991.6	244054.602	244198.734	0.059
59991.7	244013.995	244198.734	0.076
59991.8	244150.986	244198.734	0.020
59991.9	244318.764	244198.734	0.049
59992.0	244551.460	244198.734	0.144
59992.1	244748.934	244419.476	0.135
59992.2	244812.084	244419.476	0.160
59992.3	244738.397	244419.476	0.130
59992.4	244622.708	244419.476	0.083
59992.5	244411.438	244419.476	0.003
59992.6	244319.019	244419.476	0.041
59992.7	244276.301	244419.476	0.059
59992.8	244384.806	244419.476	0.014
59992.9	244604.059	244419.476	0.075
59993.0	244799.781	244419.476	0.155
59993.1	245014.802	244703.747	0.127
59993.2	245082.522	244703.747	0.155
59993.3	245013.805	244703.747	0.127
59993.4	244857.485	244703.747	0.063
59993.5	244672.572	244703.747	0.013
59993.6	244571.801	244703.747	0.054
59993.7	244568.613	244703.747	0.055
59993.8	244662.651	244703.747	0.017
59993.9	244873.160	244703.747	0.069
59994.0	245070.950	244703.747	0.150
59994.1	245249.076	244934.492	0.128
59994.2	245311.534	244934.492	0.154
59994.3	245273.103	244934.492	0.138
59994.4	245134.552	244934.492	0.082
59994.5	244929.886	244934.492	0.002
59994.6	244797.047	244934.492	0.056
59994.7	244806.673	244934.492	0.052
59994.8	244890.877	244934.492	0.018
59994.9	245126.868	244934.492	0.078
59995.0	245342.259	244934.492	0.166
59995.1	245543.684	245176.652	0.149
59995.2	245597.584	245176.652	0.171
59995.3	245508.961	245176.652	0.135
59995.4	245347.595	245176.652	0.070
59995.5	245180.823	245176.652	0.002
59995.6	245071.235	245176.652	0.043
59995.7	245074.843	245176.652	0.042
59995.8	245174.524	245176.652	0.001
59995.9	245370.076	245176.652	0.079
59996.0	245611.985	245176.652	0.177
59996.1	245782.160	245461.967	0.130
59996.2	245826.840	245461.967	0.148
59996.3	245785.538	245461.967	0.132
59996.4	245615.957	245461.967	0.063
59996.5	245439.160	245461.967	0.009
59996.6	245300.705	245461.967	0.066
59996.7	245281.403	245461.967	0.074
59996.8	245450.130	245461.967	0.005
59996.9	245646.757	245461.967	0.075
59997.0	245853.289	245461.967	0.159
59997.1	246051.802	245727.923	0.132
59997.2	246098.382	245727.923	0.151
59997.3	246017.402	245727.923	0.118
59997.4	245865.641	245727.923	0.056
59997.5	245703.214	245727.923	0.010
59997.6	245587.144	245727.923	0.057
59997.7	245556.263	245727.923	0.070
59997.8	245695.726	245727.923	0.013
59997.9	245877.989	245727.923	0.061
59998.0	246115.057	245727.923	0.157
59998.1	246331.814	245980.875	0.142
59998.2	246352.329	245980.875	0.151
59998.3	246291.662	245980.875	0.126
59998.4	246106.492	245980.875	0.051
59998.5	245952.653	245980.875	0.011
59998.6	245813.562	245980.875	0.068
59998.7	245818.936	245980.875	0.066
59998.8	245918.596	245980.875	0.025
59998.9	246152.363	245980.875	0.070
59999.0	246391.529	245980.875	0.167
59999.1	246555.304	246222.510	0.135
59999.2	246620.682	246222.510	0.161
59999.3	246545.022	246222.510	0.131
59999.4	246399.383	246222.510	0.072
59999.5	246194.107	246222.510	0.012
59999.6	246077.317	246222.510	0.059
59999.7	246060.595	246222.510	0.066
59999.8	246205.751	246222.510	0.007
59999.9	246428.431	246222.510	0.084
60000.0	246650.952	246222.510	0.174
