mjd		ev_x	evf_x		blad_wzg_x[%]		ev_y	evf_y		blad_wzg_y[%]		ev_z	evf_z		blad_wzg_z[%]
59000.0	71393.893	71397.863	0.006	179642.718	179182.895	0.256	176915.914	176898.568	0.010
59000.1	163251.490	163260.079	0.005	103195.400	102714.708	0.466	176915.587	176898.568	0.010
59000.2	192374.713	192431.956	0.030	-12608.400	-13194.964	4.652	176947.706	176898.568	0.028
59000.3	147750.754	147711.765	0.026	-123412.477	-124037.894	0.507	176963.375	176898.568	0.037
59000.4	46434.049	46271.641	0.350	-186653.131	-187251.435	0.321	176979.280	176898.568	0.046
59000.5	-72664.130	-72936.359	0.375	-178079.351	-178562.180	0.271	176995.622	176898.568	0.055
59000.6	-163887.172	-164137.482	0.153	-101011.964	-101306.722	0.292	177012.441	176898.568	0.064
59000.7	-192236.798	-192311.349	0.039	15034.755	14849.568	1.232	177045.969	176898.568	0.083
59000.8	-146753.140	-146639.461	0.077	125363.682	125303.763	0.048	177063.158	176898.568	0.093
59000.9	-45014.186	-44659.395	0.788	187837.493	187642.488	0.104	177063.722	176898.568	0.093
59001.0	74014.689	74469.461	0.614	178399.188	177928.256	0.264	177096.623	176898.568	0.112
59001.1	164573.589	164573.897	0.000	100663.161	100182.359	0.478	177096.284	177095.650	0.000
59001.2	191986.815	192001.528	0.008	-15485.562	-16015.184	3.420	177128.386	177095.650	0.018
59001.3	145747.464	145702.371	0.031	-125536.899	-126063.047	0.419	177127.678	177095.650	0.018
59001.4	43585.752	43454.870	0.300	-187159.285	-187703.881	0.291	177176.357	177095.650	0.046
59001.5	-75323.757	-75478.894	0.206	-176828.810	-177268.185	0.248	177176.322	177095.650	0.046
59001.6	-165237.020	-165429.471	0.116	-98454.406	-98763.167	0.314	177209.540	177095.650	0.064
59001.7	-191777.366	-191856.681	0.041	17851.052	17665.981	1.037	177210.297	177095.650	0.065
59001.8	-144730.057	-144612.724	0.081	127471.614	127311.559	0.126	177243.880	177095.650	0.084
59001.9	-42134.454	-41838.837	0.702	188352.700	188070.690	0.150	177260.824	177095.650	0.093
59002.0	76586.421	77000.772	0.541	177098.130	176612.440	0.274	177277.332	177095.650	0.102
59002.1	165916.757	165971.563	0.033	98087.101	97587.550	0.509	177326.131	177276.349	0.028
59002.2	191555.245	191602.048	0.024	-18354.463	-18935.273	3.164	177309.081	177276.349	0.018
59002.3	143704.123	143659.143	0.031	-127498.126	-128187.129	0.540	177324.754	177276.349	0.027
59002.4	40726.964	40552.474	0.428	-187618.025	-188216.329	0.319	177373.442	177276.349	0.055
59002.5	-77839.252	-78125.965	0.368	-175493.202	-175972.222	0.273	177373.420	177276.349	0.055
59002.6	-166575.722	-166804.766	0.138	-95860.737	-96156.432	0.308	177390.261	177276.349	0.064
59002.7	-191315.406	-191432.100	0.061	20709.952	20582.527	0.615	177391.031	177276.349	0.065
59002.8	-142671.362	-142551.302	0.084	129514.428	129417.988	0.074	177424.616	177276.349	0.084
59002.9	-39284.980	-38932.140	0.898	188768.763	188558.155	0.112	177457.942	177276.349	0.102
59003.0	79137.378	79636.599	0.631	175755.470	175293.758	0.263	177490.823	177276.349	0.121
59003.1	167187.659	167203.885	0.010	95500.729	95014.139	0.510	177490.464	177473.456	0.010
59003.2	191055.807	191081.578	0.013	-21191.637	-21740.656	2.591	177522.553	177473.456	0.028
59003.3	141628.248	141585.737	0.030	-129524.647	-130147.243	0.481	177538.223	177473.456	0.036
59003.4	37856.979	37722.299	0.356	-188027.886	-188578.508	0.293	177521.384	177473.456	0.027
59003.5	-80427.940	-80626.148	0.246	-174143.752	-174597.394	0.260	177570.526	177473.456	0.055
59003.6	-167841.757	-168014.909	0.103	-93256.393	-93572.517	0.339	177587.384	177473.456	0.064
59003.7	-190824.274	-190887.521	0.033	23589.782	23383.330	0.875	177588.162	177473.456	0.065
59003.8	-140579.189	-140461.113	0.084	131491.434	131360.197	0.100	177638.134	177473.456	0.093
59003.9	-36425.349	-36098.955	0.896	189136.518	188895.980	0.127	177622.304	177473.456	0.084
59004.0	81699.859	82124.864	0.520	174375.568	173897.477	0.274	177655.166	177473.456	0.102
59004.1	168415.463	168455.018	0.023	92889.768	92394.443	0.533	177703.953	177654.185	0.028
59004.2	190508.817	190549.038	0.021	-24021.886	-24594.521	2.384	177703.269	177654.185	0.028
59004.3	139515.954	139474.013	0.030	-131582.992	-132139.419	0.423	177702.552	177654.185	0.027
59004.4	34979.804	34842.274	0.393	-188390.804	-188944.019	0.294	177734.872	177654.185	0.045
59004.5	-82963.777	-83168.571	0.247	-172741.787	-173195.886	0.263	177751.261	177654.185	0.055
59004.6	-169032.603	-169243.465	0.125	-90635.971	-90942.157	0.338	177768.122	177654.185	0.064
59004.7	-190248.321	-190330.454	0.043	26408.610	26232.508	0.667	177801.687	177654.185	0.083
59004.8	-138454.250	-138332.333	0.088	133467.534	133334.136	0.100	177818.895	177654.185	0.093
59004.9	-33516.444	-33215.893	0.897	189507.512	189236.705	0.143	177835.816	177654.185	0.102
59005.0	84239.026	84655.139	0.494	172957.470	172474.154	0.279	177852.290	177654.185	0.111
59005.1	169629.764	169664.212	0.020	90242.213	89755.829	0.539	177851.904	177851.308	0.000
59005.2	189934.321	189971.464	0.020	-26870.317	-27438.961	2.116	177900.374	177851.308	0.028
59005.3	137374.875	137331.454	0.032	-133475.975	-134097.447	0.466	177916.039	177851.308	0.036
59005.4	32094.810	31957.453	0.428	-188705.439	-189263.770	0.296	177915.593	177851.308	0.036
59005.5	-85446.060	-85687.910	0.283	-171287.234	-171754.580	0.273	177931.994	177851.308	0.045
59005.6	-170274.599	-170429.919	0.091	-87966.114	-88293.241	0.372	177981.639	177851.308	0.073
59005.7	-189623.440	-189728.436	0.055	29220.382	29071.875	0.508	177966.054	177851.308	0.064
59005.8	-136287.151	-136173.013	0.084	135441.711	135273.664	0.124	177999.642	177851.308	0.083
59005.9	-30643.043	-30328.429	1.027	189780.644	189531.633	0.131	178032.944	177851.308	0.102
59006.0	86724.853	87161.988	0.504	171485.045	171011.232	0.276	178033.022	177851.308	0.102
59006.1	170772.242	170828.962	0.033	87591.755	87093.267	0.569	178049.011	178048.421	0.000
59006.2	189307.951	189343.870	0.019	-29712.971	-30276.567	1.897	178097.462	178048.421	0.028
59006.3	135194.365	135152.506	0.031	-135399.224	-136020.482	0.459	178096.740	178048.421	0.027
59006.4	29244.065	29063.846	0.616	-188920.545	-189533.808	0.325	178112.684	178048.421	0.036
59006.5	-87967.944	-88185.057	0.247	-169809.236	-170267.927	0.270	178145.485	178048.421	0.054
59006.6	-171379.538	-171571.726	0.112	-85306.343	-85620.759	0.369	178145.985	178048.421	0.055
59006.7	-188988.349	-189076.460	0.047	32077.136	31903.979	0.540	178163.176	178048.421	0.064
59006.8	-134092.760	-133977.605	0.086	137282.464	137177.887	0.076	178163.987	178048.421	0.065
59006.9	-27744.466	-27432.606	1.124	190032.486	189776.773	0.135	178213.676	178048.421	0.093
59007.0	89186.142	89646.256	0.516	169974.268	169503.157	0.277	178230.126	178048.421	0.102
59007.1	171870.078	171918.977	0.028	84919.079	84421.616	0.586	178246.095	178229.128	0.010
59007.2	188634.883	188650.534	0.008	-32545.419	-33077.484	1.635	178261.765	178229.128	0.018
59007.3	132984.024	132942.054	0.032	-137319.653	-137875.140	0.405	178277.430	178229.128	0.027
59007.4	26328.964	26185.072	0.547	-189166.201	-189730.035	0.298	178309.759	178229.128	0.045
59007.5	-90435.052	-90626.733	0.212	-168277.399	-168730.375	0.269	178326.178	178229.128	0.054
59007.6	-172411.582	-172638.722	0.132	-82643.003	-82939.832	0.359	178343.077	178229.128	0.064
59007.7	-188274.901	-188359.060	0.045	34866.173	34698.828	0.480	178376.665	178229.128	0.083
59007.8	-131863.601	-131751.284	0.085	139185.665	139013.464	0.124	178393.852	178229.128	0.092
59007.9	-24858.086	-24552.250	1.230	190207.943	189948.233	0.137	178394.371	178229.128	0.093
59008.0	91655.534	92074.617	0.457	168427.216	167944.660	0.287	178427.194	178229.128	0.111
59008.1	173014.182	173026.649	0.007	82189.013	81709.101	0.584	178443.148	178409.816	0.019
59008.2	187898.166	187947.390	0.026	-35338.832	-35921.822	1.650	178442.425	178409.816	0.018
59008.3	130738.050	130698.094	0.031	-139170.543	-139759.102	0.423	178490.849	178409.816	0.045
59008.4	23406.244	23261.956	0.616	-189360.863	-189930.198	0.301	178490.416	178409.816	0.045
59008.5	-92876.562	-93106.556	0.248	-166706.915	-167169.877	0.278	178523.232	178409.816	0.064
59008.6	-173459.084	-173723.022	0.152	-79934.139	-80217.891	0.355	178523.751	178409.816	0.064
59008.7	-187524.192	-187631.477	0.057	37676.821	37537.014	0.371	178557.337	178409.816	0.083
59008.8	-129614.798	-129491.203	0.095	140921.866	140878.057	0.031	178590.916	178409.816	0.101
59008.9	-21972.174	-21627.521	1.569	190339.047	190123.247	0.113	178607.809	178409.816	0.111
59009.0	94099.997	94540.927	0.469	166837.537	166362.892	0.284	178607.846	178409.816	0.111
59009.1	173962.788	174058.690	0.055	79504.751	78989.029	0.649	178640.171	178590.468	0.028
59009.2	187132.396	187178.682	0.025	-38148.091	-38727.707	1.519	178639.438	178590.468	0.027
59009.3	128469.055	128423.815	0.035	-140952.141	-141573.366	0.441	178687.861	178590.468	0.055
59009.4	20545.642	20355.406	0.926	-189433.806	-190056.180	0.329	178687.426	178590.468	0.054
59009.5	-95261.006	-95529.287	0.282	-165085.470	-165559.202	0.287	178703.864	178590.468	0.063
59009.6	-174461.165	-174731.630	0.155	-77206.107	-77489.043	0.366	178720.776	178590.468	0.073
59009.7	-186712.736	-186838.665	0.067	40445.674	40336.183	0.271	178737.984	178590.468	0.083
59009.8	-127331.923	-127201.403	0.103	142686.508	142672.693	0.010	178771.565	178590.468	0.101
59009.9	-19081.504	-18719.995	1.895	190420.387	190224.226	0.103	178772.060	178590.468	0.102
59010.0	96486.952	96949.715	0.480	165197.068	164731.439	0.282	178788.459	178590.468	0.111
59010.1	174955.496	175014.391	0.034	76761.855	76261.854	0.651	178804.390	178803.851	0.000
59010.2	186320.271	186344.106	0.013	-40944.590	-41494.353	1.343	178836.422	178803.851	0.018
59010.3	126167.314	126119.432	0.038	-142695.788	-143317.118	0.435	178852.071	178803.851	0.027
59010.4	17684.867	17466.078	1.237	-189460.311	-190107.452	0.342	178868.025	178803.851	0.036
59010.5	-97683.196	-97894.087	0.216	-163435.719	-163898.307	0.283	178900.849	178803.851	0.054
59010.6	-175389.408	-175663.839	0.156	-74477.341	-74753.748	0.371	178950.545	178803.851	0.082
59010.7	-185885.866	-185980.324	0.051	43259.315	43095.549	0.379	178951.369	178803.851	0.082
59010.8	-125004.039	-124882.108	0.098	144477.624	144396.560	0.056	178968.558	178803.851	0.092
59010.9	-16188.410	-15830.332	2.212	190453.004	190250.645	0.106	178985.432	178803.851	0.101
59011.0	98781.023	99300.142	0.526	163511.887	163050.266	0.282	179001.826	178803.851	0.111
59011.1	175874.947	175926.111	0.029	74020.479	73521.378	0.674	179034.125	179033.595	0.000
59011.2	185423.723	185466.158	0.023	-43673.620	-44245.834	1.310	179016.982	179033.595	0.009
59011.3	123837.800	123788.938	0.039	-144368.227	-145023.061	0.454	179065.399	179033.595	0.018
59011.4	14732.270	14577.927	1.048	-189533.214	-190112.792	0.306	179081.364	179033.595	0.027
59011.5	-99980.484	-100230.872	0.250	-161732.421	-162200.992	0.290	179114.202	179033.595	0.045
59011.6	-176300.478	-176551.955	0.143	-71715.907	-72005.532	0.404	179114.750	179033.595	0.045
59011.7	-184981.539	-185078.743	0.053	46001.450	45839.377	0.352	179148.349	179033.595	0.064
59011.8	-122662.352	-122537.028	0.102	146133.122	146082.396	0.035	179165.536	179033.595	0.074
59011.9	-13272.459	-12942.243	2.488	190461.669	190231.143	0.121	179166.018	179033.595	0.074
59012.0	101112.820	101622.242	0.504	161793.371	161332.915	0.285	179198.775	179033.595	0.092
59012.1	176717.208	176790.001	0.041	71273.888	70761.157	0.719	179214.680	179197.774	0.009
59012.2	184499.803	184537.929	0.021	-46415.079	-46985.089	1.228	179230.295	179197.774	0.018
59012.3	121471.019	121425.022	0.038	-146099.715	-146689.502	0.404	179245.951	179197.774	0.027
59012.4	11844.494	11686.045	1.338	-189483.847	-190066.521	0.308	179278.295	179197.774	0.045
59012.5	-102282.485	-102540.264	0.252	-159991.541	-160459.777	0.293	179278.377	179197.774	0.045
59012.6	-177164.784	-177392.073	0.128	-68937.746	-69237.983	0.436	179311.704	179197.774	0.064
59012.7	-184032.493	-184126.988	0.051	48728.142	48570.547	0.323	179312.545	179197.774	0.064
59012.8	-120278.672	-120158.866	0.100	147846.959	147728.443	0.080	179378.886	179197.774	0.101
59012.9	-10398.920	-10050.865	3.347	190371.658	190160.001	0.111	179362.961	179197.774	0.092
59013.0	103447.869	103916.573	0.453	160043.778	159571.901	0.295	179412.100	179197.774	0.119
59013.1	177541.402	177609.157	0.038	68495.839	67989.186	0.740	179427.982	179411.096	0.009
59013.2	183558.204	183566.631	0.005	-49200.159	-49707.482	1.031	179427.211	179411.096	0.009
59013.3	119083.864	119036.240	0.040	-147693.298	-148316.942	0.422	179442.861	179411.096	0.018
59013.4	8912.766	8797.049	1.298	-189433.959	-189974.087	0.285	179475.221	179411.096	0.036
59013.5	-104587.618	-104820.127	0.222	-158217.737	-158682.963	0.294	179475.312	179411.096	0.036
59013.6	-177953.993	-178187.357	0.131	-66161.041	-66459.069	0.450	179492.263	179411.096	0.045
59013.7	-183031.426	-183132.311	0.055	51442.198	51284.485	0.307	179525.872	179411.096	0.064
59013.8	-117874.048	-117756.175	0.100	149455.843	149335.278	0.081	179526.679	179411.096	0.064
59013.9	-7508.549	-7162.771	4.605	190261.812	190042.723	0.115	179576.293	179411.096	0.092
59014.0	105721.599	106181.070	0.435	158247.417	157775.544	0.298	179559.875	179411.096	0.083
59014.1	178319.524	178379.511	0.034	65705.143	65199.164	0.770	179592.128	179591.632	0.000
59014.2	182499.833	182545.267	0.025	-51821.195	-52415.707	1.147	179607.737	179591.632	0.009
59014.3	116659.455	116615.352	0.038	-149311.331	-149903.438	0.397	179656.149	179591.632	0.036
59014.4	6028.428	5906.234	2.027	-189288.589	-189829.653	0.286	179655.756	179591.632	0.036
59014.5	-106863.617	-107070.822	0.194	-156399.739	-156863.061	0.296	179688.614	179591.632	0.054
59014.6	-178723.840	-178933.686	0.117	-63352.609	-63662.524	0.489	179689.197	179591.632	0.054
59014.7	-182003.373	-182087.692	0.046	54166.956	53983.825	0.338	179739.202	179591.632	0.082
59014.8	-115450.231	-115321.731	0.111	150959.154	150900.892	0.039	179756.383	179591.632	0.092
59014.9	-4639.352	-4273.306	7.890	190076.205	189873.431	0.107	179773.225	179591.632	0.101
59015.0	107965.439	108416.028	0.417	156409.918	155936.352	0.303	179756.792	179591.632	0.092
59015.1	179077.664	179132.001	0.030	62882.708	62381.169	0.798	179805.416	179772.167	0.018
59015.2	181463.763	181492.988	0.016	-54574.050	-55136.009	1.030	179821.023	179772.167	0.027
59015.3	114215.313	114162.368	0.046	-150856.452	-151481.477	0.414	179836.672	179772.167	0.036
59015.4	3191.924	2994.469	6.186	-189046.973	-189659.477	0.324	179885.428	179772.167	0.063
59015.5	-109075.329	-109323.278	0.227	-154548.873	-155010.016	0.298	179885.550	179772.167	0.063
59015.6	-179447.745	-179661.911	0.119	-60533.616	-60838.161	0.503	179902.522	179772.167	0.072
59015.7	-180901.875	-181012.054	0.061	56815.004	56694.977	0.211	179903.378	179772.167	0.073
59015.8	-112974.845	-112855.265	0.106	152583.582	152457.775	0.082	179920.561	179772.167	0.082
59015.9	-1750.098	-1363.112	22.112	189865.464	189678.217	0.099	179953.776	179772.167	0.101
59016.0	110178.270	110652.463	0.430	154533.827	154064.001	0.304	179986.475	179772.167	0.119
59016.1	179760.253	179780.857	0.011	60064.982	59584.525	0.800	179985.940	179952.704	0.018
59016.2	180353.492	180369.550	0.009	-57249.790	-57778.001	0.923	180050.689	179952.704	0.054
59016.3	111740.438	111698.027	0.038	-152359.058	-152954.316	0.391	180049.952	179952.704	0.054
59016.4	236.710	135.508	42.754	-188865.583	-189397.608	0.282	180049.570	179952.704	0.054
59016.5	-111289.190	-111479.044	0.171	-152654.783	-153113.993	0.301	180066.087	179952.704	0.063
59016.6	-180066.231	-180286.689	0.122	-57733.444	-58036.040	0.524	180099.457	179952.704	0.081
59016.7	-179777.168	-179865.935	0.049	59506.534	59327.208	0.301	180133.084	179952.704	0.100
59016.8	-110491.685	-110378.348	0.103	154036.236	153909.365	0.082	180133.878	179952.704	0.101
59016.9	1164.886	1493.490	28.209	189622.056	189391.768	0.121	180167.084	179952.704	0.119
59017.0	112359.114	112791.842	0.385	152621.808	152149.507	0.309	180183.396	179952.704	0.128
59017.1	180366.761	180409.128	0.023	57252.425	56757.972	0.864	180182.847	180182.389	0.000
59017.2	179195.536	179211.859	0.009	-59907.456	-60432.031	0.876	180214.821	180182.389	0.018
59017.3	109241.702	109198.916	0.039	-153819.831	-154416.701	0.388	180230.471	180182.389	0.027
59017.4	-2587.582	-2745.387	6.099	-188531.215	-189106.805	0.305	180262.872	180182.389	0.045
59017.5	-113438.187	-113635.487	0.174	-150719.686	-151181.669	0.307	180279.391	180182.389	0.054
59017.6	-180663.930	-180890.626	0.125	-54903.747	-55204.189	0.547	180296.390	180182.389	0.063
59017.7	-178593.692	-178685.459	0.051	62148.912	61971.183	0.286	180313.639	180182.389	0.073
59017.8	-107989.932	-107866.752	0.114	155448.237	155350.200	0.063	180347.207	180182.389	0.091
59017.9	4048.462	4371.778	7.986	189310.560	189076.197	0.124	180364.014	180182.389	0.101
59018.0	114507.812	114931.585	0.370	150666.134	150198.707	0.310	180396.689	180182.389	0.119
59018.1	180981.737	180988.014	0.003	54396.231	53918.823	0.878	180396.143	180346.536	0.027
59018.2	177981.846	178006.843	0.014	-62514.098	-63067.143	0.885	180395.339	180346.536	0.027
59018.3	106701.078	106672.713	0.027	-155301.131	-155835.917	0.344	180443.758	180346.536	0.054
59018.4	-5462.884	-5622.739	2.926	-188182.751	-188765.160	0.309	180476.155	180346.536	0.072
59018.5	-115586.836	-115759.112	0.149	-148749.414	-149210.350	0.310	180476.314	180346.536	0.072
59018.6	-181269.258	-181445.071	0.097	-52029.602	-52360.165	0.635	180493.328	180346.536	0.081
59018.7	-177380.379	-177457.823	0.044	64800.400	64595.833	0.316	180494.200	180346.536	0.082
59018.8	-105430.673	-105328.435	0.097	156910.463	156747.636	0.104	180527.752	180346.536	0.100
59018.9	6926.914	7246.086	4.608	188949.635	188709.817	0.127	180560.945	180346.536	0.119
59019.0	116557.146	117038.177	0.413	148678.753	148209.196	0.316	180593.611	180346.536	0.137
59019.1	181516.684	181520.360	0.002	51541.868	51072.898	0.910	180609.425	180592.607	0.009
59019.2	176721.878	176760.230	0.022	-65100.448	-65680.309	0.891	180608.618	180592.607	0.009
59019.3	104149.738	104125.829	0.023	-156674.818	-157212.893	0.343	180607.888	180592.607	0.008
59019.4	-8355.361	-8491.914	1.634	-187808.284	-188377.200	0.303	180673.061	180592.607	0.045
59019.5	-117603.464	-117848.843	0.209	-146738.062	-147206.428	0.319	180656.847	180592.607	0.036
59019.6	-181742.020	-181952.920	0.116	-49197.255	-49509.767	0.635	180706.639	180592.607	0.063
59019.7	-176094.797	-176188.781	0.053	67371.247	67198.180	0.257	180707.519	180592.607	0.064
59019.8	-102869.294	-102769.802	0.097	158267.232	158102.656	0.104	180724.690	180592.607	0.073
59019.9	9800.538	10111.818	3.176	188537.669	188297.194	0.128	180757.863	180592.607	0.091
59020.0	118703.517	119110.594	0.343	146656.806	146187.374	0.320	180790.522	180592.607	0.109
59020.1	182002.482	182001.552	0.001	48678.394	48214.470	0.953	180789.935	180789.515	0.000
59020.2	175426.855	175464.918	0.022	-67696.412	-68273.439	0.852	180821.888	180789.515	0.018
59020.3	101588.054	101551.401	0.036	-157974.236	-158544.987	0.361	180821.168	180789.515	0.018
59020.4	-11239.151	-11356.902	1.048	-187386.821	-187936.747	0.293	180853.583	180789.515	0.035
59020.5	-119683.669	-119904.262	0.184	-144696.987	-145162.557	0.322	180886.528	180789.515	0.054
59020.6	-182192.085	-182409.508	0.119	-46336.783	-46647.306	0.670	180903.559	180789.515	0.063
59020.7	-174786.835	-174871.214	0.048	69981.831	69780.073	0.288	180888.059	180789.515	0.054
59020.8	-100290.253	-100184.012	0.106	159547.500	159412.558	0.085	180954.375	180789.515	0.091
59020.9	12640.803	12972.911	2.627	188056.665	187832.115	0.119	180954.772	180789.515	0.091
59021.0	120683.999	121148.358	0.385	144593.350	144125.901	0.323	180987.414	180789.515	0.109
59021.1	182440.010	182458.963	0.010	45808.328	45327.131	1.050	180986.818	180986.406	0.000
59021.2	174099.398	174133.358	0.020	-70300.254	-70875.918	0.819	181018.764	180986.406	0.018
59021.3	98988.773	98942.175	0.047	-159258.884	-159863.279	0.380	181050.804	180986.406	0.036
59021.4	-14065.481	-14241.875	1.254	-186873.085	-187464.640	0.317	181083.231	180986.406	0.053
59021.5	-121728.620	-121957.179	0.188	-142617.570	-143081.336	0.325	181083.422	180986.406	0.054
59021.6	-182595.229	-182842.070	0.135	-43471.957	-43756.140	0.654	181100.463	180986.406	0.063
59021.7	-173421.281	-173517.319	0.055	72539.501	72371.004	0.232	181117.728	180986.406	0.073
59021.8	-97671.382	-97563.544	0.110	160846.409	160708.360	0.086	181118.510	180986.406	0.073
59021.9	15498.965	15853.717	2.289	187546.282	187335.213	0.113	181168.046	180986.406	0.100
59022.0	122694.254	123183.299	0.399	142494.509	142027.099	0.328	181167.900	180986.406	0.100
59022.1	182800.300	182841.024	0.022	42948.706	42452.787	1.155	181216.444	181166.896	0.027
59022.2	172724.537	172748.571	0.014	-72881.670	-73423.503	0.743	181215.615	181166.896	0.027
59022.3	96369.573	96322.285	0.049	-160499.067	-161105.856	0.378	181231.274	181166.896	0.036
59022.4	-16907.839	-17090.855	1.082	-186331.642	-186925.071	0.318	181247.329	181166.896	0.044
59022.5	-123704.709	-123941.267	0.191	-140502.880	-140966.810	0.330	181296.675	181166.896	0.072
59022.6	-182973.887	-183199.394	0.123	-40579.009	-40878.616	0.738	181280.958	181166.896	0.063
59022.7	-172023.251	-172110.671	0.051	75104.162	74906.583	0.263	181298.227	181166.896	0.072
59022.8	-95061.883	-94933.063	0.136	162006.997	161928.357	0.049	181331.768	181166.896	0.091
59022.9	18349.239	18697.951	1.900	186984.938	186771.159	0.114	181348.522	181166.896	0.100
59023.0	124700.736	125149.127	0.360	140360.293	139895.587	0.331	181364.743	181166.896	0.109
59023.1	183137.416	183172.070	0.019	40063.790	39570.469	1.231	181396.892	181363.740	0.018
59023.2	171284.118	171317.865	0.020	-75376.758	-75947.473	0.757	181379.668	181363.740	0.009
59023.3	93738.267	93679.204	0.063	-161662.094	-162302.298	0.396	181444.477	181363.740	0.044
59023.4	-19771.054	-19931.392	0.811	-185754.333	-186334.562	0.312	181444.151	181363.740	0.044
59023.5	-125676.643	-125888.521	0.169	-138351.181	-138816.101	0.336	181477.128	181363.740	0.062
59023.6	-183274.996	-183505.638	0.126	-37697.842	-37993.557	0.784	181494.185	181363.740	0.072
59023.7	-170569.472	-170658.310	0.052	77613.645	77418.156	0.252	181495.071	181363.740	0.072
59023.8	-92394.017	-92279.790	0.124	163212.936	163102.022	0.068	181528.599	181363.740	0.091
59023.9	21217.845	21533.303	1.487	186390.820	186156.242	0.126	181528.962	181363.740	0.091
59024.0	126604.430	127077.811	0.374	138193.711	137728.209	0.337	181561.553	181363.740	0.109
59024.1	183370.530	183454.348	0.046	37211.015	36684.400	1.415	181577.300	181576.940	0.000
59024.2	169811.689	169845.543	0.020	-77877.271	-78445.742	0.730	181625.607	181576.940	0.027
59024.3	91053.132	91017.642	0.039	-162871.356	-163453.455	0.357	181641.265	181576.940	0.035
59024.4	-22622.886	-22760.181	0.607	-185128.618	-185696.573	0.307	181640.944	181576.940	0.035
59024.5	-127578.165	-127798.307	0.173	-136166.603	-136633.948	0.343	181690.314	181576.940	0.062
59024.6	-183526.126	-183763.082	0.129	-34811.894	-35105.167	0.842	181690.995	181576.940	0.063
59024.7	-169063.971	-169164.555	0.059	80065.929	79903.668	0.203	181675.496	181576.940	0.054
59024.8	-89720.720	-89608.425	0.125	164343.112	164230.244	0.069	181741.792	181576.940	0.091
59024.9	23992.251	24356.500	1.518	185695.010	185493.946	0.108	181742.136	181576.940	0.091
59025.0	128470.169	128968.758	0.388	135994.973	135529.711	0.342	181774.712	181576.940	0.109
59025.1	183606.515	183709.207	0.056	34315.574	33769.989	1.590	181790.444	181757.330	0.018
59025.2	168292.202	168334.369	0.025	-80352.609	-80950.757	0.744	181805.973	181757.330	0.027
59025.3	88392.900	88320.712	0.082	-163910.598	-164587.171	0.413	181838.014	181757.330	0.044
59025.4	-25408.113	-25607.272	0.784	-184417.926	-185023.654	0.328	181837.703	181757.330	0.044
59025.5	-129473.881	-129702.303	0.176	-133945.214	-134412.788	0.349	181870.695	181757.330	0.062
59025.6	-183776.014	-183992.865	0.118	-31878.473	-32188.672	0.973	181887.770	181757.330	0.072
59025.7	-167522.552	-167631.892	0.065	82523.816	82395.593	0.155	181888.655	181757.330	0.072
59025.8	-87038.761	-86901.844	0.157	165395.562	165340.723	0.033	181922.178	181757.330	0.091
59025.9	26840.231	27197.698	1.332	184998.596	184796.564	0.109	181955.274	181757.330	0.109
59026.0	130395.134	130853.579	0.352	133755.411	133292.257	0.346	181955.073	181757.330	0.109
59026.1	183841.901	183864.265	0.012	31374.286	30895.343	1.527	181970.795	181986.845	0.009
59026.2	166739.502	166765.984	0.016	-82832.143	-83364.841	0.643	182002.698	181986.845	0.009
59026.3	85680.385	85631.129	0.057	-164995.057	-165613.707	0.375	182018.357	181986.845	0.017
59026.4	-28237.027	-28385.278	0.525	-183691.555	-184268.462	0.314	182050.816	181986.845	0.035
59026.5	-131297.708	-131502.003	0.156	-131693.484	-132165.855	0.359	182067.436	181986.845	0.044
59026.6	-183876.314	-184123.192	0.134	-29027.892	-29312.798	0.981	182084.521	181986.845	0.054
59026.7	-165933.300	-166042.801	0.066	84921.940	84796.098	0.148	182101.796	181986.845	0.063
59026.8	-84324.748	-84203.531	0.144	166430.600	166344.087	0.052	182151.692	181986.845	0.091
59026.9	29616.164	29969.106	1.192	184223.981	184017.507	0.112	182135.627	181986.845	0.082
59027.0	132149.718	132633.887	0.366	131491.733	131029.928	0.351	182168.171	181986.845	0.100
59027.1	183949.955	183968.198	0.010	28492.256	28017.676	1.666	182200.266	182167.183	0.018
59027.2	165136.261	165154.510	0.011	-85251.930	-85751.244	0.586	182199.401	182167.183	0.018
59027.3	82936.043	82923.038	0.016	-166061.550	-166592.490	0.320	182215.063	182167.183	0.026
59027.4	-31023.366	-31150.103	0.409	-182900.675	-183463.781	0.308	182263.913	182167.183	0.053
59027.5	-133081.892	-133261.896	0.135	-129412.564	-129886.700	0.366	182247.778	182167.183	0.044
59027.6	-184023.777	-184202.371	0.097	-26088.076	-26434.344	1.327	182281.255	182167.183	0.063
59027.7	-164314.817	-164410.861	0.058	87356.160	87168.553	0.215	182298.532	182167.183	0.072
59027.8	-81581.983	-81487.122	0.116	167448.796	167299.542	0.089	182315.655	182167.183	0.081
59027.9	32436.479	32726.908	0.895	183430.587	183189.076	0.132	182332.345	182167.183	0.091
59028.0	133929.846	134374.112	0.332	129196.065	128735.721	0.356	182364.883	182167.183	0.108
59028.1	184032.114	184071.916	0.022	25587.656	25096.788	1.918	182380.577	182347.511	0.018
59028.2	163484.592	163517.398	0.020	-87610.709	-88172.443	0.641	182396.093	182347.511	0.027
59028.3	80213.793	80173.731	0.050	-166989.760	-167584.283	0.356	182411.760	182347.511	0.035
59028.4	-33853.049	-33955.896	0.304	-182091.617	-182645.329	0.304	182427.851	182347.511	0.044
59028.5	-134825.597	-135046.778	0.164	-127101.019	-127572.281	0.371	182477.264	182347.511	0.071
59028.6	-184048.382	-184280.963	0.126	-23214.111	-23512.672	1.286	182477.983	182347.511	0.072
59028.7	-162647.424	-162752.985	0.065	89729.328	89575.582	0.171	182495.263	182347.511	0.081
59028.8	-78835.552	-78729.387	0.135	168388.814	168267.652	0.072	182495.997	182347.511	0.081
59028.9	35181.935	35525.558	0.977	182561.319	182346.521	0.118	182545.456	182347.511	0.108
59029.0	135733.673	136139.022	0.299	126857.616	126406.035	0.356	182545.201	182347.511	0.108
59029.1	184064.636	184123.977	0.032	22684.106	22174.534	2.246	182577.275	182576.988	0.000
59029.2	161798.644	161837.741	0.024	-89971.719	-90564.312	0.659	182576.401	182576.988	0.000
59029.3	77460.761	77407.329	0.069	-167898.727	-168527.311	0.374	182592.069	182576.988	0.008
59029.4	-36579.624	-36746.772	0.457	-181189.043	-181777.402	0.325	182640.943	182576.988	0.035
59029.5	-136528.181	-136790.457	0.192	-124759.749	-125226.674	0.374	182657.601	182576.988	0.044
59029.6	-184067.374	-184307.888	0.131	-20292.638	-20590.078	1.466	182691.092	182576.988	0.062
59029.7	-160946.698	-161052.819	0.066	92104.437	91952.915	0.165	182691.999	182576.988	0.063
59029.8	-76057.227	-75954.976	0.134	169308.911	169186.851	0.072	182709.114	182576.988	0.072
59029.9	37945.704	38308.865	0.957	181649.198	181454.622	0.107	182725.776	182576.988	0.081
59030.0	137398.313	137862.461	0.338	124501.283	124045.519	0.366	182758.289	182576.988	0.099
59030.1	184065.220	184076.113	0.006	19753.773	19296.418	2.315	182773.965	182757.315	0.009
59030.2	160075.148	160103.349	0.018	-92334.791	-92861.642	0.571	182789.478	182757.315	0.018
59030.3	74681.778	74652.400	0.039	-168789.956	-169361.702	0.339	182805.160	182757.315	0.026
59030.4	-39320.937	-39464.371	0.365	-180248.994	-180828.456	0.321	182821.265	182757.315	0.035
59030.5	-138221.374	-138427.193	0.149	-122384.416	-122858.778	0.388	182837.945	182757.315	0.044
59030.6	-184036.116	-184235.271	0.108	-17372.998	-17712.480	1.954	182871.443	182757.315	0.062
59030.7	-159200.334	-159298.732	0.062	94449.620	94235.244	0.227	182855.968	182757.315	0.054
59030.8	-73294.851	-73192.972	0.139	170122.193	169997.517	0.073	182922.236	182757.315	0.090
59030.9	40688.641	41018.202	0.810	180696.014	180482.338	0.118	182938.892	182757.315	0.099
59031.0	139053.874	139478.772	0.306	122115.924	121663.632	0.370	182955.009	182757.315	0.108
59031.1	183996.556	184022.583	0.014	16853.404	16372.591	2.853	182937.912	182937.645	0.000
59031.2	158305.337	158337.448	0.020	-94634.117	-95192.570	0.590	182969.795	182937.645	0.018
59031.3	71897.497	71852.217	0.063	-169599.716	-170204.676	0.357	182985.478	182937.645	0.026
59031.4	-42069.314	-42223.592	0.367	-179284.664	-179859.782	0.321	183017.998	182937.645	0.044
59031.5	-139839.677	-140085.937	0.176	-119985.134	-120450.417	0.388	183051.061	182937.645	0.062
59031.6	-183954.558	-184156.596	0.110	-14456.069	-14789.222	2.305	183051.805	182937.645	0.062
59031.7	-157409.581	-157512.848	0.066	96697.519	96550.897	0.152	183085.489	182937.645	0.081
59031.8	-70488.983	-70385.643	0.147	170944.712	170816.376	0.075	183086.211	182937.645	0.081
59031.9	43441.395	43768.990	0.754	179712.917	179489.968	0.124	183135.634	182937.645	0.108
59032.0	140633.735	141116.740	0.343	119704.150	119241.094	0.387	183151.724	182937.645	0.117
59032.1	183851.064	183877.751	0.015	13976.270	13503.608	3.382	183167.385	183134.377	0.018
59032.2	156501.977	156530.087	0.018	-96933.313	-97425.389	0.508	183182.886	183134.377	0.026
59032.3	69089.887	69076.337	0.020	-170391.539	-170943.951	0.324	183198.577	183134.377	0.035
59032.4	-44803.292	-44902.079	0.220	-178264.371	-178821.638	0.313	183214.715	183134.377	0.044
59032.5	-141479.355	-141638.517	0.112	-117546.188	-118033.491	0.415	183231.412	183134.377	0.053
59032.6	-183779.320	-183987.093	0.113	-11591.929	-11921.591	2.844	183264.939	183134.377	0.071
59032.7	-155580.550	-155686.349	0.068	98912.918	98768.089	0.146	183282.239	183134.377	0.081
59032.8	-67685.063	-67603.507	0.120	171688.468	171531.748	0.091	183315.721	183134.377	0.099
59032.9	46149.635	46438.449	0.626	178660.050	178428.824	0.129	183299.586	183134.377	0.090
59033.0	142299.702	142648.475	0.245	117244.657	116810.904	0.370	183332.061	183134.377	0.108
59033.1	183723.348	183744.884	0.012	11032.656	10562.358	4.263	183347.710	183331.095	0.009
59033.2	154656.829	154689.816	0.021	-99133.746	-99723.651	0.595	183395.981	183331.095	0.035
59033.3	66253.031	66235.308	0.027	-171161.591	-171716.713	0.324	183378.902	183331.095	0.026
59033.4	-47517.281	-47652.936	0.285	-177197.543	-177772.167	0.324	183411.427	183331.095	0.044
59033.5	-143011.630	-143242.900	0.162	-115095.570	-115564.775	0.408	183428.142	183331.095	0.053
59033.6	-183595.051	-183828.933	0.127	-8681.213	-8981.592	3.460	183445.288	183331.095	0.062
59033.7	-153721.599	-153826.379	0.068	101226.018	101050.437	0.173	183462.582	183331.095	0.072
59033.8	-64852.997	-64755.937	0.150	172410.846	172280.046	0.076	183463.294	183331.095	0.072
59033.9	48864.654	49180.178	0.646	177580.422	177355.732	0.127	183529.078	183331.095	0.108
59034.0	143760.928	144231.566	0.327	114789.869	114328.479	0.402	183512.378	183331.095	0.099
59034.1	183502.192	183540.488	0.021	8143.664	7651.325	6.046	183544.406	183527.805	0.009
59034.2	152777.743	152809.551	0.021	-101398.765	-101955.355	0.549	183559.896	183527.805	0.017
59034.3	63434.484	63401.180	0.053	-171822.924	-172412.133	0.343	183575.588	183527.805	0.026
59034.4	-50178.698	-50352.650	0.347	-176075.276	-176664.269	0.335	183608.131	183527.805	0.044
59034.5	-144563.302	-144771.535	0.144	-112602.612	-113078.981	0.423	183624.850	183527.805	0.053
59034.6	-183382.101	-183599.507	0.119	-5751.463	-6072.425	5.581	183625.619	183527.805	0.053
59034.7	-151823.335	-151926.989	0.068	103439.278	103265.886	0.168	183626.534	183527.805	0.054
59034.8	-62031.056	-61915.932	0.186	173057.521	172951.065	0.062	183676.392	183527.805	0.081
59034.9	51530.075	51870.263	0.660	176438.262	176224.655	0.121	183693.001	183527.805	0.090
59035.0	145273.812	145738.763	0.320	112288.997	111829.630	0.409	183741.822	183527.805	0.116
59035.1	183226.819	183259.790	0.018	5257.422	4767.210	9.324	183741.068	183691.711	0.027
59035.2	150855.108	150883.495	0.019	-103563.792	-104120.353	0.537	183740.171	183691.711	0.026
59035.3	60609.234	60569.352	0.066	-172435.946	-173026.676	0.343	183772.252	183691.711	0.044
59035.4	-52818.802	-53002.854	0.348	-174906.459	-175492.377	0.335	183772.040	183691.711	0.044
59035.5	-146038.388	-146222.461	0.126	-110092.131	-110570.650	0.435	183805.145	183691.711	0.062
59035.6	-183098.465	-183294.014	0.107	-2853.853	-3190.830	11.808	183838.694	183691.711	0.080
59035.7	-149881.443	-149982.383	0.067	105552.573	105414.239	0.131	183855.988	183691.711	0.089
59035.8	-59192.151	-59078.923	0.191	173649.640	173541.228	0.062	183856.676	183691.711	0.090
59035.9	54145.000	54510.290	0.675	175233.372	175030.012	0.116	183873.269	183691.711	0.099
59036.0	146709.606	147168.062	0.312	109770.244	109308.913	0.420	183905.699	183691.711	0.116
59036.1	182900.283	182956.781	0.031	2377.732	1870.984	21.312	183937.697	183888.372	0.027
59036.2	148897.087	148932.275	0.024	-105693.225	-106281.992	0.557	183936.800	183888.372	0.026
59036.3	57753.658	57719.172	0.060	-173023.819	-173623.678	0.347	183968.875	183888.372	0.044
59036.4	-55529.699	-55657.553	0.230	-173723.421	-174295.500	0.329	183968.672	183888.372	0.044
59036.5	-147405.082	-147662.299	0.174	-107574.877	-108039.483	0.432	183985.411	183888.372	0.053
59036.6	-182720.196	-182966.106	0.135	-11.940	-297.318	2390.108	184018.962	183888.372	0.071
59036.7	-147905.282	-148012.644	0.073	107695.819	107559.015	0.127	184036.256	183888.372	0.080
59036.8	-56351.160	-56223.713	0.226	174195.438	174113.694	0.047	184053.323	183888.372	0.090
59036.9	56794.353	57154.596	0.634	174016.116	173810.347	0.118	184086.290	183888.372	0.108
59037.0	148100.272	148586.076	0.328	107229.338	106765.455	0.433	184102.311	183888.372	0.116
59037.1	182565.276	182576.746	0.006	-544.193	-996.947	83.197	184117.913	184117.752	0.000
59037.2	146904.780	146935.489	0.021	-107884.755	-108375.385	0.455	184149.776	184117.752	0.017
59037.3	54897.492	54872.382	0.046	-173565.767	-174138.691	0.330	184149.100	184117.752	0.017
59037.4	-58124.233	-58261.206	0.236	-172462.689	-173034.372	0.331	184181.666	184117.752	0.035
59037.5	-148820.430	-149023.037	0.136	-105006.748	-105486.476	0.457	184198.409	184117.752	0.044
59037.6	-182352.899	-182561.418	0.114	2898.478	2567.238	11.428	184199.200	184117.752	0.044
59037.7	-145892.804	-145997.926	0.072	109835.507	109635.157	0.182	184232.873	184117.752	0.062
59037.8	-53482.072	-53372.599	0.205	174716.498	174604.203	0.064	184249.934	184117.752	0.072
59037.9	59422.134	59747.306	0.547	172748.165	172526.872	0.128	184266.504	184117.752	0.081
59038.0	149475.726	149924.805	0.300	104654.166	104200.839	0.433	184282.504	184117.752	0.089
59038.1	182122.148	182164.363	0.023	-3377.512	-3883.443	14.979	184314.490	184297.948	0.009
59038.2	144873.251	144901.627	0.020	-109973.803	-110464.721	0.446	184313.573	184297.948	0.008
59038.3	52044.761	51998.025	0.090	-174024.507	-174628.582	0.347	184329.278	184297.948	0.017
59038.4	-60726.227	-60872.331	0.241	-171165.521	-171736.704	0.334	184361.859	184297.948	0.035
59038.5	-150159.205	-150368.283	0.139	-102429.222	-102899.541	0.459	184395.003	184297.948	0.053
59038.6	-181914.902	-182124.223	0.115	5773.983	5450.080	5.610	184395.794	184297.948	0.053
59038.7	-143845.137	-143946.169	0.070	111872.505	111706.922	0.148	184413.082	184297.948	0.062
59038.8	-50584.599	-50494.135	0.179	175211.568	175069.353	0.081	184413.745	184297.948	0.063
59038.9	62058.850	62347.173	0.465	171438.493	171206.793	0.135	184446.677	184297.948	0.081
59039.0	150805.342	151247.752	0.293	102059.506	101602.430	0.448	184462.677	184297.948	0.089
59039.1	181663.474	181688.844	0.014	-6256.886	-6728.644	7.540	184494.646	184478.134	0.009
59039.2	142808.483	142841.081	0.023	-111959.532	-112483.493	0.468	184493.734	184478.134	0.008
59039.3	49171.772	49143.682	0.057	-174462.100	-175045.735	0.335	184525.826	184478.134	0.026
59039.4	-63241.332	-63424.430	0.290	-169801.429	-170392.055	0.348	184542.027	184478.134	0.035
59039.5	-151451.005	-151638.156	0.124	-99828.948	-100309.423	0.481	184575.189	184478.134	0.053
59039.6	-181386.724	-181624.251	0.131	8587.322	8291.087	3.450	184559.593	184478.134	0.044
59039.7	-141764.578	-141868.336	0.073	113904.475	113707.897	0.173	184593.271	184478.134	0.062
59039.8	-47740.167	-47636.310	0.218	175576.708	175461.941	0.065	184626.690	184478.134	0.080
59039.9	64574.059	64887.613	0.486	170060.875	169840.244	0.130	184643.231	184478.134	0.089
59040.0	152056.991	152495.300	0.288	99454.402	99001.485	0.455	184659.216	184478.134	0.098
59040.1	181153.128	181173.648	0.011	-9126.316	-9596.087	5.147	184658.397	184674.664	0.009
59040.2	140708.049	140735.372	0.019	-113906.847	-114496.859	0.518	184690.251	184674.664	0.008
59040.3	46290.888	46256.032	0.075	-174846.419	-175431.910	0.335	184705.967	184674.664	0.017
59040.4	-65792.571	-65985.190	0.293	-168413.400	-169002.752	0.350	184738.560	184674.664	0.035
59040.5	-152693.345	-152888.718	0.128	-97200.993	-97678.122	0.491	184738.961	184674.664	0.035
59040.6	-180887.988	-181084.411	0.109	11493.703	11153.992	2.956	184788.923	184674.664	0.062
59040.7	-139644.925	-139745.388	0.072	115865.154	115703.078	0.140	184757.055	184674.664	0.045
59040.8	-44834.187	-44745.445	0.198	175970.914	175823.266	0.084	184823.243	184674.664	0.080
59040.9	67095.283	67436.329	0.508	168645.377	168428.968	0.128	184839.760	184674.664	0.089
59041.0	153321.015	153723.185	0.262	96801.459	96359.525	0.457	184855.729	184674.664	0.098
59041.1	180594.461	180613.725	0.011	-11982.515	-12447.830	3.883	184887.678	184838.426	0.027
59041.2	138571.775	138602.773	0.022	-115946.015	-116471.188	0.453	184886.761	184838.426	0.026
59041.3	43406.394	43369.655	0.085	-175179.620	-175770.701	0.337	184902.482	184838.426	0.035
59041.4	-68378.857	-68517.004	0.202	-167002.648	-167575.912	0.343	184918.706	184838.426	0.043
59041.5	-153888.822	-154093.776	0.133	-94555.929	-95033.544	0.505	184935.497	184838.426	0.052
59041.6	-180277.553	-180499.982	0.123	14311.189	14000.814	2.169	184969.080	184838.426	0.071
59041.7	-137493.576	-137595.887	0.074	117852.115	117658.991	0.164	184969.989	184838.426	0.071
59041.8	-41981.054	-41856.261	0.297	176233.360	176137.218	0.055	185003.392	184838.426	0.089
59041.9	69651.692	69955.777	0.437	167205.776	166980.405	0.135	185003.519	184838.426	0.089
59042.0	154476.625	154905.452	0.278	94155.047	93704.681	0.478	185052.244	184838.426	0.116
59042.1	179961.227	180020.811	0.033	-14802.930	-15315.018	3.459	185035.020	185018.565	0.009
59042.2	136403.530	136434.417	0.023	-117879.766	-118438.557	0.474	185066.879	185018.565	0.026
59042.3	40517.709	40458.486	0.146	-175460.382	-176082.801	0.355	185082.607	185018.565	0.035
59042.4	-70906.776	-71053.124	0.206	-165536.163	-166112.900	0.348	185098.844	185018.565	0.043
59042.5	-155004.320	-155281.001	0.178	-91900.408	-92357.202	0.497	185148.405	185018.565	0.070
59042.6	-179636.712	-179882.429	0.137	17141.896	16862.796	1.628	185132.851	185018.565	0.062
59042.7	-135308.241	-135410.690	0.076	119733.498	119607.638	0.105	185150.144	185018.565	0.071
59042.8	-39084.602	-38942.515	0.364	176495.729	176424.268	0.040	185183.542	185018.565	0.089
59042.9	72117.895	72479.220	0.501	165701.252	165495.633	0.124	185200.037	185018.565	0.098
59043.0	155581.558	156069.614	0.314	91484.200	91018.226	0.509	185215.976	185018.565	0.107
59043.1	179284.426	179336.940	0.029	-17605.236	-18117.150	2.908	185231.523	185198.689	0.018
59043.2	134205.329	134230.897	0.019	-119707.455	-120299.773	0.495	185263.379	185198.689	0.035
59043.3	37625.832	37581.448	0.118	-175688.519	-176288.411	0.341	185262.727	185198.689	0.035
59043.4	-73311.478	-73498.925	0.256	-163999.568	-164583.951	0.356	185295.359	185198.689	0.052
59043.5	-156134.360	-156356.399	0.142	-89208.577	-89680.797	0.529	185312.173	185198.689	0.061
59043.6	-178941.491	-179174.482	0.130	19961.473	19658.943	1.516	185329.378	185198.689	0.071
59043.7	-133086.462	-133191.243	0.079	121606.731	121449.833	0.129	185363.055	185198.689	0.089
59043.8	-36183.639	-36063.815	0.331	176704.158	176605.125	0.056	185363.681	185198.689	0.089
59043.9	74554.041	74911.780	0.480	164157.522	163945.705	0.129	185363.788	185198.689	0.089
59044.0	156700.397	157121.953	0.269	88776.629	88332.671	0.500	185412.487	185198.689	0.115
59044.1	178590.479	178639.343	0.027	-20449.779	-20959.316	2.492	185411.639	185411.585	0.000
59044.2	131967.171	131992.699	0.019	-121591.814	-122185.249	0.488	185443.489	185411.585	0.017
59044.3	34731.790	34662.096	0.201	-175863.885	-176493.192	0.358	185459.230	185411.585	0.026
59044.4	-75814.722	-75978.427	0.216	-162448.057	-163029.404	0.358	185491.868	185411.585	0.043
59044.5	-157183.585	-157443.946	0.166	-86508.164	-86963.852	0.527	185475.933	185411.585	0.035
59044.6	-178204.269	-178452.466	0.139	22761.220	22495.003	1.170	185525.923	185411.585	0.062
59044.7	-130838.360	-130936.912	0.075	123438.914	123315.988	0.100	185526.830	185411.585	0.062
59044.8	-33260.946	-33142.810	0.355	176885.894	176784.790	0.057	185543.823	185411.585	0.071
59044.9	77025.173	77377.819	0.458	162581.823	162369.889	0.130	185576.687	185411.585	0.089
59045.0	157677.787	158186.092	0.322	86086.710	85606.473	0.558	185592.604	185411.585	0.098
59045.1	177794.358	177873.341	0.044	-23195.552	-23758.960	2.429	185591.749	185591.711	0.000
59045.2	129699.718	129724.283	0.019	-123368.518	-123996.065	0.509	185623.594	185591.711	0.017
59045.3	31835.106	31762.316	0.229	-175985.026	-176619.843	0.361	185655.726	185591.711	0.034
59045.4	-78255.271	-78396.082	0.180	-160847.952	-161423.257	0.358	185655.615	185591.711	0.034
59045.5	-158212.164	-158451.120	0.151	-83775.505	-84241.654	0.556	185672.455	185591.711	0.043
59045.6	-177411.453	-177662.413	0.141	25548.820	25287.955	1.021	185689.688	185591.711	0.053
59045.7	-128547.021	-128653.004	0.082	125260.833	125107.226	0.123	185706.970	185591.711	0.062
59045.8	-30358.430	-30242.048	0.383	176989.620	176886.495	0.058	185707.580	185591.711	0.062
59045.9	79433.915	79781.571	0.438	160954.976	160743.008	0.132	185740.428	185591.711	0.080
59046.0	158725.559	159169.815	0.280	83328.622	82875.712	0.544	185739.955	185591.711	0.080
59046.1	177014.856	177060.401	0.026	-26037.856	-26540.599	1.931	185804.628	185788.226	0.009
59046.2	127399.557	127428.549	0.023	-125201.051	-125764.678	0.450	185803.712	185788.226	0.008
59046.3	28919.453	28865.328	0.187	-176080.205	-176696.299	0.350	185803.077	185788.226	0.008
59046.4	-80632.451	-80781.909	0.185	-159199.397	-159778.197	0.364	185835.747	185788.226	0.026
59046.5	-159161.868	-159409.649	0.156	-81042.944	-81506.766	0.572	185852.595	185788.226	0.035
59046.6	-176568.396	-176825.579	0.146	28320.009	28062.500	0.909	185869.828	185788.226	0.044
59046.7	-126241.473	-126342.143	0.080	126975.731	126856.028	0.094	185870.737	185788.226	0.044
59046.8	-27479.818	-27344.509	0.492	177017.676	176938.031	0.045	185920.488	185788.226	0.071
59046.9	81778.634	82153.160	0.458	159281.069	159077.489	0.128	185920.553	185788.226	0.071
59047.0	159661.462	160104.786	0.278	80578.293	80132.681	0.553	185936.445	185788.226	0.080
59047.1	176119.832	176177.960	0.033	-28749.457	-29278.618	1.841	185984.729	185951.958	0.018
59047.2	125070.839	125102.356	0.025	-126891.500	-127457.096	0.446	185983.805	185951.958	0.017
59047.3	26000.862	25988.621	0.047	-176118.759	-176693.244	0.326	186015.948	185951.958	0.034
59047.4	-83010.297	-83104.502	0.113	-157512.640	-158080.843	0.361	186032.249	185951.958	0.043
59047.5	-160089.686	-160286.274	0.123	-78279.127	-78766.879	0.623	186032.727	185951.958	0.043
59047.6	-175708.390	-175919.620	0.120	31130.409	30792.828	1.084	186033.586	185951.958	0.044
59047.7	-123891.962	-124001.481	0.088	128711.547	128528.377	0.142	186050.869	185951.958	0.053
59047.8	-24556.467	-24467.935	0.361	177039.488	176910.235	0.073	186084.228	185951.958	0.071
59047.9	84155.724	84461.068	0.363	157575.608	157360.220	0.137	186100.663	185951.958	0.080
59048.0	160489.171	160957.813	0.292	77845.474	77385.356	0.591	186116.548	185951.958	0.088
59048.1	175222.810	175275.416	0.030	-31528.781	-32056.963	1.675	186148.438	186132.061	0.009
59048.2	122705.680	122736.163	0.025	-128636.046	-129170.255	0.415	186147.518	186132.061	0.008
59048.3	23109.480	23067.373	0.182	-176082.909	-176683.380	0.341	186163.279	186132.061	0.017
59048.4	-85355.105	-85459.071	0.122	-155785.294	-156351.743	0.364	186179.593	186132.061	0.026
59048.5	-160908.250	-161170.034	0.163	-75531.063	-75982.502	0.598	186229.230	186132.061	0.052
59048.6	-174766.573	-174993.214	0.130	33865.301	33563.307	0.892	186213.711	186132.061	0.044
59048.7	-121514.010	-121620.640	0.088	130403.311	130221.121	0.140	186247.376	186132.061	0.062
59048.8	-21680.789	-21546.880	0.618	176960.950	176875.245	0.048	186247.952	186132.061	0.062
59048.9	86498.789	86800.679	0.349	155833.545	155610.933	0.143	186280.770	186132.061	0.080
59049.0	161353.218	161817.592	0.288	75054.238	74593.481	0.614	186313.015	186132.061	0.097
59049.1	174273.235	174314.720	0.024	-34290.498	-34783.790	1.439	186328.509	186295.776	0.018
59049.2	120310.610	120353.335	0.036	-130302.592	-130807.524	0.388	186327.585	186295.776	0.017
59049.3	20222.570	20177.397	0.223	-175995.409	-176602.396	0.345	186359.743	186295.776	0.034
59049.4	-87601.930	-87746.472	0.165	-154003.949	-154583.603	0.376	186359.675	186295.776	0.034
59049.5	-161791.407	-161976.518	0.114	-72708.487	-73206.155	0.684	186376.556	186295.776	0.043
59049.6	-173786.319	-174009.100	0.128	36611.946	36281.770	0.902	186410.186	186295.776	0.061
59049.7	-119115.495	-119223.818	0.091	131985.181	131837.835	0.112	186427.469	186295.776	0.071
59049.8	-18765.124	-18657.707	0.572	176878.727	176769.408	0.062	186460.815	186295.776	0.089
59049.9	88743.820	89072.788	0.371	154036.115	153823.184	0.138	186477.225	186295.776	0.097
59050.0	162134.191	162600.167	0.287	72260.843	71810.300	0.623	186493.064	186295.776	0.106
59050.1	173275.116	173297.410	0.013	-37031.651	-37494.348	1.249	186492.175	186492.220	0.000
59050.2	117888.477	117934.347	0.039	-131923.864	-132398.293	0.360	186524.014	186492.220	0.017
59050.3	17314.714	17285.601	0.168	-175876.123	-176462.535	0.333	186539.794	186492.220	0.026
59050.4	-89878.652	-90000.654	0.136	-152194.074	-152766.818	0.376	186556.117	186492.220	0.034
59050.5	-162506.054	-162727.502	0.136	-69933.105	-70410.074	0.682	186556.623	186492.220	0.035
59050.6	-172749.366	-172968.514	0.127	39305.372	38983.478	0.819	186590.265	186492.220	0.053
59050.7	-116674.331	-116791.238	0.100	133618.760	133407.740	0.158	186607.537	186492.220	0.062
59050.8	-15848.911	-15767.221	0.515	176738.353	176604.680	0.076	186608.098	186492.220	0.062
59050.9	90986.537	91311.260	0.357	152201.629	151987.078	0.141	186640.877	186492.220	0.080
59051.0	162893.678	163327.074	0.266	69443.362	69007.863	0.627	186656.707	186492.220	0.088
59051.1	172213.114	172278.208	0.038	-39722.461	-40270.279	1.379	186672.190	186655.876	0.009
59051.2	115448.566	115475.316	0.023	-133467.580	-134040.769	0.429	186704.033	186655.876	0.026
59051.3	14387.313	14330.984	0.392	-175725.295	-176340.861	0.350	186687.046	186655.876	0.017
59051.4	-92119.857	-92316.311	0.213	-150345.534	-150927.715	0.387	186703.383	186655.876	0.025
59051.5	-163255.844	-163515.008	0.159	-67100.947	-67559.741	0.684	186736.657	186655.876	0.043
59051.6	-171673.682	-171925.475	0.147	42008.976	41750.540	0.615	186770.303	186655.876	0.061
59051.7	-114219.475	-114318.171	0.086	135142.123	135029.005	0.084	186787.573	186655.876	0.071
59051.8	-12937.503	-12813.761	0.956	176544.058	176457.598	0.049	186771.728	186655.876	0.062
59051.9	93225.776	93611.013	0.413	150333.039	150128.127	0.136	186820.884	186655.876	0.088
59052.0	163573.916	164090.036	0.316	66633.921	66150.863	0.725	186836.703	186655.876	0.097
59052.1	171102.433	171165.609	0.037	-42391.128	-42936.646	1.287	186868.552	186835.877	0.017
59052.2	112978.503	113005.371	0.024	-134963.975	-135539.690	0.427	186867.628	186835.877	0.017
59052.3	11513.558	11452.129	0.534	-175476.117	-176096.764	0.354	186883.412	186835.877	0.025
59052.4	-94358.218	-94498.623	0.149	-148453.864	-149034.330	0.391	186916.136	186835.877	0.043
59052.5	-163895.782	-164162.790	0.163	-64289.845	-64744.111	0.707	186916.658	186835.877	0.043
59052.6	-170548.774	-170789.984	0.141	44690.527	44407.240	0.634	186917.537	186835.877	0.044
59052.7	-111736.829	-111835.425	0.088	136618.488	136506.627	0.082	186951.186	186835.877	0.062
59052.8	-10037.393	-9937.111	0.999	176302.000	176188.749	0.064	186968.109	186835.877	0.071
59052.9	95428.690	95776.960	0.365	148422.384	148216.043	0.139	186984.466	186835.877	0.079
59053.0	164226.619	164713.577	0.297	63792.523	63329.765	0.725	187000.272	186835.877	0.088
59053.1	169971.049	170017.666	0.027	-45096.121	-45610.096	1.140	187015.740	186999.460	0.009
59053.2	110475.764	110502.695	0.024	-136445.081	-137023.510	0.424	187031.187	186999.460	0.017
59053.3	8623.769	8555.724	0.789	-175196.972	-175821.180	0.356	187079.748	186999.460	0.043
59053.4	-96493.539	-96676.564	0.190	-146524.523	-147105.165	0.396	187079.717	186999.460	0.043
59053.5	-164539.143	-164785.958	0.150	-61435.461	-61902.146	0.760	187080.245	186999.460	0.043
59053.6	-169387.473	-169619.089	0.137	47379.300	47070.717	0.651	187081.128	186999.460	0.044
59053.7	-109215.847	-109320.079	0.095	138111.824	137968.866	0.104	187114.777	186999.460	0.062
59053.8	-7166.481	-7043.184	1.720	175982.014	175888.264	0.053	187148.069	186999.460	0.079
59053.9	97561.332	97938.228	0.386	146472.007	146268.217	0.139	187148.027	186999.460	0.079
59054.0	164827.934	165312.279	0.294	60944.908	60482.545	0.759	187180.206	186999.460	0.097
59054.1	168773.612	168810.535	0.022	-47749.043	-48228.751	1.005	187212.039	187179.404	0.017
59054.2	107949.549	107984.478	0.032	-137878.642	-138428.183	0.399	187227.493	187179.404	0.026
59054.3	5740.496	5693.393	0.821	-174862.711	-175472.490	0.349	187210.526	187179.404	0.017
59054.4	-98623.871	-98783.901	0.162	-144557.652	-145137.005	0.401	187243.279	187179.404	0.034
59054.5	-165075.393	-165329.103	0.154	-58609.633	-59070.271	0.786	187260.199	187179.404	0.043
59054.6	-168168.403	-168389.480	0.131	50012.431	49678.893	0.667	187261.083	187179.404	0.044
59054.7	-106674.909	-106789.874	0.108	139524.662	139351.829	0.124	187311.110	187179.404	0.070
59054.8	-4251.060	-4183.958	1.578	175647.620	175514.968	0.076	187295.234	187179.404	0.062
59054.9	99720.997	100028.559	0.308	144489.803	144282.004	0.144	187311.574	187179.404	0.071
59055.0	165348.068	165831.047	0.292	58106.446	57646.104	0.792	187343.738	187179.404	0.088
59055.1	167543.333	167565.958	0.014	-50406.202	-50853.700	0.888	187359.183	187342.942	0.009
59055.2	105392.395	105432.297	0.038	-139295.849	-139815.878	0.373	187374.640	187342.942	0.017
59055.3	2868.624	2813.622	1.917	-174477.962	-175090.070	0.351	187390.444	187342.942	0.025
59055.4	-100748.306	-100885.457	0.136	-142554.297	-143131.316	0.405	187406.824	187342.942	0.034
59055.5	-165613.493	-165845.466	0.140	-55740.686	-56211.478	0.845	187407.374	187342.942	0.034
59055.6	-166887.885	-167122.371	0.141	52590.609	52293.040	0.566	187457.411	187342.942	0.061
59055.7	-104111.873	-104225.852	0.109	140889.440	140717.521	0.122	187474.666	187342.942	0.070
59055.8	-1373.627	-1307.582	4.808	175243.125	175107.793	0.077	187491.554	187342.942	0.079
59055.9	101808.995	102112.787	0.298	142467.244	142258.314	0.147	187491.495	187342.942	0.079
59056.0	165868.160	166322.802	0.274	55223.100	54782.975	0.797	187507.258	187342.942	0.088
59056.1	166245.405	166286.610	0.025	-52975.047	-53483.045	0.959	187506.325	187490.095	0.009
59056.2	102826.763	102849.431	0.022	-140600.177	-141186.640	0.417	187538.158	187490.095	0.026
59056.3	-45.092	-80.966	79.555	-174080.040	-174675.889	0.342	187537.595	187490.095	0.025
59056.4	-102833.336	-102980.273	0.143	-140512.486	-141091.234	0.412	187586.747	187490.095	0.052
59056.5	-166070.151	-166336.120	0.160	-52882.274	-53328.867	0.845	187587.314	187490.095	0.052
59056.6	-165586.669	-165820.456	0.141	55202.713	54911.285	0.528	187604.594	187490.095	0.061
59056.7	-101527.611	-101631.292	0.102	142205.684	142066.018	0.098	187638.229	187490.095	0.079
59056.8	1493.573	1583.336	6.010	174785.289	174668.732	0.067	187638.722	187490.095	0.079
59056.9	103857.190	104189.978	0.320	140407.555	140200.290	0.148	187638.649	187490.095	0.079
59057.0	166311.209	166788.645	0.287	52357.797	51896.251	0.882	187670.798	187490.095	0.096
59057.1	164907.793	164960.650	0.032	-55549.235	-56085.498	0.965	187686.228	187653.637	0.017
59057.2	100216.676	100244.745	0.028	-141950.948	-142508.211	0.393	187701.692	187653.637	0.026
59057.3	-2920.559	-2964.201	1.494	-173610.639	-174209.106	0.345	187717.520	187653.637	0.034
59057.4	-104878.074	-105034.923	0.150	-138437.176	-139015.337	0.418	187733.918	187653.637	0.043
59057.5	-166525.152	-166773.218	0.149	-49978.417	-50440.982	0.926	187734.489	187653.637	0.043
59057.6	-164233.385	-164472.161	0.145	57789.593	57502.237	0.497	187768.159	187653.637	0.061
59057.7	-98901.347	-99015.336	0.115	143534.855	143365.136	0.118	187785.409	187653.637	0.070
59057.8	4320.733	4462.450	3.280	174258.014	174177.167	0.046	187818.668	187653.637	0.088
59057.9	105832.015	106226.698	0.373	138313.310	138106.798	0.149	187802.192	187653.637	0.079
59058.0	166724.270	167200.888	0.286	49464.459	49004.714	0.929	187817.948	187653.637	0.087
59058.1	163543.487	163580.407	0.023	-58157.987	-58628.343	0.809	187833.372	187817.188	0.009
59058.2	97591.000	97631.320	0.041	-143219.307	-143749.636	0.370	187865.225	187817.188	0.026
59058.3	-5760.548	-5807.280	0.811	-173064.817	-173672.415	0.351	187881.059	187817.188	0.034
59058.4	-106849.149	-107015.938	0.156	-136327.160	-136906.615	0.425	187881.094	187817.188	0.034
59058.5	-166874.274	-167131.479	0.154	-47110.069	-47569.958	0.976	187898.055	187817.188	0.043
59058.6	-162848.145	-163070.099	0.136	60378.185	60033.117	0.572	187915.350	187817.188	0.052
59058.7	-96286.811	-96391.329	0.109	144721.355	144584.038	0.095	187932.596	187817.188	0.061
59058.8	7161.688	7300.808	1.943	173697.649	173616.043	0.047	187965.850	187817.188	0.079
59058.9	107863.887	108189.503	0.302	136187.305	135981.116	0.151	187998.516	187817.188	0.096
59059.0	167057.197	167534.443	0.286	46587.093	46130.714	0.980	187981.487	187817.188	0.087
59059.1	162130.661	162161.384	0.019	-60704.390	-61174.731	0.775	187980.534	187997.121	0.009
59059.2	94960.119	94984.471	0.026	-144407.821	-144971.074	0.390	188028.768	187997.121	0.017
59059.3	-8638.799	-8665.588	0.310	-172506.876	-173099.883	0.344	188044.606	187997.121	0.025
59059.4	-108876.803	-108988.142	0.102	-134175.913	-134759.960	0.435	188044.644	187997.121	0.025
59059.5	-167224.985	-167460.272	0.141	-44203.094	-44673.476	1.064	188061.630	187997.121	0.034
59059.6	-161390.521	-161629.227	0.148	62843.262	62567.205	0.439	188095.314	187997.121	0.052
59059.7	-93631.075	-93734.073	0.110	145919.541	145782.665	0.094	188096.169	187997.121	0.053
59059.8	10016.400	10154.085	1.375	173102.944	173018.949	0.049	188129.410	187997.121	0.070
59059.9	109820.987	110143.170	0.293	134023.293	133817.577	0.153	188112.913	187997.121	0.062
59060.0	167338.078	167838.311	0.299	43709.629	43231.511	1.094	188161.411	187997.121	0.087
59060.1	160659.717	160690.341	0.019	-63190.866	-63659.363	0.741	188176.835	188127.909	0.026
59060.2	92305.766	92331.976	0.028	-145544.165	-146111.965	0.390	188159.533	188127.909	0.017
59060.3	-11447.469	-11481.002	0.293	-171861.343	-172458.942	0.348	188191.767	188127.909	0.034
59060.4	-110731.433	-110885.383	0.139	-132006.511	-132583.302	0.437	188224.596	188127.909	0.051
59060.5	-167467.417	-167710.816	0.145	-41330.566	-41796.916	1.128	188241.579	188127.909	0.060
59060.6	-159904.183	-160136.868	0.146	65342.036	65039.093	0.464	188242.499	188127.909	0.061
59060.7	-90958.825	-91071.863	0.124	147067.898	146900.701	0.114	188243.355	188127.909	0.061
59060.8	12881.272	12963.883	0.641	172477.955	172353.816	0.072	188243.817	188127.909	0.062
59060.9	111735.484	112021.620	0.256	131828.132	131624.682	0.154	188276.454	188127.909	0.079
59061.0	167615.523	168064.105	0.268	40788.850	40352.903	1.069	188308.556	188127.909	0.096
59061.1	159160.559	159192.941	0.020	-65710.193	-66176.500	0.710	188323.972	188307.833	0.009
59061.2	89611.119	89639.033	0.031	-146691.014	-147263.592	0.390	188339.434	188307.833	0.017
59061.3	-14294.943	-14335.424	0.283	-171200.771	-171802.844	0.352	188355.302	188307.833	0.025
59061.4	-112641.148	-112805.212	0.146	-129793.316	-130371.415	0.445	188371.752	188307.833	0.034
59061.5	-167708.832	-167958.856	0.149	-38418.127	-38878.584	1.199	188372.362	188307.833	0.034
59061.6	-158382.050	-158617.874	0.149	67841.639	67543.258	0.440	188389.667	188307.833	0.043
59061.7	-88241.184	-88369.115	0.145	148224.852	148029.123	0.132	188423.287	188307.833	0.061
59061.8	15705.570	15812.556	0.681	171779.418	171673.192	0.062	188440.121	188307.833	0.070
59061.9	113541.433	113922.354	0.335	129607.005	129396.364	0.163	188423.594	188307.833	0.061
59062.0	167813.017	168287.035	0.282	37887.675	37432.545	1.201	188472.063	188307.833	0.087
59062.1	157596.437	157636.694	0.026	-68101.903	-68598.488	0.729	188471.091	188471.358	0.000
59062.2	86904.425	86954.601	0.058	-147788.396	-148303.666	0.349	188486.559	188471.358	0.008
59062.3	-17098.532	-17117.244	0.109	-170470.750	-171061.626	0.347	188486.046	188471.358	0.008
59062.4	-114474.636	-114616.228	0.124	-127551.877	-128133.525	0.456	188518.890	188471.358	0.025
59062.5	-167870.773	-168103.655	0.139	-35526.091	-36003.351	1.343	188519.511	188471.358	0.026
59062.6	-156815.380	-157040.853	0.144	70309.755	69951.772	0.509	188536.810	188471.358	0.035
59062.7	-85560.893	-85675.837	0.134	149210.878	149046.070	0.110	188570.431	188471.358	0.053
59062.8	18511.814	18587.899	0.411	171031.456	170908.075	0.072	188603.637	188471.358	0.070
59062.9	115434.315	115714.055	0.242	127345.951	127142.981	0.159	188603.479	188471.358	0.070
59063.0	167959.125	168407.099	0.267	34990.214	34556.174	1.240	188635.550	188471.358	0.087
59063.1	156011.595	156049.282	0.024	-70556.965	-71052.778	0.703	188618.186	188618.466	0.000
59063.2	84180.884	84225.956	0.054	-148833.813	-149351.478	0.348	188633.656	188618.466	0.008
59063.3	-19884.489	-19939.348	0.276	-169689.759	-170300.611	0.360	188649.525	188618.466	0.016
59063.4	-116329.012	-116448.129	0.102	-125271.809	-125855.905	0.466	188649.613	188618.466	0.017
59063.5	-167978.926	-168241.920	0.157	-32635.190	-33083.712	1.374	188683.009	188618.466	0.034
59063.6	-155201.602	-155432.391	0.149	72712.615	72392.317	0.440	188700.318	188618.466	0.043
59063.7	-82850.343	-82938.280	0.106	150174.699	150070.374	0.069	188733.922	188618.466	0.061
59063.8	21272.896	21403.352	0.613	170214.330	170122.815	0.054	188734.344	188618.466	0.061
59063.9	117151.891	117526.298	0.320	125063.075	124849.689	0.171	188750.558	188618.466	0.070
59064.0	168048.570	168520.247	0.281	32091.315	31635.453	1.421	188782.618	188618.466	0.087
59064.1	154376.129	154408.434	0.021	-72947.005	-73409.201	0.634	188781.628	188765.550	0.009
59064.2	81464.405	81511.795	0.058	-149765.376	-150288.731	0.349	188780.714	188765.550	0.008
59064.3	-22707.523	-22684.609	0.101	-168892.678	-169458.797	0.335	188812.984	188765.550	0.025
59064.4	-118073.333	-118170.337	0.082	-122968.689	-123558.273	0.479	188813.075	188765.550	0.025
59064.5	-168057.624	-168279.762	0.132	-29724.545	-30212.531	1.642	188813.713	188765.550	0.026
59064.6	-153552.305	-153771.336	0.143	75114.195	74734.540	0.505	188847.408	188765.550	0.043
59064.7	-80085.761	-80216.159	0.163	151176.549	150984.248	0.127	188864.620	188765.550	0.052
59064.8	24070.503	24141.272	0.294	169381.602	169257.420	0.073	188881.415	188765.550	0.061
59064.9	118922.167	119228.680	0.258	122741.394	122537.329	0.166	188897.610	188765.550	0.070
59065.0	168109.452	168533.393	0.252	29174.470	28764.053	1.407	188913.275	188765.550	0.078
59065.1	152698.708	152739.466	0.027	-75302.943	-75795.792	0.654	188945.043	188912.605	0.017
59065.2	78725.128	78757.139	0.041	-150676.513	-151233.791	0.370	188944.131	188912.605	0.017
59065.3	-25455.624	-25467.191	0.045	-168010.028	-168599.433	0.351	188927.257	188912.605	0.008
59065.4	-119804.981	-119912.359	0.090	-120634.643	-121224.473	0.489	188943.745	188912.605	0.016
59065.5	-168109.890	-168312.305	0.120	-26798.382	-27300.451	1.874	188960.784	188912.605	0.025
59065.6	-151850.310	-152081.903	0.153	77416.973	77106.688	0.401	188994.475	188912.605	0.043
59065.7	-77335.719	-77453.476	0.152	152066.906	151905.581	0.106	189011.672	188912.605	0.052
59065.8	26820.904	26916.360	0.356	168480.300	168374.155	0.063	189044.835	188912.605	0.070
59065.9	120678.737	120950.566	0.225	120383.440	120188.632	0.162	189044.635	188912.605	0.070
59066.0	168114.202	168540.888	0.254	26259.120	25851.800	1.551	189043.901	188912.605	0.069
59066.1	150989.677	151027.930	0.025	-77688.773	-78181.182	0.634	189042.897	189043.240	0.000
59066.2	75944.538	75968.795	0.032	-151594.152	-152152.802	0.369	189074.762	189043.240	0.017
59066.3	-28239.008	-28261.646	0.080	-167111.800	-167699.172	0.351	189090.664	189043.240	0.025
59066.4	-121458.067	-121639.880	0.150	-118276.001	-118850.632	0.486	189107.156	189043.240	0.034
59066.5	-168079.287	-168309.540	0.137	-23893.271	-24364.563	1.972	189124.203	189043.240	0.043
59066.6	-150126.565	-150349.914	0.149	79814.458	79477.270	0.422	189141.512	189043.240	0.052
59066.7	-74545.959	-74657.331	0.149	152964.395	152800.576	0.107	189158.712	189043.240	0.061
59066.8	29577.434	29702.968	0.424	167548.031	167449.893	0.059	189159.091	189043.240	0.061
59066.9	122291.991	122657.605	0.299	118014.258	117800.021	0.182	189158.874	189043.240	0.061
59067.0	168019.055	168512.872	0.294	23395.418	22916.045	2.049	189207.277	189043.240	0.087
59067.1	149238.558	149274.369	0.024	-80005.821	-80497.845	0.615	189189.890	189206.635	0.009
59067.2	73163.299	73186.986	0.032	-152427.934	-152991.520	0.370	189188.984	189206.635	0.009
59067.3	-30974.460	-31003.512	0.094	-166143.734	-166737.885	0.358	189221.276	189206.635	0.008
59067.4	-123129.649	-123288.953	0.129	-115881.944	-116458.465	0.498	189221.407	189206.635	0.008
59067.5	-167994.309	-168232.591	0.142	-20992.866	-21460.087	2.226	189254.834	189206.635	0.025
59067.6	-148337.549	-148576.492	0.161	82047.260	81778.764	0.327	189272.142	189206.635	0.035
59067.7	-71754.295	-71868.411	0.159	153777.238	153615.336	0.105	189289.340	189206.635	0.044
59067.8	32313.552	32436.465	0.380	166563.503	166465.059	0.059	189322.481	189206.635	0.061
59067.9	123955.794	124286.043	0.266	115604.745	115393.759	0.183	189322.255	189206.635	0.061
59068.0	167941.025	168410.945	0.280	20469.559	20012.338	2.234	189354.262	189206.635	0.078
59068.1	147442.394	147479.897	0.025	-82287.142	-82778.252	0.597	189336.863	189337.244	0.000
59068.2	70353.246	70393.484	0.057	-153236.094	-153776.840	0.353	189352.340	189337.244	0.008
59068.3	-33686.787	-33723.367	0.109	-165127.472	-165726.562	0.363	189351.882	189337.244	0.008
59068.4	-124689.296	-124890.761	0.162	-113470.857	-114038.838	0.501	189368.407	189337.244	0.016
59068.5	-167856.446	-168101.274	0.146	-18099.620	-18561.270	2.551	189401.845	189337.244	0.034
59068.6	-146527.393	-146762.473	0.160	84339.917	84043.653	0.351	189402.771	189337.244	0.035
59068.7	-68941.166	-69068.258	0.184	154568.238	154376.600	0.124	189436.357	189337.244	0.052
59068.8	35027.189	35147.521	0.344	165529.099	165430.380	0.060	189436.703	189337.244	0.053
59068.9	125506.311	125866.981	0.287	113173.009	112960.445	0.188	189469.228	189337.244	0.070
59069.0	167806.272	168254.700	0.267	17547.752	17114.757	2.468	189468.466	189337.244	0.069
59069.1	145612.069	145647.167	0.024	-84563.437	-85021.331	0.541	189483.832	189484.233	0.000
59069.2	67552.962	67591.061	0.056	-153964.132	-154509.457	0.354	189499.317	189484.233	0.008
59069.3	-36404.803	-36419.379	0.040	-164077.268	-164667.400	0.360	189515.248	189484.233	0.016
59069.4	-126264.884	-126445.118	0.143	-111017.835	-111594.605	0.520	189515.397	189484.233	0.016
59069.5	-167664.405	-167917.118	0.151	-15213.177	-15670.528	3.006	189532.463	189484.233	0.025
59069.6	-144678.299	-144910.518	0.161	86595.119	86270.885	0.374	189533.396	189484.233	0.026
59069.7	-66127.475	-66259.637	0.200	155273.496	155085.087	0.121	189583.350	189484.233	0.052
59069.8	37718.245	37834.323	0.308	164443.270	164348.069	0.058	189567.304	189484.233	0.044
59069.9	127041.248	127400.258	0.283	110711.662	110502.933	0.189	189599.816	189484.233	0.061
59070.0	167548.533	168045.688	0.297	14703.779	14225.706	3.251	189615.424	189484.233	0.069
59070.1	143733.935	143770.842	0.026	-86736.696	-87227.034	0.565	189647.178	189631.211	0.008
59070.2	64757.716	64775.434	0.027	-154608.808	-155186.190	0.373	189646.285	189631.211	0.008
59070.3	-39040.133	-39093.133	0.136	-162948.448	-163555.304	0.372	189645.843	189631.211	0.008
59070.4	-127792.214	-127950.304	0.124	-108540.260	-109120.714	0.535	189662.387	189631.211	0.016
59070.5	-167419.761	-167675.757	0.153	-12335.928	-12784.793	3.639	189695.850	189631.211	0.034
59070.6	-142787.680	-143015.292	0.159	88779.537	88460.369	0.360	189696.797	189631.211	0.035
59070.7	-63324.824	-63438.294	0.179	155898.540	155737.579	0.103	189697.582	189631.211	0.035
59070.8	40384.000	40498.413	0.283	163310.182	163213.017	0.059	189714.291	189631.211	0.044
59070.9	128558.943	128884.110	0.253	108215.918	108016.187	0.185	189746.788	189631.211	0.061
59071.0	167304.626	167779.516	0.284	11797.357	11342.154	3.859	189746.005	189631.211	0.060
59071.1	141821.197	141863.828	0.030	-88903.635	-89459.053	0.625	189761.373	189729.040	0.017
59071.2	61904.664	61919.505	0.024	-155284.273	-155866.105	0.375	189760.486	189729.040	0.017
59071.3	-41710.165	-41801.326	0.219	-161797.633	-162422.033	0.386	189776.438	189729.040	0.025
59071.4	-129302.307	-129470.841	0.130	-106029.706	-106609.423	0.547	189792.993	189729.040	0.034
59071.5	-167161.057	-167424.766	0.158	-9415.375	-9859.794	4.720	189810.081	189729.040	0.043
59071.6	-140849.925	-141089.150	0.170	90892.974	90675.904	0.239	189827.405	189729.040	0.052
59071.7	-60496.160	-60576.623	0.133	156496.932	156392.904	0.066	189844.578	189729.040	0.061
59071.8	43053.826	43196.759	0.332	162142.916	162056.496	0.053	189877.667	189729.040	0.078
59071.9	129933.403	130382.991	0.346	105725.888	105491.912	0.221	189860.996	189729.040	0.070
59072.0	166986.097	167503.376	0.310	8925.998	8419.422	5.675	189876.590	189729.040	0.078
59072.1	139870.772	139909.200	0.027	-91063.805	-91553.765	0.538	189891.948	189859.634	0.017
59072.2	59075.149	59106.003	0.052	-155847.417	-156407.022	0.359	189907.443	189859.634	0.025
59072.3	-44352.974	-44393.345	0.091	-160601.395	-161201.448	0.374	189907.035	189859.634	0.025
59072.4	-130700.357	-130846.065	0.111	-103515.273	-104096.030	0.561	189939.994	189859.634	0.042
59072.5	-166830.539	-167055.122	0.135	-6532.531	-7018.711	7.442	189924.322	189859.634	0.034
59072.6	-138877.898	-139116.578	0.172	93032.048	92753.726	0.299	189974.402	189859.634	0.060
59072.7	-57641.249	-57758.572	0.204	157067.589	156909.603	0.101	189975.185	189859.634	0.061
59072.8	45667.229	45778.184	0.243	160914.607	160813.662	0.063	189975.501	189859.634	0.061
59072.9	131383.638	131736.547	0.269	103173.842	102966.783	0.201	189991.583	189859.634	0.069
59073.0	166610.508	167109.310	0.299	6062.578	5581.624	7.933	190007.165	189859.634	0.078
59073.1	137883.648	137920.103	0.026	-93249.160	-93673.701	0.455	190022.523	190006.609	0.008
59073.2	56225.147	56249.788	0.044	-156385.749	-156948.012	0.360	190038.032	190006.609	0.017
59073.3	-46969.960	-47019.918	0.106	-159354.590	-159955.757	0.377	190037.630	190006.609	0.016
59073.4	-132047.114	-132234.417	0.142	-100972.374	-101541.991	0.564	190054.214	190006.609	0.025
59073.5	-166420.222	-166672.139	0.151	-3681.568	-4137.052	12.372	190087.694	190006.609	0.043
59073.6	-136876.134	-137109.321	0.170	95130.160	94856.476	0.288	190105.027	190006.609	0.052
59073.7	-54824.065	-54897.810	0.135	157533.956	157426.006	0.069	190105.807	190006.609	0.052
59073.8	48254.797	48393.946	0.288	159634.843	159545.426	0.056	190106.093	190006.609	0.052
59073.9	132815.114	133102.880	0.217	100590.571	100400.898	0.189	190105.788	190006.609	0.052
59074.0	166245.412	166701.556	0.274	3136.387	2703.366	13.806	190121.363	190006.609	0.060
59074.1	135859.667	135896.815	0.027	-95262.120	-95785.289	0.549	190153.102	190137.205	0.008
59074.2	53369.053	53370.864	0.003	-156868.873	-157462.112	0.378	190152.231	190137.205	0.008
59074.3	-49591.524	-49648.998	0.116	-158067.034	-158674.960	0.385	190168.218	190137.205	0.016
59074.4	-133408.169	-133604.110	0.147	-98395.715	-98958.110	0.572	190184.826	190137.205	0.025
59074.5	-165981.535	-166256.497	0.166	-820.831	-1242.274	51.343	190201.930	190137.205	0.034
59074.6	-134836.304	-135067.947	0.172	97220.033	96950.584	0.277	190186.492	190137.205	0.026
59074.7	-51918.789	-52014.571	0.184	158047.898	157915.327	0.084	190236.410	190137.205	0.052
59074.8	50843.486	51011.912	0.331	158322.825	158242.064	0.051	190253.076	190137.205	0.061
59074.9	134069.848	134450.299	0.284	98021.914	97805.332	0.221	190252.750	190137.205	0.061
59075.0	165761.188	166261.032	0.302	296.391	-187.731	163.339	190268.311	190137.205	0.069
59075.1	133797.900	133836.952	0.029	-97266.149	-97822.411	0.572	190250.901	190267.792	0.009
59075.2	50487.517	50506.263	0.037	-157322.347	-157894.494	0.364	190299.188	190267.792	0.016
59075.3	-52182.746	-52218.359	0.068	-156736.560	-157336.572	0.383	190298.806	190267.792	0.016
59075.4	-134747.521	-134891.620	0.107	-95780.871	-96362.881	0.608	190299.035	190267.792	0.016
59075.5	-165506.925	-165767.763	0.158	2054.879	1613.253	21.492	190316.148	190267.792	0.025
59075.6	-132754.385	-132990.639	0.178	99235.351	98969.913	0.267	190317.090	190267.792	0.026
59075.7	-49049.983	-49146.356	0.196	158455.162	158323.054	0.083	190350.623	190267.792	0.044
59075.8	53466.744	53569.667	0.192	156980.373	156881.626	0.063	190367.274	190267.792	0.052
59075.9	135337.570	135715.440	0.279	95418.319	95199.124	0.230	190366.945	190267.792	0.052
59076.0	165246.454	165747.756	0.303	-2553.603	-3038.949	19.006	190382.489	190267.792	0.060
59076.1	131701.955	131741.212	0.030	-99358.649	-99817.147	0.461	190397.843	190381.987	0.008
59076.2	47620.456	47637.644	0.036	-157693.131	-158271.491	0.367	190396.979	190381.987	0.008
59076.3	-54683.171	-54758.334	0.137	-155335.747	-155951.066	0.396	190396.604	190381.987	0.008
59076.4	-135910.571	-136127.624	0.160	-93185.698	-93746.893	0.602	190429.613	190381.987	0.025
59076.5	-164979.274	-165225.183	0.149	4916.474	4455.208	9.382	190463.125	190381.987	0.043
59076.6	-130639.006	-130877.820	0.183	101207.905	100946.551	0.258	190464.058	190381.987	0.043
59076.7	-46156.551	-46274.601	0.256	158832.212	158675.364	0.099	190464.818	190381.987	0.043
59076.8	55965.853	56097.631	0.235	155562.917	155474.325	0.057	190497.837	190381.987	0.061
59076.9	136582.051	136928.899	0.254	92776.168	92572.602	0.219	190497.492	190381.987	0.061
59077.0	164693.522	165180.753	0.296	-5418.463	-5876.132	8.446	190496.641	190381.987	0.060
59077.1	129569.198	129608.396	0.030	-101276.777	-101768.746	0.486	190511.992	190479.773	0.017
59077.2	44773.482	44764.483	0.020	-157984.439	-158591.787	0.384	190560.291	190479.773	0.042
59077.3	-57215.384	-57268.572	0.093	-153908.801	-154517.069	0.395	190527.153	190479.773	0.025
59077.4	-137146.321	-137311.032	0.120	-90530.484	-91109.244	0.639	190560.172	190479.773	0.042
59077.5	-164395.660	-164627.343	0.141	7765.180	7283.676	6.201	190560.923	190479.773	0.043
59077.6	-128491.128	-128728.297	0.185	103137.081	102879.733	0.250	190578.238	190479.773	0.052
59077.7	-43299.490	-43398.792	0.229	159100.885	158970.937	0.082	190578.984	190479.773	0.052
59077.8	58465.816	58595.443	0.222	154107.702	154018.791	0.058	190579.225	190479.773	0.052
59077.9	137713.359	138089.577	0.273	90139.456	89924.873	0.238	190611.633	190479.773	0.069
59078.0	164087.679	164558.607	0.287	-8267.405	-8699.353	5.225	190627.155	190479.773	0.077
59078.1	127403.511	127444.407	0.032	-103216.444	-103709.309	0.478	190642.506	190643.076	0.000
59078.2	41862.425	41872.636	0.024	-158296.174	-158884.801	0.372	190641.652	190643.076	0.001
59078.3	-59715.309	-59777.834	0.105	-152438.914	-153050.018	0.401	190641.300	190643.076	0.001
59078.4	-138298.891	-138474.177	0.127	-87867.812	-88445.463	0.657	190657.938	190643.076	0.008
59078.5	-163756.224	-163997.733	0.147	10599.850	10121.320	4.514	190658.690	190643.076	0.008
59078.6	-126307.858	-126547.697	0.190	105120.507	104801.612	0.303	190692.399	190643.076	0.026
59078.7	-40381.148	-40504.532	0.306	159391.805	159239.067	0.096	190709.509	190643.076	0.035
59078.8	60965.030	61091.994	0.208	152617.464	152530.213	0.057	190709.740	190643.076	0.035
59078.9	138853.069	139229.767	0.271	87460.780	87251.187	0.240	190725.741	190643.076	0.043
59079.0	163414.690	163904.614	0.300	-11069.759	-11531.477	4.171	190741.265	190643.076	0.051
59079.1	125199.366	125243.518	0.035	-105111.203	-105572.443	0.439	190756.595	190757.189	0.000
59079.2	38953.917	38996.594	0.110	-158554.637	-159093.511	0.340	190739.375	190757.189	0.009
59079.3	-62183.814	-62224.657	0.066	-150920.745	-151524.162	0.400	190788.174	190757.189	0.016
59079.4	-139399.092	-139552.223	0.110	-85188.478	-85770.955	0.684	190788.440	190757.189	0.016
59079.5	-163066.326	-163293.043	0.139	13415.962	12917.494	3.715	190772.813	190757.189	0.008
59079.6	-124089.644	-124330.866	0.194	106960.701	106645.747	0.294	190822.902	190757.189	0.034
59079.7	-37505.586	-37626.801	0.323	159577.543	159423.033	0.097	190807.239	190757.189	0.026
59079.8	63432.394	63525.602	0.147	151079.108	150983.368	0.063	190823.836	190757.189	0.035
59079.9	139970.537	140284.770	0.224	84753.935	84567.505	0.220	190807.059	190757.189	0.026
59080.0	162685.404	163175.901	0.302	-13856.896	-14321.487	3.353	190838.951	190757.189	0.043
59080.1	122965.827	123010.244	0.036	-106993.479	-107423.100	0.402	190854.286	190854.894	0.000
59080.2	36058.887	36101.735	0.119	-158725.678	-159273.059	0.345	190837.057	190854.894	0.009
59080.3	-64651.554	-64669.502	0.028	-149363.123	-149963.656	0.402	190869.485	190854.894	0.008
59080.4	-140414.727	-140608.256	0.138	-82502.072	-83069.614	0.688	190902.530	190854.894	0.025
59080.5	-162307.324	-162554.758	0.152	16185.854	15722.380	2.863	190903.296	190854.894	0.025
59080.6	-121839.243	-122081.756	0.199	108788.186	108477.128	0.286	190920.606	190854.894	0.034
59080.7	-34606.628	-34730.504	0.358	159730.064	159577.676	0.095	190921.321	190854.894	0.035
59080.8	65833.565	65956.936	0.187	149491.452	149401.891	0.060	190937.907	190854.894	0.043
59080.9	140973.102	141317.530	0.244	82053.805	81857.181	0.240	190970.264	190854.894	0.060
59081.0	161934.188	162413.518	0.296	-16683.487	-17119.919	2.616	190969.375	190854.894	0.060
59081.1	120701.202	120741.732	0.034	-108796.938	-109260.420	0.426	190968.329	190952.572	0.008
59081.2	33192.419	33186.262	0.019	-158820.622	-159421.069	0.378	190983.870	190952.572	0.016
59081.3	-67053.180	-67112.421	0.088	-147753.895	-148365.522	0.414	190983.538	190952.572	0.016
59081.4	-141437.293	-141640.564	0.144	-79774.849	-80339.005	0.707	191016.594	190952.572	0.034
59081.5	-161509.559	-161780.058	0.167	18966.949	18536.936	2.267	191017.364	190952.572	0.034
59081.6	-119558.721	-119797.526	0.200	110569.613	110294.868	0.248	191034.681	190952.572	0.043
59081.7	-31715.097	-31813.867	0.311	159831.547	159700.605	0.082	191051.775	190952.572	0.052
59081.8	68296.618	68386.019	0.131	147879.714	147782.806	0.066	191019.189	190952.572	0.035
59081.9	142012.970	142326.315	0.221	79301.700	79117.794	0.232	191051.535	190952.572	0.052
59082.0	161135.846	161614.639	0.297	-19487.235	-19927.708	2.260	191067.025	190952.572	0.060
59082.1	118408.114	118444.478	0.031	-110521.009	-111051.348	0.480	191098.742	191066.621	0.017
59082.2	30261.967	30274.898	0.043	-158932.075	-159514.660	0.367	191081.522	191066.621	0.008
59082.3	-69418.598	-69519.959	0.146	-146106.429	-146725.838	0.424	191081.208	191066.621	0.008
59082.4	-142436.826	-142619.804	0.128	-77021.845	-77595.669	0.745	191114.270	191066.621	0.025
59082.5	-160698.827	-160954.980	0.159	21781.110	21330.509	2.069	191131.434	191066.621	0.034
59082.6	-117240.046	-117484.953	0.209	112369.365	112065.972	0.270	191132.359	191066.621	0.034
59082.7	-28821.299	-28901.805	0.279	159872.719	159769.152	0.065	191165.827	191066.621	0.052
59082.8	70628.722	70779.365	0.213	146201.535	146122.475	0.054	191165.997	191066.621	0.052
59082.9	142907.871	143281.923	0.262	76573.158	76366.137	0.270	191165.565	191066.621	0.052
59083.0	160247.944	160765.565	0.323	-22216.421	-22714.081	2.240	191148.274	191066.621	0.043
59083.1	116074.264	116115.095	0.035	-112295.424	-112761.917	0.415	191179.998	191164.273	0.008
59083.2	27358.267	27384.919	0.097	-158964.331	-159524.392	0.352	191195.558	191164.273	0.016
59083.3	-71844.845	-71860.809	0.022	-144434.457	-145030.995	0.413	191211.637	191164.273	0.025
59083.4	-143351.266	-143512.660	0.113	-74266.354	-74847.055	0.782	191228.326	191164.273	0.033
59083.5	-159814.413	-160056.995	0.152	24549.237	24077.452	1.922	191212.727	191164.273	0.025
59083.6	-114903.043	-115140.944	0.207	114057.081	113756.443	0.264	191230.047	191164.273	0.034
59083.7	-25913.165	-26011.849	0.381	159885.718	159754.026	0.082	191230.732	191164.273	0.035
59083.8	72988.099	73105.551	0.161	144497.289	144407.561	0.062	191263.660	191164.273	0.052
59083.9	143807.614	144151.105	0.239	73803.740	73609.946	0.263	191279.596	191164.273	0.060
59084.0	159360.854	159843.986	0.303	-25007.227	-25453.199	1.783	191262.309	191164.273	0.051
59084.1	113723.136	113761.732	0.034	-113957.338	-114458.296	0.440	191277.649	191278.330	0.000
59084.2	24482.158	24483.925	0.007	-158917.334	-159508.528	0.372	191293.214	191278.330	0.008
59084.3	-74138.819	-74195.480	0.076	-142696.935	-143308.981	0.429	191309.301	191278.330	0.016
59084.4	-144241.781	-144384.515	0.099	-71486.220	-72080.128	0.831	191293.243	191278.330	0.008
59084.5	-158865.182	-159131.251	0.167	27265.436	26826.818	1.609	191326.799	191278.330	0.025
59084.6	-112532.637	-112773.077	0.214	115696.282	115432.518	0.228	191327.730	191278.330	0.026
59084.7	-22984.406	-23111.099	0.551	159863.841	159713.212	0.094	191328.413	191278.330	0.026
59084.8	75278.167	75425.324	0.195	142745.713	142665.530	0.056	191344.946	191278.330	0.035
59084.9	144624.243	144999.130	0.259	71038.910	70835.622	0.286	191344.484	191278.330	0.035
59085.0	158391.394	158894.629	0.318	-27717.838	-28194.501	1.720	191359.964	191278.330	0.043
59085.1	111329.399	111379.256	0.045	-115634.952	-116073.223	0.379	191375.302	191375.997	0.000
59085.2	21563.904	21607.397	0.202	-158859.404	-159409.699	0.346	191390.874	191375.997	0.008
59085.3	-76393.998	-76461.500	0.088	-140925.343	-141534.344	0.432	191423.369	191375.997	0.025
59085.4	-145048.033	-145169.897	0.084	-68708.569	-69311.129	0.877	191407.317	191375.997	0.016
59085.5	-157927.743	-158134.415	0.131	30073.902	29526.911	1.819	191408.123	191375.997	0.017
59085.6	-110122.425	-110376.799	0.231	117384.529	117026.893	0.305	191425.429	191375.997	0.026
59085.7	-20109.132	-20235.527	0.629	159740.962	159589.646	0.095	191426.106	191375.997	0.026
59085.8	77626.793	77675.997	0.063	140973.141	140871.470	0.072	191442.638	191375.997	0.035
59085.9	145417.479	145760.667	0.236	68252.747	68059.970	0.282	191458.547	191375.997	0.043
59086.0	157416.239	157874.607	0.291	-30492.285	-30885.920	1.291	191457.633	191375.997	0.043
59086.1	108917.134	108965.472	0.044	-117231.695	-117671.778	0.375	191472.963	191490.063	0.009
59086.2	18654.945	18715.218	0.323	-158748.246	-159279.195	0.334	191472.166	191490.063	0.009
59086.3	-78741.104	-78721.505	0.025	-139129.304	-139724.895	0.428	191488.290	191490.063	0.001
59086.4	-145800.581	-145929.907	0.089	-65922.618	-66517.544	0.902	191505.024	191490.063	0.008
59086.5	-156893.894	-157102.593	0.133	32771.690	32231.920	1.647	191522.216	191490.063	0.017
59086.6	-107696.946	-107949.356	0.234	118959.273	118604.629	0.298	191523.137	191490.063	0.017
59086.7	-17218.457	-17344.578	0.732	159586.377	159434.272	0.095	191507.417	191490.063	0.009
59086.8	79840.730	79920.356	0.100	139138.702	139042.649	0.069	191540.318	191490.063	0.026
59086.9	146152.962	146496.622	0.235	65451.446	65259.952	0.293	191523.445	191490.063	0.017
59087.0	156358.776	156819.558	0.295	-33184.933	-33581.955	1.196	191571.680	191490.063	0.043
59087.1	106480.992	106515.840	0.033	-118779.397	-119285.805	0.426	191554.252	191554.979	0.000
59087.2	15753.402	15784.958	0.200	-158581.169	-159140.072	0.352	191553.457	191554.979	0.001
59087.3	-80951.818	-81007.200	0.068	-137279.806	-137886.044	0.442	191585.975	191554.979	0.016
59087.4	-146496.360	-146693.353	0.134	-63123.954	-63685.067	0.889	191619.098	191554.979	0.033
59087.5	-155794.701	-156050.633	0.164	35415.732	34970.379	1.258	191603.528	191554.979	0.025
59087.6	-105247.988	-105485.933	0.226	120485.022	120197.527	0.239	191604.457	191554.979	0.026
59087.7	-14314.982	-14415.623	0.703	159401.974	159269.951	0.083	191637.882	191554.979	0.043
59087.8	82112.219	82190.150	0.095	137281.595	137184.207	0.071	191605.236	191554.979	0.026
59087.9	146893.342	147235.677	0.233	62614.732	62421.013	0.309	191621.121	191554.979	0.035
59088.0	155238.105	155744.083	0.326	-35822.135	-36311.264	1.365	191652.953	191554.979	0.051
59088.1	104002.784	104047.530	0.043	-120340.656	-120817.945	0.397	191651.908	191636.279	0.008
59088.2	12837.521	12887.851	0.392	-158381.909	-158923.779	0.342	191667.512	191636.279	0.016
59088.3	-83188.091	-83220.641	0.039	-135396.644	-136004.372	0.449	191667.265	191636.279	0.016
59088.4	-147168.647	-147373.188	0.139	-60306.512	-60860.560	0.919	191667.641	191636.279	0.016
59088.5	-154691.242	-154935.811	0.158	38121.445	37653.136	1.228	191684.849	191636.279	0.025
59088.6	-102774.440	-103004.536	0.224	121960.968	121708.381	0.207	191718.538	191636.279	0.043
59088.7	-11395.920	-11520.484	1.093	159183.974	159028.748	0.098	191702.804	191636.279	0.035
59088.8	84311.736	84387.326	0.090	135376.089	135283.567	0.068	191719.283	191636.279	0.043
59088.9	147521.891	147891.193	0.250	59803.289	59590.764	0.355	191718.783	191636.279	0.043
59089.0	154099.362	154606.229	0.329	-38490.700	-38984.334	1.282	191734.218	191636.279	0.051
59089.1	101514.733	101563.196	0.048	-121787.501	-122268.129	0.395	191716.786	191733.948	0.009
59089.2	10004.285	10026.084	0.218	-158061.408	-158631.825	0.361	191732.398	191733.948	0.001
59089.3	-85350.775	-85360.950	0.012	-133476.319	-134082.387	0.454	191748.549	191733.948	0.008
59089.4	-147838.507	-147970.180	0.089	-57442.277	-58046.569	1.052	191748.927	191733.948	0.008
59089.5	-153524.286	-153760.247	0.154	40771.175	40278.587	1.208	191782.526	191733.948	0.025
59089.6	-100243.976	-100507.821	0.263	123513.483	123137.144	0.305	191783.441	191733.948	0.026
59089.7	-8531.434	-8661.334	1.523	158862.188	158712.191	0.094	191784.073	191733.948	0.026
59089.8	86404.756	86511.025	0.123	133430.286	133343.244	0.065	191784.161	191733.948	0.026
59089.9	148120.032	148463.960	0.232	56963.072	56771.742	0.336	191800.028	191733.948	0.034
59090.0	152921.859	153408.127	0.318	-41163.314	-41599.577	1.060	191799.077	191733.948	0.034
59090.1	99002.081	99028.993	0.027	-123216.801	-123762.404	0.443	191814.419	191815.205	0.000
59090.2	7084.692	7098.045	0.188	-157773.799	-158346.115	0.363	191846.418	191815.205	0.016
59090.3	-87504.913	-87558.486	0.061	-131522.220	-132126.401	0.459	191829.816	191815.205	0.008
59090.4	-148398.896	-148593.379	0.131	-54609.218	-55171.388	1.029	191813.813	191815.205	0.001
59090.5	-152306.437	-152569.807	0.173	43394.362	42968.921	0.980	191863.790	191815.205	0.025
59090.6	-97734.155	-97960.860	0.232	124857.103	124609.567	0.198	191881.097	191815.205	0.034
59090.7	-5658.904	-5735.860	1.360	158513.292	158401.307	0.071	191865.334	191815.205	0.026
59090.8	88521.400	88691.656	0.192	131455.003	131368.430	0.066	191849.023	191815.205	0.018
59090.9	148691.961	149062.407	0.249	54102.555	53891.307	0.390	191881.259	191815.205	0.034
59091.0	151686.063	152194.592	0.335	-43776.370	-44279.573	1.149	191880.304	191815.205	0.034
59091.1	96462.517	96508.318	0.047	-124593.771	-125079.375	0.390	191895.634	191896.444	0.000
59091.2	4251.400	4285.400	0.800	-157367.156	-157925.111	0.355	191911.259	191896.444	0.008
59091.3	-89552.189	-89583.071	0.034	-129521.683	-130129.085	0.469	191911.048	191896.444	0.008
59091.4	-148958.569	-149052.482	0.063	-51735.006	-52364.710	1.217	191895.054	191896.444	0.001
59091.5	-151051.967	-151287.138	0.156	46019.764	45507.223	1.114	191928.653	191896.444	0.017
59091.6	-95183.133	-95428.950	0.258	126212.279	125904.808	0.244	191929.570	191896.444	0.017
59091.7	-2771.569	-2926.940	5.606	158128.528	157956.128	0.109	191962.952	191896.444	0.035
59091.8	90628.653	90698.987	0.078	129443.999	129353.775	0.070	191946.626	191896.444	0.026
59091.9	149152.403	149497.354	0.231	51271.831	51080.785	0.373	191962.461	191896.444	0.034
59092.0	150413.508	150890.138	0.317	-46391.211	-46806.748	0.896	191961.501	191896.444	0.034
59092.1	93885.557	93928.947	0.046	-125982.558	-126470.526	0.387	191976.830	191961.277	0.008
59092.2	1355.933	1381.623	1.895	-156969.374	-157529.464	0.357	191992.464	191961.277	0.016
59092.3	-91654.909	-91696.231	0.045	-127491.812	-128098.565	0.476	191959.492	191961.277	0.001
59092.4	-149408.889	-149563.592	0.104	-48894.172	-49479.017	1.196	192009.051	191961.277	0.025
59092.5	-149744.994	-149999.935	0.170	48582.668	48140.010	0.911	191977.116	191961.277	0.008
59092.6	-92612.507	-92837.709	0.243	127516.162	127273.724	0.190	192010.789	191961.277	0.026
59092.7	76.167	-26.673	135.020	157669.805	157535.521	0.085	192011.394	191961.277	0.026
59092.8	92627.597	92794.605	0.180	127393.414	127305.155	0.069	192011.435	191961.277	0.026
59092.9	149611.491	149983.625	0.249	48401.118	48190.802	0.435	192027.259	191961.277	0.034
59093.0	149092.248	149580.338	0.327	-48976.583	-49428.367	0.922	192009.909	191961.277	0.025
59093.1	91296.907	91339.685	0.047	-127287.672	-127778.613	0.386	192008.861	192026.088	0.009
59093.2	-1502.217	-1481.206	1.399	-156493.948	-157060.874	0.362	192040.878	192026.088	0.008
59093.3	-93648.868	-93733.327	0.090	-125424.393	-126033.231	0.485	192057.064	192026.088	0.016
59093.4	-149856.107	-149992.730	0.091	-46010.943	-46610.009	1.302	192057.484	192026.088	0.016
59093.5	-148399.564	-148656.330	0.173	51147.233	50711.020	0.853	192074.706	192026.088	0.025
59093.6	-89981.267	-90237.293	0.285	128892.660	128559.492	0.258	192075.606	192026.088	0.026
59093.7	2935.944	2832.019	3.540	157176.437	157042.324	0.085	192092.585	192026.088	0.035
59093.8	94681.231	94813.862	0.140	125309.867	125222.376	0.070	192092.612	192026.088	0.035
59093.9	150016.081	150388.071	0.248	45529.884	45318.209	0.465	192092.045	192026.088	0.034
59094.0	147722.771	148214.670	0.333	-51531.551	-51987.725	0.885	192091.067	192026.088	0.034
59094.1	88693.076	88729.382	0.041	-128541.654	-129033.887	0.383	192122.793	192123.651	0.000
59094.2	-4369.902	-4329.921	0.915	-155986.264	-156537.213	0.353	192089.279	192123.651	0.018
59094.3	-95664.437	-95726.574	0.065	-123322.679	-123931.716	0.494	192105.474	192123.651	0.009
59094.4	-150167.432	-150365.121	0.132	-43182.601	-43737.602	1.285	192138.672	192123.651	0.008
59094.5	-147008.458	-147264.870	0.174	53680.512	53251.341	0.799	192155.899	192123.651	0.017
59094.6	-87374.463	-87616.290	0.277	130092.981	129792.269	0.231	192140.412	192123.651	0.009
59094.7	5753.358	5676.125	1.342	156610.634	156494.182	0.074	192140.995	192123.651	0.009
59094.8	96690.628	96788.960	0.102	123193.550	123103.796	0.073	192157.401	192123.651	0.018
59094.9	150389.092	150735.742	0.231	42634.833	42442.706	0.451	192156.812	192123.651	0.017
59095.0	146307.754	146801.412	0.337	-54054.500	-54515.985	0.854	192155.830	192123.651	0.017
59095.1	86049.417	86103.114	0.062	-129770.414	-130237.278	0.360	192171.167	192188.440	0.009
59095.2	-7141.678	-7160.966	0.270	-155367.598	-155962.224	0.383	192170.438	192188.440	0.009
59095.3	-97602.695	-97675.303	0.074	-121191.191	-121799.138	0.502	192203.032	192188.440	0.008
59095.4	-150531.015	-150683.238	0.101	-40278.902	-40866.325	1.458	192203.471	192188.440	0.008
59095.5	-145568.458	-145830.223	0.180	56182.855	55758.774	0.755	192204.312	192188.440	0.008
59095.6	-84734.752	-84979.768	0.289	131270.196	130973.026	0.226	192205.209	192188.440	0.009
59095.7	8607.018	8502.120	1.219	156030.435	155894.864	0.087	192205.786	192188.440	0.009
59095.8	98556.899	98719.274	0.165	121043.142	120954.535	0.073	192222.167	192188.440	0.018
59095.9	150654.811	151029.153	0.248	39780.155	39568.798	0.531	192221.578	192188.440	0.017
59096.0	144847.843	145345.252	0.343	-56544.599	-57010.986	0.825	192220.590	192188.440	0.017
59096.1	83417.433	83434.286	0.020	-130886.565	-131448.363	0.429	192219.549	192236.833	0.009
59096.2	-10057.787	-10030.934	0.267	-154807.849	-155368.377	0.362	192251.595	192236.833	0.008
59096.3	-99561.314	-99644.369	0.083	-119021.777	-119628.390	0.510	192251.432	192236.833	0.008
59096.4	-150782.396	-150995.301	0.141	-37409.204	-37952.223	1.452	192251.875	192236.833	0.008
59096.5	-144104.236	-144365.452	0.181	58714.489	58297.242	0.711	192285.498	192236.833	0.025
59096.6	-82091.697	-82300.623	0.255	132364.375	132161.112	0.154	192253.620	192236.833	0.009
59096.7	11419.774	11366.874	0.463	155373.420	155276.355	0.062	192270.564	192236.833	0.018
59096.8	100443.279	100669.598	0.225	118860.681	118766.932	0.079	192286.945	192236.833	0.026
59096.9	150891.454	151316.140	0.281	36907.191	36652.121	0.691	192269.960	192236.833	0.017
59097.0	143352.607	143858.702	0.353	-59032.561	-59536.761	0.854	192285.351	192236.833	0.025
59097.1	80736.398	80795.072	0.073	-132042.062	-132483.377	0.334	192300.702	192285.225	0.008
59097.2	-12849.593	-12773.237	0.594	-154118.177	-154649.712	0.345	192283.594	192285.225	0.001
59097.3	-101408.640	-101436.743	0.028	-116821.898	-117432.006	0.522	192299.832	192285.225	0.008
59097.4	-151030.846	-151149.490	0.079	-34501.872	-35121.511	1.796	192316.672	192285.225	0.016
59097.5	-142583.701	-142822.250	0.167	61181.779	60675.315	0.828	192301.143	192285.225	0.008
59097.6	-79407.043	-79652.605	0.309	133465.586	133173.389	0.219	192318.411	192285.225	0.017
59097.7	14266.271	14102.894	1.145	154703.369	154534.130	0.109	192335.356	192285.225	0.026
59097.8	102349.111	102443.014	0.092	116643.672	116555.213	0.076	192368.111	192285.225	0.043
59097.9	151120.830	151445.977	0.215	33991.725	33820.188	0.505	192351.110	192285.225	0.034
59098.0	141792.183	142295.104	0.355	-61423.981	-61901.473	0.777	192350.105	192285.225	0.034
59098.1	78054.799	78091.515	0.047	-133079.376	-133586.395	0.381	192365.456	192350.004	0.008
59098.2	-15678.116	-15607.595	0.450	-153410.102	-153948.084	0.351	192364.749	192350.004	0.008
59098.3	-103274.946	-103313.535	0.037	-114585.643	-115195.152	0.532	192348.237	192350.004	0.001
59098.4	-151173.550	-151348.046	0.115	-31638.992	-32208.361	1.800	192381.474	192350.004	0.016
59098.5	-141014.984	-141266.326	0.178	63615.665	63146.138	0.738	192382.323	192350.004	0.017
59098.6	-76698.572	-76939.660	0.314	134544.841	134253.113	0.217	192399.601	192350.004	0.026
59098.7	17040.722	16931.113	0.643	153941.548	153808.150	0.087	192383.757	192350.004	0.018
59098.8	104142.334	104300.498	0.152	114390.932	114302.299	0.077	192400.109	192350.004	0.026
59098.9	151267.040	151619.469	0.233	31097.457	30905.437	0.617	192383.104	192350.004	0.017
59099.0	140231.016	140717.986	0.347	-63938.343	-64358.823	0.658	192382.109	192350.004	0.017
59099.1	75352.865	75384.636	0.042	-134095.469	-134604.607	0.380	192413.846	192398.402	0.008
59099.2	-18429.051	-18394.673	0.187	-152617.995	-153175.976	0.366	192396.764	192398.402	0.001
59099.3	-105094.355	-105110.599	0.015	-112319.843	-112929.206	0.543	192413.031	192398.402	0.008
59099.4	-151333.154	-151465.041	0.087	-28712.791	-29318.679	2.110	192429.891	192398.402	0.016
59099.5	-139401.341	-139658.327	0.184	65980.854	65549.946	0.653	192463.518	192398.402	0.034
59099.6	-73956.418	-74224.124	0.362	135597.548	135248.006	0.258	192415.251	192398.402	0.009
59099.7	19793.159	19711.447	0.413	153130.189	153012.099	0.077	192432.165	192398.402	0.018
59099.8	105953.857	106078.007	0.117	112107.376	112020.981	0.077	192448.508	192398.402	0.026
59099.9	151335.116	151711.606	0.249	28231.326	28014.856	0.767	192464.265	192398.402	0.034
59100.0	138594.446	139089.371	0.357	-66289.774	-66748.711	0.692	192446.876	192398.402	0.025
59100.1	72618.635	72662.179	0.060	-135084.898	-135567.683	0.357	192478.613	192446.801	0.017
59100.2	-21159.483	-21161.851	0.011	-151773.170	-152350.139	0.380	192477.929	192446.801	0.016
59100.3	-106833.404	-106859.929	0.025	-110024.605	-110631.570	0.552	192461.440	192446.801	0.008
59100.4	-151360.745	-151524.796	0.108	-25852.811	-26431.516	2.238	192478.309	192446.801	0.016
59100.5	-137765.141	-138005.562	0.175	68406.291	67917.994	0.714	192495.565	192446.801	0.025
59100.6	-71255.656	-71493.485	0.334	136476.712	136187.630	0.212	192463.677	192446.801	0.009
59100.7	22609.854	22471.420	0.612	152315.491	152162.493	0.100	192496.965	192446.801	0.026
59100.8	107717.027	107807.510	0.084	109789.328	109708.385	0.074	192513.287	192446.801	0.035
59100.9	151392.644	151746.527	0.234	25322.143	25127.285	0.770	192496.265	192446.801	0.026
59101.0	136919.244	137416.300	0.363	-68637.185	-69102.456	0.678	192528.026	192446.801	0.042
59101.1	69874.668	69915.494	0.058	-136020.878	-136506.876	0.357	192527.006	192495.209	0.017
59101.2	-23982.262	-23934.536	0.199	-150940.903	-151490.731	0.364	192509.948	192495.209	0.008
59101.3	-108523.946	-108593.929	0.064	-107696.764	-108303.565	0.563	192526.230	192495.209	0.016
59101.4	-151431.303	-151554.270	0.081	-22911.684	-23528.845	2.694	192510.352	192495.209	0.008
59101.5	-136066.041	-136319.193	0.186	70732.289	70280.730	0.638	192527.600	192495.209	0.017
59101.6	-68511.601	-68738.823	0.332	137359.207	137103.164	0.186	192544.860	192495.209	0.026
59101.7	25319.402	25236.610	0.327	151399.796	151279.268	0.080	192545.375	192495.209	0.026
59101.8	109366.827	109521.422	0.141	107452.032	107365.551	0.080	192528.914	192495.209	0.018
59101.9	151394.961	151751.034	0.235	22419.382	22224.469	0.869	192544.655	192495.209	0.026
59102.0	135202.519	135709.672	0.375	-70946.969	-71450.601	0.710	192560.023	192495.209	0.034
59102.1	67110.860	67168.352	0.086	-136898.162	-137360.380	0.338	192559.002	192576.377	0.009
59102.2	-26698.275	-26657.104	0.154	-150005.907	-150561.815	0.371	192558.340	192576.377	0.009
59102.3	-110231.329	-110246.482	0.014	-105336.958	-105948.925	0.581	192558.259	192576.377	0.009
59102.4	-151347.807	-151502.244	0.102	-20063.267	-20652.640	2.938	192575.150	192576.377	0.001
59102.5	-134335.655	-134582.564	0.184	73051.981	72574.064	0.654	192576.028	192576.377	0.000
59102.6	-65746.021	-65984.441	0.363	138218.219	137933.009	0.206	192576.897	192576.377	0.000
59102.7	28064.842	27951.088	0.405	150461.534	150326.970	0.089	192593.780	192576.377	0.009
59102.8	111065.505	111153.662	0.079	105076.823	104996.785	0.076	192577.317	192576.377	0.000
59102.9	151314.556	151674.271	0.238	19542.516	19348.818	0.991	192576.651	192576.377	0.000
59103.0	133452.528	133953.382	0.375	-73250.328	-73728.914	0.653	192608.407	192576.377	0.017
59103.1	64341.293	64383.702	0.066	-137722.511	-138218.682	0.360	192607.388	192592.016	0.008
59103.2	-29416.332	-29412.805	0.012	-149041.118	-149614.679	0.385	192590.356	192592.016	0.001
59103.3	-111889.094	-111915.071	0.023	-102946.360	-103560.041	0.596	192590.281	192592.016	0.001
59103.4	-151281.327	-151442.999	0.107	-17155.590	-17739.318	3.403	192590.801	192592.016	0.001
59103.5	-132567.170	-132818.234	0.189	75366.091	74893.137	0.628	192591.671	192592.016	0.000
59103.6	-62965.750	-63192.513	0.360	139020.048	138767.329	0.182	192625.302	192592.016	0.017
59103.7	30757.211	30698.541	0.191	149457.070	149356.168	0.068	192609.402	192592.016	0.009
59103.8	112649.203	112801.643	0.135	102679.308	102593.638	0.083	192609.309	192592.016	0.009
59103.9	151227.761	151589.972	0.240	16630.071	16436.113	1.166	192657.796	192592.016	0.034
59104.0	131662.427	132169.172	0.385	-75547.819	-76032.725	0.642	192640.388	192592.016	0.025
59104.1	61561.535	61615.882	0.088	-138491.270	-138961.792	0.340	192639.379	192624.013	0.008
59104.2	-32142.980	-32087.039	0.174	-148032.845	-148584.381	0.373	192638.728	192624.013	0.008
59104.3	-113399.654	-113468.838	0.061	-100542.165	-101151.961	0.607	192638.665	192624.013	0.008
59104.4	-151133.797	-151279.667	0.097	-14276.678	-14878.136	4.213	192655.581	192624.013	0.016
59104.5	-130752.151	-131000.521	0.190	77608.875	77108.754	0.644	192640.074	192624.013	0.008
59104.6	-60158.611	-60418.404	0.432	139794.351	139486.605	0.220	192640.927	192624.013	0.009
59104.7	33481.277	33363.815	0.351	148435.316	148302.907	0.089	192641.406	192624.013	0.009
59104.8	114215.275	114334.641	0.105	100250.777	100172.283	0.078	192674.065	192624.013	0.026
59104.9	151060.093	151402.037	0.226	13747.315	13576.441	1.243	192673.384	192624.013	0.026
59105.0	129828.497	130332.469	0.388	-77772.956	-78232.627	0.591	192655.975	192624.013	0.017
59105.1	58753.541	58805.164	0.088	-139231.212	-139705.495	0.341	192671.345	192672.387	0.001
59105.2	-34873.121	-34796.284	0.220	-146989.281	-147529.289	0.367	192637.941	192672.387	0.018
59105.3	-114990.341	-115036.286	0.040	-98096.793	-98703.220	0.618	192687.047	192672.387	0.008
59105.4	-150930.672	-151103.432	0.114	-11406.597	-11976.039	4.992	192703.964	192672.387	0.016
59105.5	-128901.466	-129148.276	0.191	79844.316	79349.829	0.619	192704.842	192672.387	0.017
59105.6	-57345.334	-57601.393	0.447	140514.295	140206.106	0.219	192672.918	192672.387	0.000
59105.7	36211.568	36063.885	0.408	147372.519	147224.552	0.100	192706.156	192672.387	0.018
59105.8	115762.615	115880.969	0.102	97788.698	97710.151	0.080	192706.024	192672.387	0.017
59105.9	150793.506	151200.847	0.270	10923.300	10675.967	2.264	192688.953	192672.387	0.009
59106.0	127962.707	128461.018	0.389	-80055.728	-80457.688	0.502	192687.921	192672.387	0.008
59106.1	55956.228	55973.003	0.030	-139888.060	-140423.329	0.383	192703.301	192704.351	0.001
59106.2	-37486.678	-37507.615	0.056	-145856.516	-146440.661	0.400	192702.671	192704.351	0.001
59106.3	-116496.786	-116585.660	0.076	-95625.143	-96226.152	0.629	192702.632	192704.351	0.001
59106.4	-150713.418	-150895.905	0.121	-8495.329	-9061.702	6.667	192719.551	192704.351	0.008
59106.5	-127005.133	-127263.536	0.203	82006.950	81582.356	0.518	192720.429	192704.351	0.008
59106.6	-54541.448	-54763.162	0.407	141150.467	140899.555	0.178	192721.275	192704.351	0.009
59106.7	38826.258	38765.752	0.156	146217.882	146112.645	0.072	192721.721	192704.351	0.009
59106.8	117227.478	117408.981	0.155	95311.963	95219.849	0.097	192754.354	192704.351	0.026
59106.9	150601.463	150968.262	0.244	7962.229	7763.523	2.496	192720.886	192704.351	0.009
59107.0	126042.271	126557.145	0.408	-82134.128	-82673.922	0.657	192736.227	192704.351	0.017
59107.1	53115.475	53163.182	0.090	-140543.494	-141026.519	0.344	192751.609	192719.912	0.016
59107.2	-40133.204	-40133.348	0.000	-144700.135	-145272.562	0.396	192718.226	192719.912	0.001
59107.3	-117983.854	-118019.049	0.030	-93121.785	-93735.303	0.659	192718.192	192719.912	0.001
59107.4	-150420.671	-150586.540	0.110	-5620.941	-6204.566	10.383	192718.737	192719.912	0.001
59107.5	-125072.710	-125330.212	0.206	84127.997	83708.666	0.498	192735.997	192719.912	0.008
59107.6	-51707.245	-51948.257	0.466	141754.821	141478.554	0.195	192753.213	192719.912	0.017
59107.7	41472.993	41381.342	0.221	145040.936	144922.004	0.082	192753.653	192719.912	0.018
59107.8	118640.113	118820.893	0.152	92808.032	92716.763	0.098	192753.498	192719.912	0.017
59107.9	150263.278	150634.335	0.247	5107.406	4909.154	3.882	192752.786	192719.912	0.017
59108.0	124098.220	124605.605	0.409	-84333.783	-84783.525	0.533	192768.132	192719.912	0.025
59108.1	50270.680	50317.039	0.092	-141143.789	-141631.792	0.346	192767.137	192751.843	0.008
59108.2	-42782.832	-42789.657	0.016	-143504.816	-144084.746	0.404	192766.519	192751.843	0.008
59108.3	-119355.565	-119465.526	0.092	-90610.918	-91210.509	0.662	192750.113	192751.843	0.001
59108.4	-150072.168	-150267.753	0.130	-2757.860	-3312.291	20.104	192750.669	192751.843	0.001
59108.5	-123108.019	-123368.571	0.212	86272.348	85857.816	0.480	192751.548	192751.843	0.000
59108.6	-48853.089	-49097.014	0.499	142332.528	142059.326	0.192	192752.374	192751.843	0.000
59108.7	44121.010	44027.336	0.212	143828.766	143711.386	0.082	192769.189	192751.843	0.009
59108.8	120097.259	120245.602	0.124	90262.167	90179.621	0.091	192769.025	192751.843	0.009
59108.9	149894.239	150290.684	0.264	2242.893	2019.727	9.950	192768.294	192751.843	0.009
59109.0	122111.392	122625.552	0.421	-86392.622	-86915.723	0.605	192783.637	192751.843	0.016
59109.1	47433.395	47476.515	0.091	-141656.916	-142148.905	0.347	192766.258	192767.364	0.001
59109.2	-45374.934	-45389.484	0.032	-142243.600	-142829.007	0.412	192765.646	192767.364	0.001
59109.3	-120739.345	-120826.347	0.072	-88064.261	-88664.110	0.681	192782.033	192767.364	0.008
59109.4	-149730.738	-149867.026	0.091	168.639	-453.025	368.636	192782.596	192767.364	0.008
59109.5	-121104.654	-121360.171	0.211	88374.109	87932.017	0.500	192783.472	192767.364	0.008
59109.6	-46029.892	-46252.148	0.483	142798.913	142551.988	0.173	192767.907	192767.364	0.000
59109.7	46710.470	46616.266	0.202	142552.871	142433.333	0.084	192801.093	192767.364	0.017
59109.8	121405.894	121584.471	0.147	87715.106	87621.613	0.107	192800.917	192767.364	0.017
59109.9	149468.064	149865.379	0.266	-609.885	-835.986	37.073	192783.793	192767.364	0.009
59110.0	120085.780	120599.386	0.428	-88473.932	-88972.573	0.564	192782.747	192767.364	0.008
59110.1	44559.241	44638.342	0.178	-142170.207	-142613.637	0.312	192798.153	192799.274	0.001
59110.2	-47963.293	-47956.551	0.014	-140956.953	-141532.330	0.408	192781.175	192799.274	0.009
59110.3	-122070.323	-122136.578	0.054	-85495.023	-86103.934	0.712	192797.569	192799.274	0.001
59110.4	-149231.178	-149417.304	0.125	2954.206	2387.565	19.181	192798.134	192799.274	0.001
59110.5	-119063.558	-119323.185	0.218	90432.542	89962.262	0.520	192799.015	192799.274	0.000
59110.6	-43130.752	-43410.082	0.648	143318.257	142992.293	0.227	192816.221	192799.274	0.009
59110.7	49269.021	49172.085	0.197	141230.628	141114.624	0.082	192816.619	192799.274	0.009
59110.8	122786.865	122872.633	0.070	85108.071	85050.262	0.068	192832.813	192799.274	0.017
59110.9	149009.984	149391.242	0.256	-3471.816	-3672.603	5.783	192815.691	192799.274	0.009
59111.0	118032.974	118545.014	0.434	-90510.826	-90985.223	0.524	192814.652	192799.274	0.008
59111.1	41715.070	41751.390	0.087	-142570.110	-143070.196	0.351	192813.665	192814.788	0.001
59111.2	-50585.222	-50558.215	0.053	-139637.845	-140200.308	0.403	192813.087	192814.788	0.001
59111.3	-123379.518	-123453.939	0.060	-82894.958	-83494.816	0.724	192829.491	192814.788	0.008
59111.4	-148738.449	-148944.508	0.139	5801.784	5271.903	9.133	192813.683	192814.788	0.001
59111.5	-116986.848	-117241.782	0.218	92414.130	92014.260	0.433	192798.184	192814.788	0.009
59111.6	-40280.153	-40519.310	0.594	143697.058	143424.004	0.190	192815.378	192814.788	0.000
59111.7	51857.731	51762.197	0.184	139884.281	139760.275	0.089	192815.782	192814.788	0.001
59111.8	124021.830	124167.505	0.117	82514.149	82429.910	0.102	192815.579	192814.788	0.000
59111.9	148537.291	148893.656	0.240	-6370.361	-6552.767	2.863	192814.837	192814.788	0.000
59112.0	115938.200	116446.038	0.438	-92536.160	-93019.244	0.522	192797.408	192814.788	0.009
59112.1	38853.265	38887.667	0.089	-142942.297	-143447.653	0.354	192812.815	192813.952	0.001
59112.2	-53113.147	-53094.505	0.035	-138251.331	-138818.058	0.410	192812.251	192813.952	0.001
59112.3	-124634.823	-124688.886	0.043	-80273.424	-80883.630	0.760	192812.281	192813.952	0.001
59112.4	-148231.053	-148403.902	0.117	8685.846	8109.353	6.637	192812.872	192813.952	0.001
59112.5	-114877.751	-115133.212	0.222	94416.568	93988.422	0.453	192830.142	192813.952	0.008
59112.6	-37413.585	-37652.447	0.638	144049.271	143776.817	0.189	192830.950	192813.952	0.009
59112.7	54353.700	54286.505	0.124	138466.329	138356.262	0.079	192847.717	192813.952	0.018
59112.8	125233.855	125379.947	0.117	79889.064	79808.199	0.101	192814.737	192813.952	0.000
59112.9	147944.557	148328.665	0.260	-9178.939	-9385.464	2.250	192846.751	192813.952	0.017
59113.0	113810.791	114320.566	0.448	-94516.201	-94975.197	0.486	192812.949	192813.952	0.001
59113.1	35971.765	36021.764	0.139	-143284.751	-143767.795	0.337	192811.981	192813.132	0.001
59113.2	-55640.154	-55598.789	0.074	-136827.260	-137388.213	0.410	192844.192	192813.132	0.016
59113.3	-125837.101	-125869.928	0.026	-77635.205	-78252.845	0.796	192844.234	192813.132	0.016
59113.4	-147630.420	-147808.194	0.120	11500.775	10930.883	4.955	192828.454	192813.132	0.008
59113.5	-112736.296	-112989.499	0.225	96406.580	95917.253	0.508	192829.349	192813.132	0.008
59113.6	-34545.293	-34783.896	0.691	144344.262	144072.298	0.188	192830.143	192813.132	0.009
59113.7	56846.867	56778.398	0.120	137015.824	136904.930	0.081	192814.132	192813.132	0.001
59113.8	126392.983	126538.318	0.115	77248.753	77167.353	0.105	192813.913	192813.132	0.000
59113.9	147324.879	147708.711	0.261	-11991.020	-12201.765	1.758	192829.536	192813.132	0.009
59114.0	111648.882	112160.343	0.458	-96384.882	-96885.519	0.519	192812.111	192813.132	0.001
59114.1	33090.082	33136.630	0.141	-143570.452	-144057.975	0.340	192811.156	192828.703	0.009
59114.2	-58100.682	-58100.957	0.000	-135353.819	-135922.828	0.420	192827.002	192828.703	0.001
59114.3	-126986.259	-127028.322	0.033	-74981.522	-75594.589	0.818	192827.058	192828.703	0.001
59114.4	-146995.588	-147178.001	0.124	14324.490	13761.264	3.932	192794.890	192828.703	0.018
59114.5	-110556.128	-110812.708	0.232	98285.186	97832.920	0.460	192828.549	192828.703	0.000
59114.6	-31656.427	-31896.373	0.758	144608.034	144337.652	0.187	192796.571	192828.703	0.017
59114.7	59368.568	59267.870	0.170	135540.869	135418.079	0.091	192829.712	192828.703	0.001
59114.8	127529.200	127673.806	0.113	74581.137	74499.233	0.110	192845.861	192828.703	0.009
59114.9	146668.987	147054.198	0.263	-14812.756	-15026.621	1.444	192828.710	192828.703	0.000
59115.0	109458.198	109967.156	0.465	-98272.829	-98782.393	0.519	192844.051	192828.703	0.008
59115.1	30207.671	30272.528	0.215	-143798.225	-144265.777	0.325	192826.713	192827.890	0.001
59115.2	-60560.194	-60537.597	0.037	-133839.282	-134403.272	0.421	192842.571	192827.890	0.008
59115.3	-128049.970	-128101.852	0.041	-72320.828	-72931.171	0.844	192826.252	192827.890	0.001
59115.4	-146325.435	-146476.197	0.103	17157.084	16545.816	3.563	192826.865	192827.890	0.001
59115.5	-108346.021	-108605.054	0.239	100183.005	99669.365	0.513	192827.757	192827.890	0.000
59115.6	-28731.040	-29030.589	1.043	144868.950	144520.812	0.240	192795.778	192827.890	0.017
59115.7	61825.245	61691.350	0.217	134009.264	133877.622	0.098	192828.898	192827.890	0.001
59115.8	128673.148	128724.389	0.040	71876.150	71826.679	0.069	192812.275	192827.890	0.008
59115.9	145959.746	146328.469	0.253	-17615.418	-17805.035	1.076	192827.873	192827.890	0.000
59116.0	107232.101	107743.789	0.477	-100146.590	-100599.782	0.453	192810.447	192827.890	0.009
59116.1	27311.432	27369.868	0.214	-143998.746	-144468.675	0.326	192825.892	192794.301	0.016
59116.2	-63015.929	-63002.503	0.021	-132290.730	-132857.037	0.428	192825.361	192794.301	0.016
59116.3	-129152.131	-129182.503	0.024	-69612.020	-70229.543	0.887	192825.447	192794.301	0.016
59116.4	-145587.313	-145757.633	0.117	19940.946	19365.438	2.886	192826.064	192794.301	0.016
59116.5	-106107.564	-106363.198	0.241	102001.318	101524.272	0.468	192810.570	192794.301	0.008
59116.6	-25871.937	-26126.292	0.983	144998.945	144698.737	0.207	192827.739	192794.301	0.017
59116.7	64214.524	64142.865	0.112	132427.296	132310.243	0.088	192828.071	192794.301	0.018
59116.8	129637.834	129781.763	0.111	69196.947	69115.856	0.117	192811.424	192794.301	0.009
59116.9	145178.510	145585.681	0.280	-20371.312	-20618.372	1.213	192810.637	192794.301	0.008
59117.0	104976.060	105486.061	0.486	-101973.008	-102435.338	0.453	192809.599	192794.301	0.008
59117.1	24412.688	24493.436	0.331	-144138.376	-144592.004	0.315	192792.272	192826.245	0.018
59117.2	-65435.319	-65399.336	0.055	-130701.399	-131261.963	0.429	192824.537	192826.245	0.001
59117.3	-130170.287	-130179.376	0.007	-66903.056	-67528.558	0.935	192824.626	192826.245	0.001
59117.4	-144812.339	-144971.755	0.110	22733.382	22135.180	2.631	192792.479	192826.245	0.018
59117.5	-103840.736	-104096.340	0.246	103772.453	103299.216	0.456	192826.136	192826.245	0.000
59117.6	-22968.164	-23248.905	1.222	145118.068	144797.322	0.221	192810.519	192826.245	0.008
59117.7	66663.803	66525.891	0.207	130823.601	130694.613	0.099	192810.844	192826.245	0.008
59117.8	130612.908	130755.368	0.109	66490.004	66406.398	0.126	192810.577	192826.245	0.008
59117.9	144401.858	144776.010	0.259	-23186.483	-23381.252	0.840	192793.397	192826.245	0.017
59118.0	102687.001	103204.021	0.503	-103751.289	-104190.720	0.424	192825.115	192826.245	0.001
59118.1	21545.027	21594.871	0.231	-144201.669	-144679.968	0.332	192775.033	192809.013	0.018
59118.2	-67819.098	-67793.216	0.038	-129066.172	-129625.273	0.433	192807.302	192809.013	0.001
59118.3	-131131.140	-131149.344	0.014	-64174.224	-64795.689	0.968	192791.012	192809.013	0.009
59118.4	-143967.780	-144145.353	0.123	25476.815	24914.833	2.206	192791.642	192809.013	0.009
59118.5	-101540.587	-101790.897	0.247	105495.448	105058.293	0.414	192776.141	192809.013	0.017
59118.6	-20114.653	-20349.691	1.168	145134.038	144860.352	0.189	192776.903	192809.013	0.017
59118.7	68979.958	68905.605	0.108	129158.022	129037.395	0.093	192793.601	192809.013	0.008
59118.8	131591.633	131701.795	0.084	63739.988	63665.287	0.117	192793.325	192809.013	0.008
59118.9	143567.885	143925.730	0.249	-25982.948	-26153.694	0.657	192792.516	192809.013	0.009
59119.0	100372.199	100883.534	0.509	-105481.460	-105929.902	0.425	192775.084	192809.013	0.018
59119.1	18680.978	18705.206	0.130	-144207.687	-144715.229	0.352	192774.159	192791.763	0.009
59119.2	-70198.434	-70148.854	0.071	-127392.548	-127951.243	0.439	192757.280	192791.763	0.018
59119.3	-131978.629	-132066.412	0.067	-61462.929	-62055.178	0.964	192773.774	192791.763	0.009
59119.4	-143104.209	-143271.705	0.117	28254.835	27669.493	2.072	192807.174	192791.763	0.008
59119.5	-99206.574	-99462.006	0.257	107235.380	106769.338	0.435	192791.675	192791.763	0.000
59119.6	-17199.434	-17459.830	1.514	145165.868	144870.758	0.203	192776.037	192791.763	0.008
59119.7	71355.719	71246.758	0.153	127466.938	127343.165	0.097	192776.339	192791.763	0.008
59119.8	132453.235	132595.258	0.107	60999.870	60916.990	0.136	192776.043	192791.763	0.008
59119.9	142652.277	143028.422	0.264	-28698.236	-28900.738	0.706	192775.236	192791.763	0.009
59120.0	98034.304	98540.013	0.516	-107130.419	-107620.854	0.458	192790.573	192791.763	0.001
59120.1	15775.476	15798.468	0.146	-144203.051	-144717.942	0.357	192773.264	192774.503	0.001
59120.2	-72506.899	-72499.111	0.011	-125675.167	-126240.855	0.450	192772.787	192774.503	0.001
59120.3	-132891.147	-132957.710	0.050	-58687.532	-59288.462	1.024	192756.525	192774.503	0.009
59120.4	-142177.601	-142361.795	0.130	30978.827	30430.144	1.771	192757.160	192774.503	0.009
59120.5	-96851.258	-97100.285	0.257	108894.282	108463.861	0.395	192790.814	192774.503	0.008
59120.6	-14316.284	-14553.176	1.655	145120.992	144848.471	0.188	192742.400	192774.503	0.017
59120.7	73660.691	73582.217	0.107	125730.680	125612.626	0.094	192742.685	192774.503	0.017
59120.8	133291.783	133462.728	0.128	58240.448	58142.710	0.168	192742.380	192774.503	0.017
59120.9	141685.916	142094.802	0.289	-31389.618	-31653.461	0.841	192741.561	192774.503	0.017
59121.0	95656.559	96163.805	0.530	-108794.543	-109295.000	0.460	192740.509	192774.503	0.018
59121.1	12878.790	12897.326	0.144	-144144.124	-144663.607	0.360	192739.593	192740.850	0.001
59121.2	-74778.053	-74811.234	0.044	-123910.272	-124487.668	0.466	192739.119	192740.850	0.001
59121.3	-133716.074	-133792.981	0.058	-55909.906	-56509.631	1.073	192739.252	192740.850	0.001
59121.4	-141224.663	-141399.478	0.124	33740.161	33167.574	1.697	192756.288	192740.850	0.008
59121.5	-94462.406	-94709.900	0.262	110503.011	110108.742	0.357	192740.777	192740.850	0.000
59121.6	-11462.855	-11652.609	1.655	144996.605	144769.185	0.157	192725.134	192740.850	0.008
59121.7	75927.009	75879.175	0.063	123952.969	123839.618	0.091	192725.407	192740.850	0.008
59121.8	134074.637	134274.067	0.149	55470.355	55356.798	0.205	192725.091	192740.850	0.008
59121.9	140714.172	141108.976	0.281	-34143.644	-34382.513	0.700	192724.269	192740.850	0.009
59122.0	93266.921	93759.360	0.528	-110344.768	-110919.262	0.521	192723.220	192740.850	0.009
59122.1	9991.782	10049.211	0.575	-144031.164	-144506.045	0.330	192738.696	192723.572	0.008
59122.2	-77073.074	-77019.692	0.069	-122124.809	-122682.316	0.457	192705.472	192723.572	0.009
59122.3	-134489.489	-134513.755	0.018	-53130.501	-53749.728	1.165	192738.382	192723.572	0.008
59122.4	-140180.342	-140355.798	0.125	36387.139	35822.252	1.552	192722.644	192723.572	0.000
59122.5	-92040.997	-92302.529	0.284	112160.438	111638.823	0.465	192707.148	192723.572	0.009
59122.6	-8593.242	-8805.955	2.475	144838.598	144587.132	0.174	192707.863	192723.572	0.008
59122.7	78186.047	78072.024	0.146	122141.417	122015.338	0.103	192724.517	192723.572	0.000
59122.8	134829.727	134971.077	0.105	52673.627	52590.798	0.157	192724.180	192723.572	0.000
59122.9	139675.278	140042.502	0.263	-36844.012	-37028.116	0.500	192706.972	192723.572	0.009
59123.0	90829.429	91338.919	0.561	-111940.771	-112428.580	0.436	192705.920	192723.572	0.009
59123.1	7134.806	7189.739	0.770	-143837.448	-144319.139	0.335	192705.026	192689.913	0.008
59123.2	-79264.107	-79220.039	0.056	-120286.126	-120846.563	0.466	192704.579	192689.913	0.008
59123.3	-135202.119	-135210.064	0.006	-50332.275	-50970.039	1.267	192671.961	192689.913	0.009
59123.4	-139141.872	-139280.692	0.100	39127.091	38478.502	1.658	192672.619	192689.913	0.009
59123.5	-89600.419	-89868.840	0.300	113669.072	113151.659	0.455	192657.110	192689.913	0.017
59123.6	-5685.052	-5948.196	4.629	144669.996	144375.640	0.203	192674.213	192689.913	0.008
59123.7	80405.433	80256.500	0.185	120287.005	120160.728	0.105	192690.850	192689.913	0.000
59123.8	135560.065	135643.452	0.062	49857.222	49805.223	0.104	192674.134	192689.913	0.008
59123.9	138573.184	138944.590	0.268	-39488.110	-39675.021	0.473	192673.292	192689.913	0.009
59124.0	88385.269	88892.307	0.574	-113422.758	-113920.429	0.439	192672.248	192689.913	0.009
59124.1	4263.628	4314.404	1.191	-143610.532	-144097.537	0.339	192654.974	192672.638	0.009
59124.2	-81512.477	-81412.760	0.122	-118418.219	-118973.429	0.469	192654.539	192672.638	0.009
59124.3	-135835.667	-135878.187	0.031	-47552.031	-48164.639	1.288	192654.710	192672.638	0.009
59124.4	-138013.328	-138167.665	0.112	41750.980	41138.921	1.466	192655.373	192672.638	0.009
59124.5	-87136.853	-87402.053	0.304	115160.675	114645.520	0.447	192623.482	192672.638	0.026
59124.6	-2812.263	-3074.873	9.338	144425.161	144129.315	0.205	192640.572	192672.638	0.017
59124.7	82583.422	82433.030	0.182	118398.666	118268.804	0.110	192640.818	192672.638	0.017
59124.8	136173.451	136287.422	0.084	47058.529	46994.180	0.137	192640.459	192672.638	0.017
59124.9	137460.023	137808.721	0.254	-42195.615	-42325.768	0.308	192639.621	192672.638	0.017
59125.0	85892.914	86412.764	0.605	-114949.150	-115393.018	0.386	192622.199	192672.638	0.026
59125.1	1379.471	1374.571	0.355	-143350.889	-143884.127	0.372	192637.699	192622.603	0.008
59125.2	-83621.777	-83662.423	0.049	-116502.614	-117068.914	0.486	192620.899	192622.603	0.001
59125.3	-136494.494	-136573.831	0.058	-44708.534	-45300.334	1.324	192621.071	192622.603	0.001
59125.4	-136860.338	-137042.168	0.133	44408.343	43863.149	1.228	192605.361	192622.603	0.009
59125.5	-84646.598	-84887.597	0.285	116600.715	116183.594	0.358	192606.241	192622.603	0.008
59125.6	50.348	-136.984	372.078	144124.339	143890.628	0.162	192639.707	192622.603	0.009
59125.7	84720.777	84666.229	0.064	116464.982	116345.010	0.103	192607.168	192622.603	0.008
59125.8	136817.359	136958.404	0.103	44206.982	44123.998	0.188	192606.808	192622.603	0.008
59125.9	136250.681	136659.835	0.300	-44752.721	-45040.215	0.642	192605.971	192622.603	0.009
59126.0	83396.882	83885.171	0.586	-116361.267	-116909.408	0.471	192604.933	192622.603	0.009
59126.1	-1492.984	-1450.941	2.816	-143036.197	-143533.929	0.348	192587.668	192605.357	0.009
59126.2	-85754.904	-85739.122	0.018	-114551.197	-115121.228	0.498	192570.872	192605.357	0.018
59126.3	-137071.924	-137104.283	0.024	-41880.556	-42503.054	1.486	192587.456	192605.357	0.009
59126.4	-135658.739	-135822.685	0.121	47037.530	46435.894	1.279	192571.743	192605.357	0.017
59126.5	-82121.185	-82386.449	0.323	118020.101	117543.895	0.403	192572.613	192605.357	0.017
59126.6	2952.730	2685.411	9.053	143808.989	143516.141	0.204	192573.310	192605.357	0.017
59126.7	86848.205	86726.099	0.141	114501.596	114379.534	0.107	192573.538	192605.357	0.017
59126.8	137321.993	137464.778	0.104	41402.470	41322.259	0.194	192556.779	192605.357	0.025
59126.9	135038.113	135418.270	0.282	-47404.289	-47602.377	0.418	192555.934	192605.357	0.026
59127.0	80869.931	81372.416	0.621	-117719.590	-118248.146	0.449	192554.896	192605.357	0.026
59127.1	-4352.774	-4343.075	0.223	-142666.753	-143187.781	0.365	192537.654	192555.339	0.009
59127.2	-87877.729	-87872.037	0.006	-112571.360	-113137.562	0.503	192553.640	192555.339	0.001
59127.3	-137589.230	-137658.961	0.051	-39040.870	-39643.580	1.544	192553.833	192555.339	0.001
59127.4	-134395.194	-134586.134	0.142	49607.992	49073.165	1.078	192521.754	192555.339	0.017
59127.5	-79588.224	-79833.493	0.308	119357.409	118946.275	0.344	192522.625	192555.339	0.017
59127.6	5789.750	5574.461	3.718	143399.479	143145.130	0.177	192539.700	192555.339	0.008
59127.7	88900.776	88841.874	0.066	112491.541	112377.597	0.101	192523.514	192555.339	0.017
59127.8	137796.072	137994.840	0.144	38572.671	38458.120	0.297	192506.752	192555.339	0.025
59127.9	133754.786	134159.081	0.302	-49964.743	-50228.915	0.529	192522.289	192555.339	0.017
59128.0	78299.868	78807.492	0.648	-119121.506	-119628.517	0.426	192488.488	192555.339	0.035
59128.1	-7226.943	-7144.695	1.138	-142260.363	-142725.933	0.327	192504.021	192505.337	0.001
59128.2	-89859.600	-89863.649	0.005	-110547.520	-111113.739	0.512	192503.640	192505.337	0.001
59128.3	-138027.633	-138075.805	0.035	-36222.423	-36834.912	1.691	192503.856	192505.337	0.001
59128.4	-133110.528	-133268.145	0.118	52208.673	51588.177	1.188	192471.773	192505.337	0.017
59128.5	-77016.312	-77286.767	0.351	120705.711	120201.889	0.417	192489.028	192505.337	0.008
59128.6	8667.248	8372.005	3.406	142972.680	142659.203	0.219	192489.702	192505.337	0.008
59128.7	90909.610	90816.006	0.103	110451.027	110336.719	0.103	192473.507	192505.337	0.017
59128.8	138241.892	138387.512	0.105	35722.457	35645.970	0.214	192473.117	192505.337	0.017
59128.9	132448.135	132819.510	0.280	-52555.768	-52732.498	0.336	192455.893	192505.337	0.026
59129.0	75729.339	76250.062	0.688	-120408.437	-120862.181	0.377	192471.248	192505.337	0.018
59129.1	-10085.771	-10010.287	0.748	-141800.649	-142269.175	0.330	192454.017	192455.334	0.001
59129.2	-91896.089	-91909.951	0.015	-108492.315	-109056.339	0.520	192453.646	192455.334	0.001
59129.3	-138459.539	-138517.054	0.042	-33357.062	-33966.890	1.828	192421.094	192455.334	0.018
59129.4	-131772.389	-131934.908	0.123	54781.162	54165.525	1.124	192438.170	192455.334	0.009
59129.5	-74438.192	-74690.993	0.340	121937.400	121498.887	0.360	192439.040	192455.334	0.008
59129.6	11448.778	11233.563	1.880	142435.937	142177.815	0.181	192456.101	192455.334	0.000
59129.7	92972.707	92844.536	0.138	108381.446	108261.795	0.110	192423.514	192455.334	0.017
59129.8	138686.773	138804.077	0.085	32834.601	32774.260	0.184	192423.113	192455.334	0.017
59129.9	131079.196	131464.154	0.294	-55086.331	-55298.283	0.385	192438.641	192455.334	0.009
59130.0	73134.013	73643.228	0.696	-121641.050	-122136.804	0.408	192404.845	192455.334	0.026
59130.1	-12903.421	-12833.583	0.541	-141266.673	-141739.637	0.335	192387.625	192421.718	0.018
59130.2	-93954.000	-93879.196	0.080	-106398.973	-106965.052	0.532	192403.648	192421.718	0.009
59130.3	-138866.411	-138876.078	0.007	-30477.130	-31116.888	2.099	192387.501	192421.718	0.018
59130.4	-130373.878	-130545.847	0.132	57257.644	56679.868	1.009	192388.198	192421.718	0.017
59130.5	-71826.973	-72087.235	0.362	123180.541	122712.087	0.380	192389.061	192421.718	0.017
59130.6	14295.655	14052.200	1.703	141901.300	141624.014	0.195	192373.338	192421.718	0.025
59130.7	94893.171	94795.721	0.103	106272.870	106153.648	0.112	192373.510	192421.718	0.025
59130.8	138969.064	139138.575	0.122	30021.765	29921.275	0.335	192389.486	192421.718	0.017
59130.9	129674.845	130053.519	0.292	-57615.734	-57800.586	0.321	192372.235	192421.718	0.026
59131.0	70500.710	71029.132	0.750	-122883.050	-123327.564	0.362	192354.825	192421.718	0.035
59131.1	-15705.635	-15669.164	0.232	-140677.773	-141172.909	0.352	192354.001	192338.948	0.008
59131.2	-95934.281	-95836.456	0.102	-104275.301	-104836.476	0.538	192337.271	192338.948	0.001
59131.3	-139159.864	-139203.447	0.031	-27628.506	-28243.819	2.227	192353.889	192338.948	0.008
59131.4	-128957.361	-129117.619	0.124	59796.419	59194.200	1.007	192354.599	192338.948	0.008
59131.5	-69193.206	-69451.836	0.374	124369.312	123902.201	0.376	192339.069	192338.948	0.000
59131.6	17179.541	16882.801	1.727	141350.766	141032.918	0.225	192306.960	192338.948	0.017
59131.7	96834.122	96734.601	0.103	104127.819	104008.316	0.115	192323.494	192338.948	0.008
59131.8	139324.879	139441.221	0.084	27108.153	27045.496	0.231	192306.693	192338.948	0.017
59131.9	128234.133	128603.719	0.288	-60143.731	-60302.541	0.264	192289.438	192338.948	0.026
59132.0	67869.544	68383.594	0.757	-124009.100	-124494.968	0.392	192288.412	192338.948	0.026
59132.1	-18516.909	-18513.434	0.019	-140054.963	-140572.816	0.370	192287.602	192288.940	0.001
59132.2	-97836.512	-97781.079	0.057	-102115.728	-102675.822	0.548	192254.501	192288.940	0.018
59132.3	-139423.923	-139501.706	0.056	-24760.876	-25352.275	2.388	192271.123	192288.940	0.009
59132.4	-127490.345	-127654.986	0.129	62303.901	61706.308	0.959	192271.833	192288.940	0.009
59132.5	-66531.085	-66789.947	0.389	125535.576	125070.247	0.371	192272.688	192288.940	0.008
59132.6	19967.736	19721.805	1.232	140687.206	140408.384	0.198	192273.329	192288.940	0.008
59132.7	98729.451	98660.569	0.070	101951.750	101831.017	0.118	192240.703	192288.940	0.025
59132.8	139570.913	139714.599	0.103	24232.869	24151.494	0.336	192256.661	192288.940	0.017
59132.9	126728.443	127119.533	0.309	-62575.687	-62801.976	0.362	192239.394	192288.940	0.026
59133.0	65202.298	65711.758	0.781	-125144.081	-125640.076	0.396	192238.378	192288.940	0.026
59133.1	-21364.403	-21310.997	0.250	-139415.640	-139903.487	0.350	192221.188	192222.543	0.001
59133.2	-99659.998	-99647.171	0.013	-99920.704	-100486.744	0.566	192220.859	192222.543	0.001
59133.3	-139633.072	-139719.765	0.062	-21895.641	-22484.033	2.687	192221.114	192222.543	0.001
59133.4	-125952.459	-126141.279	0.150	64682.853	64152.336	0.820	192205.439	192222.543	0.009
59133.5	-63872.144	-64125.724	0.397	126585.593	126154.809	0.340	192222.669	192222.543	0.000
59133.6	22708.487	22513.508	0.859	139955.022	139715.018	0.171	192190.536	192222.543	0.017
59133.7	100644.122	100507.763	0.135	99740.637	99625.970	0.115	192174.289	192222.543	0.025
59133.8	139786.256	139907.980	0.087	21338.476	21281.483	0.267	192190.227	192222.543	0.017
59133.9	125198.495	125584.844	0.309	-65035.697	-65234.894	0.306	192172.966	192222.543	0.026
59134.0	62527.861	63038.305	0.816	-126193.383	-126701.683	0.403	192188.327	192222.543	0.018
59134.1	-24112.966	-24092.027	0.087	-138666.142	-139177.916	0.369	192171.143	192156.124	0.008
59134.2	-101535.302	-101466.767	0.067	-97692.371	-98261.963	0.583	192170.824	192156.124	0.008
59134.3	-139837.187	-139879.219	0.030	-18990.994	-19614.337	3.282	192154.708	192156.124	0.001
59134.4	-124406.127	-124579.362	0.139	67153.469	66565.011	0.876	192155.417	192156.124	0.000
59134.5	-61190.826	-61442.198	0.411	127614.116	127184.018	0.337	192139.878	192156.124	0.008
59134.6	25511.573	25288.194	0.876	139225.001	138965.555	0.186	192140.499	192156.124	0.008
59134.7	102446.480	102308.157	0.135	97497.901	97385.621	0.115	192124.236	192156.124	0.017
59134.8	139894.174	140042.747	0.106	18487.309	18410.521	0.415	192123.779	192156.124	0.017
59134.9	123619.555	124002.234	0.310	-67462.029	-67634.046	0.255	192122.894	192156.124	0.017
59135.0	59840.654	60346.026	0.845	-127189.285	-127707.773	0.408	192105.496	192156.124	0.026
59135.1	-26895.244	-26909.774	0.054	-137901.842	-138433.066	0.385	192104.700	192089.686	0.008
59135.2	-103298.299	-103304.671	0.006	-95437.885	-95999.971	0.589	192104.398	192089.686	0.008
59135.3	-139933.900	-140031.543	0.070	-16129.697	-16703.788	3.559	192088.289	192089.686	0.001
59135.4	-122800.496	-122987.615	0.152	69525.326	69006.494	0.746	192105.383	192089.686	0.008
59135.5	-58480.780	-58717.595	0.405	128618.206	128218.928	0.310	192057.070	192089.686	0.017
59135.6	28268.228	28099.430	0.597	138422.908	138196.496	0.164	192074.062	192089.686	0.008
59135.7	104168.769	104126.538	0.041	95225.378	95107.905	0.123	192074.165	192089.686	0.008
59135.8	139997.923	140170.032	0.123	15599.407	15498.770	0.645	192057.326	192089.686	0.017
59135.9	121992.775	122389.546	0.325	-69819.889	-70061.748	0.346	192056.439	192089.686	0.017
59136.0	57110.610	57612.623	0.879	-128189.750	-128719.211	0.413	192039.036	192089.686	0.026
59136.1	-29714.293	-29651.752	0.210	-137116.918	-137600.409	0.353	192021.869	192023.242	0.001
59136.2	-105013.932	-105029.621	0.015	-93153.899	-93711.673	0.599	192021.578	192023.242	0.001
59136.3	-140021.728	-140077.100	0.040	-13226.277	-13838.533	4.629	192021.855	192023.242	0.001
59136.4	-121164.924	-121336.285	0.141	71925.606	71348.474	0.802	192006.194	192023.242	0.009
59136.5	-55743.374	-56003.475	0.467	129597.735	129138.335	0.354	192007.028	192023.242	0.008
59136.6	31058.977	30834.145	0.724	137604.274	137340.287	0.192	191991.240	192023.242	0.017
59136.7	105909.190	105831.742	0.073	92924.616	92804.855	0.129	192007.721	192023.242	0.008
59136.8	140042.445	140190.943	0.106	12712.059	12633.229	0.620	191974.476	192023.242	0.025
59136.9	120319.673	120718.135	0.331	-72142.084	-72389.438	0.343	191957.201	192023.242	0.034
59137.0	54397.898	54890.695	0.906	-129077.224	-129615.240	0.417	191972.583	192023.242	0.026
59137.1	-32396.754	-32368.815	0.086	-136217.046	-136721.550	0.370	191971.809	191973.189	0.001
59137.2	-106811.888	-106707.218	0.098	-90825.750	-91400.722	0.633	191955.143	191973.189	0.009
59137.3	-140009.286	-140071.049	0.044	-10376.254	-10982.874	5.846	191955.435	191973.189	0.009
59137.4	-119471.727	-119648.911	0.148	74225.536	73652.295	0.772	191923.386	191973.189	0.026
59137.5	-53018.580	-53282.712	0.498	130462.249	130005.673	0.350	191907.830	191973.189	0.034
59137.6	33801.313	33543.549	0.763	136714.463	136438.091	0.202	191908.420	191973.189	0.034
59137.7	107633.572	107489.401	0.134	90586.659	90479.561	0.118	191924.894	191973.189	0.025
59137.8	140033.266	140160.331	0.091	9832.490	9777.728	0.557	191891.641	191973.189	0.042
59137.9	118623.836	119011.008	0.326	-74489.929	-74678.661	0.253	191890.754	191973.189	0.043
59138.0	51642.502	52162.573	1.007	-129968.007	-130459.145	0.378	191889.748	191973.189	0.043
59138.1	-35172.316	-35152.057	0.058	-135327.776	-135834.501	0.374	191888.988	191873.985	0.008
59138.2	-108463.401	-108433.462	0.028	-88477.386	-89044.163	0.641	191855.947	191873.985	0.009
59138.3	-140036.189	-140077.435	0.029	-7441.374	-8061.701	8.336	191856.263	191873.985	0.009
59138.4	-117753.811	-117932.985	0.152	76551.599	76016.378	0.699	191840.601	191873.985	0.017
59138.5	-50274.101	-50503.375	0.456	131304.486	130904.881	0.304	191841.431	191873.985	0.017
59138.6	36548.870	36319.058	0.629	135790.441	135527.137	0.194	191825.618	191873.985	0.025
59138.7	109309.325	109195.313	0.104	88221.117	88108.242	0.128	191825.697	191873.985	0.025
59138.8	139993.121	140141.592	0.106	6937.594	6856.608	1.167	191792.444	191873.985	0.043
59138.9	116884.998	117274.812	0.334	-76800.295	-77027.899	0.296	191807.939	191873.985	0.034
59139.0	48880.070	49375.604	1.014	-130805.715	-131334.415	0.404	191823.328	191873.985	0.026
59139.1	-37867.975	-37824.694	0.114	-134354.287	-134851.151	0.370	191773.418	191791.186	0.009
59139.2	-110066.794	-110013.600	0.048	-86107.305	-86674.958	0.659	191773.170	191791.186	0.009
59139.3	-139956.418	-139958.314	0.001	-4554.318	-5216.393	14.537	191757.105	191791.186	0.018
59139.4	-115991.311	-116160.347	0.146	78840.431	78245.218	0.755	191774.215	191791.186	0.009
59139.5	-47483.885	-47757.896	0.577	132147.904	131661.398	0.368	191775.042	191791.186	0.008
59139.6	39272.603	38983.139	0.737	134816.055	134520.836	0.219	191742.841	191791.186	0.025
59139.7	110903.655	110755.015	0.134	85833.636	85725.533	0.126	191759.293	191791.186	0.017
59139.8	139896.240	139998.003	0.073	4048.549	4012.430	0.892	191726.037	191791.186	0.034
59139.9	115101.889	115483.070	0.331	-79072.786	-79241.409	0.213	191725.144	191791.186	0.034
59140.0	46091.452	46623.721	1.155	-131617.081	-132067.290	0.342	191707.777	191791.186	0.044
59140.1	-40594.068	-40586.615	0.018	-133367.183	-133883.349	0.387	191707.031	191724.807	0.009
59140.2	-111685.772	-111675.039	0.010	-83700.286	-84265.711	0.676	191690.412	191724.807	0.018
59140.3	-139824.556	-139881.294	0.041	-1678.118	-2290.830	36.512	191674.356	191724.807	0.026
59140.4	-114192.182	-114374.444	0.160	81123.231	80563.708	0.690	191675.083	191724.807	0.026
59140.5	-44700.183	-44948.879	0.556	132907.865	132482.537	0.320	191659.525	191724.807	0.034
59140.6	41969.847	41736.634	0.556	133795.503	133529.314	0.199	191676.478	191724.807	0.025
59140.7	112448.843	112395.671	0.047	83421.672	83302.086	0.143	191643.759	191724.807	0.042
59140.8	139719.931	139895.824	0.126	1189.835	1087.638	8.589	191643.258	191724.807	0.043
59140.9	113281.407	113677.291	0.349	-81305.673	-81544.453	0.294	191625.985	191724.807	0.052
59141.0	43304.676	43807.745	1.162	-132342.149	-132864.239	0.394	191625.004	191724.807	0.052
59141.1	-43298.175	-43298.689	0.001	-132324.343	-132842.425	0.392	191607.891	191609.283	0.001
59141.2	-113255.167	-113253.120	0.002	-81267.240	-81826.751	0.688	191591.291	191609.283	0.009
59141.3	-139613.871	-139719.415	0.076	1167.125	609.628	47.767	191608.007	191609.283	0.001
59141.4	-112357.063	-112534.764	0.158	83366.257	82811.916	0.665	191575.974	191609.283	0.017
59141.5	-41911.651	-42137.818	0.540	133614.987	133215.205	0.299	191593.185	191609.283	0.008
59141.6	44643.492	44439.655	0.457	132722.159	132465.103	0.194	191593.738	191609.283	0.008
59141.7	113977.173	113952.716	0.021	80982.158	80849.644	0.164	191561.013	191609.283	0.025
59141.8	139513.807	139709.003	0.140	-1680.977	-1811.321	7.754	191527.734	191609.283	0.043
59141.9	111426.583	111818.342	0.352	-83531.225	-83776.756	0.294	191526.845	191609.283	0.043
59142.0	40515.732	40990.486	1.172	-133015.234	-133572.701	0.419	191525.873	191609.283	0.044
59142.1	-45973.978	-45952.901	0.046	-131237.221	-131743.091	0.385	191541.543	191542.931	0.001
59142.2	-114743.225	-114750.034	0.006	-78819.242	-79374.686	0.705	191524.947	191542.931	0.009
59142.3	-139418.414	-139484.229	0.047	4072.088	3472.854	14.716	191492.522	191542.931	0.026
59142.4	-110480.735	-110657.788	0.160	85536.822	84986.851	0.643	191509.643	191542.931	0.017
59142.5	-39110.407	-39339.794	0.587	134264.561	133866.693	0.296	191494.070	191542.931	0.026
59142.6	47291.647	47084.313	0.438	131598.472	131342.980	0.194	191461.848	191542.931	0.042
59142.7	115486.573	115428.485	0.050	78506.459	78384.794	0.155	191461.879	191542.931	0.042
59142.8	139296.090	139449.200	0.110	-4591.189	-4672.419	1.769	191461.361	191542.931	0.043
59142.9	109527.494	109922.730	0.361	-85651.159	-85935.466	0.332	191460.476	191542.931	0.043
59143.0	37682.388	38186.962	1.339	-133687.514	-134200.100	0.383	191426.735	191542.931	0.061
59143.1	-48594.358	-48581.136	0.027	-130085.755	-130593.804	0.391	191442.416	191427.425	0.008
59143.2	-116212.655	-116196.529	0.014	-76337.571	-76897.563	0.734	191425.833	191427.425	0.001
59143.3	-139124.986	-139193.543	0.049	6917.827	6326.621	8.546	191409.803	191427.425	0.009
59143.4	-108568.681	-108741.541	0.159	87699.826	87121.442	0.660	191377.773	191427.425	0.026
59143.5	-36306.428	-36533.807	0.626	134861.445	134462.446	0.296	191394.959	191427.425	0.017
59143.6	49911.845	49702.566	0.419	130428.556	130171.131	0.197	191395.494	191427.425	0.017
59143.7	116946.690	116853.620	0.080	76012.903	75895.322	0.155	191379.133	191427.425	0.025
59143.8	138982.290	139133.980	0.109	-7439.770	-7523.580	1.127	191362.226	191427.425	0.034
59143.9	107600.107	107988.195	0.361	-87828.096	-88053.497	0.257	191344.944	191427.425	0.043
59144.0	34880.215	35375.955	1.421	-134250.503	-134771.697	0.388	191343.980	191427.425	0.044
59144.1	-51246.419	-51150.833	0.187	-128914.636	-129385.858	0.366	191343.291	191328.298	0.008
59144.2	-117632.013	-117561.163	0.060	-73834.802	-74407.533	0.776	191326.718	191328.298	0.001
59144.3	-138796.608	-138829.107	0.023	9779.202	9142.587	6.510	191277.922	191328.298	0.026
59144.4	-106621.094	-106787.976	0.157	89821.779	89182.039	0.712	191278.664	191328.298	0.026
59144.5	-33463.294	-33741.263	0.831	135459.883	134976.424	0.357	191279.459	191328.298	0.026
59144.6	52533.522	52261.779	0.517	129225.940	128941.128	0.220	191312.750	191328.298	0.008
59144.7	118355.204	118196.787	0.134	73492.558	73393.647	0.135	191263.602	191328.298	0.034
59144.8	138613.351	138745.337	0.095	-10277.465	-10336.307	0.573	191263.069	191328.298	0.034
59144.9	105633.929	106016.978	0.363	-89930.854	-90097.215	0.185	191229.412	191328.298	0.052
59145.0	32022.021	32579.093	1.740	-134842.621	-135261.638	0.311	191212.068	191328.298	0.061
59145.1	-53841.353	-53812.990	0.053	-127680.377	-128181.789	0.393	191227.765	191229.165	0.001
59145.2	-119000.625	-119002.789	0.002	-71309.924	-71866.161	0.780	191227.585	191229.165	0.001
59145.3	-138417.173	-138496.633	0.057	12626.022	12045.399	4.599	191227.950	191229.165	0.001
59145.4	-104636.827	-104809.068	0.165	91902.340	91331.639	0.621	191195.927	191229.165	0.017
59145.5	-30652.180	-30875.803	0.730	135949.243	135547.386	0.296	191196.718	191229.165	0.017
59145.6	55158.115	54913.481	0.444	127986.041	127714.207	0.212	191164.454	191229.165	0.034
59145.7	119682.885	119616.503	0.055	70966.407	70839.969	0.178	191148.071	191229.165	0.042
59145.8	138236.147	138387.909	0.110	-13149.772	-13236.152	0.657	191131.142	191229.165	0.051
59145.9	103631.423	104019.655	0.375	-91991.649	-92229.715	0.259	191146.630	191229.165	0.043
59146.0	29192.613	29708.828	1.768	-135323.088	-135807.932	0.358	191129.292	191229.165	0.052
59146.1	-56467.710	-56415.981	0.092	-126424.657	-126918.353	0.391	191112.233	191130.021	0.009
59146.2	-120382.116	-120361.632	0.017	-68749.244	-69311.679	0.818	191095.682	191130.021	0.018
59146.3	-138006.494	-138089.544	0.060	15484.013	14910.030	3.707	191112.439	191130.021	0.009
59146.4	-102618.585	-102792.366	0.169	93973.653	93406.427	0.604	191064.028	191130.021	0.035
59146.5	-27798.588	-28023.883	0.810	136436.987	136035.632	0.294	191064.811	191130.021	0.034
59146.6	57752.591	57505.509	0.428	126701.802	126428.429	0.216	191048.926	191130.021	0.042
59146.7	121053.496	120953.324	0.083	68390.541	68273.894	0.171	191048.913	191130.021	0.042
59146.8	137780.744	137956.196	0.127	-15986.409	-16097.176	0.693	191015.587	191130.021	0.060
59146.9	101595.635	101985.182	0.383	-94009.828	-94287.081	0.295	191031.075	191130.021	0.052
59147.0	26343.389	26852.814	1.934	-135776.908	-136271.631	0.364	190997.360	191130.021	0.069
59147.1	-59003.079	-58991.288	0.020	-125099.473	-125603.473	0.403	190996.696	190998.094	0.001
59147.2	-121648.175	-121667.797	0.016	-66182.056	-66731.941	0.831	190980.150	190998.094	0.009
59147.3	-137557.172	-137625.011	0.049	18358.487	17764.032	3.238	190980.526	190998.094	0.009
59147.4	-100565.114	-100735.512	0.169	95969.692	95438.783	0.553	190964.892	190998.094	0.017
59147.5	-24924.102	-25164.520	0.965	136897.338	136465.935	0.315	190982.052	190998.094	0.008
59147.6	60287.578	60069.412	0.362	125357.069	125091.448	0.212	190949.768	190998.094	0.025
59147.7	122309.110	122237.252	0.059	65811.014	65683.017	0.194	190933.360	190998.094	0.034
59147.8	137295.180	137467.134	0.125	-18832.114	-18947.077	0.610	190932.801	190998.094	0.034
59147.9	99528.249	99910.925	0.384	-96017.712	-96301.671	0.296	190915.523	190998.094	0.043
59148.0	23505.892	23989.857	2.059	-136145.746	-136677.326	0.390	190898.184	190998.094	0.052
59148.1	-61508.120	-61534.563	0.043	-123728.396	-124247.267	0.419	190913.922	190898.944	0.008
59148.2	-122895.821	-122923.730	0.023	-63592.113	-64137.683	0.858	190897.392	190898.944	0.001
59148.3	-137038.209	-137111.337	0.053	21189.638	20600.170	2.782	190865.004	190898.944	0.018
59148.4	-98476.120	-98649.476	0.176	97955.538	97427.751	0.539	190865.749	190898.944	0.017
59148.5	-22086.603	-22307.141	0.999	137250.292	136843.989	0.296	190850.143	190898.944	0.026
59148.6	62822.293	62600.928	0.352	123979.164	123713.418	0.214	190834.229	190898.944	0.034
59148.7	123544.893	123470.827	0.060	63204.838	63078.054	0.201	190817.812	190898.944	0.043
59148.8	136737.979	136929.085	0.140	-21635.693	-21778.692	0.661	190817.246	190898.944	0.043
59148.9	97422.312	97807.859	0.396	-98014.972	-98272.624	0.263	190799.962	190898.944	0.052
59149.0	20635.564	21129.331	2.393	-136517.640	-137030.789	0.376	190799.025	190898.944	0.052
59149.1	-64044.216	-63985.025	0.092	-122332.892	-122824.065	0.402	190781.998	190816.170	0.018
59149.2	-124121.567	-124065.198	0.045	-60969.100	-61543.975	0.943	190765.478	190816.170	0.027
59149.3	-136467.604	-136505.498	0.028	24004.575	23368.424	2.650	190733.107	190816.170	0.044
59149.4	-96354.856	-96528.966	0.181	99865.061	99307.567	0.558	190750.228	190816.170	0.035
59149.5	-19204.279	-19486.216	1.468	137597.948	137113.535	0.352	190718.229	190816.170	0.051
59149.6	65325.433	65039.058	0.438	122557.110	122269.191	0.235	190718.699	190816.170	0.051
59149.7	124665.554	124589.944	0.061	60598.211	60474.624	0.204	190718.645	190816.170	0.051
59149.8	136144.100	136299.459	0.114	-24452.171	-24541.632	0.366	190718.073	190816.170	0.051
59149.9	95285.419	95671.259	0.405	-99968.159	-100134.132	0.166	190700.796	190816.170	0.061
59150.0	17780.769	18306.193	2.955	-136806.002	-137276.063	0.344	190667.103	190816.170	0.078
59150.1	-66517.871	-66529.087	0.017	-120880.981	-121394.613	0.425	190650.079	190684.254	0.018
59150.2	-125264.304	-125278.614	0.011	-58339.175	-58890.071	0.944	190666.339	190684.254	0.009
59150.3	-135845.761	-135922.327	0.056	26802.476	26227.706	2.144	190617.598	190684.254	0.035
59150.4	-94203.800	-94373.141	0.180	101828.935	101274.290	0.545	190618.342	190684.254	0.035
59150.5	-16365.952	-16585.553	1.342	137842.119	137432.496	0.297	190602.720	190684.254	0.043
59150.6	67734.218	67570.732	0.241	121070.589	120817.912	0.209	190619.556	190684.254	0.034
59150.7	125859.560	125780.489	0.063	57936.519	57810.382	0.218	190586.731	190684.254	0.051
59150.8	135502.326	135691.717	0.140	-27248.606	-27395.793	0.540	190586.155	190684.254	0.051
59150.9	93116.046	93498.598	0.411	-101811.321	-102082.240	0.266	190585.255	190684.254	0.052
59151.0	14925.545	15402.893	3.198	-137039.031	-137570.064	0.388	190551.571	190684.254	0.070
59151.1	-68989.542	-68946.716	0.062	-119397.339	-119892.246	0.415	190534.566	190552.348	0.009
59151.2	-126417.067	-126346.911	0.055	-55671.930	-56251.743	1.041	190501.683	190552.348	0.027
59151.3	-135188.177	-135231.076	0.032	29611.920	28988.903	2.104	190518.485	190552.348	0.018
59151.4	-92014.890	-92187.776	0.188	103715.504	103098.081	0.595	190502.840	190552.348	0.026
59151.5	-13481.441	-13745.234	1.957	138078.460	137618.563	0.333	190503.592	190552.348	0.026
59151.6	70236.580	69975.349	0.372	119575.484	119294.806	0.235	190487.659	190552.348	0.034
59151.7	126938.020	126826.054	0.088	55276.373	55162.962	0.205	190471.207	190552.348	0.043
59151.8	134840.985	134976.743	0.101	-30084.616	-30150.942	0.220	190487.011	190552.348	0.034
59151.9	90915.009	91297.627	0.421	-103675.096	-103887.168	0.205	190453.349	190552.348	0.052
59152.0	12070.957	12561.079	4.060	-137216.895	-137731.694	0.375	190419.665	190552.348	0.070
59152.1	-71492.360	-71393.785	0.138	-117883.904	-118366.049	0.409	190419.055	190420.460	0.001
59152.2	-127455.892	-127424.955	0.024	-53011.234	-53576.813	1.067	190402.576	190420.460	0.009
59152.3	-134497.349	-134526.137	0.021	32430.519	31785.416	1.989	190370.236	190420.460	0.026
59152.4	-89802.617	-89970.543	0.187	105491.869	104942.344	0.521	190387.363	190420.460	0.017
59152.5	-10603.399	-10867.104	2.487	138264.128	137802.395	0.334	190371.725	190420.460	0.026
59152.6	72641.972	72409.201	0.320	118021.270	117747.618	0.232	190355.782	190420.460	0.034
59152.7	127934.588	127881.052	0.042	52615.931	52478.860	0.261	190339.319	190420.460	0.043
59152.8	134095.536	134247.777	0.114	-32845.028	-32941.289	0.293	190322.355	190420.460	0.052
59152.9	88679.439	89064.614	0.434	-105460.470	-105712.292	0.239	190337.832	190420.460	0.043
59153.0	9198.686	9681.474	5.248	-137366.284	-137890.765	0.382	190304.167	190420.460	0.061
59153.1	-73866.137	-73807.614	0.079	-116303.243	-116795.168	0.423	190303.572	190304.968	0.001
59153.2	-128442.833	-128449.815	0.005	-50337.152	-50885.364	1.089	190287.103	190304.968	0.009
59153.3	-133698.813	-133768.490	0.052	35149.773	34563.943	1.667	190287.529	190304.968	0.009
59153.4	-87550.092	-87721.319	0.196	107287.993	106741.020	0.510	190271.890	190304.968	0.017
59153.5	-7747.326	-7989.984	3.132	138369.186	137930.545	0.317	190223.488	190304.968	0.043
59153.6	75014.082	74809.430	0.273	116421.728	116156.034	0.228	190240.299	190304.968	0.034
59153.7	128968.195	128882.725	0.066	49900.580	49778.695	0.244	190207.444	190304.968	0.051
59153.8	133310.502	133466.261	0.117	-35617.552	-35713.197	0.269	190190.469	190304.968	0.060
59153.9	86417.248	86800.004	0.443	-107232.997	-107491.556	0.241	190189.573	190304.968	0.061
59154.0	6349.360	6803.359	7.150	-137435.173	-137994.165	0.407	190205.065	190304.968	0.053
59154.1	-76237.486	-76155.110	0.108	-114687.547	-115174.720	0.425	190155.334	190189.497	0.018
59154.2	-129436.745	-129391.873	0.035	-47621.621	-48192.946	1.200	190138.879	190189.497	0.027
59154.3	-132902.884	-132943.370	0.030	37931.855	37294.468	1.680	190155.692	190189.497	0.018
59154.4	-85271.955	-85445.858	0.204	109071.450	108461.155	0.560	190140.064	190189.497	0.026
59154.5	-4893.932	-5137.938	4.986	138419.526	137979.775	0.318	190124.418	190189.497	0.034
59154.6	77415.957	77142.902	0.353	114792.316	114515.455	0.241	190092.060	190189.497	0.051
59154.7	129889.160	129801.591	0.067	47198.692	47078.274	0.255	190075.585	190189.497	0.060
59154.8	132478.614	132617.685	0.105	-38367.417	-38436.523	0.180	190058.610	190189.497	0.069
59154.9	84119.375	84509.832	0.464	-108991.637	-109192.056	0.184	190057.710	190189.497	0.069
59155.0	3419.977	3950.995	15.527	-137550.441	-138018.863	0.341	190040.449	190189.497	0.078
59155.1	-78573.682	-78532.151	0.053	-113030.736	-113524.311	0.437	190023.497	190057.654	0.018
59155.2	-130376.829	-130340.152	0.028	-44890.652	-45458.912	1.266	190007.045	190057.654	0.027
59155.3	-132041.448	-132098.756	0.043	40664.371	40062.283	1.481	190007.494	190057.654	0.026
59155.4	-82967.240	-83132.676	0.199	110743.215	110199.937	0.491	189991.860	190057.654	0.035
59155.5	-1999.006	-2244.428	12.277	138462.834	138021.848	0.318	189976.205	190057.654	0.043
59155.6	79781.320	79505.660	0.346	113126.794	112844.663	0.249	189960.232	190057.654	0.051
59155.7	130815.935	130726.319	0.069	44455.038	44336.185	0.267	189960.121	190057.654	0.051
59155.8	131577.110	131749.298	0.131	-41069.627	-41196.972	0.310	189943.139	190057.654	0.060
59155.9	81794.796	82181.780	0.473	-110703.775	-110910.878	0.187	189942.253	190057.654	0.061
59156.0	580.090	1057.230	82.253	-137511.581	-138036.047	0.381	189908.612	190057.654	0.078
59156.1	-80874.117	-80840.271	0.042	-111333.597	-111831.860	0.448	189891.676	189909.448	0.009
59156.2	-131234.834	-131207.973	0.020	-42162.642	-42731.515	1.349	189891.617	189909.448	0.009
59156.3	-131144.937	-131193.042	0.037	43404.952	42777.332	1.446	189875.686	189909.448	0.018
59156.4	-80626.614	-80801.213	0.217	112433.467	111860.084	0.510	189843.666	189909.448	0.035
59156.5	888.377	617.524	30.488	138454.442	137989.612	0.336	189860.780	189909.448	0.026
59156.6	82015.284	81799.138	0.264	111397.273	111132.423	0.238	189828.404	189909.448	0.043
59156.7	131632.626	131570.650	0.047	41732.595	41601.425	0.314	189828.293	189909.448	0.043
59156.8	130662.449	130820.265	0.121	-43804.572	-43904.130	0.227	189811.308	189909.448	0.052
59156.9	79448.820	79836.125	0.487	-112303.649	-112550.911	0.220	189794.026	189909.448	0.061
59157.0	-2300.892	-1804.339	21.581	-137464.750	-137979.197	0.374	189776.776	189909.448	0.070
59157.1	-83138.952	-83178.513	0.048	-109592.868	-110101.499	0.464	189759.853	189794.002	0.018
59157.2	-132100.223	-132077.795	0.017	-39397.651	-39955.739	1.417	189727.050	189794.002	0.035
59157.3	-130183.161	-130260.442	0.059	46094.839	45532.651	1.220	189743.889	189794.002	0.026
59157.4	-78265.017	-78424.300	0.204	114044.541	113536.929	0.445	189728.252	189794.002	0.035
59157.5	3750.470	3526.038	5.984	138365.588	137944.090	0.305	189696.200	189794.002	0.052
59157.6	84309.389	84122.410	0.222	109645.558	109382.014	0.240	189680.198	189794.002	0.060
59157.7	132483.505	132416.566	0.051	38953.855	38818.270	0.348	189712.851	189794.002	0.043
59157.8	129677.417	129864.001	0.144	-46491.087	-46651.326	0.345	189679.469	189794.002	0.060
59157.9	77063.980	77444.877	0.494	-113953.690	-114207.250	0.223	189645.812	189794.002	0.078
59158.0	-5197.036	-4712.354	9.326	-137388.651	-137908.661	0.378	189644.950	189794.002	0.079
59158.1	-85431.371	-85382.709	0.057	-107824.117	-108315.858	0.456	189628.039	189629.413	0.001
59158.2	-132821.339	-132806.739	0.011	-36659.422	-37214.273	1.514	189628.005	189629.413	0.001
59158.3	-129184.552	-129234.226	0.038	48792.549	48177.244	1.261	189612.084	189629.413	0.009
59158.4	-75856.964	-76036.981	0.237	115704.733	115069.151	0.549	189580.063	189629.413	0.026
59158.5	6653.061	6357.751	4.439	138268.522	137775.582	0.357	189564.390	189629.413	0.034
59158.6	86533.768	86311.167	0.257	107850.887	107577.481	0.254	189564.766	189629.413	0.034
59158.7	133248.607	133121.904	0.095	36173.381	36070.636	0.284	189531.860	189629.413	0.051
59158.8	128657.183	128815.077	0.123	-49183.939	-49286.996	0.210	189514.859	189629.413	0.060
59158.9	74660.582	75044.468	0.514	-115490.823	-115718.883	0.197	189530.360	189629.413	0.052
59159.0	-8061.997	-7542.513	6.444	-137236.458	-137715.803	0.349	189496.746	189629.413	0.070
59159.1	-87654.419	-87581.221	0.084	-106008.273	-106499.946	0.464	189479.832	189497.597	0.009
59159.2	-133608.287	-133513.255	0.071	-33856.601	-34451.697	1.758	189479.826	189497.597	0.009
59159.3	-128139.099	-128177.451	0.030	51465.788	50825.680	1.244	189463.901	189497.597	0.018
59159.4	-73441.909	-73622.707	0.246	117220.633	116586.473	0.541	189431.879	189497.597	0.035
59159.5	9499.092	9202.466	3.123	138074.303	137579.153	0.359	189432.583	189497.597	0.034
59159.6	88753.424	88493.979	0.292	106018.889	105742.728	0.260	189416.555	189497.597	0.043
59159.7	133934.089	133804.633	0.097	33404.468	33302.086	0.306	189383.647	189497.597	0.060
59159.8	127591.939	127735.562	0.113	-51850.885	-51926.244	0.145	189366.638	189497.597	0.069
59159.9	72221.702	72617.233	0.548	-117044.552	-117215.384	0.146	189349.369	189497.597	0.078
59160.0	-10897.985	-10385.433	4.703	-137005.273	-137494.914	0.357	189348.529	189497.597	0.079
59160.1	-89871.601	-89806.885	0.072	-104160.363	-104653.187	0.473	189331.630	189365.775	0.018
59160.2	-134250.786	-134223.536	0.020	-31082.944	-31648.199	1.819	189331.617	189365.775	0.018
59160.3	-127071.693	-127099.608	0.022	54174.859	53509.401	1.228	189315.711	189365.775	0.026
59160.4	-70995.167	-71170.621	0.247	118720.591	118119.892	0.506	189283.685	189365.775	0.043
59160.5	12362.755	12087.217	2.229	137847.069	137373.452	0.344	189267.996	189365.775	0.052
59160.6	90934.567	90703.677	0.254	104150.687	103876.894	0.263	189268.345	189365.775	0.051
59160.7	134594.349	134490.775	0.077	30610.437	30492.582	0.385	189251.811	189365.775	0.060
59160.8	126488.677	126634.676	0.115	-54524.508	-54600.595	0.140	189234.793	189365.775	0.069
59160.9	69763.937	70152.048	0.556	-118517.532	-118727.656	0.177	189217.525	189365.775	0.078
59161.0	-13773.738	-13268.308	3.670	-136764.543	-137264.410	0.365	189216.688	189365.775	0.079
59161.1	-92017.558	-91994.123	0.025	-102272.071	-102767.653	0.485	189183.426	189201.181	0.009
59161.2	-134901.468	-134879.923	0.016	-28277.467	-28836.011	1.975	189183.426	189201.181	0.009
59161.3	-125916.017	-125973.097	0.045	56769.367	56168.389	1.059	189183.901	189201.181	0.009
59161.4	-68526.742	-68693.783	0.244	120172.681	119604.654	0.473	189119.105	189201.181	0.043
59161.5	15169.978	14963.300	1.362	137521.212	137113.853	0.296	189152.550	189201.181	0.026
59161.6	93109.760	92874.616	0.253	102246.447	101972.618	0.268	189120.126	189201.181	0.043
59161.7	135198.126	135122.950	0.056	27803.757	27674.853	0.464	189103.572	189201.181	0.052
59161.8	125312.310	125485.337	0.138	-57112.108	-57249.796	0.241	189086.557	189201.181	0.061
59161.9	67274.119	67662.532	0.577	-119973.442	-120191.060	0.181	189052.906	189201.181	0.078
59162.0	-16612.915	-16142.052	2.834	-136451.409	-136980.083	0.387	189035.695	189201.181	0.088
59162.1	-94190.078	-94109.747	0.085	-100349.259	-100840.907	0.490	189035.208	189036.578	0.001
59162.2	-135496.365	-135454.165	0.031	-25460.695	-26032.715	2.247	189051.604	189036.578	0.008
59162.3	-124727.452	-124785.453	0.047	59367.647	58771.795	1.004	189019.318	189036.578	0.009
59162.4	-66026.206	-66200.296	0.264	121607.771	121008.487	0.493	188987.287	189036.578	0.026
59162.5	18062.743	17805.153	1.426	137232.126	136779.054	0.330	188971.573	189036.578	0.034
59162.6	95213.056	94973.591	0.252	100301.552	100027.746	0.273	188971.902	189036.578	0.034
59162.7	135778.513	135673.060	0.078	24977.391	24866.722	0.443	188955.339	189036.578	0.043
59162.8	124115.517	124275.345	0.129	-59733.266	-59842.891	0.184	188954.705	189036.578	0.043
59162.9	64764.943	65157.063	0.605	-121381.030	-121573.394	0.158	188904.677	189036.578	0.070
59163.0	-19493.695	-18980.921	2.630	-136125.276	-136620.854	0.364	188903.850	189036.578	0.070
59163.1	-96224.743	-96152.730	0.075	-98384.485	-98879.415	0.503	188886.998	188921.132	0.018
59163.2	-136010.680	-135949.241	0.045	-22656.229	-23244.144	2.595	188854.248	188921.132	0.035
59163.3	-123503.091	-123542.517	0.032	61970.447	61316.660	1.055	188854.732	188921.132	0.035
59163.4	-63514.317	-63696.624	0.287	122929.155	122332.442	0.485	188839.076	188921.132	0.043
59163.5	20920.894	20608.175	1.495	136867.767	136373.712	0.361	188806.978	188921.132	0.060
59163.6	97309.423	96999.628	0.318	98319.072	98048.755	0.275	188807.289	188921.132	0.060
59163.7	136249.352	136144.133	0.077	22179.433	22073.996	0.475	188807.109	188921.132	0.060
59163.8	122883.675	123010.567	0.103	-62358.096	-62376.972	0.030	188790.089	188921.132	0.069
59163.9	62245.499	62642.097	0.637	-122674.693	-122875.766	0.164	188756.442	188921.132	0.087
59164.0	-22336.231	-21780.352	2.489	-135727.394	-136191.419	0.342	188772.017	188921.132	0.079
59164.1	-98317.438	-98254.218	0.064	-96389.738	-96881.773	0.510	188738.788	188756.525	0.009
59164.2	-136525.950	-136470.290	0.041	-19809.835	-20391.894	2.938	188738.814	188756.525	0.009
59164.3	-122243.823	-122283.049	0.032	64576.809	63928.281	1.004	188690.155	188756.525	0.035
59164.4	-60955.239	-61140.264	0.304	124329.934	123700.596	0.506	188674.503	188756.525	0.043
59164.5	23741.146	23479.809	1.101	136431.309	135973.041	0.336	188675.163	188756.525	0.043
59164.6	99332.364	99083.856	0.250	96302.667	96033.113	0.280	188675.461	188756.525	0.043
59164.7	136776.238	136640.631	0.099	19304.852	19217.370	0.453	188642.503	188756.525	0.060
59164.8	121590.506	121728.684	0.114	-64925.966	-64977.664	0.080	188609.095	188756.525	0.078
59164.9	59684.939	60074.064	0.652	-124015.079	-124221.883	0.167	188608.227	188756.525	0.079
59165.0	-25193.648	-24648.434	2.164	-135295.749	-135766.064	0.348	188607.421	188756.525	0.079
59165.1	-100369.749	-100314.738	0.055	-94354.296	-94853.477	0.529	188574.201	188591.947	0.009
59165.2	-136988.087	-136940.176	0.035	-16959.533	-17539.012	3.417	188557.864	188591.947	0.018
59165.3	-120916.315	-120981.870	0.054	67093.750	66510.269	0.870	188541.977	188591.947	0.027
59165.4	-58384.598	-58567.660	0.314	125615.833	125020.230	0.474	188542.699	188591.947	0.026
59165.5	26576.881	26335.983	0.906	135960.230	135523.595	0.321	188526.974	188591.947	0.034
59165.6	101347.050	101126.855	0.217	94255.376	93987.169	0.285	188478.117	188591.947	0.060
59165.7	137142.704	137085.962	0.041	16502.385	16360.552	0.859	188477.923	188591.947	0.060
59165.8	120255.011	120405.346	0.125	-67464.166	-67548.364	0.125	188444.512	188591.947	0.078
59165.9	57098.820	57490.204	0.685	-125304.147	-125519.342	0.172	188443.644	188591.947	0.079
59166.0	-28010.444	-27500.636	1.820	-134794.051	-135292.068	0.369	188426.474	188591.947	0.088
59166.1	-102380.698	-102301.651	0.077	-92287.105	-92782.182	0.536	188409.646	188410.989	0.001
59166.2	-137340.797	-137325.254	0.011	-14139.818	-14694.755	3.925	188393.317	188410.989	0.009
59166.3	-119566.003	-119617.246	0.043	69643.751	69035.321	0.874	188393.824	188410.989	0.009
59166.4	-55801.746	-55977.337	0.315	126854.150	126256.481	0.471	188345.404	188410.989	0.035
59166.5	29424.379	29157.344	0.908	135458.359	134996.335	0.341	188346.048	188410.989	0.034
59166.6	103353.209	103095.879	0.249	92174.074	91898.862	0.299	188313.570	188410.989	0.052
59166.7	137533.706	137446.563	0.063	13636.757	13513.088	0.907	188329.747	188410.989	0.043
59166.8	118870.097	119019.055	0.125	-69974.835	-70061.586	0.124	188312.720	188410.989	0.052
59166.9	54503.656	54889.345	0.708	-126511.953	-126733.267	0.175	188279.091	188410.989	0.070
59167.0	-30839.890	-30317.359	1.694	-134259.963	-134740.562	0.358	188261.937	188410.989	0.079
59167.1	-104349.982	-104279.451	0.068	-90188.949	-90687.357	0.553	188261.506	188262.848	0.001
59167.2	-137697.467	-137689.104	0.006	-11285.064	-11836.853	4.890	188245.194	188262.848	0.009
59167.3	-118157.346	-118227.432	0.059	72134.606	71558.891	0.798	188229.313	188262.848	0.018
59167.4	-53195.571	-53367.534	0.323	128041.283	127476.691	0.441	188180.894	188262.848	0.044
59167.5	32231.100	31984.997	0.764	134885.905	134444.638	0.327	188214.303	188262.848	0.026
59167.6	105350.378	105055.589	0.280	90055.787	89787.103	0.298	188198.202	188262.848	0.034
59167.7	137871.477	137785.819	0.062	10769.360	10652.163	1.088	188165.217	188262.848	0.052
59167.8	117456.237	117607.587	0.129	-72485.070	-72573.109	0.121	188164.580	188262.848	0.052
59167.9	51875.153	52269.144	0.759	-127733.558	-127930.986	0.155	188130.960	188262.848	0.070
59168.0	-33630.111	-33140.161	1.457	-133652.600	-134164.564	0.383	188097.423	188262.848	0.088
59168.1	-106244.540	-106182.574	0.058	-88058.895	-88554.315	0.563	188080.632	188098.340	0.009
59168.2	-138022.899	-137970.100	0.038	-8402.929	-8992.071	7.011	188064.317	188098.340	0.018
59168.3	-116708.212	-116778.400	0.060	74594.395	74023.044	0.766	188048.450	188098.340	0.027
59168.4	-50576.783	-50744.890	0.332	129180.132	128614.004	0.438	188032.803	188098.340	0.035
59168.5	35048.687	34774.183	0.783	134282.644	133818.392	0.346	188033.436	188098.340	0.035
59168.6	107174.259	106940.295	0.218	87910.612	87637.772	0.310	187984.556	188098.340	0.061
59168.7	138159.868	138042.337	0.085	7905.961	7805.069	1.276	188000.725	188098.340	0.052
59168.8	115995.277	116137.415	0.123	-74966.007	-75024.708	0.078	187950.923	188098.340	0.078
59168.9	49231.707	49636.814	0.823	-128871.156	-129045.699	0.135	187933.685	188098.340	0.088
59169.0	-36429.526	-35923.858	1.388	-133016.065	-133514.352	0.375	187932.936	188098.340	0.088
59169.1	-108096.691	-108076.022	0.019	-85894.482	-86390.083	0.577	187916.157	187950.243	0.018
59169.2	-138247.791	-138224.901	0.017	-5565.903	-6127.788	10.095	187899.860	187950.243	0.027
59169.3	-115237.796	-115296.714	0.051	77085.529	76487.521	0.776	187883.995	187950.243	0.035
59169.4	-47929.446	-48095.669	0.347	130299.644	129732.339	0.435	187868.345	187950.243	0.044
59169.5	37797.296	37573.662	0.592	133590.563	133161.154	0.321	187852.582	187950.243	0.052
59169.6	109021.137	108815.059	0.189	85733.271	85457.335	0.322	187852.851	187950.243	0.052
59169.7	138365.996	138272.493	0.068	5057.795	4938.699	2.355	187787.084	187950.243	0.087
59169.8	114484.510	114634.586	0.131	-77383.719	-77476.350	0.120	187786.435	187950.243	0.087
59169.9	46602.469	46978.072	0.806	-129899.631	-130141.207	0.186	187769.213	187950.243	0.096
59170.0	-39185.059	-38717.581	1.193	-132311.402	-132833.061	0.394	187752.081	187950.243	0.106
59170.1	-110004.207	-109959.422	0.041	-83694.639	-84193.937	0.597	187735.305	187753.008	0.009
59170.2	-138444.112	-138452.780	0.006	-2706.578	-3243.637	19.843	187735.404	187753.008	0.009
59170.3	-113739.674	-113781.569	0.037	79609.546	78952.189	0.826	187703.166	187753.008	0.027
59170.4	-45252.890	-45419.301	0.368	131399.082	130831.115	0.432	187687.510	187753.008	0.035
59170.5	40638.599	40383.552	0.628	132920.703	132472.119	0.337	187671.734	187753.008	0.043
59170.6	110857.685	110679.500	0.161	83521.120	83245.071	0.331	187639.221	187753.008	0.061
59170.7	138520.048	138475.557	0.032	2211.237	2052.696	7.170	187655.371	187753.008	0.052
59170.8	112947.840	113098.298	0.133	-79833.257	-79927.895	0.119	187605.568	187753.008	0.079
59170.9	43918.995	44292.353	0.850	-130968.186	-131216.923	0.190	187604.728	187753.008	0.079
59171.0	-42004.132	-41521.440	1.149	-131613.152	-132119.883	0.385	187571.232	187753.008	0.097
59171.1	-111803.214	-111766.907	0.032	-81470.783	-81968.671	0.611	187538.082	187588.540	0.027
59171.2	-138638.800	-138602.163	0.026	193.007	-380.684	297.239	187554.570	187588.540	0.018
59171.3	-112155.826	-112215.487	0.053	81944.019	81353.481	0.721	187538.716	187588.540	0.027
59171.4	-42584.551	-42739.116	0.363	132387.020	131848.672	0.407	187523.055	187588.540	0.035
59171.5	43377.179	43148.675	0.527	132152.183	131715.209	0.331	187540.047	187588.540	0.026
59171.6	112683.669	112467.779	0.192	81279.147	81004.340	0.338	187491.131	187588.540	0.052
59171.7	138672.698	138600.310	0.052	-674.703	-811.436	20.266	187474.504	187588.540	0.061
59171.8	111356.838	111511.622	0.139	-82186.166	-82315.628	0.158	187473.855	187588.540	0.061
59171.9	41224.025	41603.516	0.921	-131987.415	-132211.391	0.170	187456.636	187588.540	0.070
59172.0	-44752.800	-44279.951	1.057	-130825.996	-131339.219	0.392	187423.138	187588.540	0.088
59172.1	-113558.948	-113531.221	0.024	-79220.050	-79718.515	0.629	187373.623	187407.695	0.018
59172.2	-138709.146	-138701.999	0.005	3023.680	2476.943	18.082	187357.360	187407.695	0.027
59172.3	-110558.346	-110612.510	0.049	84340.660	83721.279	0.734	187341.501	187407.695	0.035
59172.4	-39892.587	-40048.853	0.392	133356.187	132817.428	0.404	187358.600	187407.695	0.026
59172.5	46127.033	45893.188	0.507	131349.454	130912.930	0.332	187342.810	187407.695	0.035
59172.6	114433.270	114212.674	0.193	79010.123	78739.093	0.343	187326.651	187407.695	0.043
59172.7	138747.636	138675.565	0.052	-3537.447	-3669.817	3.742	187293.628	187407.695	0.061
59172.8	109733.907	109888.338	0.141	-84537.908	-84669.552	0.156	187260.218	187407.695	0.079
59172.9	38510.985	38905.020	1.023	-132954.277	-133156.972	0.152	187259.375	187407.695	0.079
59173.0	-47509.536	-47017.462	1.036	-130008.924	-130513.364	0.388	187225.890	187407.695	0.097
59173.1	-115270.809	-115251.295	0.017	-76939.218	-77434.037	0.643	187225.538	187243.214	0.009
59173.2	-138773.625	-138745.867	0.020	5898.517	5336.238	9.533	187176.515	187243.214	0.036
59173.3	-108917.609	-108963.327	0.042	86705.142	86057.448	0.747	187177.043	187243.214	0.035
59173.4	-37159.470	-37339.891	0.486	134334.410	133733.405	0.447	187161.370	187243.214	0.044
59173.5	48856.816	48621.714	0.481	130500.077	130056.987	0.340	187161.958	187243.214	0.043
59173.6	116171.917	115913.036	0.223	76714.089	76439.906	0.357	187113.022	187243.214	0.070
59173.7	138773.303	138694.838	0.057	-6393.695	-6529.383	2.122	187129.144	187243.214	0.061
59173.8	108073.861	108219.123	0.134	-86889.227	-86991.450	0.118	187079.336	187243.214	0.088
59173.9	35801.588	36188.279	1.080	-133841.881	-134049.616	0.155	187078.502	187243.214	0.088
59174.0	-50189.311	-49738.525	0.898	-129112.033	-129633.985	0.404	187045.027	187243.214	0.106
59174.1	-117003.535	-116992.552	0.009	-74622.048	-75117.191	0.664	187044.681	187029.585	0.008
59174.2	-138784.372	-138787.781	0.002	8771.769	8234.169	6.129	186995.662	187029.585	0.018
59174.3	-107229.805	-107289.802	0.056	89004.259	88423.684	0.652	187012.583	187029.585	0.009
59174.4	-34454.832	-34593.545	0.403	135172.846	134659.334	0.380	186980.525	187029.585	0.026
59174.5	51566.884	51386.309	0.350	129602.805	129187.061	0.321	186997.488	187029.585	0.017
59174.6	117832.776	117634.302	0.168	74385.512	74108.168	0.373	186948.530	187029.585	0.043
59174.7	138769.990	138711.826	0.042	-9269.468	-9427.567	1.706	186931.885	187029.585	0.052
59174.8	106379.780	106525.309	0.137	-89238.906	-89343.205	0.117	186898.458	187029.585	0.070
59174.9	33068.583	33434.072	1.105	-134709.579	-134951.889	0.180	186897.635	187029.585	0.071
59175.0	-52934.340	-52495.536	0.829	-128216.003	-128740.313	0.409	186880.554	187029.585	0.080
59175.1	-118659.579	-118656.341	0.003	-72284.488	-72773.583	0.677	186863.835	186881.487	0.009
59175.2	-138745.728	-138751.332	0.004	11638.076	11108.079	4.554	186831.205	186881.487	0.027
59175.3	-105505.344	-105567.113	0.059	91268.947	90724.343	0.597	186815.365	186881.487	0.035
59175.4	-31711.584	-31846.111	0.424	136020.583	135503.309	0.380	186799.685	186881.487	0.044
59175.5	54316.086	54103.499	0.391	128685.738	128250.275	0.338	186783.864	186881.487	0.052
59175.6	119417.274	119277.872	0.117	72041.311	71750.337	0.404	186751.284	186881.487	0.070
59175.7	138714.412	138650.660	0.046	-12140.996	-12301.057	1.318	186767.402	186881.487	0.061
59175.8	104633.533	104782.895	0.143	-91489.900	-91628.962	0.152	186733.967	186881.487	0.079
59175.9	30318.307	30679.480	1.191	-135523.684	-135772.203	0.183	186716.766	186881.487	0.088
59176.0	-55660.334	-55204.568	0.819	-127269.231	-127780.192	0.401	186699.698	186881.487	0.097
59176.1	-120238.464	-120210.919	0.023	-69925.000	-70416.686	0.703	186666.613	186717.023	0.027
59176.2	-138655.237	-138618.812	0.026	14499.626	13928.383	3.940	186666.758	186717.023	0.027
59176.3	-103748.253	-103798.380	0.048	93531.468	92925.083	0.648	186634.538	186717.023	0.044
59176.4	-28938.524	-29120.343	0.628	136845.001	136239.423	0.443	186618.847	186717.023	0.053
59176.5	56984.996	56739.632	0.431	127693.210	127239.101	0.356	186603.025	186717.023	0.061
59176.6	121022.213	120812.121	0.174	69664.804	69380.157	0.409	186586.825	186717.023	0.070
59176.7	138605.458	138493.887	0.080	-15008.790	-15120.117	0.742	186570.156	186717.023	0.079
59176.8	102848.444	102995.299	0.143	-93672.780	-93814.408	0.151	186536.726	186717.023	0.097
59176.9	27577.653	27947.481	1.341	-136260.300	-136484.845	0.165	186519.536	186717.023	0.106
59177.0	-58364.607	-57831.907	0.913	-126275.795	-126746.382	0.373	186502.476	186717.023	0.115
59177.1	-121869.192	-121850.132	0.016	-67522.967	-68015.115	0.729	186469.400	186487.035	0.009
59177.2	-138514.656	-138528.355	0.010	17354.100	16834.649	2.993	186469.562	186487.035	0.009
59177.3	-101945.810	-102012.988	0.066	95727.081	95220.065	0.530	186453.721	186487.035	0.018
59177.4	-26203.012	-26325.590	0.468	137532.708	137041.869	0.357	186421.648	186487.035	0.035
59177.5	59693.477	59470.588	0.373	126677.927	126240.880	0.345	186405.807	186487.035	0.044
59177.6	122580.964	122430.618	0.123	67256.591	66964.576	0.434	186389.600	186487.035	0.052
59177.7	138399.052	138378.437	0.015	-17823.563	-18025.497	1.133	186389.313	186487.035	0.052
59177.8	101039.641	101190.234	0.149	-95950.691	-96093.949	0.149	186372.265	186487.035	0.062
59177.9	24808.984	25145.930	1.358	-136973.509	-137263.224	0.212	186322.315	186487.035	0.088
59178.0	-60959.881	-60554.176	0.666	-125189.597	-125724.708	0.427	186321.650	186487.035	0.089
59178.1	-123390.036	-123346.474	0.035	-65107.310	-65601.469	0.759	186288.594	186322.597	0.018
59178.2	-138343.958	-138315.344	0.021	20227.317	19666.495	2.773	186255.997	186322.597	0.036
59178.3	-100121.694	-100172.419	0.051	97984.317	97382.709	0.614	186272.929	186322.597	0.027
59178.4	-23428.373	-23564.223	0.580	138228.194	137704.876	0.379	186257.236	186322.597	0.035
59178.5	62288.782	62092.413	0.315	125578.025	125149.661	0.341	186241.387	186322.597	0.044
59178.6	124126.649	123906.145	0.178	64819.403	64538.149	0.434	186208.786	186322.597	0.061
59178.7	138208.593	138141.078	0.049	-20702.976	-20855.407	0.736	186175.719	186322.597	0.079
59178.8	99187.145	99331.132	0.145	-98127.361	-98240.682	0.115	186175.061	186322.597	0.079
59178.9	21999.384	22378.963	1.725	-137692.952	-137902.457	0.152	186157.886	186322.597	0.088
59179.0	-63590.907	-63166.519	0.667	-124086.540	-124610.980	0.423	186124.462	186322.597	0.106
59179.1	-124833.154	-124797.721	0.028	-62673.789	-63166.645	0.786	186124.193	186141.800	0.009
59179.2	-138099.082	-138053.418	0.033	23070.056	22488.884	2.519	186091.601	186141.800	0.027
59179.3	-98246.758	-98297.897	0.052	100141.382	99508.892	0.632	186059.383	186141.800	0.044
59179.4	-20641.341	-20796.905	0.754	138870.901	138318.419	0.398	186043.685	186141.800	0.053
59179.5	64949.897	64689.904	0.400	124474.440	124014.969	0.369	186044.224	186141.800	0.052
59179.6	125530.028	125336.396	0.154	62377.011	62090.933	0.459	186027.991	186141.800	0.061
59179.7	137970.570	137854.887	0.084	-23571.350	-23675.439	0.442	185978.541	186141.800	0.088
59179.8	97301.343	97438.393	0.141	-100300.261	-100350.664	0.050	185977.880	186141.800	0.088
59179.9	19210.668	19606.470	2.060	-138302.517	-138492.175	0.137	185960.705	186141.800	0.097
59180.0	-66257.651	-65754.154	0.760	-122965.898	-123453.989	0.397	185943.685	186141.800	0.107
59180.1	-126262.296	-126234.917	0.022	-60209.121	-60700.485	0.816	185927.042	185961.019	0.018
59180.2	-137803.412	-137761.677	0.030	25904.763	25328.315	2.225	185927.232	185961.019	0.018
59180.3	-96336.253	-96389.244	0.055	102228.984	101631.279	0.585	185878.635	185961.019	0.044
59180.4	-17831.417	-18004.245	0.969	139491.952	138908.784	0.418	185846.547	185961.019	0.062
59180.5	67530.358	67294.216	0.350	123292.320	122846.619	0.361	185847.070	185961.019	0.061
59180.6	126984.178	126752.328	0.183	59894.056	59612.503	0.470	185814.458	185961.019	0.079
59180.7	137656.134	137538.735	0.085	-26410.221	-26512.255	0.386	185830.535	185961.019	0.070
59180.8	95373.354	95511.556	0.145	-102403.986	-102456.556	0.051	185797.103	185961.019	0.088
59180.9	16418.147	16808.835	2.380	-138863.127	-139058.499	0.141	185763.555	185961.019	0.106
59181.0	-68809.150	-68348.320	0.670	-121763.297	-122263.283	0.411	185746.556	185961.019	0.115
59181.1	-127708.678	-127658.330	0.039	-57704.952	-58206.177	0.869	185729.909	185763.885	0.018
59181.2	-137477.126	-137442.215	0.025	28756.775	28182.367	1.997	185730.111	185763.885	0.018
59181.3	-94396.483	-94449.578	0.056	104345.027	103749.147	0.571	185697.909	185763.885	0.036
59181.4	-15030.399	-15189.188	1.056	140033.626	139477.227	0.397	185682.199	185763.885	0.044
59181.5	70175.437	69903.707	0.387	122107.067	121647.359	0.376	185666.333	185763.885	0.053
59181.6	128390.395	128154.234	0.184	57381.544	57106.045	0.480	185633.704	185763.885	0.070
59181.7	137268.453	137194.737	0.054	-29216.035	-29363.454	0.505	185617.008	185763.885	0.079
59181.8	93410.063	93553.746	0.154	-104470.329	-104557.663	0.084	185583.580	185763.885	0.097
59181.9	13619.057	13988.994	2.716	-139372.826	-139602.709	0.165	185582.813	185763.885	0.098
59182.0	-71369.162	-70947.401	0.591	-120521.509	-121041.623	0.432	185565.817	185763.885	0.107
59182.1	-129109.648	-129034.657	0.058	-55182.824	-55686.872	0.913	185532.812	185583.152	0.027
59182.2	-137080.351	-137069.979	0.008	31573.365	31028.877	1.725	185549.401	185583.152	0.018
59182.3	-92416.552	-92471.714	0.060	106391.355	105829.828	0.528	185500.817	185583.152	0.044
59182.4	-12205.481	-12365.177	1.308	140552.200	139993.117	0.398	185501.488	185583.152	0.044
59182.5	72705.053	72489.472	0.297	120839.038	120400.361	0.363	185469.231	185583.152	0.061
59182.6	129687.847	129508.843	0.138	54868.891	54574.995	0.536	185469.365	185583.152	0.061
59182.7	136895.025	136798.032	0.071	-32085.895	-32206.658	0.376	185419.891	185583.152	0.088
59182.8	91412.286	91558.060	0.159	-106466.029	-106621.256	0.146	185419.234	185583.152	0.088
59182.9	10794.763	11160.650	3.389	-139858.102	-140094.291	0.169	185385.699	185583.152	0.107
59183.0	-73994.083	-73522.344	0.638	-119274.335	-119772.432	0.418	185368.719	185583.152	0.116
59183.1	-130398.791	-130300.863	0.075	-52648.772	-53162.603	0.976	185335.720	185386.053	0.027
59183.2	-136654.296	-136605.841	0.035	34405.054	33814.516	1.716	185319.557	185386.053	0.036
59183.3	-90405.903	-90455.456	0.055	108432.579	107807.178	0.577	185320.129	185386.053	0.036
59183.4	-9374.200	-9571.024	2.100	141019.511	140402.894	0.437	185271.643	185386.053	0.062
59183.5	75270.248	74988.591	0.374	119550.650	119085.215	0.389	185288.530	185386.053	0.053
59183.6	130968.892	130753.291	0.165	52321.889	52039.929	0.539	185255.879	185386.053	0.070
59183.7	136407.403	136309.952	0.071	-34870.402	-34988.202	0.338	185222.784	185386.053	0.088
59183.8	89380.975	89524.869	0.161	-108456.314	-108581.191	0.115	185222.131	185386.053	0.089
59183.9	7984.705	8363.076	4.739	-140265.905	-140480.021	0.153	185188.608	185386.053	0.107
59184.0	-76564.168	-76010.060	0.724	-117967.098	-118435.839	0.397	185171.634	185386.053	0.116
59184.1	-131611.350	-131582.981	0.022	-50109.585	-50599.005	0.977	185171.423	185188.965	0.009
59184.2	-136157.646	-136131.388	0.019	37200.465	36641.309	1.503	185155.261	185188.965	0.018
59184.3	-88358.592	-88406.617	0.054	110435.812	109811.704	0.565	185123.067	185188.965	0.036
59184.4	-6557.432	-6734.534	2.701	141409.625	140815.433	0.420	185107.347	185188.965	0.044
59184.5	77779.544	77523.546	0.329	118204.689	117747.356	0.387	185091.453	185188.965	0.053
59184.6	132235.484	132013.312	0.168	49749.456	49465.398	0.571	185075.181	185188.965	0.061
59184.7	135912.276	135811.203	0.074	-37693.496	-37810.809	0.311	185042.079	185188.965	0.079
59184.8	87319.862	87458.865	0.159	-110473.423	-110568.020	0.086	185025.043	185188.965	0.089
59184.9	5168.958	5523.143	6.852	-140621.875	-140868.148	0.175	184991.521	185188.965	0.107
59185.0	-79014.736	-78533.415	0.609	-116584.468	-117076.227	0.422	184974.562	185188.965	0.116
59185.1	-132869.636	-132880.412	0.008	-47517.450	-47995.675	1.006	184957.969	184975.502	0.009
59185.2	-135649.496	-135645.898	0.003	40037.584	39509.226	1.320	184925.438	184975.502	0.027
59185.3	-86273.673	-86324.631	0.059	112433.284	111842.956	0.525	184909.622	184975.502	0.036
59185.4	-3733.536	-3855.515	3.267	141746.927	141230.038	0.365	184893.902	184975.502	0.044
59185.5	80292.523	80094.083	0.247	116827.879	116386.110	0.378	184894.387	184975.502	0.044
59185.6	133485.335	133288.304	0.148	47144.980	46851.006	0.624	184878.101	184975.502	0.053
59185.7	135366.994	135301.065	0.049	-40504.878	-40674.444	0.419	184844.995	184975.502	0.071
59185.8	85221.896	85359.486	0.161	-112418.797	-112581.290	0.145	184827.957	184975.502	0.080
59185.9	2311.623	2640.664	14.234	-140980.306	-141257.975	0.197	184794.442	184975.502	0.098
59186.0	-81563.047	-81092.148	0.577	-115198.804	-115692.922	0.429	184761.107	184975.502	0.116
59186.1	-134050.236	-133975.176	0.056	-44918.736	-45425.325	1.128	184777.299	184794.822	0.009
59186.2	-135071.428	-135016.084	0.041	42836.763	42231.090	1.414	184728.383	184794.822	0.036
59186.3	-84160.894	-84212.081	0.061	114326.132	113671.163	0.573	184712.577	184794.822	0.045
59186.4	-869.395	-1071.429	23.238	142087.669	141462.574	0.440	184696.846	184794.822	0.053
59186.5	82747.913	82480.642	0.323	115395.657	114933.683	0.400	184680.935	184794.822	0.062
59186.6	134594.724	134360.920	0.174	44553.431	44271.335	0.633	184664.642	184794.822	0.070
59186.7	134732.365	134647.864	0.063	-43251.463	-43390.791	0.322	184631.523	184794.822	0.088
59186.8	83089.077	83231.290	0.171	-114324.654	-114391.260	0.058	184614.483	184794.822	0.098
59186.9	-548.230	-145.319	73.493	-141288.106	-141466.557	0.126	184613.750	184794.822	0.098
59187.0	-84021.261	-83466.127	0.661	-113750.586	-114220.023	0.413	184564.040	184794.822	0.125
59187.1	-135213.643	-135145.978	0.050	-42288.684	-42792.616	1.192	184580.240	184597.748	0.009
59187.2	-134430.217	-134410.969	0.014	45592.704	45048.140	1.194	184547.726	184597.748	0.027
59187.3	-82011.935	-82063.407	0.063	116212.304	115590.833	0.535	184515.522	184597.748	0.045
59187.4	1942.253	1795.734	7.544	142296.165	141747.729	0.385	184483.398	184597.748	0.062
59187.5	85207.940	84965.330	0.285	113926.721	113474.826	0.397	184500.244	184597.748	0.053
59187.6	135748.367	135509.035	0.176	41908.643	41628.654	0.668	184451.176	184597.748	0.079
59187.7	134090.329	134018.542	0.054	-46035.333	-46202.532	0.363	184450.829	184597.748	0.080
59187.8	80928.225	81066.184	0.170	-116190.667	-116292.378	0.088	184417.399	184597.748	0.098
59187.9	-3392.832	-3014.828	11.141	-141517.127	-141727.041	0.148	184400.285	184597.748	0.107
59188.0	-86420.473	-85938.175	0.558	-112248.742	-112739.849	0.438	184383.353	184597.748	0.116
59188.1	-136268.825	-136239.217	0.022	-39666.104	-40156.020	1.235	184350.420	184367.916	0.009
59188.2	-133772.382	-133740.891	0.024	48392.409	47822.632	1.177	184334.286	184367.916	0.018
59188.3	-79834.563	-79887.317	0.066	118025.921	117437.842	0.498	184334.853	184367.916	0.018
59188.4	4810.588	4642.238	3.500	142535.821	141958.021	0.405	184319.115	184367.916	0.026
59188.5	87637.929	87389.218	0.284	112421.207	111967.651	0.403	184286.795	184367.916	0.044
59188.6	136792.246	136579.557	0.155	39268.103	38982.752	0.727	184270.476	184367.916	0.053
59188.7	133395.855	133324.626	0.053	-48807.484	-48971.158	0.335	184237.357	184367.916	0.071
59188.8	78734.469	78874.289	0.178	-118049.181	-118120.603	0.061	184203.933	184367.916	0.089
59188.9	-6259.508	-5863.036	6.334	-141720.712	-141912.843	0.136	184170.436	184367.916	0.107
59189.0	-88821.200	-88349.010	0.532	-110718.454	-111211.882	0.446	184186.288	184367.916	0.099
59189.1	-137335.575	-137253.980	0.059	-36998.123	-37513.922	1.394	184153.354	184187.233	0.018
59189.2	-133032.782	-133004.163	0.022	51121.095	50555.334	1.107	184120.855	184187.233	0.036
59189.3	-77627.695	-77681.995	0.070	119865.033	119211.816	0.545	184137.811	184187.233	0.027
59189.4	7661.990	7469.332	2.514	142697.478	142092.077	0.424	184105.674	184187.233	0.044
59189.5	89975.707	89752.505	0.248	110857.295	110410.313	0.403	184089.731	184187.233	0.053
59189.6	137850.092	137571.557	0.202	36589.625	36332.023	0.704	184073.398	184187.233	0.062
59189.7	132689.353	132564.421	0.094	-51619.139	-51697.423	0.152	184040.274	184187.233	0.080
59189.8	76511.158	76653.790	0.186	-119801.463	-119875.543	0.062	184023.233	184187.233	0.089
59189.9	-9102.139	-8691.178	4.515	-141851.433	-142022.578	0.121	184006.136	184187.233	0.098
59190.0	-91194.205	-90698.815	0.543	-109140.837	-109634.275	0.452	183972.830	184187.233	0.117
59190.1	-138325.754	-138310.742	0.011	-34330.863	-34815.841	1.413	183972.687	183973.776	0.001
59190.2	-132278.618	-132268.388	0.008	53890.977	53358.015	0.989	183940.191	183973.776	0.018
59190.3	-75383.331	-75436.213	0.070	121663.164	121042.894	0.510	183924.374	183973.776	0.027
59190.4	10492.802	10362.762	1.239	142783.462	142248.436	0.375	183908.621	183973.776	0.035
59190.5	92380.081	92182.532	0.214	109273.327	108831.912	0.404	183859.895	183973.776	0.062
59190.6	138829.835	138605.075	0.162	33908.548	33624.954	0.836	183859.945	183973.776	0.062
59190.7	131862.653	131804.568	0.044	-54305.598	-54493.671	0.346	183826.809	183973.776	0.080
59190.8	74255.790	74392.342	0.184	-121578.233	-121687.237	0.090	183809.773	183973.776	0.089
59190.9	-11970.787	-11585.846	3.216	-141952.424	-142154.045	0.142	183792.681	183973.776	0.099
59191.0	-93631.132	-93115.177	0.551	-107552.512	-108035.032	0.449	183775.781	183973.776	0.108
59191.1	-139267.144	-139258.861	0.006	-31646.337	-32127.670	1.521	183742.876	183776.716	0.018
59191.2	-131477.323	-131450.666	0.020	56644.610	56088.678	0.981	183743.153	183776.716	0.018
59191.3	-73113.308	-73166.648	0.073	123387.705	122767.500	0.503	183727.335	183776.716	0.027
59191.4	13367.333	13212.677	1.157	142867.525	142304.753	0.394	183678.808	183776.716	0.053
59191.5	94721.331	94518.458	0.214	107646.274	107198.314	0.416	183662.852	183776.716	0.062
59191.6	139730.415	139530.037	0.143	31223.395	30928.728	0.944	183662.884	183776.716	0.062
59191.7	131041.310	130963.390	0.059	-57058.397	-57217.200	0.278	183613.364	183776.716	0.089
59191.8	71973.402	72108.028	0.187	-123280.916	-123392.260	0.090	183612.716	183776.716	0.089
59191.9	-14792.642	-14436.140	2.410	-141955.930	-142185.848	0.162	183612.019	183776.716	0.090
59192.0	-95911.169	-95436.966	0.494	-105889.320	-106381.403	0.465	183545.972	183776.716	0.126
59192.1	-140220.162	-140160.314	0.043	-28920.439	-29428.523	1.757	183545.846	183579.681	0.018
59192.2	-130609.434	-130588.772	0.016	59354.968	58800.717	0.934	183529.748	183579.681	0.027
59192.3	-70820.064	-70872.365	0.074	125038.533	124451.032	0.470	183530.321	183579.681	0.027
59192.4	16194.571	16058.365	0.841	142854.612	142313.318	0.379	183498.175	183579.681	0.044
59192.5	97065.059	96822.834	0.250	105981.613	105528.624	0.427	183465.821	183579.681	0.062
59192.6	140613.665	140408.242	0.146	28513.147	28221.927	1.021	183449.465	183579.681	0.071
59192.7	130155.248	130078.201	0.059	-59766.296	-59921.725	0.260	183432.708	183579.681	0.080
59192.8	69656.811	69799.350	0.205	-124974.175	-125055.997	0.065	183382.905	183579.681	0.107
59192.9	-17657.953	-17281.797	2.130	-141956.636	-142169.938	0.150	183365.838	183579.681	0.117
59193.0	-98191.351	-97726.896	0.473	-104197.791	-104691.955	0.474	183365.348	183579.681	0.117
59193.1	-141066.300	-141010.871	0.039	-26210.133	-26709.863	1.907	183316.086	183366.274	0.027
59193.2	-129710.196	-129674.257	0.028	62076.786	61498.535	0.932	183299.987	183366.274	0.036
59193.3	-68495.714	-68543.943	0.070	126713.410	126092.072	0.490	183316.956	183366.274	0.027
59193.4	19086.617	18906.603	0.943	142863.821	142267.435	0.417	183284.801	183366.274	0.044
59193.5	99377.492	99097.190	0.282	104278.247	103813.436	0.446	183268.821	183366.274	0.053
59193.6	141477.996	141235.385	0.171	25775.134	25496.051	1.083	183236.074	183366.274	0.071
59193.7	129241.212	129140.516	0.078	-62483.391	-62611.578	0.205	183219.319	183366.274	0.080
59193.8	67321.791	67456.899	0.201	-126593.483	-126676.949	0.066	183218.676	183366.274	0.081
59193.9	-20497.578	-20129.534	1.796	-141883.988	-142099.558	0.152	183201.613	183366.274	0.090
59194.0	-100472.007	-99986.416	0.483	-102475.077	-102957.269	0.471	183135.606	183366.274	0.126
59194.1	-141892.661	-141816.427	0.054	-23470.441	-23985.475	2.194	183135.500	183152.914	0.010
59194.2	-128753.161	-128720.005	0.026	64749.447	64174.467	0.888	183119.418	183152.914	0.018
59194.3	-66136.773	-66196.308	0.090	128345.446	127692.015	0.509	183103.610	183152.914	0.027
59194.4	21933.464	21746.151	0.854	142773.083	142177.027	0.417	183071.454	183152.914	0.044
59194.5	101626.533	101338.292	0.284	102527.338	102067.392	0.449	183039.081	183152.914	0.062
59194.6	142264.828	142017.478	0.174	23039.672	22764.836	1.193	183039.103	183152.914	0.062
59194.7	128273.974	128163.285	0.086	-65185.628	-65279.204	0.144	183005.949	183152.914	0.080
59194.8	64950.918	65095.591	0.223	-128202.320	-128256.641	0.042	183005.315	183152.914	0.081
59194.9	-23355.548	-22968.200	1.658	-141786.106	-141984.731	0.140	182988.270	183152.914	0.090
59195.0	-102721.330	-102212.417	0.495	-100710.697	-101192.015	0.478	182955.043	183152.914	0.108
59195.1	-142671.946	-142660.245	0.008	-20721.110	-21202.231	2.322	182954.957	182939.580	0.008
59195.2	-127777.706	-127761.993	0.012	67463.038	66920.499	0.804	182906.113	182939.580	0.018
59195.3	-63763.360	-63804.333	0.064	129903.929	129346.384	0.429	182906.699	182939.580	0.018
59195.4	24772.659	24653.592	0.481	142636.746	142104.470	0.373	182874.533	182939.580	0.036
59195.5	103810.064	103644.769	0.159	100739.070	100295.772	0.440	182858.536	182939.580	0.044
59195.6	143033.089	142837.327	0.137	20278.808	19974.437	1.501	182842.167	182939.580	0.053
59195.7	127268.406	127181.689	0.068	-67864.760	-68016.894	0.224	182825.401	182939.580	0.062
59195.8	62566.343	62689.476	0.197	-129737.357	-129890.376	0.118	182775.616	182939.580	0.090
59195.9	-26210.366	-25874.909	1.280	-141637.681	-141887.170	0.176	182758.570	182939.580	0.099
59196.0	-104938.083	-104503.572	0.414	-98909.413	-99400.621	0.497	182758.128	182939.580	0.099
59196.1	-143372.480	-143369.036	0.002	-17972.844	-18454.033	2.677	182741.667	182759.051	0.010
59196.2	-126716.807	-126715.528	0.001	70067.429	69558.658	0.726	182709.226	182759.051	0.027
59196.3	-61354.209	-61404.444	0.082	131451.586	130861.477	0.449	182693.418	182759.051	0.036
59196.4	27656.620	27485.370	0.619	142494.677	141914.715	0.407	182644.868	182759.051	0.063
59196.5	106025.606	105821.060	0.193	98924.958	98474.033	0.456	182628.866	182759.051	0.071
59196.6	143723.470	143522.455	0.140	17521.280	17220.245	1.718	182612.484	182759.051	0.080
59196.7	126210.510	126112.572	0.078	-70527.537	-70645.956	0.168	182595.707	182759.051	0.089
59196.8	60140.049	60276.644	0.227	-131293.326	-131384.771	0.070	182578.700	182759.051	0.099
59196.9	-29107.635	-28704.951	1.383	-141485.239	-141673.066	0.133	182545.280	182759.051	0.117
59197.0	-107089.076	-106664.113	0.397	-97069.838	-97560.232	0.505	182528.472	182759.051	0.126
59197.1	-144057.227	-144057.067	0.000	-15205.231	-15677.367	3.105	182479.261	182545.768	0.036
59197.2	-125649.277	-125635.515	0.011	72742.570	72207.589	0.735	182495.965	182545.768	0.027
59197.3	-58937.455	-58971.102	0.057	132893.148	132365.508	0.397	182480.166	182545.768	0.036
59197.4	30485.076	30337.661	0.484	142261.532	141696.312	0.397	182431.610	182545.768	0.063
59197.5	108208.617	107997.047	0.196	97070.495	96617.061	0.467	182415.590	182545.768	0.071
59197.6	144393.724	144186.579	0.143	14737.007	14437.764	2.031	182431.966	182545.768	0.062
59197.7	125086.352	125009.816	0.061	-73107.459	-73285.499	0.244	182398.811	182545.768	0.081
59197.8	57704.103	57830.456	0.219	-132742.379	-132867.817	0.094	182349.030	182545.768	0.108
59197.9	-31900.665	-31555.258	1.083	-141197.389	-141430.139	0.165	182348.394	182545.768	0.108
59198.0	-109239.204	-108824.048	0.380	-95199.157	-95684.613	0.510	182331.596	182545.768	0.117
59198.1	-144691.042	-144697.021	0.004	-12422.854	-12891.462	3.772	182298.770	182316.111	0.010
59198.2	-124528.804	-124511.212	0.014	75365.004	74835.659	0.702	182299.107	182316.111	0.009
59198.3	-56471.708	-56514.265	0.075	134420.649	133826.588	0.442	182283.304	182316.111	0.018
59198.4	33335.365	33183.631	0.455	141998.001	141429.362	0.400	182251.117	182316.111	0.036
59198.5	110390.281	110139.323	0.227	95187.601	94724.587	0.486	182251.481	182316.111	0.035
59198.6	144988.645	144802.548	0.128	11962.219	11646.458	2.640	182202.306	182316.111	0.062
59198.7	123942.520	123862.951	0.064	-75727.136	-75903.801	0.233	182185.525	182316.111	0.072
59198.8	55246.075	55361.143	0.208	-134148.599	-134307.713	0.119	182152.136	182316.111	0.090
59198.9	-34711.498	-34398.826	0.901	-140883.088	-141138.721	0.181	182118.740	182316.111	0.108
59199.0	-111421.073	-110949.968	0.423	-93297.334	-93773.784	0.511	182118.333	182316.111	0.109
59199.1	-145308.218	-145289.964	0.013	-9620.497	-10098.775	4.971	182101.911	182102.847	0.001
59199.2	-123359.059	-123344.928	0.011	77968.697	77441.511	0.676	182085.855	182102.847	0.009
59199.3	-53997.248	-54036.596	0.073	135807.718	135244.982	0.414	182070.046	182102.847	0.018
59199.4	36177.409	36021.283	0.432	141687.835	141115.648	0.404	182021.474	182102.847	0.045
59199.5	112440.565	112247.326	0.172	93256.673	92799.228	0.491	182005.442	182102.847	0.054
59199.6	145562.968	145371.449	0.132	9161.283	8848.774	3.411	181989.024	182102.847	0.063
59199.7	122771.304	122674.298	0.079	-78353.783	-78499.527	0.186	181988.631	182102.847	0.063
59199.8	52751.351	52871.366	0.228	-135575.549	-135704.744	0.095	181938.853	182102.847	0.090
59199.9	-37565.570	-37233.675	0.884	-140562.416	-140800.612	0.169	181905.463	182102.847	0.109
59200.0	-113470.900	-113041.333	0.379	-91351.684	-91830.365	0.524	181905.069	182102.847	0.109
59200.1	-145819.353	-145778.240	0.028	-6840.592	-7331.162	7.171	181872.272	181905.961	0.019
59200.2	-122164.031	-122108.846	0.045	80578.565	79965.435	0.761	181872.615	181905.961	0.018
59200.3	-51507.727	-51550.800	0.084	137153.324	136556.055	0.435	181856.800	181905.961	0.027
59200.4	39011.998	38802.270	0.538	141329.694	140710.429	0.438	181808.215	181905.961	0.054
59200.5	114554.421	114255.632	0.261	91299.879	90833.318	0.511	181792.168	181905.961	0.063
59200.6	146062.664	145835.902	0.155	6372.164	6077.064	4.631	181775.745	181905.961	0.072
59200.7	121528.181	121416.553	0.092	-80899.130	-81012.726	0.140	181742.575	181905.961	0.090
59200.8	50238.132	50374.386	0.271	-136926.072	-136994.388	0.050	181741.948	181905.961	0.090
59200.9	-40386.927	-40011.074	0.931	-140172.327	-140371.490	0.142	181708.570	181905.961	0.109
59201.0	-115518.786	-115032.656	0.421	-89375.161	-89847.255	0.528	181708.189	181905.961	0.109
59201.1	-146281.061	-146304.546	0.016	-4051.140	-4508.476	11.289	181675.395	181709.082	0.019
59201.2	-120894.155	-120871.045	0.019	83108.316	82556.266	0.664	181642.976	181709.082	0.036
59201.3	-48974.871	-49024.196	0.101	138517.704	137920.175	0.431	181627.160	181709.082	0.045
59201.4	41811.626	41647.485	0.393	140904.918	140324.030	0.412	181611.344	181709.082	0.054
59201.5	116535.401	116326.922	0.179	89303.579	88844.773	0.514	181578.897	181709.082	0.072
59201.6	146569.765	146337.911	0.158	3541.172	3249.956	8.224	181546.083	181709.082	0.090
59201.7	120229.940	120156.514	0.061	-83391.222	-83592.814	0.242	181529.285	181709.082	0.099
59201.8	47711.957	47836.142	0.260	-138235.100	-138336.727	0.074	181512.291	181709.082	0.108
59201.9	-43196.954	-42852.860	0.797	-139737.962	-139960.633	0.159	181511.690	181709.082	0.109
59202.0	-117564.532	-117086.766	0.406	-87364.772	-87840.968	0.545	181478.540	181709.082	0.127
59202.1	-146753.444	-146753.013	0.000	-1225.057	-1693.358	38.227	181445.767	181495.815	0.028
59202.2	-119601.860	-119574.808	0.023	85642.585	85095.121	0.639	181446.122	181495.815	0.027
59202.3	-46435.185	-46480.998	0.099	139808.437	139207.870	0.430	181413.920	181495.815	0.045
59202.4	44630.135	44461.080	0.379	140450.595	139866.103	0.416	181381.703	181495.815	0.063
59202.5	118513.917	118330.520	0.155	87277.389	86817.063	0.527	181365.635	181495.815	0.072
59202.6	146946.039	146762.150	0.125	756.959	431.084	43.050	181349.195	181495.815	0.081
59202.7	118928.247	118838.489	0.075	-85950.332	-86120.426	0.198	181332.398	181495.815	0.090
59202.8	45168.899	45281.963	0.250	-139467.344	-139602.501	0.097	181315.403	181495.815	0.100
59202.9	-46001.352	-45662.413	0.737	-139251.613	-139478.523	0.163	181298.424	181495.815	0.109
59203.0	-119574.873	-119072.850	0.420	-85322.726	-85796.100	0.555	181265.291	181495.815	0.127
59203.1	-147176.417	-147101.078	0.051	1609.296	1088.186	32.381	181248.912	181282.564	0.019
59203.2	-118251.277	-118217.227	0.029	88124.542	87547.693	0.655	181265.653	181282.564	0.009
59203.3	-43871.562	-43939.069	0.154	141054.461	140389.706	0.471	181184.302	181282.564	0.054
59203.4	47411.691	47211.279	0.423	139931.062	139323.388	0.434	181184.851	181282.564	0.054
59203.5	120555.232	120232.939	0.267	85221.116	84758.195	0.543	181136.000	181282.564	0.081
59203.6	147329.193	147086.277	0.165	-2068.605	-2353.351	13.765	181135.938	181282.564	0.081
59203.7	117561.028	117459.864	0.086	-88424.417	-88561.231	0.155	181119.138	181282.564	0.090
59203.8	42587.624	42729.963	0.334	-140718.444	-140762.429	0.031	181118.532	181282.564	0.091
59203.9	-48766.745	-48407.842	0.736	-138702.220	-138912.174	0.151	181068.798	181282.564	0.118
59204.0	-121516.763	-120957.490	0.460	-83249.507	-83720.946	0.566	181068.448	181282.564	0.118
59204.1	-147498.063	-147453.510	0.030	4411.029	3914.486	11.257	181052.078	181052.938	0.000
59204.2	-116891.021	-116836.806	0.046	90675.471	90039.001	0.702	181003.285	181052.938	0.027
59204.3	-41288.553	-41355.863	0.163	142256.666	141589.383	0.469	180987.470	181052.938	0.036
59204.4	50182.450	50005.343	0.353	139365.630	138770.770	0.427	180988.015	181052.938	0.036
59204.5	122429.664	122164.967	0.216	83131.146	82665.481	0.560	180971.926	181052.938	0.045
59204.6	147689.750	147414.388	0.186	-4919.842	-5182.577	5.340	180922.697	181052.938	0.072
59204.7	116161.519	116058.066	0.089	-90905.530	-91040.574	0.149	180922.281	181052.938	0.072
59204.8	39994.999	40136.534	0.354	-141893.414	-141939.844	0.033	180888.908	181052.938	0.091
59204.9	-51603.372	-51197.050	0.787	-138160.668	-138335.545	0.127	180871.956	181052.938	0.100
59205.0	-123389.889	-122871.447	0.420	-81143.400	-81611.692	0.577	180855.241	181052.938	0.109
59205.1	-147799.159	-147810.688	0.008	7235.612	6784.249	6.238	180822.500	180839.719	0.010
59205.2	-115458.780	-115434.612	0.021	93108.554	92568.223	0.580	180806.478	180839.719	0.018
59205.3	-38704.448	-38732.727	0.073	143351.665	142806.867	0.380	180774.273	180839.719	0.036
59205.4	52945.294	52842.162	0.195	138749.591	138209.013	0.390	180774.810	180839.719	0.036
59205.5	124333.382	124126.157	0.167	81006.749	80540.194	0.576	180758.714	180839.719	0.045
59205.6	147975.821	147746.870	0.155	-7755.991	-8055.306	3.859	180725.866	180839.719	0.063
59205.7	114732.591	114634.170	0.086	-93392.390	-93557.643	0.177	180692.685	180839.719	0.081
59205.8	37397.157	37503.023	0.283	-142993.905	-143134.722	0.098	180659.315	180839.719	0.100
59205.9	-54321.655	-54028.933	0.539	-137496.954	-137749.410	0.184	180658.757	180839.719	0.100
59206.0	-125259.366	-124814.285	0.355	-79004.728	-79469.615	0.588	180625.672	180839.719	0.119
59206.1	-148050.372	-148015.336	0.024	10066.899	9578.924	4.847	180592.939	180659.296	0.037
59206.2	-113985.315	-113953.413	0.028	95516.769	94946.908	0.597	180576.927	180659.296	0.046
59206.3	-36084.012	-36134.447	0.140	144465.492	143856.169	0.422	180577.488	180659.296	0.045
59206.4	55720.865	55559.808	0.289	138109.852	137526.010	0.423	180545.256	180659.296	0.063
59206.5	126134.916	125919.617	0.171	78852.265	78387.152	0.590	180512.759	180659.296	0.081
59206.6	148186.020	147927.474	0.174	-10578.168	-10851.638	2.585	180512.672	180659.296	0.081
59206.7	113229.849	113132.567	0.086	-95761.063	-95923.500	0.170	180528.644	180659.296	0.072
59206.8	34767.516	34895.815	0.369	-144079.675	-144161.637	0.057	180478.897	180659.296	0.100
59206.9	-57162.320	-56740.603	0.738	-136880.918	-137043.057	0.118	180461.974	180659.296	0.109
59207.0	-127091.906	-126589.161	0.396	-76831.827	-77301.228	0.611	180428.893	180659.296	0.128
59207.1	-148280.958	-148250.547	0.021	12919.913	12436.120	3.745	180412.566	180429.750	0.010
59207.2	-112490.034	-112460.073	0.027	97962.319	97394.115	0.580	180363.786	180429.750	0.037
59207.3	-33446.319	-33485.985	0.119	145535.105	144953.684	0.400	180380.734	180429.750	0.027
59207.4	58515.292	58346.407	0.289	137436.761	136852.396	0.425	180348.486	180429.750	0.045
59207.5	127965.093	127774.326	0.149	76668.236	76201.071	0.609	180332.373	180429.750	0.054
59207.6	148350.577	148138.101	0.143	-13400.277	-13710.751	2.317	180299.511	180429.750	0.072
59207.7	111718.331	111618.234	0.090	-98197.023	-98357.773	0.164	180282.715	180429.750	0.082
59207.8	32123.169	32238.011	0.358	-145121.687	-145236.333	0.079	180249.358	180429.750	0.100
59207.9	-59883.714	-59521.306	0.605	-136142.745	-136345.502	0.149	180232.444	180429.750	0.109
59208.0	-128887.524	-128424.999	0.359	-74633.562	-75099.276	0.624	180232.151	180429.750	0.110
59208.1	-148435.861	-148362.132	0.050	15758.002	15233.373	3.329	180199.444	180216.618	0.010
59208.2	-110946.211	-110902.160	0.040	100350.259	99720.053	0.628	180167.060	180216.618	0.028
59208.3	-30804.381	-30856.797	0.170	146530.051	145915.167	0.420	180151.243	180216.618	0.036
59208.4	61240.751	61037.286	0.332	136684.158	136080.225	0.442	180118.985	180216.618	0.054
59208.5	129725.074	129493.624	0.178	74453.164	73991.752	0.620	180119.241	180216.618	0.054
59208.6	148493.392	148225.624	0.180	-16244.473	-16508.860	1.628	180086.379	180216.618	0.072
59208.7	110154.659	110040.374	0.104	-100575.882	-100670.225	0.094	180069.578	180216.618	0.082
59208.8	29462.674	29600.651	0.468	-146119.087	-146175.167	0.038	180069.003	180216.618	0.082
59208.9	-62620.211	-62205.444	0.662	-135375.431	-135550.215	0.129	180002.938	180216.618	0.119
59209.0	-130612.981	-130125.231	0.373	-72407.127	-72875.251	0.647	180019.049	180216.618	0.110
59209.1	-148543.588	-148473.557	0.047	18597.378	18077.759	2.794	179969.966	179987.117	0.010
59209.2	-109358.028	-109316.347	0.038	102679.231	102083.979	0.580	179953.982	179987.117	0.018
59209.3	-28145.657	-28182.684	0.132	147480.220	146890.907	0.400	179938.157	179987.117	0.027
59209.4	63980.409	63772.865	0.324	135903.931	135293.104	0.449	179922.278	179987.117	0.036
59209.5	131545.961	131240.231	0.232	72207.698	71744.018	0.642	179889.762	179987.117	0.054
59209.6	148538.285	148312.579	0.152	-19048.068	-19354.100	1.607	179873.271	179987.117	0.063
59209.7	108550.148	108434.287	0.107	-102928.072	-103020.424	0.090	179856.462	179987.117	0.073
59209.8	26796.192	26918.245	0.455	-147040.186	-147127.871	0.060	179839.512	179987.117	0.082
59209.9	-65313.486	-64934.151	0.581	-134548.079	-134739.595	0.142	179822.616	179987.117	0.091
59210.0	-132398.274	-131852.441	0.412	-70139.804	-70612.577	0.674	179805.962	179987.117	0.101
59210.1	-148628.671	-148564.848	0.043	21459.253	20941.591	2.412	179756.898	179790.417	0.019
59210.2	-107731.354	-107702.809	0.026	105014.738	104451.755	0.536	179757.296	179790.417	0.018
59210.3	-25440.509	-25483.902	0.171	148443.690	147853.424	0.398	179725.084	179790.417	0.036
59210.4	66679.752	66520.585	0.239	135058.811	134480.764	0.428	179709.201	179790.417	0.045
59210.5	133230.070	132981.791	0.186	69932.069	69468.751	0.663	179709.442	179790.417	0.045
59210.6	148583.167	148379.236	0.137	-21897.506	-22218.611	1.466	179676.562	179790.417	0.063
59210.7	106892.065	106800.444	0.086	-105188.843	-105374.234	0.176	179643.367	179790.417	0.082
59210.8	24087.092	24211.283	0.516	-147975.704	-148067.140	0.062	179610.037	179790.417	0.100
59210.9	-68049.735	-67674.783	0.551	-133707.454	-133903.652	0.147	179609.542	179790.417	0.101
59211.0	-134015.286	-133574.367	0.329	-67859.879	-68322.416	0.682	179592.903	179790.417	0.110
59211.1	-148593.890	-148580.166	0.009	24255.230	23788.548	1.924	179543.850	179577.343	0.019
59211.2	-106062.392	-106037.828	0.023	107290.007	106761.135	0.493	179544.253	179577.343	0.018
59211.3	-22751.200	-22777.958	0.118	149304.205	148738.447	0.379	179528.425	179577.343	0.027
59211.4	69392.587	69228.435	0.237	134185.740	133601.589	0.435	179512.529	179577.343	0.036
59211.5	134843.710	134651.757	0.142	67636.204	67162.974	0.700	179496.376	179577.343	0.045
59211.6	148630.009	148370.067	0.175	-24790.006	-25065.594	1.112	179479.874	179577.343	0.054
59211.7	105214.452	105115.662	0.094	-107484.681	-107669.209	0.172	179446.683	179577.343	0.073
59211.8	21377.078	21497.828	0.565	-148836.188	-148928.856	0.062	179396.965	179577.343	0.101
59211.9	-70686.920	-70374.971	0.441	-132770.974	-133001.219	0.173	179396.477	179577.343	0.101
59212.0	-135691.719	-135224.440	0.344	-65542.184	-66002.361	0.702	179363.475	179577.343	0.119
59212.1	-148536.090	-148502.534	0.023	27073.080	26587.963	1.792	179363.583	179364.289	0.000
59212.2	-104359.080	-104325.752	0.032	109536.650	108977.336	0.511	179331.223	179364.289	0.018
59212.3	-20018.605	-20088.859	0.351	150178.546	149520.434	0.438	179299.008	179364.289	0.036
59212.4	72032.322	71861.967	0.236	133237.540	132649.086	0.442	179315.872	179364.289	0.027
59212.5	136516.151	136218.472	0.218	65299.733	64841.733	0.701	179266.935	179364.289	0.054
59212.6	148508.153	148268.360	0.161	-27571.727	-27864.238	1.061	179234.040	179364.289	0.073
59212.7	103495.496	103384.588	0.107	-109752.773	-109870.603	0.107	179250.001	179364.289	0.064
59212.8	18668.353	18802.103	0.716	-149622.294	-149687.686	0.044	179200.291	179364.289	0.092
59212.9	-73364.412	-73000.213	0.496	-131824.396	-132026.101	0.153	179183.428	179364.289	0.101
59213.0	-137264.040	-136771.132	0.359	-63202.701	-63667.730	0.736	179183.203	179364.289	0.101
59213.1	-148451.377	-148379.648	0.048	29916.206	29384.431	1.778	179183.312	179167.633	0.009
59213.2	-102622.288	-102578.847	0.042	111820.692	111164.494	0.587	179118.190	179167.633	0.028
59213.3	-17297.800	-17388.731	0.526	150947.246	150258.433	0.456	179102.359	179167.633	0.036
59213.4	74744.689	74478.495	0.356	132288.255	131654.542	0.479	179102.829	179167.633	0.036
59213.5	138052.523	137746.677	0.222	62951.378	62496.541	0.723	179070.271	179167.633	0.054
59213.6	148409.456	148121.426	0.194	-30420.639	-30659.546	0.785	179053.746	179167.633	0.064
59213.7	101744.709	101618.936	0.124	-112024.249	-112042.655	0.016	179036.943	179167.633	0.073
59213.8	15946.192	16095.727	0.938	-150362.899	-150402.435	0.026	179020.005	179167.633	0.082
59213.9	-76055.840	-75608.090	0.589	-130846.834	-131009.089	0.124	178986.764	179167.633	0.101
59214.0	-138861.909	-138279.110	0.420	-60825.745	-61309.481	0.795	178953.779	179167.633	0.120
59214.1	-148370.292	-148297.394	0.049	32799.721	32276.878	1.594	178937.524	178970.961	0.019
59214.2	-100838.561	-100808.225	0.030	114010.937	113453.142	0.489	178905.163	178970.961	0.037
59214.3	-14550.222	-14609.644	0.408	151700.415	151064.463	0.419	178905.714	178970.961	0.036
59214.4	77354.523	77198.904	0.201	131247.483	130668.447	0.441	178873.402	178970.961	0.055
59214.5	139613.998	139363.797	0.179	60564.103	60096.971	0.771	178840.835	178970.961	0.073
59214.6	148241.334	148014.297	0.153	-33243.465	-33551.178	0.926	178857.073	178970.961	0.064
59214.7	99939.659	99828.695	0.111	-114202.607	-114315.989	0.099	178807.489	178970.961	0.091
59214.8	13209.614	13309.810	0.759	-151056.983	-151184.532	0.084	178790.559	178970.961	0.101
59214.9	-78672.545	-78319.918	0.448	-129794.794	-129999.632	0.158	178790.102	178970.961	0.101
59215.0	-140452.568	-139875.531	0.411	-58416.543	-58896.091	0.821	178740.743	178970.961	0.129
59215.1	-148145.334	-148123.469	0.015	35592.486	35118.918	1.331	178740.876	178741.531	0.000
59215.2	-99021.993	-98993.232	0.029	116204.272	115647.052	0.480	178724.904	178741.531	0.009
59215.3	-11820.775	-11850.521	0.252	152350.203	151767.802	0.382	178692.684	178741.531	0.027
59215.4	79974.238	79842.679	0.165	130182.793	129611.139	0.439	178676.752	178741.531	0.036
59215.5	141103.859	140877.038	0.161	58158.009	57685.013	0.813	178660.553	178741.531	0.045
59215.6	148049.748	147815.935	0.158	-36086.464	-36391.617	0.846	178627.634	178741.531	0.064
59215.7	98107.717	97994.899	0.115	-116382.774	-116494.208	0.096	178627.199	178741.531	0.064
59215.8	10416.339	10544.740	1.233	-151792.958	-151864.114	0.047	178593.890	178741.531	0.083
59215.9	-81271.174	-80954.501	0.390	-128700.769	-128919.624	0.170	178560.674	178741.531	0.101
59216.0	-141843.228	-141367.972	0.335	-56015.509	-56471.207	0.814	178560.486	178741.531	0.101
59216.1	-147899.264	-147880.994	0.012	38403.092	37933.374	1.223	178544.233	178561.258	0.010
59216.2	-97170.580	-97139.100	0.032	118334.583	117778.285	0.470	178495.502	178561.258	0.037
59216.3	-9047.777	-9096.702	0.541	153011.776	152397.438	0.401	178479.656	178561.258	0.046
59216.4	82607.518	82438.744	0.204	129085.729	128497.404	0.456	178463.716	178561.258	0.055
59216.5	142585.467	142318.485	0.187	55717.811	55255.570	0.830	178447.501	178561.258	0.064
59216.6	147808.626	147549.262	0.175	-38928.579	-39203.884	0.707	178447.345	178561.258	0.064
59216.7	96233.271	96122.505	0.115	-118500.341	-118609.414	0.092	178397.754	178561.258	0.092
59216.8	7656.795	7785.608	1.682	-152395.720	-152470.041	0.049	178364.449	178561.258	0.110
59216.9	-83943.035	-83540.890	0.479	-127600.506	-127783.602	0.143	178364.011	178561.258	0.111
59217.0	-143289.150	-142788.469	0.349	-53564.636	-54029.457	0.868	178331.064	178561.258	0.129
59217.1	-147652.749	-147613.248	0.027	41256.768	40768.957	1.182	178347.600	178364.604	0.010
59217.2	-95282.126	-95252.103	0.032	120467.713	119911.700	0.462	178315.247	178364.604	0.028
59217.3	-6262.589	-6315.043	0.838	153627.085	153009.474	0.402	178283.013	178364.604	0.046
59217.4	85193.239	85046.934	0.172	127931.220	127353.044	0.452	178267.069	178364.604	0.055
59217.5	143995.129	143751.686	0.169	53261.264	52794.239	0.877	178234.460	178364.604	0.073
59217.6	147518.132	147257.137	0.177	-41768.906	-42037.059	0.642	178234.290	178364.604	0.073
59217.7	94327.132	94217.228	0.117	-120586.712	-120726.520	0.116	178217.478	178364.604	0.083
59217.8	4873.017	4998.787	2.581	-152982.658	-153058.129	0.049	178184.179	178364.604	0.101
59217.9	-86475.953	-86139.142	0.389	-126405.537	-126616.851	0.167	178167.362	178364.604	0.111
59218.0	-144663.586	-144200.448	0.320	-51100.180	-51555.889	0.892	178134.427	178364.604	0.129
59218.1	-147310.897	-147278.217	0.022	44061.887	43574.820	1.105	178118.203	178151.578	0.019
59218.2	-93356.902	-93328.249	0.031	122537.295	121981.458	0.454	178085.860	178151.578	0.037
59218.3	-3504.006	-3541.108	1.059	154142.532	153548.360	0.385	178086.396	178151.578	0.037
59218.4	87698.953	87605.785	0.106	126710.809	126154.130	0.439	178054.056	178151.578	0.055
59218.5	145365.299	145112.878	0.174	50784.620	50317.897	0.919	178037.824	178151.578	0.064
59218.6	147142.563	146897.986	0.166	-44551.142	-44839.937	0.648	178021.263	178151.578	0.073
59218.7	92385.913	92275.644	0.119	-122641.885	-122779.655	0.112	178004.448	178151.578	0.083
59218.8	2111.670	2220.320	5.145	-153466.716	-153573.137	0.069	177987.537	178151.578	0.092
59218.9	-89019.188	-88687.587	0.373	-125182.687	-125395.973	0.170	177970.734	178151.578	0.102
59219.0	-145998.058	-145540.291	0.314	-48614.227	-49067.932	0.933	177937.813	178151.578	0.120
59219.1	-146925.595	-146894.925	0.021	46859.579	46377.262	1.029	177905.213	177971.332	0.037
59219.2	-91396.755	-91367.415	0.032	124575.679	124020.018	0.446	177889.257	177971.332	0.046
59219.3	-699.253	-755.675	8.069	154666.818	154040.249	0.405	177873.405	177971.332	0.055
59219.4	90308.642	90146.238	0.180	125492.840	124910.468	0.464	177873.819	177971.332	0.055
59219.5	146693.251	146432.840	0.178	48278.597	47816.239	0.958	177841.196	177971.332	0.073
59219.6	146721.150	146490.604	0.157	-47327.614	-47638.978	0.658	177841.026	177971.332	0.073
59219.7	90407.512	90297.349	0.122	-124698.334	-124801.274	0.083	177807.816	177971.332	0.092
59219.8	-692.223	-569.241	17.766	-153961.331	-154041.051	0.052	177758.154	177971.332	0.120
59219.9	-91574.298	-91217.249	0.390	-123927.000	-124130.508	0.164	177741.358	177971.332	0.129
59220.0	-147323.429	-146838.687	0.329	-46096.654	-46555.013	0.994	177724.841	177971.332	0.139
59220.1	-146536.200	-146465.210	0.048	49701.988	49174.133	1.062	177708.637	177725.579	0.010
59220.2	-89407.613	-89372.355	0.039	126614.988	126026.725	0.465	177709.070	177725.579	0.009
59220.3	2079.171	2038.648	1.949	155090.160	154486.236	0.389	177676.831	177725.579	0.027
59220.4	92805.673	92666.828	0.150	124200.295	123624.480	0.464	177693.622	177725.579	0.018
59220.5	147981.243	147711.815	0.182	45753.774	45292.083	1.009	177628.221	177725.579	0.055
59220.6	146308.075	146036.850	0.185	-50180.211	-50432.050	0.502	177611.647	177725.579	0.064
59220.7	88397.991	88285.103	0.128	-126656.889	-126790.748	0.106	177594.844	177725.579	0.074
59220.8	-3505.757	-3367.296	3.950	-154409.299	-154462.988	0.035	177577.954	177725.579	0.083
59220.9	-94108.317	-93726.685	0.406	-122631.844	-122822.888	0.156	177561.176	177725.579	0.093
59221.0	-148607.524	-148095.905	0.344	-43555.668	-44019.950	1.066	177544.668	177725.579	0.102
59221.1	-146075.730	-146033.750	0.029	52516.216	52013.246	0.958	177495.700	177512.636	0.010
59221.2	-87377.966	-87350.995	0.031	128556.945	128066.535	0.381	177512.530	177512.636	0.000
59221.3	4900.885	4873.723	0.554	155523.212	154943.475	0.373	177463.906	177512.636	0.027
59221.4	95373.670	95226.977	0.154	122902.776	122323.573	0.471	177447.927	177512.636	0.036
59221.5	149228.012	149013.965	0.143	43206.761	42732.565	1.098	177415.281	177512.636	0.055
59221.6	145815.484	145580.986	0.161	-52969.044	-53267.347	0.563	177415.093	177512.636	0.055
59221.7	86354.814	86246.274	0.126	-128648.515	-128813.097	0.128	177398.285	177512.636	0.064
59221.8	-6309.174	-6206.200	1.632	-154783.898	-154895.826	0.072	177365.020	177512.636	0.083
59221.9	-96589.737	-96275.550	0.325	-121287.337	-121500.009	0.175	177348.267	177512.636	0.093
59222.0	-149850.722	-149375.992	0.317	-40993.972	-41449.328	1.111	177331.764	177512.636	0.102
59222.1	-145535.932	-145510.477	0.017	55266.756	54798.059	0.848	177299.200	177348.866	0.028
59222.2	-85318.737	-85287.443	0.037	130564.645	130008.378	0.426	177283.256	177348.866	0.037
59222.3	7691.452	7685.169	0.082	155857.730	155296.698	0.360	177267.404	177348.866	0.046
59222.4	97829.687	97706.749	0.126	121526.741	120952.542	0.472	177284.180	177348.866	0.036
59222.5	150465.726	150209.853	0.170	40631.888	40163.744	1.152	177235.148	177348.866	0.064
59222.6	145275.112	145033.781	0.166	-55752.068	-56047.556	0.530	177202.181	177348.866	0.083
59222.7	84279.459	84166.097	0.135	-130607.198	-130737.119	0.099	177201.761	177348.866	0.083
59222.8	-9137.615	-9020.580	1.281	-155140.059	-155224.854	0.055	177152.120	177348.866	0.111
59222.9	-99020.790	-98743.438	0.280	-119885.644	-120107.700	0.185	177151.760	177348.866	0.111
59223.0	-151021.128	-150549.742	0.312	-38420.579	-38870.315	1.171	177102.510	177348.866	0.139
59223.1	-144987.590	-144946.246	0.029	58064.040	57571.808	0.848	177102.725	177135.990	0.019
59223.2	-83231.274	-83197.315	0.041	132474.023	131917.149	0.420	177086.792	177135.990	0.028
59223.3	10548.893	10498.605	0.477	156224.527	155607.541	0.395	177070.924	177135.990	0.037
59223.4	100295.345	100163.159	0.132	120120.081	119546.095	0.478	177054.924	177135.990	0.046
59223.5	151629.874	151365.999	0.174	38043.706	37580.070	1.219	177038.655	177135.990	0.055
59223.6	144693.738	144445.714	0.171	-58523.911	-58816.350	0.500	177005.694	177135.990	0.074
59223.7	82173.156	82059.629	0.138	-132499.852	-132627.843	0.097	176988.884	177135.990	0.083
59223.8	-11952.223	-11836.585	0.968	-155424.628	-155511.487	0.056	176988.406	177135.990	0.083
59223.9	-101552.990	-101187.661	0.360	-118489.358	-118680.178	0.161	176938.910	177135.990	0.111
59224.0	-152182.844	-151683.624	0.328	-35821.559	-36276.793	1.271	176906.058	177135.990	0.130
59224.1	-144375.858	-144337.939	0.026	60825.917	60336.514	0.805	176906.278	176939.528	0.019
59224.2	-81110.369	-81076.901	0.041	134317.507	133792.643	0.391	176906.734	176939.528	0.019
59224.3	13352.886	13316.906	0.269	156467.542	155873.652	0.380	176874.473	176939.528	0.037
59224.4	102768.956	102597.146	0.167	118687.296	118100.639	0.494	176842.085	176939.528	0.055
59224.5	152753.579	152481.044	0.178	35439.091	34978.088	1.301	176809.421	176939.528	0.074
59224.6	144063.237	143813.650	0.173	-61289.914	-61575.721	0.466	176825.601	176939.528	0.064
59224.7	80033.964	79923.163	0.138	-134326.047	-134485.031	0.118	176792.406	176939.528	0.083
59224.8	-14771.152	-14657.070	0.772	-155664.557	-155753.349	0.057	176759.172	176939.528	0.102
59224.9	-103939.025	-103609.125	0.317	-117009.849	-117213.841	0.174	176758.834	176939.528	0.102
59225.0	-153240.405	-152776.248	0.303	-33222.520	-33665.317	1.333	176742.384	176939.528	0.112
59225.1	-143700.692	-143680.724	0.014	63551.991	63094.991	0.719	176693.460	176726.683	0.019
59225.2	-78953.280	-78920.640	0.041	136160.042	135634.291	0.386	176677.522	176726.683	0.028
59225.3	16180.870	16144.230	0.226	156692.155	156091.295	0.383	176678.034	176726.683	0.028
59225.4	105188.548	105009.867	0.170	117206.154	116610.704	0.508	176645.642	176726.683	0.046
59225.5	153804.704	153552.700	0.164	32826.334	32352.696	1.443	176629.350	176726.683	0.055
59225.6	143353.284	143132.735	0.154	-63990.871	-64328.444	0.528	176612.753	176726.683	0.065
59225.7	77870.768	77751.142	0.154	-136151.358	-136308.065	0.115	176595.949	176726.683	0.074
59225.8	-17593.969	-17486.161	0.613	-155859.799	-155946.666	0.056	176562.714	176726.683	0.093
59225.9	-106333.211	-106008.942	0.305	-115501.507	-115703.209	0.175	176546.001	176726.683	0.102
59226.0	-154317.498	-153825.283	0.319	-30581.453	-31030.805	1.469	176529.563	176726.683	0.112
59226.1	-143037.459	-143000.866	0.026	66349.145	65868.616	0.724	176497.036	176530.238	0.019
59226.2	-76772.939	-76737.158	0.047	138001.853	137474.837	0.382	176513.868	176530.238	0.009
59226.3	18990.106	18992.899	0.015	156848.313	156292.009	0.355	176481.605	176530.238	0.028
59226.4	107554.711	107429.861	0.116	115672.795	115094.514	0.500	176432.809	176530.238	0.055
59226.5	154812.568	154614.764	0.128	30191.723	29701.805	1.623	176432.884	176530.238	0.055
59226.6	142672.728	142429.046	0.171	-66790.202	-67096.119	0.458	176416.292	176530.238	0.065
59226.7	75672.569	75551.910	0.159	-137942.184	-138129.762	0.136	176366.714	176530.238	0.093
59226.8	-20400.438	-20336.452	0.314	-155984.132	-156122.872	0.089	176382.645	176530.238	0.084
59226.9	-108735.099	-108415.806	0.294	-113965.027	-114166.261	0.177	176333.170	176530.238	0.112
59227.0	-155323.337	-154864.507	0.295	-27937.014	-28370.877	1.553	176316.744	176530.238	0.121
59227.1	-142274.257	-142225.407	0.034	69055.190	68548.250	0.734	176333.370	176333.798	0.000
59227.2	-74558.849	-74531.807	0.036	139809.323	139183.112	0.448	176268.289	176333.798	0.037
59227.3	21847.545	21781.307	0.303	157007.773	156372.963	0.404	176268.785	176333.798	0.037
59227.4	109895.910	109730.604	0.150	114106.507	113517.062	0.517	176269.135	176333.798	0.037
59227.5	155783.165	155544.378	0.153	27551.017	27071.673	1.740	176236.441	176333.798	0.055
59227.6	141874.226	141630.568	0.172	-69470.470	-69768.984	0.430	176219.824	176333.798	0.065
59227.7	73447.877	73331.948	0.158	-139698.633	-139819.006	0.086	176203.020	176333.798	0.074
59227.8	-23251.783	-23125.453	0.543	-156114.009	-156179.840	0.042	176169.800	176333.798	0.093
59227.9	-111049.317	-110702.897	0.312	-112375.495	-112569.079	0.172	176185.881	176333.798	0.084
59228.0	-156258.522	-155771.465	0.312	-25291.268	-25732.847	1.746	176136.699	176333.798	0.112
59228.1	-141472.634	-141440.261	0.023	71747.210	71272.973	0.661	176120.563	176153.732	0.019
59228.2	-72324.894	-72292.065	0.045	141484.481	140922.111	0.397	176104.627	176153.732	0.028
59228.3	24664.805	24615.607	0.199	157073.083	156458.480	0.391	176072.346	176153.732	0.046
59228.4	112213.650	112071.116	0.127	112499.844	111916.259	0.519	176105.453	176153.732	0.027
59228.5	156769.345	156492.367	0.177	24861.174	24399.244	1.858	176039.979	176153.732	0.065
59228.6	141067.305	140822.016	0.174	-72194.584	-72486.853	0.405	176006.968	176153.732	0.083
59228.7	71187.787	71077.331	0.155	-141452.475	-141538.677	0.061	176022.935	176153.732	0.074
59228.8	-26085.510	-25960.383	0.480	-156173.028	-156240.976	0.044	175973.341	176153.732	0.103
59228.9	-113371.727	-113029.553	0.302	-110752.828	-110948.205	0.176	175956.661	176153.732	0.112
59229.0	-157149.366	-156696.435	0.288	-22623.490	-23052.363	1.896	175956.640	176153.732	0.112
59229.1	-140652.647	-140610.529	0.030	74489.056	73986.819	0.674	175924.120	175957.284	0.019
59229.2	-70053.990	-70022.704	0.045	143189.848	142626.054	0.394	175908.196	175957.284	0.028
59229.3	27462.483	27453.183	0.034	157069.286	156498.221	0.364	175875.911	175957.284	0.046
59229.4	114506.504	114387.305	0.104	110857.323	110276.538	0.524	175876.244	175957.284	0.046
59229.5	157623.215	157397.774	0.143	22194.395	21709.698	2.184	175843.523	175957.284	0.065
59229.6	140206.875	139968.973	0.170	-74874.855	-75193.462	0.426	175859.673	175957.284	0.056
59229.7	68911.368	68793.399	0.171	-143073.459	-143223.038	0.105	175842.859	175957.284	0.065
59229.8	-28899.707	-28798.196	0.351	-156162.322	-156256.309	0.060	175793.271	175957.284	0.093
59229.9	-115668.404	-115331.553	0.291	-109097.406	-109288.623	0.175	175792.996	175957.284	0.093
59230.0	-158089.496	-157578.676	0.323	-19903.381	-20355.129	2.270	175776.599	175957.284	0.103
59230.1	-139782.442	-139736.412	0.033	77185.238	76689.181	0.643	175727.713	175744.459	0.010
59230.2	-67757.906	-67724.247	0.050	144860.425	144294.566	0.391	175744.546	175744.459	0.000
59230.3	30326.283	30293.395	0.108	157095.175	156492.190	0.384	175679.491	175744.459	0.037
59230.4	116838.988	116678.656	0.137	109188.766	108598.280	0.541	175679.806	175744.459	0.037
59230.5	158466.431	158260.408	0.130	19502.338	19003.649	2.557	175663.468	175744.459	0.046
59230.6	139311.388	139071.646	0.172	-77575.654	-77888.206	0.403	175646.833	175744.459	0.056
59230.7	66603.252	66480.676	0.184	-144724.481	-144871.719	0.102	175630.034	175744.459	0.065
59230.8	-31712.400	-31638.251	0.234	-156109.420	-156225.851	0.075	175629.607	175744.459	0.065
59230.9	-117941.176	-117608.386	0.282	-107397.795	-107590.720	0.180	175580.180	175744.459	0.094
59231.0	-158896.163	-158418.003	0.301	-17205.077	-17641.761	2.538	175547.412	175744.459	0.112
59231.1	-138832.476	-138804.726	0.020	79814.376	79349.480	0.582	175547.690	175548.035	0.000
59231.2	-65452.743	-65404.056	0.074	146365.852	145895.173	0.322	175548.150	175548.035	0.000
59231.3	33150.113	33111.159	0.118	157025.074	156418.487	0.386	175532.229	175548.035	0.009
59231.4	119017.108	118911.999	0.088	107459.783	106878.568	0.541	175467.009	175548.035	0.046
59231.5	159322.915	159051.746	0.170	16760.068	16298.281	2.755	175483.413	175548.035	0.037
59231.6	138360.383	138117.113	0.176	-80232.929	-80540.393	0.383	175450.403	175548.035	0.056
59231.7	64269.862	64146.804	0.191	-146306.869	-146452.311	0.099	175449.992	175548.035	0.056
59231.8	-34549.148	-34455.277	0.272	-156034.815	-156127.915	0.060	175416.807	175548.035	0.075
59231.9	-120155.312	-119826.855	0.273	-105659.329	-105851.862	0.182	175383.776	175548.035	0.094
59232.0	-159692.258	-159186.043	0.317	-14482.478	-14929.687	3.088	175383.792	175548.035	0.094
59232.1	-137884.577	-137830.059	0.040	82517.854	81996.667	0.632	175367.687	175368.018	0.000
59232.2	-63094.706	-63056.861	0.060	147997.301	147459.862	0.363	175335.384	175368.018	0.019
59232.3	35924.940	35929.581	0.013	156867.194	156299.852	0.362	175352.236	175368.018	0.009
59232.4	121266.626	121119.400	0.121	105708.182	105122.164	0.554	175303.375	175368.018	0.037
59232.5	160079.586	159800.505	0.174	14035.642	13578.551	3.257	175287.010	175368.018	0.046
59232.6	137350.168	137119.714	0.168	-82848.213	-83179.099	0.399	175270.379	175368.018	0.056
59232.7	61904.091	61786.238	0.190	-147885.355	-147996.754	0.075	175253.587	175368.018	0.065
59232.8	-37389.850	-37272.574	0.314	-155911.567	-155985.043	0.047	175236.795	175368.018	0.075
59232.9	-122375.489	-122019.067	0.291	-103890.959	-104076.537	0.179	175187.402	175368.018	0.103
59233.0	-160385.821	-159911.382	0.296	-11772.351	-12203.617	3.663	175203.811	175368.018	0.094
59233.1	-136851.441	-136812.628	0.028	85119.122	84630.182	0.574	175187.716	175204.410	0.010
59233.2	-60713.849	-60683.167	0.051	149560.040	148988.308	0.382	175155.410	175204.410	0.028
59233.3	38747.481	38748.060	0.001	156709.690	156136.321	0.366	175139.493	175204.410	0.037
59233.4	123456.893	123300.396	0.127	103918.983	103329.449	0.567	175123.396	175204.410	0.046
59233.5	160737.013	160506.536	0.143	11330.675	10845.038	4.286	175123.409	175204.410	0.046
59233.6	136329.667	136079.670	0.183	-85506.567	-85803.766	0.348	175106.772	175204.410	0.056
59233.7	59517.278	59399.486	0.198	-149394.982	-149504.729	0.073	175073.600	175204.410	0.075
59233.8	-40204.077	-40089.543	0.285	-155723.335	-155797.277	0.047	175040.430	175204.410	0.094
59233.9	-124504.452	-124184.564	0.257	-102075.622	-102265.131	0.186	175056.591	175204.410	0.084
59234.0	-161038.279	-160593.876	0.276	-9051.604	-9464.133	4.558	175007.478	175204.410	0.113
59234.1	-135792.434	-135739.111	0.039	87734.711	87219.635	0.587	175007.778	175024.449	0.010
59234.2	-58322.956	-58290.117	0.056	151022.735	150448.108	0.380	174991.855	175024.449	0.019
59234.3	41593.914	41541.736	0.125	156529.434	155905.918	0.398	174959.549	175024.449	0.037
59234.4	125522.974	125421.951	0.080	102080.947	101497.316	0.572	174959.830	175024.449	0.037
59234.5	161436.962	161141.313	0.183	8563.709	8114.697	5.243	174943.445	175024.449	0.046
59234.6	135237.154	134983.921	0.187	-88091.849	-88383.891	0.332	174910.424	175024.449	0.065
59234.7	57102.841	56993.969	0.191	-150867.380	-150943.892	0.051	174877.248	175024.449	0.084
59234.8	-42968.596	-42881.134	0.204	-155446.592	-155542.854	0.062	174860.485	175024.449	0.094
59234.9	-126671.617	-126290.282	0.301	-100230.582	-100414.818	0.184	174843.881	175024.449	0.103
59235.0	-161675.828	-161205.146	0.291	-6300.654	-6728.433	6.789	174811.168	175024.449	0.122
59235.1	-134674.468	-134635.606	0.029	90307.287	89824.683	0.534	174811.475	174844.507	0.019
59235.2	-55901.687	-55863.648	0.068	152447.734	151902.840	0.357	174811.941	174844.507	0.019
59235.3	44390.970	44359.427	0.071	156260.278	155651.731	0.389	174779.633	174844.507	0.037
59235.4	127692.005	127548.898	0.112	100222.766	99631.815	0.590	174779.900	174844.507	0.037
59235.5	162038.100	161760.788	0.171	5818.439	5354.217	7.978	174730.749	174844.507	0.065
59235.6	134116.300	133858.051	0.193	-90691.695	-90979.351	0.317	174714.105	174844.507	0.075
59235.7	54670.669	54555.077	0.211	-152270.689	-152377.701	0.070	174680.930	174844.507	0.094
59235.8	-45808.423	-45696.535	0.244	-155186.589	-155264.441	0.050	174680.550	174844.507	0.094
59235.9	-128778.334	-128401.106	0.293	-98350.529	-98531.092	0.184	174663.979	174844.507	0.103
59236.0	-162299.513	-161800.856	0.307	-3522.119	-3962.727	12.510	174647.658	174844.507	0.113
59236.1	-133555.267	-133492.008	0.047	92954.099	92413.529	0.582	174631.591	174648.222	0.010
59236.2	-53450.936	-53414.329	0.068	153868.240	153320.860	0.356	174615.670	174648.222	0.019
59236.3	47213.357	47173.951	0.083	155965.396	155354.417	0.392	174616.119	174648.222	0.018
59236.4	129800.974	129647.877	0.118	98323.769	97733.335	0.601	174583.615	174648.222	0.037
59236.5	162594.517	162338.233	0.158	3058.409	2583.568	15.526	174567.222	174648.222	0.046
59236.6	132951.552	132692.229	0.195	-93276.652	-93558.265	0.302	174534.191	174648.222	0.065
59236.7	52208.976	52093.653	0.221	-153669.071	-153774.601	0.069	174533.793	174648.222	0.066
59236.8	-48618.968	-48508.397	0.227	-154863.105	-154942.932	0.052	174517.038	174648.222	0.075
59236.9	-130857.458	-130483.678	0.286	-96431.603	-96614.629	0.190	174500.475	174648.222	0.085
59237.0	-162851.969	-162354.449	0.306	-748.439	-1187.214	58.625	174467.789	174648.222	0.103
59237.1	-132340.194	-132306.624	0.025	95465.683	94986.525	0.502	174468.106	174468.338	0.000
59237.2	-50975.663	-50940.586	0.069	155251.427	154701.453	0.354	174452.188	174468.338	0.009
59237.3	49982.821	49986.160	0.007	155584.264	155012.472	0.368	174419.866	174468.338	0.028
59237.4	131816.375	131718.689	0.074	96386.125	95800.156	0.608	174403.738	174468.338	0.037
59237.5	163134.673	162872.476	0.161	268.398	-198.523	173.966	174387.331	174468.338	0.046
59237.6	131731.318	131484.759	0.187	-95815.522	-96120.970	0.319	174370.682	174468.338	0.056
59237.7	49736.251	49608.127	0.258	-154965.438	-155133.866	0.109	174353.902	174468.338	0.066
59237.8	-51399.952	-51317.561	0.160	-154476.101	-154576.812	0.065	174337.168	174468.338	0.075
59237.9	-132875.417	-132537.786	0.254	-94476.752	-94663.710	0.198	174320.610	174468.338	0.085
59238.0	-163360.222	-162864.744	0.303	2038.108	1599.369	21.527	174304.321	174468.338	0.094
59238.1	-131101.223	-131077.844	0.018	97989.214	97543.834	0.455	174271.886	174288.475	0.010
59238.2	-48493.970	-48441.020	0.109	156533.870	156043.802	0.313	174272.352	174288.475	0.009
59238.3	52826.327	52796.701	0.056	155219.756	154624.413	0.384	174240.008	174288.475	0.028
59238.4	133868.659	133760.983	0.080	94416.878	93830.698	0.621	174256.643	174288.475	0.018
59238.5	163576.837	163362.302	0.131	-2496.124	-2993.125	19.911	174240.230	174288.475	0.028
59238.6	130448.118	130234.029	0.164	-98275.571	-98667.616	0.399	174190.810	174288.475	0.056
59238.7	47230.111	47097.108	0.282	-156289.042	-156454.668	0.106	174157.656	174288.475	0.075
59238.8	-54204.044	-54124.660	0.146	-154064.096	-154164.593	0.065	174157.311	174288.475	0.075
59238.9	-134864.410	-134563.066	0.223	-92491.079	-92676.760	0.201	174173.535	174288.475	0.066
59239.0	-163795.887	-163330.516	0.284	4820.071	4398.080	8.755	174124.480	174288.475	0.094
59239.1	-129840.324	-129774.734	0.051	100558.656	99991.572	0.564	174092.052	174125.013	0.019
59239.2	-45977.822	-45945.953	0.069	157809.339	157253.825	0.352	174092.519	174125.013	0.019
59239.3	55586.565	55525.643	0.110	154753.239	154132.083	0.401	174092.945	174125.013	0.018
59239.4	135826.418	135675.912	0.111	92410.152	91825.066	0.633	174060.409	174125.013	0.037
59239.5	164029.436	163727.904	0.184	-5308.023	-5741.915	8.174	174043.983	174125.013	0.047
59239.6	129169.884	128909.914	0.201	-100840.912	-101104.055	0.261	174010.947	174125.013	0.066
59239.7	44712.070	44591.726	0.269	-157509.420	-157643.185	0.085	174026.948	174125.013	0.056
59239.8	-56980.551	-56849.267	0.230	-153584.677	-153648.810	0.042	174026.610	174125.013	0.057
59239.9	-136889.801	-136460.674	0.313	-90467.973	-90654.732	0.206	173977.306	174125.013	0.085
59240.0	-164189.967	-163672.462	0.315	7609.253	7149.914	6.037	173928.268	174125.013	0.113
59240.1	-128505.933	-128448.965	0.044	103017.896	102484.738	0.518	173945.000	173977.933	0.019
59240.2	-43433.951	-43405.812	0.065	159079.372	158487.203	0.372	173929.087	173977.933	0.028
59240.3	58342.675	58304.766	0.065	154242.555	153632.068	0.396	173913.118	173977.933	0.037
59240.4	137820.142	137626.860	0.140	90372.458	89783.659	0.652	173896.948	173977.933	0.047
59240.5	164334.321	164101.531	0.142	-8049.736	-8540.834	6.101	173864.143	173977.933	0.065
59240.6	127806.783	127562.751	0.191	-103264.832	-103585.726	0.311	173863.861	173977.933	0.066
59240.7	42153.677	42041.071	0.267	-158754.206	-158854.671	0.063	173847.091	173977.933	0.075
59240.8	-59777.017	-59623.986	0.256	-153082.809	-153124.911	0.028	173846.764	173977.933	0.075
59240.9	-138754.324	-138393.992	0.260	-88412.927	-88596.621	0.208	173813.858	173977.933	0.094
59241.0	-164514.774	-164022.002	0.300	10387.539	9951.942	4.193	173781.217	173977.933	0.113
59241.1	-127133.079	-127107.411	0.020	105458.424	105020.491	0.415	173781.569	173781.714	0.000
59241.2	-40889.101	-40827.826	0.150	160214.548	159745.692	0.293	173749.258	173781.714	0.019
59241.3	61148.673	61129.263	0.032	153724.031	153130.045	0.386	173766.054	173781.714	0.009
59241.4	139751.165	139613.287	0.099	88302.011	87713.896	0.666	173717.110	173781.714	0.037
59241.5	164725.840	164487.118	0.145	-10899.889	-11383.567	4.437	173700.668	173781.714	0.047
59241.6	126425.624	126199.437	0.179	-105731.826	-106109.847	0.358	173700.388	173781.714	0.047
59241.7	39583.990	39452.355	0.333	-159929.094	-160090.940	0.101	173683.622	173781.714	0.056
59241.8	-62463.297	-62444.061	0.031	-152458.252	-152598.613	0.092	173666.919	173781.714	0.066
59241.9	-140621.493	-140362.543	0.184	-86328.009	-86509.849	0.211	173634.025	173781.714	0.085
59242.0	-164822.267	-164383.124	0.266	13194.192	12797.886	3.004	173634.158	173781.714	0.085
59242.1	-125720.069	-125692.110	0.022	107880.376	107445.010	0.404	173618.136	173634.645	0.010
59242.2	-38298.753	-38255.787	0.112	161406.587	160870.853	0.332	173618.587	173634.645	0.009
59242.3	63868.328	63870.400	0.003	153105.649	152523.797	0.380	173569.844	173634.645	0.037
59242.4	141619.052	141470.952	0.105	86198.857	85609.032	0.684	173537.267	173634.645	0.056
59242.5	164941.902	164747.984	0.118	-13660.835	-14178.799	3.792	173553.583	173634.645	0.047
59242.6	125005.238	124763.335	0.194	-108179.479	-108522.104	0.317	173504.149	173634.645	0.075
59242.7	37003.280	36870.734	0.358	-161033.720	-161193.938	0.099	173503.762	173634.645	0.075
59242.8	-65249.863	-65179.883	0.107	-151866.529	-151968.811	0.067	173503.452	173634.645	0.076
59242.9	-142556.280	-142202.036	0.248	-84205.405	-84389.085	0.218	173470.568	173634.645	0.095
59243.0	-165086.840	-164619.940	0.283	16008.023	15595.258	2.578	173470.719	173634.645	0.094
59243.1	-124272.086	-124236.882	0.028	110315.845	109850.167	0.422	173454.687	173454.800	0.000
59243.2	-35706.238	-35662.894	0.121	162496.815	161956.846	0.332	173438.764	173454.800	0.009
59243.3	66637.197	66605.310	0.048	152478.613	151873.614	0.397	173406.387	173454.800	0.028
59243.4	143456.018	143297.700	0.110	84061.523	83472.338	0.701	173390.186	173454.800	0.037
59243.5	165221.598	164965.117	0.155	-16504.798	-16981.534	2.888	173406.499	173454.800	0.028
59243.6	123533.215	123287.474	0.199	-110576.797	-110914.656	0.306	173357.056	173454.800	0.056
59243.7	34403.841	34268.597	0.393	-162099.661	-162257.590	0.097	173356.676	173454.800	0.057
59243.8	-68031.146	-67909.100	0.179	-151229.079	-151295.130	0.044	173339.985	173454.800	0.066
59243.9	-144329.076	-144010.339	0.221	-82056.911	-82236.758	0.219	173323.501	173454.800	0.076
59244.0	-165331.208	-164812.958	0.313	18852.411	18399.757	2.401	173323.653	173454.800	0.076
59244.1	-122787.397	-122745.846	0.034	112730.703	112234.385	0.440	173258.484	173307.731	0.028
59244.2	-33093.205	-33053.406	0.120	163547.715	163004.822	0.332	173275.325	173307.731	0.019
59244.3	69343.690	69331.231	0.018	151773.148	151182.936	0.389	173259.324	173307.731	0.028
59244.4	145229.313	145093.326	0.094	81900.808	81308.219	0.724	173210.352	173307.731	0.056
59244.5	165401.716	165140.943	0.158	-19320.505	-19788.091	2.420	173226.642	173307.731	0.047
59244.6	122035.682	121775.986	0.213	-113017.918	-113285.960	0.237	173209.959	173307.731	0.056
59244.7	31782.486	31650.192	0.416	-163125.238	-163283.082	0.097	173193.204	173307.731	0.066
59244.8	-70748.725	-70628.979	0.169	-150514.699	-150581.031	0.044	173160.146	173307.731	0.085
59244.9	-146135.843	-145787.284	0.239	-79873.818	-80057.276	0.230	173143.664	173307.731	0.095
59245.0	-165455.311	-164964.639	0.297	21641.752	21207.724	2.006	173143.832	173307.731	0.095
59245.1	-121252.359	-121213.463	0.032	115094.260	114598.742	0.431	173127.814	173144.283	0.010
59245.2	-30424.720	-30422.211	0.008	164650.692	164012.391	0.388	173111.887	173144.283	0.019
59245.3	72068.153	72050.884	0.024	151045.434	150446.819	0.396	173112.272	173144.283	0.018
59245.4	147003.267	146857.116	0.099	79701.151	79111.079	0.740	173096.046	173144.283	0.028
59245.5	165514.202	165271.591	0.147	-22119.703	-22602.574	2.183	173046.796	173144.283	0.056
59245.6	120474.088	120223.325	0.208	-115343.021	-115637.050	0.255	173062.877	173144.283	0.047
59245.7	29116.175	29010.429	0.363	-164171.219	-164267.983	0.059	173046.123	173144.283	0.057
59245.8	-73489.907	-73342.200	0.201	-149768.288	-149821.550	0.036	173013.073	173144.283	0.076
59245.9	-147878.330	-147532.112	0.234	-77665.776	-77845.046	0.231	173013.008	173144.283	0.076
59246.0	-165588.278	-165071.075	0.312	24476.396	24023.226	1.851	172996.800	173144.283	0.085
59246.1	-119684.283	-119654.405	0.025	117435.535	117006.504	0.365	172964.404	172980.837	0.010
59246.2	-27781.841	-27743.889	0.137	165590.539	165039.315	0.333	172981.232	172980.837	0.000
59246.3	74844.439	74820.020	0.033	150302.130	149698.575	0.402	172932.456	172980.837	0.028
59246.4	148777.998	148653.743	0.084	77471.753	76874.986	0.770	172932.613	172980.837	0.028
59246.5	165607.689	165405.822	0.122	-24945.735	-25467.878	2.093	172916.123	172980.837	0.037
59246.6	118882.584	118643.616	0.201	-117644.688	-118031.315	0.329	172883.061	172980.837	0.057
59246.7	26485.685	26323.373	0.613	-165057.852	-165271.833	0.130	172866.308	172980.837	0.066
59246.8	-76162.361	-76104.798	0.076	-148951.551	-149049.517	0.066	172866.043	172980.837	0.066
59246.9	-149620.551	-149309.440	0.208	-75417.963	-75593.583	0.233	172849.591	172980.837	0.076
59247.0	-165698.230	-165180.657	0.312	27342.416	26889.578	1.656	172817.009	172980.837	0.095
59247.1	-118082.044	-118040.192	0.035	119788.075	119295.682	0.411	172833.781	172850.202	0.010
59247.2	-25128.753	-25090.869	0.151	166493.983	165937.925	0.334	172801.470	172850.202	0.028
59247.3	77524.876	77493.113	0.041	149469.957	148861.561	0.407	172801.838	172850.202	0.028
59247.4	150455.198	150320.466	0.090	75220.372	74623.752	0.793	172785.600	172850.202	0.037
59247.5	165635.621	165426.169	0.126	-27751.754	-28268.878	1.863	172769.103	172850.202	0.047
59247.6	117249.715	117009.774	0.205	-119958.587	-120306.524	0.290	172752.405	172850.202	0.057
59247.7	23779.993	23662.722	0.493	-166022.201	-166147.592	0.076	172735.663	172850.202	0.066
59247.8	-78857.044	-78770.593	0.110	-148102.972	-148189.542	0.058	172719.031	172850.202	0.076
59247.9	-151298.021	-150956.738	0.226	-73149.281	-73328.097	0.244	172702.602	172850.202	0.085
59248.0	-165669.671	-165176.911	0.297	30122.431	29690.650	1.433	172686.417	172850.202	0.095
59248.1	-116428.010	-116386.633	0.036	122054.578	121563.062	0.403	172670.424	172670.441	0.000
59248.2	-22452.695	-22418.899	0.151	167354.971	166795.742	0.334	172654.493	172670.441	0.009
59248.3	80196.800	80157.482	0.049	148593.518	147980.420	0.413	172654.858	172670.441	0.009
59248.4	152131.324	151954.141	0.116	72929.868	72342.003	0.806	172622.221	172670.441	0.028
59248.5	165642.429	165401.835	0.145	-30585.726	-31075.064	1.600	172605.725	172670.441	0.037
59248.6	115592.508	115336.774	0.221	-122247.350	-122559.598	0.255	172589.045	172670.441	0.047
59248.7	21104.675	20983.473	0.574	-166859.891	-166982.395	0.073	172588.689	172670.441	0.047
59248.8	-81511.262	-81427.285	0.103	-147199.236	-147285.518	0.059	172555.676	172670.441	0.067
59248.9	-152909.987	-152570.728	0.222	-70855.796	-71032.382	0.249	172539.264	172670.441	0.076
59249.0	-165625.023	-165128.442	0.300	32924.992	32496.523	1.301	172539.483	172670.441	0.076
59249.1	-114746.473	-114703.441	0.038	124330.076	123839.668	0.394	172507.112	172523.485	0.009
59249.2	-19767.254	-19717.551	0.251	168179.356	167643.553	0.319	172507.570	172523.485	0.009
59249.3	82830.508	82839.694	0.011	147657.711	147073.886	0.395	172491.529	172523.485	0.019
59249.4	153677.924	153587.273	0.059	70632.550	70029.224	0.854	172475.281	172523.485	0.028
59249.5	165606.312	165358.779	0.149	-33422.333	-33906.003	1.447	172458.768	172523.485	0.038
59249.6	113887.074	113634.063	0.222	-124515.154	-124821.643	0.246	172425.697	172523.485	0.057
59249.7	18407.490	18274.933	0.720	-167654.497	-167806.942	0.091	172458.120	172523.485	0.038
59249.8	-84183.151	-84101.601	0.097	-146270.016	-146355.948	0.059	172425.125	172523.485	0.057
59249.9	-154520.688	-154183.908	0.218	-68527.249	-68705.642	0.260	172408.721	172523.485	0.067
59250.0	-165557.399	-165061.040	0.300	35756.705	35326.986	1.202	172392.572	172523.485	0.076
59250.1	-113022.943	-112972.203	0.045	126583.440	126028.547	0.438	172360.202	172409.331	0.029
59250.2	-17045.002	-17029.067	0.093	168989.841	168392.174	0.354	172360.657	172409.331	0.028
59250.3	85539.948	85453.071	0.102	146726.459	146094.785	0.431	172328.227	172409.331	0.047
59250.4	155320.009	155122.031	0.127	68283.861	67698.367	0.857	172344.739	172409.331	0.037
59250.5	165502.909	165225.585	0.168	-36239.047	-36693.589	1.254	172311.844	172409.331	0.057
59250.6	112143.018	111884.063	0.231	-126726.469	-126995.551	0.212	172295.153	172409.331	0.066
59250.7	15683.019	15580.110	0.656	-168439.348	-168532.411	0.055	172278.428	172409.331	0.076
59250.8	-86815.905	-86706.460	0.126	-145281.550	-145354.406	0.050	172278.212	172409.331	0.076
59250.9	-156098.532	-155698.562	0.256	-66176.286	-66361.671	0.280	172261.832	172409.331	0.086
59251.0	-165424.341	-164903.875	0.315	38566.586	38113.324	1.175	172262.072	172409.331	0.085
59251.1	-111256.901	-111214.965	0.038	128747.897	128291.539	0.354	172229.713	172246.041	0.009
59251.2	-14338.885	-14275.910	0.439	169702.437	169185.359	0.305	172230.162	172246.041	0.009
59251.3	88148.776	88144.961	0.004	145712.186	145113.587	0.411	172197.732	172246.041	0.028
59251.4	156895.532	156718.993	0.113	65911.510	65319.558	0.898	172197.834	172246.041	0.028
59251.5	165333.367	165114.400	0.132	-39034.112	-39556.569	1.338	172181.323	172246.041	0.038
59251.6	110364.540	110107.426	0.233	-128913.516	-129243.345	0.256	172181.018	172246.041	0.038
59251.7	12975.571	12820.232	1.197	-169126.377	-169301.887	0.104	172147.915	172246.041	0.057
59251.8	-89495.389	-89389.811	0.118	-144280.892	-144350.092	0.048	172131.320	172246.041	0.067
59251.9	-157641.883	-157275.004	0.233	-63795.262	-63969.214	0.273	172098.570	172246.041	0.086
59252.0	-165270.291	-164768.070	0.304	41402.278	40975.242	1.031	172115.201	172246.041	0.076
59252.1	-109457.701	-109417.698	0.037	130921.033	130431.724	0.374	172082.847	172099.167	0.009
59252.2	-11604.381	-11562.764	0.359	170404.413	169855.732	0.322	172083.297	172099.167	0.009
59252.3	90746.298	90732.163	0.016	144655.155	144056.731	0.414	172067.242	172099.167	0.019
59252.4	158373.495	158186.790	0.118	63530.127	62941.296	0.927	172050.957	172099.167	0.028
59252.5	165141.655	164899.172	0.147	-41855.491	-42343.007	1.165	172034.421	172099.167	0.038
59252.6	108548.045	108291.818	0.236	-131076.339	-131367.993	0.223	172017.732	172099.167	0.047
59252.7	10238.129	10101.421	1.335	-169801.485	-169948.900	0.087	172017.411	172099.167	0.048
59252.8	-92072.201	-91967.828	0.113	-143200.019	-143271.023	0.050	171984.444	172099.167	0.067
59252.9	-159054.064	-158722.292	0.209	-61404.957	-61578.416	0.282	171951.694	172099.167	0.086
59253.0	-165029.794	-164528.884	0.304	44189.854	43759.726	0.973	171951.957	172099.167	0.086
59253.1	-107632.090	-107584.225	0.044	133101.644	132613.384	0.367	171935.995	171952.285	0.009
59253.2	-8855.213	-8795.927	0.669	171065.494	170538.285	0.308	171936.435	171952.285	0.009
59253.3	93390.254	93369.924	0.022	143585.563	142978.083	0.423	171920.366	171952.285	0.019
59253.4	159784.308	159682.600	0.064	61126.365	60515.638	0.999	171904.075	171952.285	0.028
59253.5	164931.005	164678.654	0.153	-44699.647	-45184.245	1.084	171903.911	171952.285	0.028
59253.6	106697.768	106439.649	0.242	-133213.991	-133533.802	0.240	171887.218	171952.285	0.038
59253.7	7484.790	7328.816	2.084	-170434.436	-170607.630	0.102	171870.513	171952.285	0.048
59253.8	-94636.695	-94596.213	0.043	-142076.791	-142169.728	0.065	171853.945	171952.285	0.057
59253.9	-160496.723	-160197.183	0.187	-58980.089	-59139.982	0.271	171837.593	171952.285	0.067
59254.0	-164746.727	-164283.936	0.281	46977.471	46598.962	0.806	171837.861	171952.285	0.067
59254.1	-105751.281	-105716.618	0.033	135160.512	134703.977	0.338	171805.507	171838.186	0.019
59254.2	-6090.180	-6055.164	0.575	171684.417	171127.145	0.325	171789.565	171838.186	0.028
59254.3	95931.159	95931.416	0.000	142435.438	141839.093	0.419	171789.879	171838.186	0.028
59254.4	161224.372	161081.231	0.089	58683.521	58086.159	1.018	171757.181	171838.186	0.047
59254.5	164613.718	164377.364	0.144	-47468.792	-47971.316	1.059	171740.636	171838.186	0.057
59254.6	104807.546	104554.129	0.242	-135293.717	-135608.255	0.232	171756.697	171838.186	0.047
59254.7	4719.601	4583.089	2.892	-171027.079	-171172.895	0.085	171740.002	171838.186	0.057
59254.8	-97217.002	-97147.814	0.071	-140927.572	-141008.748	0.058	171707.062	171838.186	0.076
59254.9	-161872.597	-161574.867	0.184	-56537.526	-56698.563	0.285	171723.488	171838.186	0.067
59255.0	-164463.336	-163958.686	0.307	49814.665	49383.338	0.866	171690.993	171838.186	0.086
59255.1	-103849.939	-103813.134	0.035	137225.593	136802.042	0.309	171675.033	171691.302	0.009
59255.2	-3336.000	-3281.011	1.648	172238.613	171700.904	0.312	171659.088	171691.302	0.019
59255.3	98487.521	98510.989	0.024	141260.012	140668.228	0.419	171643.003	171691.302	0.028
59255.4	162598.377	162475.693	0.075	56227.190	55620.272	1.079	171626.678	171691.302	0.038
59255.5	164252.933	164051.254	0.123	-50237.722	-50785.348	1.090	171626.504	171691.302	0.038
59255.6	102885.568	102632.671	0.246	-137314.442	-137689.870	0.273	171609.795	171691.302	0.047
59255.7	1943.090	1804.104	7.153	-171579.328	-171722.773	0.084	171609.488	171691.302	0.048
59255.8	-99847.604	-99717.222	0.131	-139753.208	-139815.740	0.045	171592.922	171691.302	0.057
59255.9	-163276.744	-162948.069	0.201	-54054.108	-54220.774	0.308	171592.990	171691.302	0.057
59256.0	-164076.997	-163608.385	0.286	52573.195	52194.462	0.720	171576.899	171691.302	0.067
59256.1	-101914.448	-101873.528	0.040	139297.702	138808.531	0.351	171560.930	171544.422	0.010
59256.2	-580.720	-531.625	8.454	172720.180	172179.387	0.313	171544.975	171544.422	0.000
59256.3	101031.091	101014.417	0.017	140040.518	139434.972	0.432	171528.883	171544.422	0.009
59256.4	163903.341	163771.869	0.080	53747.612	53148.835	1.114	171496.156	171544.422	0.028
59256.5	163867.475	163642.459	0.137	-53032.661	-53545.956	0.968	171512.360	171544.422	0.019
59256.6	100935.165	100675.878	0.257	-139406.977	-139679.602	0.196	171495.657	171544.422	0.028
59256.7	-831.193	-949.296	14.209	-172060.379	-172177.590	0.068	171495.348	171544.422	0.029
59256.8	-102307.065	-102209.949	0.095	-138488.747	-138560.998	0.052	171462.424	171544.422	0.048
59256.9	-164581.888	-164222.940	0.218	-51562.934	-51738.280	0.340	171446.107	171544.422	0.057
59257.0	-163683.055	-163175.861	0.310	55386.056	54951.451	0.785	171446.399	171544.422	0.057
59257.1	-99943.390	-99900.623	0.043	141310.775	140821.315	0.346	171430.452	171430.304	0.000
59257.2	2220.202	2248.375	1.269	173216.628	172643.338	0.331	171414.488	171430.304	0.009
59257.3	103560.417	103534.019	0.025	138779.049	138171.937	0.437	171414.762	171430.304	0.009
59257.4	165207.060	165063.570	0.087	51246.144	50643.808	1.175	171382.042	171430.304	0.028
59257.5	163482.383	163210.257	0.166	-55874.922	-56331.069	0.816	171381.840	171430.304	0.028
59257.6	98945.629	98685.735	0.263	-141407.313	-141675.343	0.190	171365.140	171430.304	0.038
59257.7	-3612.976	-3733.184	3.327	-172502.510	-172617.614	0.067	171332.068	171430.304	0.057
59257.8	-104844.686	-104718.595	0.120	-137215.191	-137276.339	0.045	171331.920	171430.304	0.057
59257.9	-165851.883	-165493.047	0.216	-49050.565	-49222.236	0.350	171332.011	171430.304	0.057
59258.0	-163250.592	-162719.721	0.325	58193.474	57732.744	0.792	171299.541	171430.304	0.076
59258.1	-97937.206	-97894.690	0.043	143297.101	142807.103	0.342	171299.971	171299.809	0.000
59258.2	4995.304	5039.158	0.878	173617.634	173066.016	0.318	171300.395	171299.809	0.000
59258.3	106103.916	106038.016	0.062	137492.118	136869.201	0.453	171284.274	171299.809	0.009
59258.4	166503.141	166319.270	0.110	48701.962	48115.896	1.203	171267.915	171299.809	0.019
59258.5	162974.775	162735.484	0.147	-58610.602	-59113.463	0.858	171251.341	171299.809	0.028
59258.6	96921.135	96662.797	0.267	-143380.322	-143643.806	0.184	171234.628	171299.809	0.038
59258.7	-6389.577	-6527.498	2.159	-172874.213	-173016.273	0.082	171234.340	171299.809	0.038
59258.8	-107335.006	-107211.295	0.115	-135892.712	-135952.114	0.044	171201.440	171299.809	0.057
59258.9	-167053.483	-166726.959	0.195	-46521.787	-46683.617	0.348	171168.768	171299.809	0.077
59259.0	-162715.276	-162221.034	0.304	60920.496	60510.951	0.672	171169.081	171299.809	0.076
59259.1	-95898.268	-95856.044	0.044	145256.125	144732.690	0.360	171185.895	171185.719	0.000
59259.2	7783.187	7820.903	0.485	173975.527	173420.778	0.319	171153.544	171185.719	0.019
59259.3	108570.664	108494.696	0.070	136140.594	135516.912	0.458	171153.802	171185.719	0.019
59259.4	167732.574	167507.543	0.134	46148.360	45575.823	1.241	171137.437	171185.719	0.028
59259.5	162462.683	162199.064	0.162	-61396.319	-61865.955	0.765	171137.239	171185.719	0.028
59259.6	94866.698	94607.664	0.273	-145259.971	-145551.787	0.201	171136.922	171185.719	0.029
59259.7	-9173.442	-9312.192	1.513	-173206.219	-173347.096	0.081	171103.866	171185.719	0.048
59259.8	-109779.512	-109656.253	0.112	-134515.241	-134578.745	0.047	171103.741	171185.719	0.048
59259.9	-168250.641	-167893.341	0.212	-43963.109	-44133.418	0.387	171087.473	171185.719	0.057
59260.0	-162156.393	-161660.960	0.306	63670.852	63258.728	0.647	171087.791	171185.719	0.057
59260.1	-93825.530	-93780.812	0.048	147154.609	146695.860	0.312	171055.461	171088.025	0.019
59260.2	10596.607	10654.352	0.545	174320.977	173784.351	0.308	171055.873	171088.025	0.019
59260.3	111020.504	110998.346	0.020	134750.568	134141.281	0.452	171056.120	171088.025	0.019
59260.4	168862.786	168720.014	0.085	43592.309	42989.216	1.383	171039.751	171088.025	0.028
59260.5	161887.637	161654.779	0.144	-64152.408	-64670.305	0.807	171006.776	171088.025	0.048
59260.6	92777.699	92515.624	0.282	-147209.652	-147497.035	0.195	170990.072	171088.025	0.057
59260.7	-12009.088	-12148.664	1.162	-173546.578	-173686.286	0.081	170989.791	171088.025	0.057
59260.8	-112205.444	-112147.978	0.051	-133103.624	-133181.631	0.059	170973.300	171088.025	0.067
59260.9	-169409.080	-169083.520	0.192	-41376.991	-41536.479	0.385	170973.423	171088.025	0.067
59261.0	-161592.733	-161092.576	0.310	66470.807	66058.293	0.621	170973.759	171088.025	0.067
59261.1	-91720.634	-91680.086	0.044	149057.631	148532.467	0.352	170957.816	170957.605	0.000
59261.2	13382.139	13433.835	0.386	174570.692	174030.641	0.309	170941.848	170957.605	0.009
59261.3	113389.832	113389.288	0.000	133304.567	132702.680	0.452	170925.706	170957.605	0.019
59261.4	169986.729	169804.318	0.107	41003.428	40418.133	1.427	170925.700	170957.605	0.019
59261.5	161269.072	161016.081	0.157	-66904.626	-67386.597	0.720	170892.721	170957.605	0.038
59261.6	90655.262	90399.178	0.282	-148999.384	-149315.506	0.212	170892.401	170957.605	0.038
59261.7	-14770.963	-14930.161	1.078	-173743.187	-173908.660	0.095	170875.756	170957.605	0.048
59261.8	-114583.109	-114526.459	0.049	-131641.489	-131722.519	0.062	170875.658	170957.605	0.048
59261.9	-170470.590	-170145.670	0.191	-38796.843	-38956.165	0.411	170843.027	170957.605	0.067
59262.0	-160948.243	-160430.539	0.322	69213.026	68768.991	0.642	170843.368	170957.605	0.067
59262.1	-89585.160	-89543.758	0.046	150833.618	150340.120	0.327	170843.812	170843.582	0.000
59262.2	16217.575	16225.023	0.046	174829.475	174232.559	0.341	170795.070	170843.582	0.028
59262.3	115836.244	115763.547	0.063	131845.782	131221.330	0.474	170811.692	170843.582	0.019
59262.4	171042.402	170849.954	0.113	38404.415	37822.339	1.516	170811.681	170843.582	0.019
59262.5	160592.793	160331.580	0.163	-69622.539	-70100.075	0.686	170795.084	170843.582	0.028
59262.6	88506.856	88247.382	0.293	-150825.745	-151104.717	0.185	170778.385	170843.582	0.038
59262.7	-17585.027	-17722.983	0.785	-173946.455	-174086.565	0.081	170778.120	170843.582	0.038
59262.8	-117005.117	-116887.889	0.100	-130160.897	-130220.803	0.046	170778.043	170843.582	0.038
59262.9	-171526.009	-171168.941	0.208	-36185.759	-36351.473	0.458	170761.817	170843.582	0.048
59263.0	-160262.241	-159722.725	0.337	71949.493	71476.481	0.657	170729.392	170843.582	0.067
59263.1	-87419.186	-87373.782	0.052	152646.110	152183.939	0.303	170729.839	170729.583	0.000
59263.2	19019.129	19064.708	0.240	174995.931	174443.876	0.315	170730.245	170729.583	0.000
59263.3	118169.525	118182.528	0.011	130322.625	129719.000	0.463	170714.092	170729.583	0.009
59263.4	172030.075	171919.366	0.064	35797.344	35183.244	1.715	170697.684	170729.583	0.019
59263.5	159889.509	159640.779	0.156	-72363.810	-72862.548	0.689	170681.082	170729.583	0.028
59263.6	86324.849	86061.628	0.305	-152589.514	-152929.805	0.223	170680.763	170729.583	0.029
59263.7	-20425.585	-20564.380	0.680	-174134.399	-174273.450	0.080	170664.129	170729.583	0.038
59263.8	-119378.138	-119293.860	0.071	-128628.267	-128697.724	0.054	170664.061	170729.583	0.038
59263.9	-172540.353	-172215.615	0.188	-33546.055	-33703.278	0.469	170631.455	170729.583	0.058
59264.0	-159495.663	-159008.189	0.306	74626.752	74232.911	0.528	170631.814	170729.583	0.057
59264.1	-85222.083	-85176.489	0.054	154396.156	153932.554	0.300	170632.268	170631.997	0.000
59264.2	21829.622	21870.373	0.187	175119.017	174562.173	0.318	170599.904	170631.997	0.019
59264.3	120548.104	120519.217	0.024	128774.578	128161.554	0.476	170616.506	170631.997	0.009
59264.4	173010.272	172889.811	0.070	33158.354	32548.099	1.840	170583.708	170631.997	0.028
59264.5	159124.321	158872.338	0.158	-75072.264	-75563.520	0.654	170583.483	170631.997	0.028
59264.6	84111.198	83849.377	0.311	-154355.968	-154659.456	0.197	170583.169	170631.997	0.029
59264.7	-23253.073	-23370.959	0.507	-174254.109	-174367.611	0.065	170566.540	170631.997	0.038
59264.8	-121667.665	-121617.066	0.042	-127044.373	-127120.237	0.060	170550.104	170631.997	0.048
59264.9	-173518.613	-173163.359	0.205	-30891.370	-31059.884	0.546	170533.892	170631.997	0.058
59265.0	-158724.222	-158216.546	0.320	77351.522	76927.174	0.549	170534.263	170631.997	0.057
59265.1	-82991.197	-82954.278	0.044	156148.719	155618.578	0.340	170518.332	170534.435	0.009
59265.2	24647.083	24659.294	0.050	175199.725	174615.214	0.334	170518.726	170534.435	0.009
59265.3	122875.006	122803.929	0.058	127182.437	126561.246	0.488	170502.558	170534.435	0.019
59265.4	173983.675	173793.006	0.110	30490.064	29908.945	1.906	170502.520	170534.435	0.019
59265.5	158316.668	158047.198	0.170	-77773.794	-78228.110	0.584	170485.896	170534.435	0.028
59265.6	81877.304	81612.747	0.323	-155994.108	-156326.305	0.213	170501.978	170534.435	0.019
59265.7	-26043.427	-26160.234	0.449	-174282.427	-174396.663	0.066	170468.969	170534.435	0.038
59265.8	-124001.882	-123887.930	0.092	-125434.409	-125500.338	0.053	170485.308	170534.435	0.029
59265.9	-174397.807	-174043.822	0.203	-28242.138	-28413.059	0.605	170452.726	170534.435	0.048
59266.0	-157891.901	-157368.518	0.331	80042.228	79584.568	0.572	170436.718	170534.435	0.057
59266.1	-80745.079	-80691.114	0.067	157773.541	157338.672	0.276	170437.187	170469.642	0.019
59266.2	27446.954	27501.380	0.198	175215.455	174671.657	0.310	170421.187	170469.642	0.028
59266.3	125150.595	125133.602	0.014	125541.999	124932.363	0.486	170404.998	170469.642	0.038
59266.4	174886.753	174715.694	0.098	27812.072	27220.212	2.128	170372.185	170469.642	0.057
59266.5	157436.957	157208.597	0.145	-80409.322	-80944.245	0.665	170404.715	170469.642	0.038
59266.6	79601.170	79334.872	0.335	-157698.759	-158026.870	0.208	170371.636	170469.642	0.058
59266.7	-28840.198	-29002.700	0.563	-174267.609	-174428.659	0.092	170355.019	170469.642	0.067
59266.8	-126283.313	-126203.507	0.063	-123781.835	-123851.477	0.056	170371.371	170469.642	0.058
59266.9	-175240.671	-174943.350	0.170	-25579.098	-25716.490	0.537	170355.192	170469.642	0.067
59267.0	-157017.440	-156506.587	0.325	82725.272	82293.389	0.522	170339.183	170469.642	0.077
59267.1	-78451.824	-78406.406	0.058	159464.303	158962.540	0.315	170372.415	170355.705	0.010
59267.2	30253.259	30304.179	0.168	175187.991	174637.654	0.314	170323.651	170355.705	0.019
59267.3	127437.324	127378.243	0.046	123872.385	123253.547	0.500	170323.831	170355.705	0.019
59267.4	175721.449	175540.256	0.103	25130.004	24541.232	2.343	170291.012	170355.705	0.038
59267.5	156560.744	156296.456	0.169	-83123.741	-83594.685	0.567	170307.143	170355.705	0.029
59267.6	77295.202	77036.282	0.335	-159338.753	-159631.027	0.183	170290.444	170355.705	0.038
59267.7	-31664.324	-31805.102	0.445	-174234.220	-174370.551	0.078	170257.456	170355.705	0.058
59267.8	-128511.899	-128433.625	0.061	-122084.363	-122153.418	0.057	170290.200	170355.705	0.038
59267.9	-176041.577	-175744.840	0.169	-22891.655	-23030.517	0.607	170257.647	170355.705	0.058
59268.0	-156100.826	-155571.684	0.339	85400.094	84935.886	0.544	170274.417	170355.705	0.048
59268.1	-76143.575	-76083.412	0.079	161026.312	160619.668	0.253	170258.497	170258.152	0.000
59268.2	33040.779	33157.509	0.353	175095.391	174607.969	0.278	170258.879	170258.152	0.000
59268.3	129670.915	129666.258	0.004	122158.108	121548.447	0.499	170226.276	170258.152	0.019
59268.4	176515.505	176384.379	0.074	22427.320	21815.460	2.728	170226.210	170258.152	0.019
59268.5	155582.390	155372.551	0.135	-85712.858	-86294.459	0.679	170225.961	170258.152	0.019
59268.6	74964.325	74699.121	0.354	-160947.344	-161268.114	0.199	170209.258	170258.152	0.029
59268.7	-34494.505	-34658.072	0.474	-174156.517	-174316.326	0.092	170192.655	170258.152	0.038
59268.8	-130750.946	-130706.890	0.034	-120357.593	-120428.702	0.059	170192.648	170258.152	0.038
59268.9	-176893.539	-176565.487	0.185	-20147.422	-20297.585	0.745	170176.482	170258.152	0.048
59269.0	-155113.296	-154624.593	0.315	88007.240	87627.614	0.431	170193.266	170258.152	0.038
59269.1	-73795.370	-73753.070	0.057	162620.941	162115.417	0.311	170160.952	170176.982	0.009
59269.2	35882.644	35921.696	0.109	175002.712	174443.560	0.320	170144.936	170176.982	0.019
59269.3	131849.918	131802.868	0.036	120405.066	119787.011	0.513	170145.110	170176.982	0.019
59269.4	177243.506	177072.973	0.096	19727.429	19133.372	3.011	170128.647	170176.982	0.028
59269.5	154601.916	154348.717	0.164	-88382.428	-88867.302	0.549	170144.756	170176.982	0.019
59269.6	72614.728	72356.000	0.356	-162458.728	-162743.765	0.175	170128.064	170176.982	0.029
59269.7	-37304.813	-37420.743	0.311	-174013.318	-174128.148	0.066	170111.466	170176.982	0.039
59269.8	-132903.592	-132828.271	0.057	-118581.324	-118648.954	0.057	170111.471	170176.982	0.039
59269.9	-177588.069	-177230.988	0.201	-17443.483	-17609.674	0.953	170128.086	170176.982	0.029
59270.0	-154111.942	-153578.667	0.346	90664.104	90191.556	0.521	170079.335	170176.982	0.057
59270.1	-71418.739	-71381.097	0.053	164183.128	163676.166	0.309	170063.401	170095.816	0.019
59270.2	38676.296	38757.817	0.211	174826.674	174307.143	0.297	170080.158	170095.816	0.009
59270.3	134039.735	134014.093	0.019	118614.975	118005.811	0.514	170063.916	170095.816	0.019
59270.4	177957.362	177810.214	0.083	16989.476	16391.353	3.521	170031.057	170095.816	0.038
59270.5	153569.284	153328.879	0.157	-91010.420	-91517.231	0.557	170047.172	170095.816	0.029
59270.6	70230.732	69970.691	0.370	-163969.371	-164284.055	0.192	170046.861	170095.816	0.029
59270.7	-40092.112	-40255.585	0.408	-173807.259	-173967.343	0.092	170013.893	170095.816	0.048
59270.8	-135098.682	-135024.095	0.055	-116775.859	-116848.801	0.062	170013.895	170095.816	0.048
59270.9	-178269.350	-177944.617	0.182	-14703.659	-14861.415	1.073	169997.745	170095.816	0.058
59271.0	-153056.985	-152536.075	0.340	93280.205	92832.615	0.480	170030.938	170095.816	0.038
59271.1	-69025.533	-68981.923	0.063	165647.866	165170.716	0.288	169998.608	169998.240	0.000
59271.2	41525.973	41576.914	0.123	174647.026	174101.210	0.313	169998.969	169998.240	0.000
59271.3	136173.710	136170.606	0.002	116787.821	116178.471	0.522	169966.344	169998.240	0.019
59271.4	178632.423	178476.061	0.088	14237.978	13644.289	4.170	169966.236	169998.240	0.019
59271.5	152480.496	152248.382	0.152	-93598.238	-94129.173	0.567	169982.349	169998.240	0.009
59271.6	67820.185	67558.752	0.385	-165446.870	-165757.915	0.188	169949.267	169998.240	0.029
59271.7	-42910.723	-43072.807	0.378	-173575.256	-173737.171	0.093	169965.447	169998.240	0.019
59271.8	-137205.114	-137164.811	0.029	-114929.705	-115002.982	0.064	169949.091	169998.240	0.029
59271.9	-178914.997	-178586.813	0.183	-11955.911	-12108.726	1.278	169949.342	169998.240	0.029
59272.0	-151927.979	-151433.153	0.326	95828.184	95435.167	0.410	169933.371	169998.240	0.038
59272.1	-66608.958	-66554.318	0.082	167080.144	166631.521	0.269	169933.823	169917.045	0.010
59272.2	44350.841	44399.102	0.109	174405.607	173851.260	0.318	169917.789	169917.045	0.000
59272.3	138284.101	138303.683	0.014	114926.242	114313.745	0.533	169901.541	169917.045	0.009
59272.4	179239.467	179100.945	0.077	11488.713	10880.823	5.291	169885.035	169917.045	0.019
59272.5	151379.005	151125.124	0.168	-96233.583	-96730.233	0.516	169901.143	169917.045	0.009
59272.6	65398.599	65118.671	0.428	-166827.050	-167197.786	0.222	169868.064	169917.045	0.029
59272.7	-45751.449	-45892.741	0.309	-173326.718	-173462.957	0.079	169884.257	169917.045	0.019
59272.8	-139385.651	-139281.770	0.075	-113057.227	-113119.978	0.056	169867.905	169917.045	0.029
59272.9	-179490.886	-179187.906	0.169	-9207.494	-9339.988	1.439	169868.170	169917.045	0.029
59273.0	-150774.534	-150287.565	0.323	98392.936	98026.470	0.372	169852.203	169917.045	0.038
59273.1	-64165.478	-64126.225	0.061	168478.718	167963.604	0.306	169836.275	169868.635	0.019
59273.2	47129.515	47145.844	0.035	174076.410	173497.016	0.333	169820.233	169868.635	0.029
59273.3	140403.513	140314.351	0.064	113026.731	112409.199	0.546	169820.349	169868.635	0.028
59273.4	179779.090	179603.462	0.098	8743.589	8157.304	6.705	169820.234	169868.635	0.029
59273.5	150191.580	149926.527	0.176	-98768.914	-99226.920	0.464	169836.325	169868.635	0.019
59273.6	62933.179	62679.211	0.404	-168236.264	-168508.936	0.162	169819.636	169868.635	0.029
59273.7	-48544.536	-48636.334	0.189	-172991.460	-173085.101	0.054	169835.844	169868.635	0.019
59273.8	-141411.693	-141275.983	0.096	-111131.572	-111198.209	0.060	169819.492	169868.635	0.029
59273.9	-180025.016	-179666.979	0.199	-6442.702	-6612.247	2.632	169803.392	169868.635	0.038
59274.0	-149591.420	-149067.539	0.350	100976.154	100512.755	0.459	169787.434	169868.635	0.048
59274.1	-61695.369	-61655.157	0.065	169843.065	169324.742	0.305	169787.894	169787.465	0.000
59274.2	49934.242	49944.429	0.020	173725.244	173140.927	0.336	169771.843	169787.465	0.009
59274.3	142432.556	142365.821	0.047	111092.918	110472.619	0.558	169771.962	169787.465	0.009
59274.4	180304.602	180120.073	0.102	5965.281	5383.861	9.747	169771.826	169787.465	0.009
59274.5	148992.464	148709.905	0.190	-101350.235	-101772.250	0.416	169771.537	169787.465	0.009
59274.6	60459.880	60196.527	0.436	-169547.808	-169848.770	0.178	169738.464	169787.465	0.029
59274.7	-51340.886	-51431.752	0.177	-172609.695	-172704.955	0.055	169754.676	169787.465	0.019
59274.8	-143445.055	-143310.721	0.094	-109179.190	-109244.056	0.059	169738.346	169787.465	0.029
59274.9	-180546.573	-180159.717	0.214	-3647.472	-3834.463	5.127	169722.256	169787.465	0.038
59275.0	-148343.115	-147829.069	0.347	103485.568	103047.527	0.423	169722.694	169787.465	0.038
59275.1	-59188.314	-59157.003	0.053	171203.717	170684.770	0.303	169706.765	169722.723	0.009
59275.2	52712.518	52764.244	0.098	173311.986	172767.983	0.314	169707.105	169722.723	0.009
59275.3	144469.440	144424.516	0.031	109119.697	108509.911	0.559	169690.823	169722.723	0.019
59275.4	180788.789	180627.127	0.089	3173.184	2585.050	18.535	169674.298	169722.723	0.029
59275.5	147726.717	147470.615	0.173	-103857.800	-104332.446	0.457	169674.009	169722.723	0.029
59275.6	57945.403	57686.768	0.446	-170887.968	-171187.261	0.175	169690.094	169722.723	0.019
59275.7	-54082.828	-54248.256	0.306	-172147.640	-172307.772	0.093	169689.936	169722.723	0.019
59275.8	-145452.923	-145352.459	0.069	-107193.619	-107263.714	0.065	169690.006	169722.723	0.019
59275.9	-180998.096	-180642.680	0.196	-854.718	-1031.395	20.671	169657.533	169722.723	0.038
59276.0	-147090.860	-146567.805	0.356	106072.655	105596.970	0.448	169641.603	169722.723	0.048
59276.1	-56684.954	-56633.813	0.090	172435.344	171975.697	0.267	169625.681	169641.609	0.009
59276.2	55516.304	55563.577	0.085	172875.780	172324.456	0.319	169642.392	169641.609	0.000
59276.3	146414.852	146425.074	0.007	107116.154	106502.239	0.573	169626.112	169641.609	0.009
59276.4	181232.411	181060.715	0.095	369.347	-215.840	158.438	169642.339	169641.609	0.000
59276.5	146420.502	146170.739	0.171	-106351.167	-106851.038	0.470	169609.280	169641.609	0.019
59276.6	55420.165	55152.569	0.483	-172128.510	-172456.439	0.191	169625.367	169641.609	0.010
59276.7	-56928.124	-57043.671	0.203	-171721.967	-171840.184	0.069	169608.836	169641.609	0.019
59276.8	-147434.862	-147335.675	0.067	-105171.150	-105238.909	0.064	169625.307	169641.609	0.010
59276.9	-181411.591	-181052.161	0.198	1945.922	1773.120	8.880	169592.854	169641.609	0.029
59277.0	-145754.090	-145246.315	0.348	108522.178	108104.288	0.385	169576.933	169641.609	0.038
59277.1	-54144.249	-54099.394	0.083	173696.286	173200.882	0.285	169593.780	169593.310	0.000
59277.2	58291.836	58333.249	0.071	172378.239	171821.192	0.323	169577.717	169593.310	0.009
59277.3	148432.347	148366.471	0.044	105077.766	104463.774	0.584	169577.798	169593.310	0.009
59277.4	181581.220	181428.358	0.084	-2408.582	-3006.753	24.835	169577.645	169593.310	0.009
59277.5	145075.920	144823.457	0.174	-108829.092	-109322.715	0.454	169560.966	169593.310	0.019
59277.6	52866.716	52607.706	0.490	-173366.314	-173659.780	0.169	169577.060	169593.310	0.010
59277.7	-59692.540	-59808.912	0.195	-171195.223	-171313.116	0.069	169560.540	169593.310	0.019
59277.8	-149324.723	-149259.468	0.044	-103118.791	-103183.822	0.063	169544.256	169593.310	0.029
59277.9	-181755.815	-181395.787	0.198	4741.133	4567.093	3.671	169544.576	169593.310	0.029
59278.0	-144397.819	-143877.824	0.360	111019.086	110564.287	0.410	169528.664	169593.310	0.038
59278.1	-51583.538	-51553.898	0.057	174888.424	174359.972	0.302	169529.127	169528.646	0.000
59278.2	61039.959	61072.930	0.054	171817.333	171257.997	0.326	169529.442	169528.646	0.000
59278.3	150390.289	150248.325	0.094	103006.198	102394.556	0.594	169513.132	169528.646	0.009
59278.4	181943.909	181729.772	0.118	-5233.190	-5787.434	10.591	169545.739	169528.646	0.010
59278.5	143693.170	143428.689	0.184	-111291.053	-111747.104	0.410	169512.671	169528.646	0.009
59278.6	50285.070	50052.335	0.463	-174566.453	-174796.934	0.132	169495.989	169528.646	0.019
59278.7	-62427.592	-62543.647	0.186	-170607.124	-170726.379	0.070	169495.872	169528.646	0.019
59278.8	-151285.847	-151123.455	0.107	-101029.766	-101098.495	0.068	169495.984	169528.646	0.019
59278.9	-182059.937	-181673.272	0.212	7545.624	7350.264	2.589	169496.322	169528.646	0.019
59279.0	-142995.294	-142462.256	0.373	113468.284	112976.590	0.433	169480.416	169528.646	0.028
59279.1	-49005.334	-48964.107	0.084	176046.528	175545.019	0.285	169497.261	169480.377	0.010
59279.2	63782.661	63863.694	0.127	171217.827	170689.678	0.308	169481.181	169480.377	0.000
59279.3	152189.987	152168.435	0.014	100906.779	100291.100	0.610	169464.866	169480.377	0.009
59279.4	182212.736	182041.924	0.094	-8029.014	-8618.320	7.340	169481.078	169480.377	0.000
59279.5	142277.454	142013.020	0.186	-113769.182	-114218.386	0.395	169447.992	169480.377	0.019
59279.6	47719.357	47452.447	0.559	-175639.599	-175959.662	0.182	169431.325	169480.377	0.029
59279.7	-65213.586	-65329.420	0.178	-170013.454	-170134.077	0.071	169431.205	169480.377	0.029
59279.8	-153154.023	-153025.403	0.084	-98912.616	-98978.602	0.067	169431.334	169480.377	0.029
59279.9	-182325.080	-181961.065	0.200	10357.265	10183.729	1.676	169431.684	169480.377	0.029
59280.0	-141538.462	-141025.384	0.363	115871.581	115435.604	0.376	169432.160	169480.377	0.028
59280.1	-46423.759	-46362.167	0.133	177105.613	176662.550	0.250	169449.007	169448.495	0.000
59280.2	66575.495	66624.496	0.074	170613.949	170059.647	0.325	169416.538	169448.495	0.019
59280.3	154092.854	154027.977	0.042	98769.032	98155.434	0.621	169400.200	169448.495	0.029
59280.4	182413.666	182286.159	0.070	-10815.097	-11439.546	5.774	169416.409	169448.495	0.019
59280.5	140797.631	140548.165	0.177	-116135.471	-116641.847	0.436	169383.319	169448.495	0.038
59280.6	45097.637	44840.992	0.569	-176768.402	-177054.773	0.162	169415.805	169448.495	0.019
59280.7	-67940.308	-68084.701	0.213	-169342.344	-169480.325	0.081	169382.923	169448.495	0.039
59280.8	-154961.392	-154866.507	0.061	-96762.918	-96827.021	0.066	169366.680	169448.495	0.048
59280.9	-182544.631	-182181.026	0.199	13183.546	13006.951	1.340	169383.417	169448.495	0.038
59281.0	-140049.020	-139539.739	0.364	118256.341	117846.376	0.347	169400.292	169448.495	0.028
59281.1	-43799.666	-43750.246	0.113	178190.318	177712.784	0.268	169384.361	169383.839	0.000
59281.2	69312.103	69353.714	0.060	169927.874	169369.360	0.329	169368.264	169383.839	0.009
59281.3	155902.069	155826.497	0.048	96604.033	95989.689	0.636	169384.686	169383.839	0.001
59281.4	182649.099	182463.366	0.102	-13672.309	-14249.123	4.219	169384.490	169383.839	0.000
59281.5	139297.903	139036.013	0.188	-118547.231	-119016.405	0.396	169384.172	169383.839	0.000
59281.6	42461.685	42220.134	0.569	-177827.827	-178082.503	0.143	169351.114	169383.839	0.019
59281.7	-70716.953	-70807.881	0.129	-168665.467	-168766.589	0.060	169351.020	169383.839	0.019
59281.8	-156772.921	-156646.333	0.081	-94579.571	-94645.887	0.070	169351.162	169383.839	0.019
59281.9	-182677.594	-182334.062	0.188	15970.213	15817.949	0.953	169367.925	169383.839	0.009
59282.0	-138536.442	-138007.220	0.382	120687.444	120207.840	0.397	169352.021	169383.839	0.019
59282.1	-41168.276	-41130.308	0.092	179208.425	178695.922	0.286	169336.089	169335.552	0.000
59282.2	72041.688	72049.877	0.011	169203.267	168620.135	0.345	169319.986	169335.552	0.009
59282.3	157617.081	157563.585	0.034	94411.616	93795.797	0.652	169320.005	169335.552	0.009
59282.4	182765.963	182574.353	0.105	-16476.342	-17045.248	3.453	169336.177	169335.552	0.000
59282.5	137756.856	137478.281	0.202	-120941.730	-121341.078	0.330	169319.469	169335.552	0.009
59282.6	39835.862	39591.837	0.613	-178791.793	-179043.071	0.141	169302.808	169335.552	0.019
59282.7	-73405.884	-73497.501	0.125	-167892.911	-167994.203	0.060	169302.714	169335.552	0.019
59282.8	-158555.357	-158364.487	0.120	-92364.544	-92437.136	0.079	169286.481	169335.552	0.029
59282.9	-182815.020	-182420.995	0.216	18811.891	18614.925	1.047	169303.247	169335.552	0.019
59283.0	-136951.429	-136429.550	0.381	122973.911	122519.029	0.370	169303.738	169335.552	0.019
59283.1	-38501.532	-38468.606	0.086	180218.660	179703.910	0.286	169287.804	169303.644	0.009
59283.2	74768.982	74794.427	0.034	168431.338	167866.383	0.335	169288.065	169303.644	0.009
59283.3	159368.178	159337.102	0.019	92183.866	91569.738	0.666	169288.080	169303.644	0.009
59283.4	182868.787	182695.822	0.095	-19305.872	-19888.828	3.020	169271.478	169303.644	0.019
59283.5	136163.026	135901.060	0.192	-123253.733	-123710.270	0.370	169254.761	169303.644	0.029
59283.6	37189.297	36921.564	0.720	-179717.961	-180028.128	0.173	169270.876	169303.644	0.019
59283.7	-76143.138	-76235.466	0.121	-167115.377	-167216.873	0.061	169287.175	169303.644	0.010
59283.8	-160276.262	-160118.792	0.098	-90127.723	-90195.906	0.076	169287.344	169303.644	0.010
59283.9	-182885.831	-182518.002	0.201	21639.467	21459.444	0.832	169254.950	169303.644	0.029
59284.0	-135347.584	-134832.011	0.381	125304.606	124874.568	0.343	169255.451	169303.644	0.028
59284.1	-35839.401	-35782.433	0.159	181130.512	180672.260	0.253	169288.657	169271.721	0.010
59284.2	77487.059	77535.397	0.062	167622.703	167066.186	0.332	169239.768	169271.721	0.019
59284.3	161089.471	161080.360	0.006	89925.716	89308.262	0.687	169256.145	169271.721	0.009
59284.4	182905.605	182771.976	0.073	-22120.116	-22743.198	2.817	169255.923	169271.721	0.009
59284.5	134534.180	134280.865	0.188	-125545.947	-126061.482	0.411	169255.591	169271.721	0.010
59284.6	34506.746	34227.161	0.810	-180634.686	-180973.339	0.187	169238.928	169271.721	0.019
59284.7	-78790.097	-78969.452	0.228	-166244.296	-166393.130	0.090	169222.478	169271.721	0.029
59284.8	-161868.813	-161842.536	0.016	-87865.557	-87919.519	0.061	169239.033	169271.721	0.019
59284.9	-182893.781	-182569.603	0.177	24448.131	24314.364	0.547	169223.046	169271.721	0.029
59285.0	-133709.829	-133191.654	0.388	127648.740	127211.759	0.342	169223.539	169271.721	0.028
59285.1	-33146.795	-33104.518	0.128	182035.381	181543.120	0.270	169223.980	169223.417	0.000
59285.2	80172.567	80212.254	0.050	166751.107	166192.081	0.335	169224.230	169223.417	0.000
59285.3	162748.284	162728.272	0.012	87644.057	87024.841	0.707	169224.221	169223.417	0.000
59285.4	182901.048	182758.159	0.078	-24939.917	-25559.123	2.483	169223.990	169223.417	0.000
59285.5	132874.354	132610.626	0.198	-127850.502	-128328.623	0.374	169223.653	169223.417	0.000
59285.6	31792.778	31541.855	0.789	-181543.419	-181821.134	0.153	169206.986	169223.417	0.010
59285.7	-81487.729	-81638.692	0.185	-165361.870	-165496.034	0.081	169206.928	169223.417	0.010
59285.8	-163529.389	-163470.747	0.036	-85568.924	-85622.009	0.062	169190.743	169223.417	0.019
59285.9	-182859.100	-182531.567	0.179	27263.547	27130.066	0.490	169191.145	169223.417	0.019
59286.0	-132021.279	-131501.976	0.393	129875.601	129464.449	0.317	169208.039	169223.417	0.009
59286.1	-30451.870	-30438.287	0.045	182873.647	182317.540	0.304	169192.085	169224.272	0.019
59286.2	82819.101	82822.851	0.005	165827.055	165246.937	0.350	169208.708	169224.272	0.009
59286.3	164376.218	164280.791	0.058	85331.842	84723.058	0.713	169175.921	169224.272	0.029
59286.4	182828.855	182656.446	0.094	-27744.466	-28333.680	2.124	169192.061	169224.272	0.019
59286.5	131155.613	130893.739	0.200	-130038.602	-130510.551	0.363	169191.718	169224.272	0.019
59286.6	29106.195	28869.062	0.815	-182326.539	-182572.594	0.135	169175.067	169224.272	0.029
59286.7	-84118.868	-84241.063	0.145	-164408.065	-164528.472	0.073	169175.013	169224.272	0.029
59286.8	-165126.104	-165003.410	0.074	-83244.271	-83306.959	0.075	169175.221	169224.272	0.029
59286.9	-182760.009	-182405.994	0.194	30060.308	29903.646	0.521	169175.644	169224.272	0.029
59287.0	-130292.231	-129766.386	0.404	132115.752	131631.530	0.367	169192.527	169224.272	0.019
59287.1	-27751.172	-27726.571	0.089	183642.975	183112.910	0.289	169176.583	169175.991	0.000
59287.2	85458.513	85482.543	0.028	164859.318	164291.921	0.344	169193.195	169175.991	0.010
59287.3	165908.123	165867.162	0.025	83000.578	82384.374	0.742	169160.402	169175.991	0.009
59287.4	182759.732	182560.345	0.109	-30601.100	-31158.000	1.820	169160.140	169175.991	0.009
59287.5	129416.377	129152.067	0.204	-132302.482	-132735.994	0.328	169159.798	169175.991	0.010
59287.6	26401.992	26150.605	0.952	-183070.875	-183344.611	0.150	169126.777	169175.991	0.029
59287.7	-86769.982	-86892.443	0.141	-163428.577	-163550.616	0.075	169159.499	169175.991	0.010
59287.8	-166723.397	-166569.608	0.092	-80883.950	-80954.717	0.087	169176.105	169175.991	0.000
59287.9	-182663.832	-182285.605	0.207	32909.310	32727.035	0.554	169160.155	169175.991	0.009
59288.0	-128530.940	-128005.638	0.409	134301.014	133841.911	0.342	169177.057	169175.991	0.001
59288.1	-25034.698	-24996.355	0.153	184374.389	183868.819	0.274	169161.103	169144.111	0.010
59288.2	88088.287	88133.934	0.052	163851.582	163294.122	0.340	169161.324	169144.111	0.010
59288.3	167472.398	167421.618	0.030	80627.373	80016.012	0.758	169144.892	169144.111	0.000
59288.4	182605.993	182420.971	0.101	-33411.601	-33987.496	1.724	169161.022	169144.111	0.010
59288.5	127637.979	127372.380	0.208	-134511.959	-134940.124	0.318	169144.286	169144.111	0.000
59288.6	23662.812	23413.990	1.052	-183803.592	-184077.010	0.149	169144.038	169144.111	0.000
59288.7	-89410.608	-89535.153	0.139	-162410.099	-162530.049	0.074	169144.013	169144.111	0.000
59288.8	-168224.837	-168103.637	0.072	-78510.132	-78573.072	0.080	169144.250	169144.111	0.000
59288.9	-182520.583	-182121.899	0.218	35766.718	35555.227	0.591	169128.293	169144.111	0.009
59289.0	-126730.473	-126207.060	0.413	136498.011	136030.653	0.342	169145.205	169144.111	0.001
59289.1	-22299.391	-22248.163	0.230	185065.589	184584.845	0.260	169129.250	169145.017	0.009
59289.2	90739.435	90776.352	0.041	162813.600	162253.505	0.344	169129.463	169145.017	0.009
59289.3	168972.820	168943.598	0.017	78235.493	77618.339	0.789	169129.410	169145.017	0.009
59289.4	182403.475	182238.086	0.091	-36231.395	-36821.541	1.629	169129.138	169145.017	0.009
59289.5	125816.254	125554.857	0.208	-136667.009	-137122.295	0.333	169128.796	169145.017	0.010
59289.6	20907.920	20659.740	1.187	-184497.177	-184769.373	0.148	169144.937	169145.017	0.000
59289.7	-92013.568	-92168.524	0.168	-161332.014	-161466.743	0.084	169128.535	169145.017	0.010
59289.8	-169724.587	-169604.938	0.070	-76095.444	-76162.398	0.088	169112.398	169145.017	0.019
59289.9	-182273.800	-181914.646	0.197	38550.061	38387.594	0.421	169112.857	169145.017	0.019
59290.0	-124889.161	-124370.835	0.415	138640.176	138197.110	0.320	169113.372	169145.017	0.019
59290.1	-19549.352	-19501.122	0.247	185718.186	185233.497	0.261	169097.425	169113.178	0.009
59290.2	93348.488	93378.144	0.032	161725.334	161159.128	0.350	169146.785	169113.178	0.020
59290.3	170471.951	170401.077	0.042	75806.434	75201.164	0.798	169113.945	169113.178	0.000
59290.4	182162.452	181991.594	0.094	-39050.183	-39633.342	1.493	169113.671	169113.178	0.000
59290.5	123957.158	123699.045	0.208	-138766.362	-139249.016	0.348	169129.713	169113.178	0.010
59290.6	18169.965	17907.222	1.446	-185094.190	-185394.373	0.162	169113.088	169113.178	0.000
59290.7	-94575.729	-94760.807	0.196	-160199.588	-160350.029	0.094	169113.083	169113.178	0.000
59290.8	-171160.485	-171041.574	0.069	-73665.664	-73732.776	0.091	169129.731	169113.178	0.010
59290.9	-181982.021	-181643.979	0.186	41338.265	41197.171	0.341	169097.427	169113.178	0.009
59291.0	-123010.932	-122496.800	0.418	140726.555	140307.791	0.298	169097.950	169113.178	0.009
59291.1	-16781.524	-16734.700	0.279	186329.726	185839.996	0.263	169098.378	169097.735	0.000
59291.2	95888.668	95970.760	0.086	160564.839	160019.272	0.340	169131.351	169097.735	0.020
59291.3	171841.978	171824.348	0.010	73372.218	72752.648	0.844	169114.885	169097.735	0.010
59291.4	181857.164	181698.996	0.087	-41846.452	-42450.312	1.443	169114.608	169097.735	0.010
59291.5	122060.650	121802.933	0.211	-140809.513	-141352.749	0.386	169114.264	169097.735	0.010
59291.6	15400.053	15135.686	1.717	-185679.236	-185977.056	0.160	169114.024	169097.735	0.010
59291.7	-97217.528	-97343.524	0.130	-159063.020	-159187.916	0.079	169146.791	169097.735	0.029
59291.8	-172530.711	-172443.732	0.050	-71215.012	-71272.109	0.080	169114.303	169097.735	0.010
59291.9	-181688.279	-181327.164	0.199	44179.782	44011.520	0.381	169114.776	169097.735	0.010
59292.0	-121099.655	-120582.664	0.427	142789.233	142395.138	0.276	169131.696	169097.735	0.020
59292.1	-13998.283	-13972.369	0.185	186900.884	186379.495	0.279	169115.732	169115.077	0.000
59292.2	98538.695	98520.597	0.018	159412.351	158827.690	0.367	169083.154	169115.077	0.019
59292.3	173210.359	173182.576	0.016	70904.805	70287.542	0.871	169099.451	169115.077	0.009
59292.4	181523.764	181344.070	0.099	-44674.468	-45242.364	1.271	169115.534	169115.077	0.000
59292.5	120133.423	119871.140	0.218	-142926.780	-143399.627	0.331	169131.585	169115.077	0.010
59292.6	12631.456	12368.817	2.079	-186195.106	-186492.776	0.160	169098.580	169115.077	0.010
59292.7	-99755.566	-99883.017	0.128	-157849.936	-157974.448	0.079	169098.597	169115.077	0.010
59292.8	-173929.912	-173780.708	0.086	-68719.610	-68795.412	0.110	169098.881	169115.077	0.010
59292.9	-181331.688	-180948.236	0.211	46996.597	46800.417	0.417	169099.369	169115.077	0.009
59293.0	-119149.082	-118633.338	0.433	144860.804	144425.325	0.301	169099.901	169115.077	0.009
59293.1	-11220.098	-11216.175	0.035	187405.192	186852.730	0.295	169100.327	169099.668	0.000
59293.2	101024.631	101026.433	0.002	158157.027	157586.183	0.361	169133.270	169099.668	0.020
59293.3	174544.106	174475.838	0.039	68409.897	67808.019	0.880	169084.021	169099.668	0.009
59293.4	181112.736	180928.156	0.102	-47446.883	-48007.789	1.182	169116.491	169099.668	0.010
59293.5	118165.077	117905.758	0.219	-144953.968	-145389.056	0.300	169083.375	169099.668	0.010
59293.6	9851.199	9608.654	2.462	-186671.716	-186942.288	0.145	169099.537	169099.668	0.000
59293.7	-102280.747	-102378.083	0.095	-156596.330	-156711.434	0.074	169115.947	169099.668	0.010
59293.8	-175231.915	-175052.595	0.102	-66217.283	-66304.858	0.132	169099.857	169099.668	0.000
59293.9	-180911.760	-180508.552	0.223	49788.407	49562.162	0.454	169116.738	169099.668	0.010
59294.0	-117168.988	-116650.917	0.442	146907.365	146397.776	0.347	169100.889	169099.668	0.001
59294.1	-8443.731	-8407.081	0.434	187839.797	187337.829	0.267	169117.689	169117.019	0.000
59294.2	103587.969	103582.002	0.006	156899.752	156323.095	0.368	169117.858	169117.019	0.000
59294.3	175812.434	175796.568	0.009	65901.275	65281.757	0.940	169101.366	169117.019	0.009
59294.4	180658.293	180506.899	0.084	-50219.723	-50827.163	1.210	169117.442	169117.019	0.000
59294.5	116162.246	115904.273	0.222	-146955.753	-147418.929	0.315	169100.705	169117.019	0.010
59294.6	7056.445	6795.492	3.698	-187106.493	-187403.208	0.159	169116.869	169117.019	0.000
59294.7	-104793.029	-104922.694	0.124	-155300.503	-155426.412	0.081	169116.905	169117.019	0.000
59294.8	-176436.053	-176351.549	0.048	-63707.788	-63767.330	0.093	169117.212	169117.019	0.000
59294.9	-180447.694	-180063.062	0.213	52580.983	52377.808	0.386	169117.712	169117.019	0.000
59295.0	-115146.840	-114632.048	0.447	148863.198	148410.360	0.304	169085.483	169117.019	0.019
59295.1	-5655.642	-5582.851	1.287	188234.301	187780.307	0.241	169102.279	169117.977	0.009
59295.2	106077.099	106124.691	0.045	155576.385	155016.650	0.360	169118.822	169117.977	0.000
59295.3	177108.505	177081.346	0.015	63349.164	62728.053	0.980	169102.317	169117.977	0.009
59295.4	180160.257	180040.425	0.067	-52992.307	-53647.529	1.236	169134.768	169117.977	0.010
59295.5	114127.382	113865.668	0.229	-148898.767	-149422.962	0.352	169118.026	169117.977	0.000
59295.6	4247.890	3967.561	6.599	-187499.089	-187821.379	0.172	169117.805	169117.977	0.000
59295.7	-107291.682	-107454.051	0.151	-153962.491	-154098.146	0.088	169117.856	169117.977	0.000
59295.8	-177730.183	-177614.315	0.065	-61135.316	-61202.670	0.110	169118.169	169117.977	0.000
59295.9	-179921.843	-179572.347	0.194	55345.826	55194.058	0.274	169135.065	169117.977	0.010
59296.0	-113095.598	-112576.281	0.459	150825.753	150396.785	0.284	169151.993	169117.977	0.020
59296.1	-2854.645	-2784.773	2.448	188587.141	188128.313	0.243	169119.625	169118.928	0.000
59296.2	108519.545	108590.589	0.065	154205.811	153649.280	0.361	169136.164	169118.928	0.010
59296.3	178304.706	178268.182	0.020	60787.014	60170.364	1.014	169119.633	169118.928	0.000
59296.4	179637.436	179492.464	0.081	-55790.646	-56413.409	1.116	169119.308	169118.928	0.000
59296.5	112053.250	111793.323	0.232	-150847.944	-151334.961	0.323	169118.945	169118.928	0.000
59296.6	1427.813	1166.593	18.295	-187850.375	-188145.306	0.157	169102.350	169118.928	0.010
59296.7	-109775.964	-109908.097	0.120	-152582.374	-152709.618	0.083	169118.788	169118.928	0.000
59296.8	-178895.139	-178779.108	0.065	-58569.370	-58634.868	0.112	169135.505	169118.928	0.010
59296.9	-179352.501	-179000.618	0.196	58109.386	57955.122	0.265	169136.022	169118.928	0.010
59297.0	-111010.505	-110487.567	0.471	152696.233	152290.889	0.265	169136.571	169118.928	0.010
59297.1	-24.695	2.200	108.910	188926.462	188410.788	0.273	169153.343	169136.262	0.010
59297.2	111010.896	111008.903	0.002	152809.739	152235.503	0.376	169137.095	169136.262	0.000
59297.3	179434.985	179389.227	0.026	58215.297	57603.212	1.051	169136.944	169136.262	0.000
59297.4	179068.102	178885.770	0.102	-58589.109	-59148.172	0.954	169136.596	169136.262	0.000
59297.5	109946.784	109691.854	0.232	-152737.083	-153187.213	0.295	169119.854	169136.262	0.010
59297.6	-1404.900	-1622.706	15.503	-188158.721	-188403.800	0.130	169136.031	169136.262	0.000
59297.7	-112180.977	-112314.162	0.119	-151146.210	-151275.093	0.085	169136.096	169136.262	0.000
59297.8	-180022.961	-179878.032	0.081	-55977.452	-56058.169	0.144	169152.821	169136.262	0.010
59297.9	-178741.188	-178370.424	0.207	60869.851	60684.566	0.304	169153.346	169136.262	0.010
59298.0	-108884.760	-108370.245	0.473	154572.026	154124.998	0.289	169153.886	169136.262	0.010
59298.1	2797.325	2862.603	2.334	189197.285	188727.365	0.248	169137.894	169153.569	0.009
59298.2	113423.211	113506.641	0.074	151355.990	150806.019	0.363	169170.781	169153.569	0.010
59298.3	180528.793	180565.194	0.020	55620.598	54976.574	1.158	169170.621	169153.569	0.010
59298.4	178406.855	178288.404	0.066	-61298.952	-61963.359	1.084	169153.890	169153.569	0.000
59298.5	107810.364	107550.539	0.241	-154598.501	-155109.944	0.331	169137.134	169153.569	0.010
59298.6	-4205.044	-4485.726	6.675	-188375.495	-188695.764	0.170	169153.316	169153.569	0.000
59298.7	-114632.992	-114799.513	0.145	-149687.179	-149824.179	0.092	169169.774	169153.569	0.010
59298.8	-181115.276	-181031.364	0.046	-53365.906	-53421.514	0.104	169137.357	169153.569	0.010
59298.9	-178086.152	-177748.868	0.189	63627.671	63494.511	0.209	169170.656	169153.569	0.010
59299.0	-106729.343	-106212.472	0.484	156452.827	156029.240	0.271	169171.193	169153.569	0.010
59299.1	5612.723	5671.479	1.047	189397.615	188925.333	0.249	169155.189	169170.865	0.009
59299.2	115850.630	115892.864	0.036	149870.611	149311.054	0.373	169155.302	169170.865	0.009
59299.3	181645.801	181612.476	0.018	52977.404	52362.731	1.160	169171.507	169170.865	0.000
59299.4	177733.274	177594.599	0.078	-64063.288	-64692.391	0.982	169171.155	169170.865	0.000
59299.5	105640.378	105382.061	0.245	-156398.639	-156906.240	0.325	169187.168	169170.865	0.010
59299.6	-7016.364	-7296.201	3.988	-188548.869	-188869.565	0.170	169203.360	169170.865	0.019
59299.7	-117036.702	-117172.790	0.116	-148178.581	-148308.746	0.088	169170.671	169170.865	0.000
59299.8	-182139.035	-182056.126	0.046	-50741.673	-50798.760	0.113	169187.419	169170.865	0.010
59299.9	-177404.502	-177031.616	0.210	66409.989	66217.475	0.290	169187.956	169170.865	0.010
59300.0	-104546.740	-104028.625	0.496	158207.023	157806.819	0.253	169204.886	169170.865	0.020
59300.1	8432.854	8447.139	0.169	189559.636	189031.256	0.279	169188.876	169188.157	0.000
59300.2	118229.180	118198.018	0.026	148336.653	147761.288	0.388	169205.349	169188.157	0.010
59300.3	182695.757	182561.966	0.073	50326.554	49752.371	1.141	169221.548	169188.157	0.020
59300.4	177017.273	176823.830	0.109	-66822.655	-67360.990	0.806	169188.418	169188.157	0.000
59300.5	103435.506	103187.001	0.240	-158202.347	-158608.363	0.257	169188.048	169188.157	0.000
59300.6	-9838.036	-10072.669	2.385	-188678.540	-188951.611	0.145	169220.627	169188.157	0.019
59300.7	-119422.924	-119464.529	0.035	-146629.423	-146739.211	0.075	169187.953	169188.157	0.000
59300.8	-183126.078	-182983.129	0.078	-48097.948	-48180.330	0.171	169204.714	169188.157	0.010
59300.9	-176627.700	-176237.923	0.221	69104.291	68879.346	0.326	169205.259	169188.157	0.010
59301.0	-102327.131	-101819.006	0.497	159997.486	159489.999	0.317	169205.805	169188.157	0.010
59301.1	11286.624	11294.857	0.073	189701.077	189169.829	0.280	169222.554	169205.449	0.010
59301.2	120589.684	120580.631	0.008	146763.180	146195.450	0.387	169206.254	169205.449	0.000
59301.3	183646.542	183564.574	0.045	47677.716	47083.387	1.247	169255.214	169205.449	0.029
59301.4	176224.006	176061.441	0.092	-69520.837	-70108.254	0.845	169222.077	169205.449	0.010
59301.5	101199.645	100952.364	0.244	-159976.448	-160378.983	0.252	169221.706	169205.449	0.010
59301.6	-12707.089	-12921.474	1.687	-188818.334	-189065.686	0.131	169221.532	169205.449	0.010
59301.7	-121726.817	-121833.587	0.088	-145026.244	-145152.938	0.087	169238.019	169205.449	0.019
59301.8	-184134.968	-183962.745	0.094	-45406.473	-45502.822	0.212	169222.026	169205.449	0.010
59301.9	-175826.783	-175451.933	0.213	71820.078	71619.951	0.279	169255.348	169205.449	0.029
59302.0	-100072.582	-99569.223	0.503	161757.912	161241.334	0.319	169239.503	169205.449	0.020
59302.1	14124.200	14151.472	0.193	189777.544	189264.857	0.270	169239.874	169239.135	0.000
59302.2	122930.669	122944.778	0.011	145154.191	144589.183	0.389	169239.950	169239.135	0.000
59302.3	184589.167	184528.441	0.033	44995.493	44392.618	1.340	169239.744	169239.135	0.000
59302.4	175420.411	175254.913	0.094	-72269.750	-72850.296	0.803	169255.752	169239.135	0.010
59302.5	98941.019	98685.141	0.259	-161655.337	-162119.380	0.287	169255.396	169239.135	0.010
59302.6	-15542.353	-15778.801	1.521	-188864.324	-189136.141	0.144	169255.222	169239.135	0.010
59302.7	-124107.425	-124183.830	0.062	-143405.806	-143526.397	0.084	169255.338	169239.135	0.010
59302.8	-185045.146	-184903.433	0.077	-42720.347	-42803.861	0.195	169255.742	169239.135	0.010
59302.9	-174998.591	-174621.851	0.215	74558.504	74354.955	0.273	169272.689	169239.135	0.020
59303.0	-97802.174	-97287.115	0.527	163390.845	162962.166	0.262	169273.241	169239.135	0.020
59303.1	16994.846	16990.811	0.024	189831.981	189295.063	0.283	169257.210	169289.244	0.019
59303.2	125284.235	125256.774	0.022	143513.858	142940.719	0.399	169290.057	169289.244	0.000
59303.3	185465.075	185425.309	0.021	42310.710	41698.479	1.447	169289.846	169289.244	0.000
59303.4	174560.556	174392.264	0.096	-74981.802	-75555.586	0.765	169273.080	169289.244	0.010
59303.5	96639.444	96394.224	0.254	-163367.937	-163797.015	0.263	169272.713	169289.244	0.010
59303.6	-18385.997	-18618.294	1.263	-188865.710	-189141.924	0.146	169272.552	169289.244	0.010
59303.7	-126371.495	-126481.562	0.087	-141729.154	-141858.108	0.091	169289.079	169289.244	0.000
59303.8	-185888.781	-185777.096	0.060	-40032.403	-40102.108	0.174	169322.270	169289.244	0.020
59303.9	-174112.791	-173735.966	0.216	77260.765	77052.726	0.269	169290.066	169289.244	0.000
59304.0	-95484.017	-94981.854	0.526	165122.924	164620.035	0.305	169323.384	169289.244	0.020
59304.1	19800.006	19842.757	0.216	189776.281	189276.344	0.263	169323.742	169306.596	0.010
59304.2	127522.156	127550.131	0.022	141811.063	141245.296	0.399	169340.186	169306.596	0.020
59304.3	186359.038	186279.450	0.043	39574.160	38977.378	1.508	169307.193	169306.596	0.000
59304.4	173638.591	173479.206	0.092	-77659.484	-78257.488	0.770	169339.579	169306.596	0.019
59304.5	94324.107	94064.573	0.275	-164985.333	-165442.212	0.277	169322.847	169306.596	0.010
59304.6	-21209.877	-21469.974	1.226	-188803.234	-189098.677	0.156	169322.685	169306.596	0.010
59304.7	-128679.388	-128760.253	0.063	-140027.123	-140143.023	0.083	169322.842	169306.596	0.010
59304.8	-186750.198	-186607.801	0.076	-37292.643	-37373.761	0.218	169356.036	169306.596	0.029
59304.9	-173167.145	-172799.703	0.212	79927.348	79746.674	0.226	169356.615	169306.596	0.030
59305.0	-93161.582	-92638.139	0.562	166661.882	166245.134	0.250	169340.791	169306.596	0.020
59305.1	22636.020	22623.514	0.055	189698.820	189152.181	0.288	169357.518	169356.759	0.000
59305.2	129803.427	129723.842	0.061	140083.326	139506.616	0.412	169357.567	169356.759	0.000
59305.3	187126.520	187011.430	0.062	36864.705	36291.818	1.554	169357.340	169356.759	0.000
59305.4	172665.260	172488.382	0.102	-80296.496	-80858.698	0.700	169356.957	169356.759	0.000
59305.5	91973.477	91731.412	0.263	-166570.019	-166960.232	0.234	169372.985	169356.759	0.010
59305.6	-24038.612	-24249.560	0.878	-188697.921	-188950.602	0.134	169372.835	169356.759	0.009
59305.7	-130902.113	-130918.929	0.013	-138272.217	-138385.712	0.082	169372.997	169356.759	0.010
59305.8	-187514.499	-187316.656	0.106	-34565.825	-34682.005	0.336	169373.439	169356.759	0.010
59305.9	-172183.012	-171786.543	0.230	82583.457	82339.266	0.296	169406.798	169356.759	0.030
59306.0	-90780.891	-90292.008	0.539	168330.286	167743.031	0.349	169407.349	169356.759	0.030
59306.1	25475.373	25502.341	0.106	189579.850	189077.197	0.265	169391.306	169406.931	0.009
59306.2	131997.815	132005.769	0.006	138312.303	137749.893	0.407	169407.736	169406.931	0.000
59306.3	187855.892	187820.218	0.019	34140.385	33527.921	1.794	169407.493	169406.931	0.000
59306.4	171688.933	171513.465	0.102	-83014.608	-83568.459	0.667	169374.329	169406.931	0.019
59306.5	89604.250	89347.148	0.287	-168090.863	-168575.333	0.288	169406.746	169406.931	0.000
59306.6	-26894.017	-27127.636	0.869	-188573.509	-188850.860	0.147	169390.220	169406.931	0.010
59306.7	-133102.106	-133185.662	0.063	-136486.185	-136609.427	0.090	169423.164	169406.931	0.010
59306.8	-188239.196	-188101.642	0.073	-31821.764	-31911.254	0.281	169407.222	169406.931	0.000
59306.9	-171170.570	-170788.355	0.223	85260.042	85040.541	0.257	169424.209	169406.931	0.010
59307.0	-88395.896	-87893.941	0.568	169837.558	169337.566	0.294	169441.144	169406.931	0.020
59307.1	28269.324	28342.717	0.260	189374.790	188908.657	0.246	169474.248	169440.699	0.020
59307.2	134137.895	134201.506	0.047	136497.286	135940.230	0.408	169441.507	169440.699	0.000
59307.3	188574.370	188528.174	0.024	31383.764	30772.029	1.949	169457.637	169440.699	0.010
59307.4	170631.368	170461.791	0.099	-85632.592	-86212.343	0.677	169424.469	169440.699	0.010
59307.5	87192.337	86939.678	0.290	-169642.828	-170091.983	0.265	169456.879	169440.699	0.010
59307.6	-29728.131	-29966.457	0.802	-188384.581	-188657.896	0.145	169440.365	169440.699	0.000
59307.7	-135280.096	-135365.753	0.063	-134659.155	-134780.945	0.090	169456.928	169440.699	0.010
59307.8	-188927.985	-188785.869	0.075	-29068.101	-29149.375	0.280	169473.776	169440.699	0.020
59307.9	-170082.858	-169713.980	0.217	87869.710	87675.283	0.221	169457.980	169440.699	0.010
59308.0	-85981.740	-85473.514	0.591	171311.740	170833.453	0.279	169474.920	169440.699	0.020
59308.1	31137.282	31159.128	0.070	189195.052	188678.024	0.273	169491.638	169474.467	0.010
59308.2	136319.706	136341.296	0.016	134657.799	134094.516	0.418	169475.267	169474.467	0.000
59308.3	189196.109	189169.684	0.014	28643.960	28019.970	2.178	169491.387	169474.467	0.010
59308.4	169530.608	169358.687	0.101	-88240.521	-88813.982	0.650	169507.356	169474.467	0.019
59308.5	84767.870	84515.541	0.298	-171097.645	-171544.197	0.261	169506.998	169474.467	0.019
59308.6	-32566.554	-32780.780	0.658	-188150.764	-188403.048	0.134	169506.876	169474.467	0.019
59308.7	-137402.045	-137489.589	0.064	-132794.463	-132916.895	0.092	169539.831	169474.467	0.039
59308.8	-189601.587	-189403.685	0.104	-26276.145	-26391.900	0.441	169507.532	169474.467	0.020
59308.9	-168965.280	-168588.541	0.223	90463.345	90267.337	0.217	169524.521	169474.467	0.030
59309.0	-83550.349	-83036.977	0.614	172721.244	172264.763	0.264	169525.065	169474.467	0.030
59309.1	33986.756	34050.725	0.188	188946.512	188470.346	0.252	169558.147	169524.594	0.020
59309.2	138445.652	138555.361	0.079	132776.720	132223.051	0.417	169558.150	169524.594	0.020
59309.3	189835.209	189856.037	0.011	25857.590	25203.343	2.530	169541.495	169524.594	0.010
59309.4	168386.786	168253.774	0.079	-90837.550	-91494.212	0.723	169557.449	169524.594	0.019
59309.5	82305.259	82043.639	0.318	-172549.638	-173058.847	0.295	169557.086	169524.594	0.019
59309.6	-35382.125	-35670.484	0.815	-187852.269	-188170.507	0.169	169573.361	169524.594	0.029
59309.7	-139500.065	-139687.476	0.134	-130894.573	-131026.456	0.101	169557.173	169524.594	0.019
59309.8	-190149.438	-190065.786	0.044	-23518.074	-23569.475	0.219	169590.417	169524.594	0.039
59309.9	-167809.529	-167460.616	0.208	93079.606	92937.965	0.152	169574.638	169524.594	0.030
59310.0	-81067.659	-80552.139	0.636	174192.103	173758.097	0.249	169558.792	169524.594	0.020
59310.1	36787.804	36846.224	0.159	188612.519	188132.111	0.255	169575.492	169574.704	0.000
59310.2	140547.012	140614.857	0.048	130866.404	130302.715	0.431	169591.875	169574.704	0.010
59310.3	190429.973	190388.703	0.022	23050.644	22438.297	2.657	169607.955	169574.704	0.020
59310.4	167207.496	167055.072	0.091	-93419.939	-94042.217	0.666	169607.536	169574.704	0.019
59310.5	79829.904	79573.859	0.321	-173936.886	-174411.400	0.273	169623.553	169574.704	0.029
59310.6	-38222.542	-38462.970	0.629	-187533.265	-187808.241	0.147	169607.062	169574.704	0.019
59310.7	-141573.336	-141730.379	0.111	-128963.623	-129088.478	0.097	169623.657	169574.704	0.029
59310.8	-190688.248	-190574.651	0.060	-20734.453	-20799.949	0.316	169624.143	169574.704	0.029
59310.9	-166594.128	-166240.043	0.213	95620.260	95475.565	0.151	169624.750	169574.704	0.030
59311.0	-78584.731	-78070.817	0.654	175533.784	175089.357	0.253	169608.899	169574.704	0.020
59311.1	39613.200	39640.300	0.068	188258.385	187753.377	0.268	169658.357	169641.182	0.010
59311.2	142656.872	142649.342	0.005	128914.112	128350.492	0.437	169674.718	169641.182	0.020
59311.3	190956.995	190882.374	0.039	20248.886	19662.222	2.897	169658.020	169641.182	0.010
59311.4	165983.327	165818.364	0.099	-95990.854	-96576.157	0.610	169657.596	169641.182	0.010
59311.5	77329.141	77081.656	0.320	-175289.498	-175730.197	0.251	169657.236	169641.182	0.009
59311.6	-40989.169	-41253.686	0.645	-187106.336	-187405.489	0.160	169706.285	169641.182	0.038
59311.7	-143621.642	-143747.998	0.088	-126995.823	-127118.829	0.097	169706.508	169641.182	0.038
59311.8	-191156.856	-191044.427	0.059	-17952.281	-18019.731	0.376	169706.996	169641.182	0.039
59311.9	-165348.104	-164981.586	0.222	98178.957	97998.775	0.184	169707.615	169641.182	0.039
59312.0	-76059.152	-75567.363	0.647	176903.935	176386.670	0.292	169708.143	169641.182	0.039
59312.1	42441.121	42462.049	0.049	187857.961	187349.291	0.271	169708.434	169707.641	0.000
59312.2	144675.778	144691.252	0.011	126922.006	126361.483	0.442	169708.400	169707.641	0.000
59312.3	191418.071	191360.370	0.030	17455.917	16852.049	3.459	169724.472	169707.641	0.010
59312.4	164705.301	164548.899	0.095	-98517.837	-99128.414	0.620	169724.034	169707.641	0.010
59312.5	74799.355	74552.194	0.330	-176605.746	-177044.494	0.248	169740.056	169707.641	0.019
59312.6	-43858.112	-44071.855	0.487	-186717.348	-186977.149	0.139	169756.342	169707.641	0.029
59312.7	-145677.093	-145772.725	0.066	-124988.129	-125112.331	0.099	169740.188	169707.641	0.019
59312.8	-191639.846	-191498.235	0.074	-15122.436	-15205.550	0.550	169773.469	169707.641	0.039
59312.9	-164071.981	-163690.217	0.233	100754.794	100540.019	0.213	169757.704	169707.641	0.029
59313.0	-73538.667	-73026.691	0.696	178145.221	177679.163	0.262	169774.625	169707.641	0.039
59313.1	45238.371	45281.724	0.096	187399.567	186903.597	0.265	169758.525	169774.102	0.009
59313.2	146635.595	146706.969	0.049	124902.106	124340.075	0.450	169791.245	169774.102	0.010
59313.3	191890.505	191798.114	0.048	14611.573	14031.130	3.972	169790.917	169774.102	0.010
59313.4	163410.046	163240.581	0.104	-101091.508	-101665.638	0.568	169790.471	169774.102	0.010
59313.5	72258.975	72000.194	0.358	-177856.228	-178323.754	0.263	169806.503	169774.102	0.019
59313.6	-46620.156	-46887.592	0.574	-186207.453	-186507.219	0.161	169822.793	169774.102	0.029
59313.7	-147640.450	-147770.982	0.088	-122948.948	-123073.661	0.101	169839.419	169774.102	0.038
59313.8	-192050.664	-191911.700	0.072	-12293.819	-12380.970	0.709	169823.546	169774.102	0.029
59313.9	-162729.967	-162360.124	0.227	103255.392	103065.897	0.184	169840.562	169774.102	0.039
59314.0	-70969.618	-70463.783	0.713	179411.847	178936.426	0.265	169841.095	169774.102	0.039
59314.1	48037.378	48046.725	0.019	186893.681	186376.317	0.277	169874.143	169840.571	0.020
59314.2	148634.267	148630.443	0.003	122845.671	122284.958	0.456	169857.703	169840.571	0.010
59314.3	192211.402	192141.464	0.036	11827.372	11237.321	4.989	169840.980	169840.571	0.000
59314.4	162039.585	161871.963	0.103	-103557.862	-104125.342	0.548	169840.531	169840.571	0.000
59314.5	69689.836	69445.146	0.351	-179068.944	-179504.850	0.243	169856.565	169840.571	0.009
59314.6	-49405.695	-49647.956	0.490	-185674.930	-185956.177	0.151	169889.251	169840.571	0.029
59314.7	-149609.492	-149676.708	0.045	-120874.543	-121002.076	0.106	169905.885	169840.571	0.038
59314.8	-192368.422	-192231.008	0.071	-9494.801	-9584.312	0.943	169890.025	169840.571	0.029
59314.9	-161338.871	-160970.402	0.228	105708.943	105513.739	0.185	169907.045	169840.571	0.039
59315.0	-68389.401	-67898.671	0.718	180611.840	180095.502	0.286	169891.197	169840.571	0.030
59315.1	50805.430	50863.317	0.114	186328.337	185843.047	0.260	169891.477	169939.810	0.028
59315.2	150572.740	150592.072	0.013	120753.971	120194.604	0.463	169924.169	169939.810	0.009
59315.3	192519.187	192494.883	0.013	9016.281	8392.560	6.918	169956.590	169939.810	0.010
59315.4	160650.997	160481.463	0.106	-106069.936	-106632.148	0.530	169923.370	169939.810	0.010
59315.5	67098.197	66844.666	0.378	-180245.169	-180711.111	0.259	169955.789	169939.810	0.009
59315.6	-52245.581	-52459.857	0.410	-185131.710	-185398.701	0.144	169939.327	169939.810	0.000
59315.7	-151485.304	-151620.286	0.089	-118768.737	-118894.928	0.106	169955.984	169939.810	0.010
59315.8	-192672.466	-192559.947	0.058	-6668.143	-6736.617	1.027	169989.290	169939.810	0.029
59315.9	-159938.384	-159558.393	0.238	108239.803	108008.492	0.214	169989.930	169939.810	0.029
59316.0	-65805.460	-65287.911	0.786	181712.461	181279.352	0.238	169990.464	169939.810	0.030
59316.1	53601.391	53652.018	0.094	185732.528	185244.662	0.263	169990.725	170006.292	0.009
59316.2	152450.355	152492.802	0.028	118629.035	118068.071	0.473	169990.649	170006.292	0.009
59316.3	192787.160	192777.779	0.005	6198.068	5554.447	10.384	170006.690	170006.292	0.000
59316.4	159200.377	159037.896	0.102	-108503.425	-109092.033	0.542	170022.605	170006.292	0.010
59316.5	64482.791	64228.952	0.394	-181383.775	-181848.194	0.256	170022.261	170006.292	0.009
59316.6	-55000.466	-55243.308	0.442	-184489.909	-184776.354	0.155	170038.572	170006.292	0.019
59316.7	-153398.227	-153502.655	0.068	-116626.614	-116752.125	0.108	170038.863	170006.292	0.019
59316.8	-192931.027	-192818.422	0.058	-3827.403	-3896.175	1.797	170039.405	170006.292	0.019
59316.9	-158465.183	-158093.722	0.234	110660.942	110455.870	0.185	170040.052	170006.292	0.020
59317.0	-63178.227	-62662.514	0.816	182838.027	182393.896	0.243	170073.358	170006.292	0.039
59317.1	56391.980	56409.935	0.032	185095.590	184584.067	0.276	170073.612	170056.400	0.010
59317.2	154299.337	154332.005	0.021	116473.005	115909.409	0.484	170073.528	170056.400	0.010
59317.3	193059.141	192992.032	0.035	3323.549	2726.623	17.961	170105.932	170056.400	0.029
59317.4	157719.713	157544.927	0.111	-110950.697	-111503.160	0.498	170089.087	170056.400	0.019
59317.5	61868.204	61602.047	0.430	-182423.266	-182916.775	0.271	170121.512	170056.400	0.038
59317.6	-57748.801	-57995.441	0.427	-183808.093	-184092.063	0.154	170088.690	170056.400	0.019
59317.7	-155216.362	-155323.224	0.069	-114449.867	-114577.724	0.112	170121.743	170056.400	0.038
59317.8	-193146.134	-193008.345	0.071	-976.404	-1066.613	9.239	170122.303	170056.400	0.039
59317.9	-156961.708	-156580.070	0.243	113095.829	112854.067	0.214	170139.341	170056.400	0.049
59318.0	-60538.256	-60026.516	0.845	183894.295	183439.843	0.247	170139.876	170056.400	0.049
59318.1	59095.232	59189.017	0.159	184362.231	183900.510	0.250	170156.513	170139.297	0.010
59318.2	156151.661	156174.781	0.015	114281.762	113719.722	0.492	170156.415	170139.297	0.010
59318.3	193237.999	193190.893	0.024	482.326	-128.373	126.615	170188.811	170139.297	0.029
59318.4	156190.170	156023.512	0.107	-113348.314	-113927.174	0.511	170171.964	170139.297	0.019
59318.5	59209.744	58944.566	0.448	-183486.213	-183979.009	0.269	170188.008	170139.297	0.029
59318.6	-60520.272	-60768.542	0.410	-183099.623	-183384.628	0.156	170204.348	170139.297	0.038
59318.7	-157037.869	-157147.099	0.070	-112244.251	-112372.269	0.114	170188.264	170139.297	0.029
59318.8	-193295.367	-193182.643	0.058	1859.598	1789.988	3.743	170237.985	170139.297	0.058
59318.9	-155413.880	-155037.863	0.242	115479.880	115264.906	0.186	170222.266	170139.297	0.049
59319.0	-57867.565	-57359.997	0.877	184943.955	184479.181	0.251	170239.180	170139.297	0.059
59319.1	61876.619	61908.225	0.051	183637.364	183137.047	0.272	170239.417	170205.816	0.020
59319.2	157875.837	157922.099	0.029	112063.996	111500.748	0.503	170272.078	170205.816	0.039
59319.3	193372.159	193295.367	0.040	-2368.778	-2950.793	24.570	170238.927	170205.816	0.019
59319.4	154604.430	154445.026	0.103	-115663.595	-116269.257	0.524	170287.614	170205.816	0.048
59319.5	56542.171	56289.243	0.447	-184479.969	-184941.416	0.250	170287.277	170205.816	0.048
59319.6	-63261.389	-63481.082	0.347	-182324.824	-182597.805	0.150	170254.467	170205.816	0.029
59319.7	-158764.046	-158875.267	0.070	-110014.158	-110138.348	0.113	170303.949	170205.816	0.058
59319.8	-193400.092	-193262.838	0.071	4705.102	4613.202	1.953	170304.518	170205.816	0.058
59319.9	-153822.294	-153439.291	0.249	117845.950	117593.325	0.214	170321.572	170205.816	0.068
59320.0	-55197.810	-54696.494	0.908	185892.971	185418.714	0.255	170322.095	170205.816	0.068
59320.1	64652.728	64648.319	0.007	182867.678	182348.787	0.284	170338.707	170321.491	0.010
59320.2	159634.686	159671.684	0.023	109809.428	109249.432	0.510	170338.590	170321.491	0.010
59320.3	193439.687	193382.619	0.030	-5204.030	-5800.680	11.465	170354.579	170321.491	0.019
59320.4	152998.857	152836.441	0.106	-118055.489	-118623.386	0.481	170337.720	170321.491	0.010
59320.5	53838.547	53602.502	0.438	-185463.486	-185895.823	0.233	170386.544	170321.491	0.038
59320.6	-66022.539	-66214.296	0.290	-181525.709	-181786.007	0.143	170386.514	170321.491	0.038
59320.7	-160491.113	-160605.424	0.071	-107741.731	-107872.068	0.121	170386.845	170321.491	0.038
59320.8	-193437.224	-193325.575	0.058	7535.669	7463.734	0.955	170403.818	170321.491	0.048
59320.9	-152176.594	-151810.517	0.241	120128.377	119933.532	0.162	170420.872	170321.491	0.058
59321.0	-52510.443	-52001.644	0.969	186803.974	186349.978	0.243	170437.781	170321.491	0.068
59321.1	67279.217	67354.986	0.113	181974.158	181497.373	0.262	170421.619	170437.158	0.009
59321.2	161329.446	161357.051	0.017	107525.340	106966.783	0.519	170437.861	170437.158	0.000
59321.3	193486.495	193399.521	0.045	-8069.383	-8638.049	7.047	170437.458	170437.158	0.000
59321.4	151346.555	151178.388	0.111	-120361.672	-120925.951	0.469	170436.987	170437.158	0.000
59321.5	51140.438	50906.171	0.458	-186346.813	-186779.422	0.232	170469.417	170437.158	0.019
59321.6	-68660.610	-68913.539	0.368	-180621.502	-180911.345	0.160	170485.795	170437.158	0.029
59321.7	-162186.474	-162271.095	0.052	-105438.197	-105575.007	0.130	170486.119	170437.158	0.029
59321.8	-193456.387	-193318.072	0.071	10393.224	10301.143	0.886	170486.731	170437.158	0.029
59321.9	-150499.473	-150132.721	0.244	122422.145	122221.752	0.164	170503.780	170437.158	0.039
59322.0	-49788.048	-49297.813	0.985	187704.300	187210.353	0.263	170520.684	170437.158	0.049
59322.1	70099.962	70083.442	0.024	181145.981	180616.639	0.292	170520.889	170520.044	0.000
59322.2	163025.344	163042.749	0.011	105210.549	104647.604	0.535	170553.511	170520.044	0.020
59322.3	193443.604	193395.168	0.025	-10893.711	-11505.129	5.613	170536.714	170520.044	0.010
59322.4	149647.910	149485.656	0.108	-122648.090	-123240.001	0.483	170552.610	170520.044	0.019
59322.5	48440.527	48175.053	0.548	-187161.981	-187651.867	0.262	170552.284	170520.044	0.019
59322.6	-71379.278	-71634.319	0.357	-179716.237	-180007.176	0.162	170585.046	170520.044	0.038
59322.7	-163818.062	-163936.784	0.072	-103115.144	-103241.416	0.122	170552.625	170520.044	0.019
59322.8	-193405.375	-193289.060	0.060	13236.564	13168.080	0.517	170602.390	170520.044	0.048
59322.9	-148796.605	-148420.149	0.253	124758.914	124521.157	0.191	170603.060	170520.044	0.049
59323.0	-47059.488	-46559.292	1.063	188534.269	188059.276	0.252	170603.571	170520.044	0.049
59323.1	72709.461	72801.671	0.127	180167.198	179695.624	0.262	170636.541	170619.309	0.010
59323.2	164622.750	164696.450	0.045	102867.581	102301.905	0.550	170619.985	170619.309	0.000
59323.3	193379.411	193349.337	0.016	-13746.758	-14374.787	4.569	170652.336	170619.309	0.019
59323.4	147920.211	147757.890	0.110	-124944.178	-125531.695	0.470	170635.460	170619.309	0.009
59323.5	45678.367	45428.798	0.546	-188024.652	-188485.609	0.245	170684.288	170619.309	0.038
59323.6	-74059.710	-74344.526	0.385	-178752.585	-179062.816	0.174	170684.283	170619.309	0.038
59323.7	-165416.730	-165570.249	0.093	-100760.859	-100881.580	0.120	170668.268	170619.309	0.029
59323.8	-193333.689	-193218.548	0.060	16107.690	16037.237	0.437	170685.265	170619.309	0.039
59323.9	-147040.473	-146672.736	0.250	127009.657	126797.906	0.167	170685.933	170619.309	0.039
59324.0	-44313.280	-43805.968	1.145	189323.969	188869.366	0.240	170719.207	170619.309	0.059
59324.1	75398.194	75482.268	0.112	179187.723	178714.627	0.264	170735.776	170718.551	0.010
59324.2	166220.092	166284.405	0.039	100494.735	99929.911	0.562	170735.598	170718.551	0.010
59324.3	193268.388	193234.890	0.017	-16606.576	-17226.954	3.736	170735.162	170718.551	0.010
59324.4	146142.862	145984.988	0.108	-127153.069	-127768.830	0.484	170767.439	170718.551	0.029
59324.5	42942.395	42678.219	0.615	-188758.428	-189248.673	0.260	170750.729	170718.551	0.019
59324.6	-76788.321	-77016.586	0.297	-177776.053	-178058.799	0.159	170783.502	170718.551	0.038
59324.7	-167045.405	-167137.744	0.055	-98359.668	-98496.016	0.139	170800.252	170718.551	0.048
59324.8	-193192.017	-193079.575	0.058	18962.112	18888.314	0.389	170768.109	170718.551	0.029
59324.9	-145244.667	-144880.659	0.251	129237.767	129019.709	0.169	170801.546	170718.551	0.049
59325.0	-41566.050	-41048.928	1.244	190044.371	189608.745	0.229	170802.056	170718.551	0.049
59325.1	78076.577	78122.765	0.059	178165.304	177677.031	0.274	170818.609	170801.388	0.010
59325.2	167783.367	167806.613	0.014	98091.210	97535.811	0.566	170851.183	170801.388	0.029
59325.3	193070.183	193054.294	0.008	-19420.044	-20058.246	3.286	170850.742	170801.388	0.029
59325.4	144329.183	144170.936	0.110	-129338.347	-129950.125	0.473	170866.627	170801.388	0.038
59325.5	40190.891	39927.290	0.656	-189451.673	-189942.373	0.259	170866.305	170801.388	0.038
59325.6	-79419.192	-79648.061	0.288	-176710.431	-176998.531	0.163	170866.310	170801.388	0.038
59325.7	-168512.549	-168639.304	0.075	-95960.830	-96088.912	0.133	170883.082	170801.388	0.048
59325.8	-193009.246	-192874.634	0.070	21816.633	21717.949	0.452	170900.097	170801.388	0.058
59325.9	-143408.675	-143047.913	0.252	131376.592	131185.321	0.146	170900.766	170801.388	0.058
59326.0	-38783.441	-38292.134	1.267	190750.534	190278.759	0.247	170934.026	170801.388	0.078
59326.1	80713.109	80753.374	0.050	177088.471	176593.855	0.279	170934.191	170916.966	0.010
59326.2	169280.308	169293.976	0.008	95666.503	95110.708	0.581	170933.987	170916.966	0.010
59326.3	192893.161	192827.278	0.034	-22309.227	-22894.060	2.621	170966.295	170916.966	0.029
59326.4	142481.738	142316.712	0.116	-131564.960	-132107.723	0.413	170949.404	170916.966	0.019
59326.5	37402.659	37157.863	0.654	-190129.161	-190593.259	0.244	170981.848	170916.966	0.038
59326.6	-82037.098	-82269.257	0.283	-175604.868	-175892.770	0.164	170998.255	170916.966	0.048
59326.7	-170039.847	-170105.754	0.039	-93506.871	-93651.106	0.154	170982.263	170916.966	0.038
59326.8	-192759.214	-192623.236	0.071	24649.976	24551.705	0.399	171015.673	170916.966	0.058
59326.9	-141539.656	-141175.200	0.257	133556.599	133326.891	0.172	170999.958	170916.966	0.049
59327.0	-36003.907	-35517.211	1.352	191388.101	190905.801	0.252	171016.833	170916.966	0.058
59327.1	83338.973	83401.736	0.075	175966.101	175481.635	0.275	171016.985	171048.911	0.019
59327.2	170774.013	170778.571	0.003	93205.677	92651.678	0.594	171049.534	171048.911	0.000
59327.3	192603.538	192578.036	0.013	-25128.974	-25755.655	2.494	171049.060	171048.911	0.000
59327.4	140588.268	140429.341	0.113	-133668.700	-134273.058	0.452	171048.556	171048.911	0.000
59327.5	34587.554	34357.094	0.666	-190795.810	-191230.866	0.228	171081.004	171048.911	0.019
59327.6	-84703.473	-84907.954	0.241	-174480.829	-174757.813	0.159	171097.415	171048.911	0.028
59327.7	-171468.425	-171569.144	0.059	-91042.064	-91179.398	0.151	171130.582	171048.911	0.048
59327.8	-192462.546	-192349.391	0.059	27486.567	27411.051	0.275	171114.850	171048.911	0.039
59327.9	-139631.458	-139269.274	0.259	135678.866	135475.913	0.150	171131.911	171048.911	0.049
59328.0	-33206.782	-32711.062	1.493	191982.121	191519.295	0.241	171132.393	171048.911	0.049
59328.1	85951.779	86007.684	0.065	174801.823	174312.634	0.280	171148.921	171131.693	0.010
59328.2	172168.637	172195.442	0.016	90733.752	90171.757	0.619	171148.696	171131.693	0.010
59328.3	192294.797	192261.764	0.017	-27970.768	-28594.229	2.229	171197.363	171131.693	0.038
59328.4	138662.433	138501.371	0.116	-135812.107	-136380.299	0.418	171180.465	171131.693	0.028
59328.5	31785.246	31557.750	0.716	-191359.944	-191797.613	0.229	171196.530	171131.693	0.038
59328.6	-87266.275	-87503.751	0.272	-173275.290	-173566.441	0.168	171196.575	171131.693	0.038
59328.7	-172861.031	-172964.633	0.060	-88549.830	-88687.383	0.155	171213.369	171131.693	0.048
59328.8	-192144.389	-192008.716	0.071	30347.056	30246.800	0.330	171230.416	171131.693	0.058
59328.9	-137685.919	-137323.252	0.263	137775.406	137566.494	0.152	171247.478	171131.693	0.068
59329.0	-30398.026	-29906.947	1.615	192535.409	192061.944	0.246	171247.960	171131.693	0.068
59329.1	88582.057	88568.340	0.015	173605.676	173092.136	0.296	171248.090	171247.249	0.000
59329.2	173526.619	173545.376	0.011	88233.269	87676.911	0.631	171313.389	171247.249	0.039
59329.3	191959.443	191882.614	0.040	-30840.087	-31405.425	1.833	171280.132	171247.249	0.019
59329.4	136695.220	136538.727	0.114	-137863.679	-138428.373	0.410	171295.996	171247.249	0.028
59329.5	29011.448	28765.248	0.849	-191830.545	-192296.123	0.243	171328.463	171247.249	0.047
59329.6	-89905.601	-90053.816	0.165	-172065.521	-172323.964	0.150	171312.127	171247.249	0.038
59329.7	-174218.626	-174293.059	0.043	-86036.404	-86181.018	0.168	171345.327	171247.249	0.057
59329.8	-191739.306	-191605.401	0.070	33157.184	33054.630	0.309	171345.995	171247.249	0.058
59329.9	-135703.339	-135343.065	0.265	139845.445	139597.611	0.177	171346.672	171247.249	0.058
59330.0	-27574.803	-27110.261	1.685	193045.401	192536.417	0.264	171379.921	171247.249	0.077
59330.1	91137.223	91176.978	0.044	172342.455	171849.633	0.286	171380.042	171395.581	0.009
59330.2	174847.867	174921.115	0.042	85707.002	85136.017	0.666	171412.564	171395.581	0.010
59330.3	191517.076	191497.183	0.010	-33632.368	-34269.032	1.893	171412.066	171395.581	0.010
59330.4	134698.182	134540.128	0.117	-139953.390	-140515.094	0.401	171411.551	171395.581	0.009
59330.5	26149.895	25920.925	0.876	-192365.826	-192804.677	0.228	171427.638	171395.581	0.019
59330.6	-92439.945	-92651.671	0.229	-170773.671	-171059.071	0.167	171444.080	171395.581	0.028
59330.7	-175537.991	-175646.893	0.062	-83492.553	-83628.385	0.163	171460.911	171395.581	0.038
59330.8	-191329.132	-191195.355	0.070	36018.363	35914.817	0.287	171461.585	171395.581	0.038
59330.9	-133685.989	-133326.593	0.269	141888.189	141667.066	0.156	171478.658	171395.581	0.048
59331.0	-24736.199	-24261.668	1.918	193510.533	193020.489	0.253	171495.516	171395.581	0.058
59331.1	93738.541	93709.141	0.031	171060.056	170541.500	0.303	171495.631	171478.399	0.010
59331.2	176194.997	176196.394	0.001	83138.031	82587.149	0.663	171511.759	171478.399	0.019
59331.3	191112.237	191025.883	0.045	-36524.885	-37079.893	1.520	171527.644	171478.399	0.029
59331.4	132666.714	132503.224	0.123	-141949.738	-142508.604	0.394	171543.520	171478.399	0.038
59331.5	23330.317	23100.568	0.985	-192775.693	-193215.347	0.228	171543.223	171478.399	0.038
59331.6	-95018.691	-95172.489	0.162	-169466.270	-169729.207	0.155	171543.294	171478.399	0.038
59331.7	-176788.940	-176900.202	0.063	-80934.631	-81068.643	0.166	171576.521	171478.399	0.057
59331.8	-190835.089	-190699.896	0.071	38824.964	38721.520	0.266	171577.208	171478.399	0.058
59331.9	-131634.168	-131272.617	0.275	143870.217	143642.983	0.158	171610.671	171478.399	0.077
59332.0	-21907.158	-21437.884	2.142	193907.360	193406.886	0.258	171611.139	171478.399	0.077
59332.1	96231.840	96286.393	0.057	169700.888	169215.184	0.286	171611.239	171610.395	0.000
59332.2	177442.551	177497.392	0.031	80566.281	79997.025	0.707	171643.749	171610.395	0.019
59332.3	190561.986	190551.056	0.006	-39285.465	-39939.243	1.664	171659.624	171610.395	0.029
59332.4	130596.042	130434.901	0.123	-143917.634	-144539.215	0.432	171675.496	171610.395	0.038
59332.5	20502.518	20232.966	1.315	-193144.209	-193637.484	0.255	171691.595	171610.395	0.047
59332.6	-97456.172	-97738.238	0.289	-168077.168	-168380.774	0.181	171691.684	171610.395	0.047
59332.7	-178034.264	-178178.875	0.081	-78345.814	-78467.425	0.155	171692.155	171610.395	0.048
59332.8	-190297.639	-190200.494	0.051	41627.790	41576.680	0.123	171725.616	171610.395	0.067
59332.9	-129551.101	-129186.906	0.281	145856.471	145655.729	0.138	171726.316	171610.395	0.068
59333.0	-19048.636	-18566.757	2.530	194287.827	193804.344	0.249	171743.160	171610.395	0.077
59333.1	98674.344	98815.116	0.143	168298.771	167839.008	0.273	171759.642	171742.411	0.010
59333.2	178681.431	178729.801	0.027	77955.681	77395.205	0.719	171759.356	171742.411	0.010
59333.3	190043.051	190013.919	0.015	-42149.205	-42767.632	1.467	171775.221	171742.411	0.019
59333.4	128494.018	128334.472	0.124	-145889.099	-146508.098	0.424	171791.102	171742.411	0.028
59333.5	17663.964	17375.791	1.631	-193468.799	-193990.828	0.270	171790.823	171742.411	0.028
59333.6	-99970.110	-100255.030	0.285	-166676.352	-166982.899	0.184	171807.306	171742.411	0.038
59333.7	-179272.361	-179388.860	0.065	-75723.064	-75855.101	0.174	171824.170	171742.411	0.048
59333.8	-189735.312	-189639.049	0.051	44453.112	44400.344	0.119	171841.254	171742.411	0.058
59333.9	-127427.241	-127069.621	0.281	147780.582	147606.474	0.118	171841.947	171742.411	0.058
59334.0	-16196.993	-15706.649	3.027	194596.424	194133.101	0.238	171875.170	171742.411	0.077
59334.1	101224.910	101264.939	0.040	166893.028	166397.912	0.297	171891.647	171858.026	0.020
59334.2	179820.783	179860.211	0.022	75346.685	74787.415	0.742	171891.347	171858.026	0.019
59334.3	189447.148	189390.848	0.030	-44951.277	-45540.749	1.311	171890.827	171858.026	0.019
59334.4	126355.769	126197.174	0.126	-147797.860	-148381.691	0.395	171923.074	171858.026	0.038
59334.5	14776.189	14544.968	1.565	-193801.677	-194245.455	0.229	171922.805	171858.026	0.038
59334.6	-102529.635	-102692.369	0.159	-165250.236	-165520.785	0.164	171955.679	171858.026	0.057
59334.7	-180438.668	-180496.799	0.032	-73082.673	-73237.685	0.212	171956.167	171858.026	0.057
59334.8	-189126.876	-188992.150	0.071	47274.961	47168.000	0.226	171973.263	171858.026	0.067
59334.9	-125278.980	-124916.287	0.290	149642.255	149461.615	0.121	171973.959	171858.026	0.067
59335.0	-13359.196	-12873.740	3.634	194837.639	194363.370	0.243	171990.788	171858.026	0.077
59335.1	103632.494	103727.293	0.091	165405.385	164926.612	0.289	172007.245	171990.013	0.010
59335.2	180921.844	180982.949	0.034	72717.578	72147.838	0.783	172023.319	171990.013	0.019
59335.3	188782.893	188742.850	0.021	-47724.648	-48335.029	1.279	172039.165	171990.013	0.029
59335.4	124189.711	124027.265	0.131	-149676.331	-150257.698	0.388	172071.422	171990.013	0.047
59335.5	11918.882	11686.373	1.951	-194037.911	-194482.820	0.229	172038.379	171990.013	0.028
59335.6	-104848.263	-105141.977	0.280	-163725.776	-164028.361	0.185	172087.654	171990.013	0.057
59335.7	-181507.055	-181596.793	0.049	-70450.444	-70588.549	0.196	172071.766	171990.013	0.048
59335.8	-188438.947	-188320.143	0.063	50036.002	49956.604	0.159	172105.245	171990.013	0.067
59335.9	-123089.746	-122730.323	0.292	151538.593	151318.889	0.145	172105.935	171990.013	0.067
59336.0	-10493.559	-10013.210	4.578	195061.331	194576.139	0.249	172122.763	171990.013	0.077
59336.1	106114.885	106169.629	0.052	163906.036	163417.769	0.298	172155.585	172121.978	0.020
59336.2	182045.711	182067.394	0.012	70046.240	69489.720	0.795	172155.267	172121.978	0.019
59336.3	188079.284	188052.987	0.014	-50488.608	-51121.730	1.254	172171.100	172121.978	0.029
59336.4	121986.190	121827.995	0.130	-151523.363	-152102.915	0.382	172170.577	172121.978	0.028
59336.5	9075.686	8822.195	2.793	-194205.522	-194678.006	0.243	172203.079	172121.978	0.047
59336.6	-107306.126	-107571.245	0.247	-162200.863	-162498.568	0.184	172186.820	172121.978	0.038
59336.7	-182534.382	-182658.335	0.068	-67793.387	-67921.202	0.189	172236.480	172121.978	0.066
59336.8	-187722.039	-187606.337	0.062	52819.741	52737.268	0.156	172220.807	172121.978	0.057
59336.9	-120875.605	-120515.264	0.298	153338.496	153145.122	0.126	172237.885	172121.978	0.067
59337.0	-7660.640	-7147.459	6.699	195189.126	194746.684	0.227	172287.470	172121.978	0.096
59337.1	108481.158	108560.785	0.073	162346.000	161858.310	0.300	172271.136	172221.138	0.029
59337.2	183066.927	183080.664	0.008	67373.815	66820.857	0.821	172303.558	172221.138	0.048
59337.3	187332.880	187299.284	0.018	-53244.748	-53875.178	1.184	172319.391	172221.138	0.057
59337.4	119756.695	119596.734	0.134	-153306.154	-153883.650	0.377	172286.091	172221.138	0.038
59337.5	6203.897	5970.160	3.768	-194353.345	-194802.243	0.231	172334.978	172221.138	0.066
59337.6	-109711.597	-109948.900	0.216	-160628.545	-160918.600	0.181	172335.111	172221.138	0.066
59337.7	-183581.734	-183648.613	0.036	-65089.996	-65243.724	0.236	172352.009	172221.138	0.076
59337.8	-186965.036	-186828.980	0.073	55593.794	55484.131	0.197	172369.118	172221.138	0.086
59337.9	-118626.442	-118268.770	0.302	155139.155	154906.600	0.150	172386.189	172221.138	0.096
59338.0	-4759.303	-4294.460	9.767	195349.175	194846.386	0.257	172386.617	172221.138	0.096
59338.1	110891.965	110931.131	0.035	160754.623	160258.803	0.308	172419.410	172353.036	0.038
59338.2	184049.309	184053.523	0.002	64685.020	64131.897	0.855	172435.447	172353.036	0.048
59338.3	186554.777	186501.088	0.029	-56023.761	-56621.056	1.066	172434.877	172353.036	0.047
59338.4	117492.133	117333.983	0.135	-155089.070	-155632.054	0.350	172434.344	172353.036	0.047
59338.5	3326.557	3111.728	6.458	-194457.080	-194881.802	0.218	172466.854	172353.036	0.066
59338.6	-112063.555	-112305.401	0.216	-159010.805	-159298.765	0.181	172483.382	172353.036	0.076
59338.7	-184529.634	-184598.309	0.037	-62395.788	-62546.496	0.242	172500.288	172353.036	0.085
59338.8	-186160.996	-186007.196	0.083	58361.562	58223.042	0.237	172501.020	172353.036	0.086
59338.9	-116352.860	-115991.064	0.311	156875.109	156635.477	0.153	172501.712	172353.036	0.086
59339.0	-1937.619	-1435.450	25.917	195365.392	194901.357	0.238	172518.508	172353.036	0.096
59339.1	113281.011	113278.708	0.002	159124.251	158625.478	0.313	172567.665	172534.075	0.019
59339.2	184958.531	184988.061	0.016	61984.993	61429.027	0.897	172550.921	172534.075	0.010
59339.3	185732.850	185663.732	0.037	-58793.872	-59355.595	0.955	172566.729	172534.075	0.019
59339.4	115201.704	115046.270	0.135	-156773.474	-157348.224	0.367	172566.191	172534.075	0.019
59339.5	510.320	252.119	50.596	-194443.592	-194920.611	0.245	172598.713	172534.075	0.037
59339.6	-114457.974	-114638.843	0.158	-157365.616	-157645.309	0.178	172631.636	172534.075	0.057
59339.7	-185437.456	-185509.565	0.039	-59684.444	-59835.687	0.253	172632.169	172534.075	0.057
59339.8	-185264.861	-185146.352	0.064	61034.674	60950.278	0.138	172632.902	172534.075	0.057
59339.9	-114042.276	-113688.675	0.310	158577.168	158331.908	0.155	172666.357	172534.075	0.077
59340.0	910.518	1424.387	56.437	195361.710	194915.569	0.228	172683.153	172534.075	0.086
59340.1	115583.068	115637.056	0.047	157443.685	156954.495	0.311	172699.530	172665.939	0.019
59340.2	185888.250	185909.114	0.011	59243.919	58689.383	0.936	172699.158	172665.939	0.019
59340.3	184848.150	184793.814	0.029	-61527.303	-62111.902	0.950	172731.334	172665.939	0.038
59340.4	112871.880	112719.422	0.135	-158522.050	-159062.799	0.341	172730.802	172665.939	0.038
59340.5	-2402.005	-2638.171	9.832	-194478.860	-194935.072	0.235	172730.556	172665.939	0.037
59340.6	-116733.133	-116982.732	0.214	-155662.594	-155954.104	0.187	172763.494	172665.939	0.056
59340.7	-186302.052	-186407.020	0.056	-56951.010	-57088.222	0.241	172780.423	172665.939	0.066
59340.8	-184373.373	-184252.760	0.065	63783.552	63699.002	0.133	172797.552	172665.939	0.076
59340.9	-111700.550	-111347.167	0.316	160278.317	160026.406	0.157	172798.237	172665.939	0.077
59341.0	3831.622	4314.695	12.608	195383.364	194905.171	0.245	172798.635	172665.939	0.077
59341.1	117861.589	117940.154	0.067	155726.850	155237.911	0.314	172847.777	172830.565	0.010
59341.2	186715.379	186758.658	0.023	56509.718	55945.445	0.999	172830.999	172830.565	0.000
59341.3	183907.693	183863.588	0.024	-64219.508	-64829.548	0.950	172879.559	172830.565	0.028
59341.4	110523.552	110366.623	0.142	-160138.572	-160710.602	0.357	172862.639	172830.565	0.019
59341.5	-5247.167	-5510.091	5.011	-194400.757	-194880.292	0.247	172911.557	172830.565	0.047
59341.6	-119016.995	-119270.981	0.213	-153926.617	-154217.776	0.189	172895.352	172830.565	0.037
59341.7	-187183.762	-187232.933	0.026	-54171.498	-54337.079	0.306	172928.674	172830.565	0.057
59341.8	-183434.743	-183299.193	0.074	66523.569	66408.546	0.173	172962.191	172830.565	0.076
59341.9	-109342.338	-108980.281	0.331	161847.589	161653.913	0.120	172946.495	172830.565	0.067
59342.0	6665.725	7186.037	7.806	195264.935	194825.691	0.225	172963.269	172830.565	0.077
59342.1	120181.675	120186.936	0.004	153977.261	153477.767	0.324	172996.014	172978.809	0.010
59342.2	187529.501	187537.033	0.004	53743.583	53199.490	1.012	173011.990	172978.809	0.019
59342.3	182920.109	182874.667	0.025	-66902.134	-67506.893	0.904	172995.013	172978.809	0.009
59342.4	108146.777	107990.143	0.145	-161720.186	-162291.261	0.353	173027.248	172978.809	0.028
59342.5	-8168.524	-8361.583	2.363	-194342.934	-194757.306	0.213	173043.400	172978.809	0.037
59342.6	-121277.133	-121502.541	0.186	-152147.857	-152438.372	0.191	173043.590	172978.809	0.037
59342.7	-187935.633	-187987.661	0.028	-51419.829	-51584.531	0.320	173076.932	172978.809	0.057
59342.8	-182436.772	-182287.281	0.082	69223.302	69077.286	0.211	173094.072	172978.809	0.067
59342.9	-106944.881	-106590.295	0.332	163446.507	163214.073	0.142	173111.142	172978.809	0.076
59343.0	9570.019	10036.366	4.873	195172.691	194678.185	0.253	173111.529	172978.809	0.077
59343.1	122412.269	122441.436	0.024	152179.590	151684.216	0.326	173144.259	173094.287	0.029
59343.2	188273.121	188301.962	0.015	50978.396	50421.995	1.091	173143.844	173094.287	0.029
59343.3	181902.764	181856.300	0.026	-69602.260	-70201.800	0.861	173159.622	173094.287	0.038
59343.4	105744.256	105579.523	0.156	-163266.713	-163868.761	0.369	173142.715	173094.287	0.028
59343.5	-10997.510	-11238.801	2.194	-194148.596	-194611.654	0.239	173191.636	173094.287	0.056
59343.6	-123511.636	-123741.531	0.186	-150334.694	-150625.496	0.193	173224.611	173094.287	0.075
59343.7	-188616.698	-188728.673	0.059	-48668.943	-48800.559	0.270	173225.197	173094.287	0.076
59343.8	-181394.544	-181245.773	0.082	71911.051	71763.334	0.205	173225.957	173094.287	0.076
59343.9	-104533.858	-104166.196	0.352	164945.881	164770.781	0.106	173275.802	173094.287	0.105
59344.0	12455.899	12912.225	3.664	195008.645	194507.792	0.257	173276.173	173094.287	0.105
59344.1	124617.561	124637.983	0.016	150342.535	149848.695	0.328	173276.123	173258.926	0.010
59344.2	188974.047	188995.338	0.011	48198.036	47644.733	1.148	173292.088	173258.926	0.019
59344.3	180844.745	180780.255	0.036	-72288.121	-72854.361	0.783	173307.863	173258.926	0.028
59344.4	103303.409	103147.248	0.151	-164808.373	-165378.063	0.346	173307.330	173258.926	0.028
59344.5	-13895.720	-14093.335	1.422	-193979.878	-194398.139	0.216	173356.273	173258.926	0.056
59344.6	-125720.543	-125922.210	0.160	-148481.522	-148771.151	0.195	173356.481	173258.926	0.056
59344.7	-189312.149	-189398.136	0.045	-45871.169	-46017.437	0.319	173389.851	173258.926	0.076
59344.8	-180295.019	-180146.953	0.082	74555.969	74406.543	0.200	173390.618	173258.926	0.076
59344.9	-102071.377	-101721.029	0.343	166504.457	166259.107	0.147	173391.304	173258.926	0.076
59345.0	15293.886	15764.817	3.079	194755.210	194269.732	0.249	173424.442	173258.926	0.095
59345.1	126796.361	126840.912	0.035	148470.359	147979.191	0.331	173457.149	173439.956	0.010
59345.2	189658.924	189673.847	0.008	45384.577	44836.251	1.208	173473.098	173439.956	0.019
59345.3	179723.979	179673.803	0.028	-74932.933	-75523.388	0.788	173456.098	173439.956	0.009
59345.4	100844.106	100680.703	0.162	-166281.588	-166882.755	0.362	173488.341	173439.956	0.028
59345.5	-16702.925	-16972.844	1.616	-193670.909	-194160.707	0.253	173488.133	173439.956	0.028
59345.6	-127869.854	-128108.977	0.187	-146591.993	-146882.768	0.198	173504.751	173439.956	0.037
59345.7	-189962.925	-190052.464	0.047	-43056.760	-43203.223	0.340	173538.125	173439.956	0.057
59345.8	-179141.825	-179017.587	0.069	77155.760	77065.955	0.116	173538.908	173439.956	0.057
59345.9	-99603.116	-99241.634	0.363	167930.166	167742.528	0.112	173572.351	173439.956	0.076
59346.0	18180.938	18642.177	2.537	194499.552	194007.543	0.253	173556.330	173439.956	0.067
59346.1	128948.479	128984.416	0.028	146557.496	146067.674	0.334	173589.020	173571.832	0.010
59346.2	190215.224	190279.589	0.034	42606.764	42028.836	1.356	173604.965	173571.832	0.019
59346.3	178549.549	178509.183	0.023	-77531.895	-78148.682	0.796	173637.111	173571.832	0.038
59346.4	98356.673	98192.925	0.166	-167717.055	-168317.838	0.358	173636.585	173571.832	0.037
59346.5	-19579.375	-19828.497	1.272	-193385.599	-193854.522	0.242	173669.157	173571.832	0.056
59346.6	-130024.840	-130235.961	0.162	-144664.177	-144952.887	0.200	173685.784	173571.832	0.066
59346.7	-190538.685	-190634.037	0.050	-40240.603	-40390.702	0.373	173670.004	173571.832	0.057
59346.8	-177939.105	-177830.430	0.061	79743.345	79681.134	0.078	173703.564	173571.832	0.076
59346.9	-97093.470	-96741.604	0.362	169382.201	169156.162	0.133	173720.629	173571.832	0.086
59347.0	21018.412	21495.091	2.268	194154.250	193676.808	0.246	173737.366	173571.832	0.095
59347.1	131039.712	131067.445	0.021	144612.560	144118.032	0.342	173737.288	173752.863	0.009
59347.2	190839.925	190814.004	0.014	39748.404	39226.245	1.314	173769.596	173752.863	0.010
59347.3	177341.105	177289.773	0.029	-80146.997	-80728.053	0.725	173768.963	173752.863	0.009
59347.4	95833.088	95687.932	0.151	-169145.725	-169683.535	0.318	173801.206	173752.863	0.028
59347.5	-22456.165	-22657.178	0.895	-193052.311	-193482.130	0.223	173801.022	173752.863	0.028
59347.6	-132086.369	-132302.145	0.163	-142694.285	-142985.401	0.204	173834.043	173752.863	0.047
59347.7	-191074.916	-191144.327	0.036	-37418.911	-37583.618	0.440	173818.280	173752.863	0.038
59347.8	-176723.255	-176588.880	0.076	82373.945	82249.922	0.151	173884.612	173752.863	0.076
59347.9	-94574.896	-94224.958	0.370	170732.883	170500.262	0.136	173868.905	173752.863	0.067
59348.0	23853.298	24320.465	1.958	193764.127	193280.100	0.250	173869.247	173752.863	0.067
59348.1	133135.615	133187.568	0.039	142625.886	142132.248	0.346	173885.532	173884.728	0.000
59348.2	191334.137	191357.096	0.012	36925.616	36372.597	1.498	173934.211	173884.728	0.028
59348.3	176078.421	176047.294	0.018	-82714.954	-83353.791	0.772	173933.575	173884.728	0.028
59348.4	93308.654	93136.980	0.184	-170440.549	-171073.104	0.371	173982.201	173884.728	0.056
59348.5	-25282.009	-25537.060	1.009	-192628.910	-193101.949	0.246	173982.024	173884.728	0.056
59348.6	-134118.982	-134405.109	0.213	-140687.987	-140981.455	0.209	173982.288	173884.728	0.056
59348.7	-191510.587	-191662.856	0.080	-34619.019	-34725.404	0.307	173999.308	173884.728	0.066
59348.8	-175437.965	-175323.863	0.065	84928.087	84864.877	0.074	174049.258	173884.728	0.095
59348.9	-92028.603	-91662.149	0.398	172044.202	171867.840	0.103	174033.546	173884.728	0.086
59349.0	26713.493	27196.970	1.810	193345.558	192875.164	0.243	174066.641	173884.728	0.105
59349.1	135169.400	135245.603	0.056	140604.900	140111.176	0.351	174082.920	174065.736	0.010
59349.2	191785.415	191829.231	0.023	34094.072	33527.015	1.663	174098.818	174065.736	0.019
59349.3	174786.601	174752.232	0.020	-85295.662	-85931.204	0.745	174114.561	174065.736	0.028
59349.4	90748.755	90572.015	0.195	-171761.353	-172392.647	0.368	174114.045	174065.736	0.028
59349.5	-28131.168	-28387.008	0.909	-192178.583	-192656.929	0.249	174113.856	174065.736	0.028
59349.6	-136220.162	-136445.685	0.166	-138648.913	-138942.756	0.212	174179.671	174065.736	0.065
59349.7	-191956.456	-192110.499	0.080	-31772.163	-31875.867	0.326	174147.553	174065.736	0.047
59349.8	-174128.209	-174006.681	0.070	87527.924	87431.056	0.111	174197.496	174065.736	0.076
59349.9	-89447.323	-89085.929	0.404	173347.298	173165.273	0.105	174214.549	174065.736	0.085
59350.0	29542.455	30042.985	1.694	192863.295	192405.649	0.237	174198.491	174065.736	0.076
59350.1	137205.996	137240.902	0.025	138546.028	138055.042	0.354	174247.514	174213.963	0.019
59350.2	192162.231	192230.017	0.035	31267.063	30690.068	1.845	174230.629	174213.963	0.010
59350.3	173446.430	173404.608	0.024	-87860.334	-88459.605	0.682	174262.749	174213.963	0.028
59350.4	88155.273	87993.455	0.184	-173039.520	-173641.619	0.348	174278.612	174213.963	0.037
59350.5	-30976.125	-31206.361	0.743	-191682.179	-192146.878	0.242	174294.820	174213.963	0.046
59350.6	-138192.656	-138423.226	0.167	-136573.506	-136869.538	0.217	174311.498	174213.963	0.056
59350.7	-192407.758	-192486.870	0.041	-28872.899	-29035.577	0.563	174344.919	174213.963	0.075
59350.8	-172767.112	-172637.360	0.075	90077.942	89947.772	0.145	174329.335	174213.963	0.066
59350.9	-86840.621	-86496.722	0.396	174610.011	174392.021	0.125	174362.758	174213.963	0.085
59351.0	32368.893	32857.846	1.511	192332.478	191871.368	0.240	174395.843	174213.963	0.104
59351.1	139178.979	139172.659	0.005	136448.790	135957.762	0.360	174412.079	174345.766	0.038
59351.2	192549.770	192555.219	0.003	28396.021	27857.310	1.897	174411.574	174345.766	0.038
59351.3	172044.572	171998.379	0.027	-90343.443	-90940.088	0.660	174427.299	174345.766	0.047
59351.4	85538.743	85395.774	0.167	-174277.373	-174817.344	0.310	174443.159	174345.766	0.056
59351.5	-33761.022	-33998.008	0.702	-191103.975	-191566.379	0.242	174459.381	174345.766	0.065
59351.6	-140134.008	-140336.873	0.145	-134462.895	-134755.720	0.218	174492.449	174345.766	0.084
59351.7	-192733.056	-192787.695	0.028	-26020.540	-26200.127	0.690	174509.490	174345.766	0.094
59351.8	-171331.829	-171209.849	0.071	92515.913	92416.068	0.108	174510.292	174345.766	0.094
59351.9	-84225.788	-83889.026	0.400	175802.831	175545.360	0.146	174543.719	174345.766	0.113
59352.0	35163.525	35644.397	1.368	191736.262	191266.879	0.245	174576.784	174345.766	0.132
59352.1	141120.479	141171.146	0.036	134322.516	133827.604	0.368	174593.009	174543.083	0.029
59352.2	192837.417	192914.967	0.040	25552.889	24958.672	2.325	174576.102	174543.083	0.019
59352.3	170624.760	170581.249	0.026	-92868.013	-93494.156	0.674	174591.831	174543.083	0.028
59352.4	82899.803	82745.931	0.186	-175474.383	-176046.104	0.326	174624.061	174543.083	0.046
59352.5	-36567.143	-36863.049	0.809	-190498.132	-190997.998	0.262	174640.298	174543.083	0.056
59352.6	-142076.111	-142316.964	0.170	-132314.363	-132608.452	0.222	174656.981	174543.083	0.065
59352.7	-192986.445	-193122.499	0.070	-23179.316	-23298.503	0.514	174657.647	174543.083	0.066
59352.8	-169877.359	-169770.804	0.063	94995.559	94957.853	0.040	174723.997	174543.083	0.104
59352.9	-81599.310	-81228.712	0.454	176923.893	176751.284	0.098	174724.651	174543.083	0.104
59353.0	37978.077	38504.445	1.386	191113.785	190673.878	0.230	174724.930	174543.083	0.104
59353.1	143062.379	143039.251	0.016	132158.002	131669.446	0.370	174757.521	174723.993	0.019
59353.2	193157.024	193152.870	0.002	22641.710	22114.228	2.330	174756.986	174723.993	0.019
59353.3	169140.601	169097.598	0.025	-95344.311	-95932.647	0.617	174789.075	174723.993	0.037
59353.4	80252.869	80110.433	0.177	-176600.222	-177142.284	0.307	174772.181	174723.993	0.028
59353.5	-39451.744	-39638.387	0.473	-189895.408	-190330.945	0.229	174804.791	174723.993	0.046
59353.6	-143985.646	-144166.438	0.126	-130134.640	-130434.307	0.230	174821.495	174723.993	0.056
59353.7	-193223.195	-193335.928	0.058	-20314.540	-20452.117	0.677	174838.558	174723.993	0.066
59353.8	-168395.015	-168266.234	0.076	97518.640	97383.493	0.139	174855.745	174723.993	0.075
59353.9	-78935.667	-78583.883	0.446	178032.711	177824.755	0.117	174889.163	174723.993	0.094
59354.0	40814.925	41273.942	1.125	190460.112	189982.978	0.251	174889.427	174723.993	0.095
59354.1	144840.351	144939.743	0.069	129966.660	129472.127	0.381	174905.627	174888.490	0.010
59354.2	193351.508	193393.869	0.022	19782.058	19219.059	2.846	174921.459	174888.490	0.019
59354.3	167623.789	167586.562	0.022	-97796.631	-98413.948	0.631	174937.165	174888.490	0.028
59354.4	77590.529	77427.586	0.210	-177651.224	-178256.921	0.341	174969.411	174888.490	0.046
59354.5	-42215.284	-42462.857	0.586	-189180.503	-189650.907	0.249	174985.661	174888.490	0.056
59354.6	-145796.519	-146047.962	0.172	-127926.940	-128220.723	0.230	175002.372	174888.490	0.065
59354.7	-193386.921	-193552.018	0.085	-17461.733	-17554.983	0.534	175019.442	174888.490	0.075
59354.8	-166848.880	-166733.913	0.069	99924.384	99851.706	0.073	175036.635	174888.490	0.085
59354.9	-76239.712	-75891.549	0.457	179130.243	178916.276	0.119	175053.656	174888.490	0.094
59355.0	43614.831	44092.459	1.095	189744.788	189278.673	0.246	175070.296	174888.490	0.104
59355.1	146715.530	146741.079	0.017	127736.305	127245.474	0.384	175086.480	175069.349	0.010
59355.2	193526.934	193537.466	0.005	16897.764	16358.609	3.191	175102.304	175069.349	0.019
59355.3	166064.586	166017.280	0.028	-100226.977	-100809.808	0.582	175118.002	175069.349	0.028
59355.4	74901.059	74748.015	0.204	-178692.363	-179268.204	0.322	175133.869	175069.349	0.037
59355.5	-45030.682	-45223.787	0.429	-188446.340	-188889.290	0.235	175166.500	175069.349	0.055
59355.6	-147605.500	-147830.079	0.152	-125678.136	-125978.659	0.239	175183.222	175069.349	0.065
59355.7	-193575.497	-193671.006	0.049	-14535.098	-14693.404	1.089	175200.301	175069.349	0.075
59355.8	-165263.008	-165144.082	0.072	102341.007	102233.981	0.105	175184.730	175069.349	0.066
59355.9	-73560.896	-73203.379	0.486	180094.340	179904.475	0.105	175218.139	175069.349	0.085
59356.0	46379.241	46846.736	1.008	188964.094	188493.337	0.249	175234.767	175069.349	0.094
59356.1	148523.297	148540.197	0.011	125472.832	124979.655	0.393	175283.703	175233.805	0.028
59356.2	193629.118	193656.196	0.014	14027.362	13467.820	3.989	175283.137	175233.805	0.028
59356.3	164454.430	164410.031	0.027	-102602.847	-103215.532	0.597	175298.830	175233.805	0.037
59356.4	72200.682	72031.955	0.234	-179658.665	-180265.087	0.338	175314.696	175233.805	0.046
59356.5	-47775.591	-48005.716	0.482	-187640.388	-188094.539	0.242	175330.969	175233.805	0.055
59356.6	-149412.710	-149609.642	0.132	-123399.384	-123697.450	0.242	175331.313	175233.805	0.056
59356.7	-193647.892	-193764.868	0.060	-11673.177	-11801.700	1.101	175364.789	175233.805	0.075
59356.8	-163639.180	-163516.201	0.075	104733.609	104625.792	0.103	175398.369	175233.805	0.094
59356.9	-70826.878	-70478.845	0.491	181107.121	180877.961	0.127	175415.394	175233.805	0.104
59357.0	49131.855	49621.727	0.997	188140.832	187674.688	0.248	175415.630	175233.805	0.104
59357.1	150295.988	150304.869	0.006	123178.849	122689.486	0.397	175448.164	175414.659	0.019
59357.2	193661.612	193732.746	0.037	11176.054	10577.649	5.354	175463.976	175414.659	0.028
59357.3	162816.295	162769.065	0.029	-105018.969	-105595.905	0.549	175463.275	175414.659	0.028
59357.4	69457.760	69303.588	0.222	-180642.695	-181221.622	0.320	175495.534	175414.659	0.046
59357.5	-50601.176	-50773.817	0.341	-186827.179	-187259.935	0.232	175511.805	175414.659	0.055
59357.6	-151086.454	-151354.552	0.177	-121097.544	-121392.187	0.243	175528.555	175414.659	0.065
59357.7	-193694.559	-193816.558	0.063	-8781.513	-8910.978	1.474	175545.659	175414.659	0.075
59357.8	-161971.862	-161854.822	0.072	107069.274	106991.963	0.072	175579.254	175414.659	0.094
59357.9	-68094.945	-67742.352	0.518	182013.869	181810.994	0.111	175579.875	175414.659	0.094
59358.0	51905.638	52382.547	0.919	187281.789	186816.307	0.249	175596.488	175414.659	0.104
59358.1	151968.018	151968.748	0.000	120863.505	120376.087	0.403	175629.025	175595.525	0.019
59358.2	193692.216	193714.169	0.011	8273.486	7728.094	6.592	175628.434	175595.525	0.019
59358.3	161127.976	161075.165	0.033	-107345.422	-107887.414	0.505	175660.509	175595.525	0.037
59358.4	66711.072	66584.807	0.189	-181553.423	-182075.166	0.287	175660.007	175595.525	0.037
59358.5	-53295.347	-53473.493	0.334	-185914.401	-186347.762	0.233	175692.682	175595.525	0.055
59358.6	-152854.788	-152998.472	0.094	-118753.992	-119064.563	0.262	175709.440	175595.525	0.065
59358.7	-193693.337	-193773.473	0.041	-5885.701	-6061.688	2.990	175726.546	175595.525	0.075
59358.8	-160271.439	-160141.276	0.081	109445.364	109268.818	0.161	175760.143	175595.525	0.094
59358.9	-65365.331	-65016.330	0.534	182849.984	182641.122	0.114	175777.157	175595.525	0.103
59359.0	54666.425	55074.277	0.746	186379.324	185880.948	0.267	175777.369	175595.525	0.103
59359.1	153635.838	153660.881	0.016	118511.977	118021.726	0.414	175793.512	175760.017	0.019
59359.2	193677.391	193694.287	0.009	5370.125	4828.796	10.080	175792.914	175760.017	0.019
59359.3	159402.947	159350.902	0.033	-109678.958	-110218.347	0.492	175808.603	175760.017	0.028
59359.4	63959.180	63818.265	0.220	-182389.309	-182942.677	0.303	175824.492	175760.017	0.037
59359.5	-56008.944	-56219.988	0.377	-184966.286	-185418.734	0.245	175873.559	175760.017	0.065
59359.6	-154488.597	-154670.292	0.118	-116390.840	-116695.735	0.262	175873.950	175760.017	0.065
59359.7	-193649.818	-193728.654	0.041	-2992.381	-3162.668	5.691	175907.459	175760.017	0.084
59359.8	-158521.214	-158397.029	0.078	111730.878	111584.834	0.131	175908.281	175760.017	0.084
59359.9	-62576.338	-62242.429	0.534	183730.612	183484.806	0.134	175925.298	175760.017	0.094
59360.0	57384.166	57812.680	0.747	185418.974	184928.332	0.265	175958.272	175760.017	0.113
59360.1	155298.762	155284.078	0.009	116125.111	115646.027	0.413	175990.776	175957.295	0.019
59360.2	193615.571	193606.134	0.005	2465.240	1952.871	20.784	175990.175	175957.295	0.019
59360.3	157627.695	157585.248	0.027	-111921.360	-112490.169	0.508	176005.855	175957.295	0.028
59360.4	61177.282	61053.105	0.203	-183210.354	-183738.039	0.288	176038.137	175957.295	0.046
59360.5	-58708.516	-58922.859	0.365	-183974.337	-184432.224	0.249	176021.680	175957.295	0.037
59360.6	-156052.387	-156272.997	0.141	-114002.133	-114306.164	0.267	176054.848	175957.295	0.055
59360.7	-193556.699	-193615.769	0.031	-95.056	-287.608	202.565	176088.373	175957.295	0.074
59360.8	-156742.370	-156611.900	0.083	114054.481	113841.387	0.187	176072.810	175957.295	0.066
59360.9	-59798.323	-59470.530	0.548	184506.885	184256.356	0.136	176122.590	175957.295	0.094
59361.0	60089.602	60506.966	0.695	184411.040	183918.612	0.267	176122.786	175957.295	0.094
59361.1	156924.399	156933.290	0.006	113712.030	113225.163	0.428	176155.279	176154.565	0.000
59361.2	193506.676	193512.389	0.003	-440.299	-974.875	121.412	176187.437	176154.565	0.019
59361.3	155834.763	155784.544	0.032	-114232.819	-114800.570	0.497	176186.737	176154.565	0.018
59361.4	58382.423	58236.894	0.249	-183987.803	-184543.922	0.302	176202.633	176154.565	0.027
59361.5	-61421.306	-61673.177	0.410	-182956.135	-183424.138	0.256	176218.956	176154.565	0.037
59361.6	-157708.474	-157901.326	0.122	-111568.744	-111871.204	0.271	176235.749	176154.565	0.046
59361.7	-193391.502	-193496.846	0.054	2781.211	2639.224	5.105	176236.502	176154.565	0.046
59361.8	-154904.893	-154791.391	0.073	116221.117	116136.214	0.073	176253.709	176154.565	0.056
59361.9	-56986.999	-56647.493	0.596	185265.587	185037.987	0.123	176303.479	176154.565	0.084
59362.0	62809.904	63248.512	0.698	183372.837	182886.907	0.265	176320.053	176154.565	0.094
59362.1	158447.255	158480.263	0.021	111282.438	110790.850	0.442	176303.382	176335.442	0.018
59362.2	193303.529	193328.112	0.013	-3299.893	-3853.250	16.769	176335.527	176335.442	0.000
59362.3	153986.055	153939.777	0.030	-116419.462	-117017.739	0.514	176351.205	176335.442	0.009
59362.4	55569.874	55440.012	0.234	-184718.281	-185248.513	0.287	176383.486	176335.442	0.027
59362.5	-64122.408	-64348.199	0.352	-181886.003	-182345.594	0.253	176383.427	176335.442	0.027
59362.6	-159196.809	-159427.304	0.145	-109129.387	-109423.676	0.270	176433.007	176335.442	0.055
59362.7	-193204.928	-193287.819	0.043	5677.785	5515.907	2.851	176433.772	176335.442	0.056
59362.8	-153059.540	-152927.623	0.086	118521.096	118337.434	0.155	176483.754	176335.442	0.084
59362.9	-54200.325	-53844.653	0.656	185925.743	185718.496	0.111	176451.586	176335.442	0.066
59363.0	65424.744	65914.159	0.748	182250.759	181785.395	0.255	176500.911	176335.442	0.094
59363.1	159931.745	159989.183	0.036	108827.881	108332.794	0.455	176516.990	176483.529	0.019
59363.2	193056.154	193099.098	0.022	-6155.585	-6728.391	9.305	176549.123	176483.529	0.037
59363.3	152107.004	152060.769	0.030	-118609.489	-119205.937	0.503	176564.797	176483.529	0.046
59363.4	52762.612	52632.530	0.247	-185376.296	-185909.520	0.288	176580.696	176483.529	0.055
59363.5	-66775.700	-67006.107	0.345	-180762.321	-181225.590	0.256	176580.642	176483.529	0.055
59363.6	-160710.032	-160915.027	0.128	-106648.993	-106952.732	0.285	176613.842	176483.529	0.074
59363.7	-192923.853	-193034.085	0.057	8527.333	8388.972	1.623	176614.609	176483.529	0.074
59363.8	-151156.526	-151029.864	0.084	120695.480	120509.390	0.154	176648.207	176483.529	0.093
59363.9	-51383.515	-51031.591	0.685	186568.618	186355.332	0.114	176665.190	176483.529	0.103
59364.0	68114.455	68562.335	0.658	181121.236	180642.573	0.264	176681.725	176483.529	0.112
59364.1	161408.779	161458.156	0.031	106339.554	105845.503	0.465	176681.408	176664.341	0.010
59364.2	192802.502	192820.583	0.009	-9060.401	-9603.617	5.996	176713.526	176664.341	0.028
59364.3	150185.986	150141.713	0.029	-120770.374	-121365.038	0.492	176729.192	176664.341	0.037
59364.4	49938.634	49809.833	0.258	-185986.028	-186523.422	0.289	176761.475	176664.341	0.055
59364.5	-69442.121	-69648.556	0.297	-179607.832	-180058.560	0.251	176761.437	176664.341	0.055
59364.6	-162152.858	-162362.552	0.129	-104154.691	-104452.899	0.286	176811.035	176664.341	0.083
59364.7	-192661.833	-192730.851	0.036	11447.141	11261.696	1.620	176795.414	176664.341	0.074
59364.8	-149213.473	-149092.309	0.081	122774.624	122651.906	0.100	176845.394	176664.341	0.102
59364.9	-48516.862	-48203.718	0.645	187219.625	186944.934	0.147	176845.984	176664.341	0.103
59365.0	70755.084	71194.649	0.621	179939.177	179452.859	0.270	176862.512	176664.341	0.112
59365.1	162878.330	162887.982	0.006	103820.291	103335.631	0.467	176878.561	176877.890	0.000
59365.2	192482.096	192497.132	0.008	-11935.742	-12474.025	4.510	176910.665	176877.890	0.019
59365.3	148231.489	148189.188	0.029	-122900.643	-123493.772	0.483	176909.940	176877.890	0.018
59365.4	47105.748	46977.985	0.271	-186551.336	-187093.068	0.290	176942.223	176877.890	0.036
59365.5	-72091.663	-72272.324	0.251	-178407.466	-178850.380	0.248	176942.196	176877.890	0.036
59365.6	-163553.854	-163770.738	0.133	-101628.493	-101930.822	0.297	176959.026	176877.890	0.046
59365.7	-192329.553	-192382.724	0.028	14340.187	14129.216	1.471	176976.186	176877.890	0.056
59365.8	-147239.105	-147121.547	0.080	124855.812	124763.768	0.074	177009.781	176877.890	0.075
59365.9	-45673.771	-45367.075	0.671	187769.145	187490.202	0.149	177043.128	176877.890	0.093
59366.0	73350.415	73807.929	0.624	178693.023	178222.156	0.264	177043.250	176877.890	0.093
59366.1	164243.206	164307.671	0.039	101289.579	100787.338	0.496	177059.296	177025.860	0.019
59366.2	192132.195	192142.855	0.006	-14834.903	-15369.505	3.604	177107.768	177025.860	0.046
59366.3	146240.643	146196.983	0.030	-124967.040	-125624.601	0.526	177107.044	177025.860	0.046
59366.4	44301.196	44112.840	0.425	-187017.601	-187641.029	0.333	177106.569	177025.860	0.046
59366.5	-74692.625	-74910.220	0.291	-177150.128	-177605.060	0.257	177139.311	177025.860	0.064
59366.6	-164978.444	-165168.458	0.115	-99064.737	-99370.413	0.309	177139.768	177025.860	0.064
59366.7	-191909.705	-192003.556	0.049	17177.352	17021.542	0.907	177156.934	177025.860	0.074
59366.8	-145233.098	-145111.088	0.084	126971.237	126877.383	0.074	177206.914	177025.860	0.102
59366.9	-42819.293	-42497.323	0.752	188271.727	188013.499	0.137	177223.868	177025.860	0.112
59367.0	75923.944	76435.016	0.673	177410.839	176954.194	0.257	177223.981	177025.860	0.112
59367.1	165629.818	165624.547	0.003	98716.054	98237.291	0.485	177256.390	177222.971	0.019
59367.2	191694.949	191704.469	0.005	-17677.268	-18205.826	2.990	177255.706	177222.971	0.018
59367.3	144214.555	144171.673	0.030	-127099.944	-127658.076	0.439	177287.740	177222.971	0.037
59367.4	41429.866	41278.305	0.366	-187517.509	-188090.822	0.306	177303.656	177222.971	0.046
59367.5	-77242.145	-77465.545	0.289	-175841.556	-176298.455	0.260	177320.029	177222.971	0.055
59367.6	-166267.490	-166463.351	0.118	-96504.786	-96809.134	0.315	177353.266	177222.971	0.073
59367.7	-191444.242	-191540.792	0.050	20008.165	19853.987	0.771	177370.436	177222.971	0.083
59367.8	-143189.687	-143068.363	0.085	129054.816	128893.363	0.125	177387.647	177222.971	0.093
59367.9	-39993.768	-39659.024	0.837	188674.684	188438.896	0.125	177420.978	177222.971	0.112
59368.0	78539.289	78979.008	0.560	176108.027	175625.659	0.274	177437.466	177222.971	0.121
59368.1	166880.368	166930.600	0.030	96146.470	95652.101	0.514	177453.471	177403.679	0.028
59368.2	191229.588	191236.635	0.004	-20540.394	-21064.167	2.550	177452.778	177403.679	0.028
59368.3	142151.798	142109.594	0.030	-129134.718	-129691.992	0.432	177484.812	177403.679	0.046
59368.4	38566.869	38413.802	0.397	-187942.662	-188519.308	0.307	177500.731	177403.679	0.055
59368.5	-79773.357	-80032.531	0.325	-174483.999	-174956.976	0.271	177533.493	177403.679	0.073
59368.6	-167542.880	-167747.122	0.122	-93902.141	-94212.806	0.331	177533.965	177403.679	0.073
59368.7	-190949.168	-191048.390	0.052	22860.698	22708.199	0.667	177567.539	177403.679	0.092
59368.8	-141109.547	-140988.867	0.086	131040.207	130909.468	0.100	177568.369	177403.679	0.093
59368.9	-37139.323	-36790.941	0.938	189056.601	188842.729	0.113	177601.690	177403.679	0.111
59369.0	81073.615	81534.362	0.568	174736.266	174262.152	0.271	177601.786	177403.679	0.112
59369.1	168120.129	168193.563	0.044	93544.871	93041.229	0.538	177634.161	177600.758	0.019
59369.2	190677.827	190718.851	0.022	-23344.199	-23917.871	2.457	177649.846	177600.758	0.028
59369.3	140057.998	140009.888	0.034	-131103.436	-131692.733	0.449	177665.504	177600.758	0.036
59369.4	35696.515	35538.441	0.443	-188321.214	-188898.819	0.307	177681.422	177600.758	0.045
59369.5	-82313.339	-82579.435	0.323	-173097.217	-173569.530	0.273	177697.809	177600.758	0.055
59369.6	-168748.367	-168987.582	0.142	-91298.617	-91591.168	0.320	177714.684	177600.758	0.064
59369.7	-190426.408	-190506.081	0.042	25732.581	25557.344	0.681	177731.877	177600.758	0.074
59369.8	-138992.518	-138872.031	0.087	133024.889	132892.076	0.100	177749.083	177600.758	0.083
59369.9	-34278.573	-33912.423	1.068	189392.495	189197.496	0.103	177782.403	177600.758	0.102
59370.0	83587.069	84069.238	0.577	173319.546	172852.851	0.269	177798.865	177600.758	0.111
59370.1	169380.291	169383.246	0.002	90903.290	90420.261	0.531	177814.856	177797.839	0.010
59370.2	190114.868	190135.909	0.011	-26195.052	-26736.559	2.067	177830.522	177797.839	0.018
59370.3	137924.152	137878.166	0.033	-133038.037	-133626.790	0.443	177846.180	177797.839	0.027
59370.4	32796.257	32676.499	0.365	-188676.304	-189205.587	0.281	177878.491	177797.839	0.045
59370.5	-84799.599	-85072.637	0.322	-171659.566	-172131.212	0.275	177911.279	177797.839	0.064
59370.6	-169940.544	-170154.678	0.126	-88658.527	-88960.065	0.340	177928.162	177797.839	0.073
59370.7	-189799.629	-189898.918	0.052	28516.418	28370.913	0.510	177928.981	177797.839	0.074
59370.8	-136847.213	-136723.752	0.090	134909.991	134807.727	0.076	177962.576	177797.839	0.093
59370.9	-31388.784	-31047.948	1.086	189705.352	189479.636	0.119	177979.497	177797.839	0.102
59371.0	86108.564	86549.978	0.513	171872.941	171393.142	0.279	177995.953	177797.839	0.111
59371.1	170502.287	170591.886	0.053	88266.864	87757.148	0.577	177995.542	177994.925	0.000
59371.2	189490.480	189543.453	0.028	-29007.375	-29600.468	2.045	178027.597	177994.925	0.018
59371.3	135757.456	135712.112	0.033	-134970.590	-135591.781	0.460	178043.246	177994.925	0.027
59371.4	29928.872	29768.591	0.536	-188931.158	-189517.122	0.310	178075.562	177994.925	0.045
59371.5	-87390.578	-87605.789	0.246	-170210.108	-170669.664	0.270	178059.208	177994.925	0.036
59371.6	-171090.475	-171340.368	0.146	-86000.586	-86286.655	0.333	178108.882	177994.925	0.064
59371.7	-189158.796	-189281.851	0.065	31348.127	31229.621	0.378	178126.078	177994.925	0.074
59371.8	-134662.295	-134540.878	0.090	136825.543	136754.015	0.052	178159.677	177994.925	0.092
59371.9	-28495.088	-28137.468	1.255	189972.300	189766.149	0.109	178176.599	177994.925	0.102
59372.0	88544.338	89070.465	0.594	170364.393	169909.861	0.267	178176.655	177994.925	0.102
59372.1	171642.544	171693.631	0.030	85588.908	85091.668	0.581	178208.997	178175.619	0.019
59372.2	188829.384	188863.232	0.018	-31842.546	-32403.310	1.761	178224.655	178175.619	0.028
59372.3	133554.805	133511.122	0.033	-136867.434	-137455.721	0.430	178240.308	178175.619	0.036
59372.4	27033.527	26891.993	0.524	-189161.955	-189726.423	0.298	178239.863	178175.619	0.036
59372.5	-89799.571	-90053.410	0.283	-168676.099	-169143.957	0.277	178272.676	178175.619	0.054
59372.6	-172163.581	-172419.147	0.148	-83328.128	-83611.797	0.340	178305.975	178175.619	0.073
59372.7	-188474.987	-188577.548	0.054	34167.443	34026.509	0.412	178323.188	178175.619	0.083
59372.8	-132448.170	-132323.938	0.094	138672.843	138598.955	0.053	178340.398	178175.619	0.092
59372.9	-25614.714	-25259.176	1.388	190164.255	189950.701	0.112	178373.700	178175.619	0.111
59373.0	91018.989	91504.872	0.534	168832.346	168363.158	0.278	178390.128	178175.619	0.120
59373.1	172738.902	172721.623	0.010	82892.131	82420.968	0.568	178389.691	178356.318	0.019
59373.2	188089.158	188120.342	0.017	-34609.923	-35166.917	1.609	178405.338	178356.318	0.027
59373.3	131328.241	131282.613	0.035	-138662.915	-139251.035	0.424	178420.996	178356.318	0.036
59373.4	24158.701	24033.591	0.518	-189322.857	-189864.061	0.286	178469.708	178356.318	0.064
59373.5	-92215.118	-92444.105	0.248	-167111.019	-167571.067	0.275	178502.531	178356.318	0.082
59373.6	-173192.301	-173424.131	0.134	-80636.580	-80932.355	0.367	178486.681	178356.318	0.073
59373.7	-187739.614	-187810.916	0.038	36978.996	36783.624	0.528	178536.671	178356.318	0.101
59373.8	-130202.078	-130080.070	0.094	140483.859	140375.036	0.077	178537.503	178356.318	0.101
59373.9	-22726.818	-22399.696	1.439	190305.326	190063.749	0.127	178554.404	178356.318	0.111
59374.0	93405.573	93881.951	0.510	167241.227	166769.765	0.282	178570.827	178356.318	0.120
59374.1	173758.393	173795.587	0.021	80184.541	79693.344	0.613	178603.138	178569.781	0.019
59374.2	187350.639	187381.059	0.016	-37451.342	-38003.603	1.475	178618.777	178569.781	0.027
59374.3	129058.624	129013.961	0.035	-140486.251	-141107.523	0.442	178634.430	178569.781	0.036
59374.4	21277.111	21106.711	0.801	-189432.796	-190027.477	0.314	178650.390	178569.781	0.045
59374.5	-94670.594	-94905.318	0.248	-165512.692	-165978.660	0.282	178666.833	178569.781	0.054
59374.6	-174266.847	-174474.595	0.119	-77888.725	-78195.594	0.394	178683.770	178569.781	0.064
59374.7	-186941.689	-187047.262	0.056	39750.137	39613.847	0.343	178701.000	178569.781	0.073
59374.8	-127917.142	-127795.534	0.095	142290.060	142211.943	0.055	178718.204	178569.781	0.083
59374.9	-19833.878	-19471.519	1.827	190396.462	190201.985	0.102	178767.866	178569.781	0.111
59375.0	95831.176	96329.377	0.520	165619.210	165156.248	0.280	178751.508	178569.781	0.102
59375.1	174674.598	174763.852	0.051	77489.667	76972.673	0.667	178800.203	178783.235	0.009
59375.2	186534.230	186560.467	0.014	-40222.698	-40772.397	1.367	178815.834	178783.235	0.018
59375.3	126764.808	126719.612	0.036	-142239.653	-142861.248	0.437	178831.480	178783.235	0.027
59375.4	18392.685	18219.613	0.941	-189494.102	-190092.719	0.316	178863.827	178783.235	0.045
59375.5	-97034.635	-97276.546	0.249	-163864.508	-164330.368	0.284	178863.902	178783.235	0.045
59375.6	-175204.702	-175419.423	0.123	-75159.718	-75466.695	0.408	178897.226	178783.235	0.064
59375.7	-186109.074	-186202.886	0.050	42539.588	42375.480	0.386	178914.461	178783.235	0.073
59375.8	-125602.402	-125486.186	0.093	144058.585	143945.869	0.078	178915.285	178783.235	0.074
59375.9	-16941.480	-16583.967	2.110	190441.736	190242.393	0.105	178932.167	178783.235	0.083
59376.0	98165.527	98686.340	0.531	163944.925	163487.622	0.279	178964.947	178783.235	0.102
59376.1	175662.798	175655.200	0.004	74719.615	74245.140	0.635	178997.243	178980.284	0.009
59376.2	185667.157	185673.684	0.004	-42983.067	-43501.417	1.206	179012.867	178980.284	0.018
59376.3	124430.011	124395.213	0.028	-144019.466	-144543.838	0.364	179028.510	178980.284	0.027
59376.4	15483.802	15350.147	0.863	-189530.393	-190082.780	0.291	179044.480	178980.284	0.036
59376.5	-99404.574	-99589.232	0.186	-162177.676	-162631.716	0.280	179060.946	178980.284	0.045
59376.6	-176096.810	-176287.280	0.108	-72414.079	-72731.598	0.438	179077.895	178980.284	0.055
59376.7	-185213.271	-185292.664	0.043	45287.195	45096.773	0.420	179095.136	178980.284	0.064
59376.8	-123263.641	-123147.402	0.094	145723.394	145608.405	0.079	179128.722	178980.284	0.083
59376.9	-14024.530	-13714.692	2.209	190461.695	190207.775	0.133	179112.834	178980.284	0.074
59377.0	100536.771	100984.331	0.445	162242.371	161769.142	0.292	179161.982	178980.284	0.101
59377.1	176514.879	176559.654	0.025	71972.912	71473.204	0.694	179177.875	179160.927	0.009
59377.2	184737.973	184771.328	0.018	-45700.377	-46274.037	1.255	179193.494	179160.927	0.018
59377.3	122082.857	122032.544	0.041	-145630.352	-146252.481	0.427	179225.518	179160.927	0.036
59377.4	12596.176	12434.407	1.284	-189493.680	-190071.344	0.305	179241.494	179160.927	0.045
59377.5	-101681.968	-101938.426	0.252	-160439.193	-160904.592	0.290	179257.967	179160.927	0.054
59377.6	-176972.855	-177167.858	0.110	-69639.549	-69951.984	0.449	179291.314	179160.927	0.073
59377.7	-184289.250	-184366.494	0.042	48047.803	47861.529	0.388	179308.559	179160.927	0.082
59377.8	-120883.245	-120770.125	0.094	147446.646	147296.664	0.102	179309.370	179160.927	0.083
59377.9	-11129.142	-10799.159	2.965	190408.731	190171.261	0.125	179359.012	179160.927	0.110
59378.0	102880.507	103318.583	0.426	160494.606	160021.876	0.295	179358.981	179160.927	0.110
59378.1	177379.029	177418.942	0.023	69181.527	68688.365	0.713	179358.481	179357.936	0.000
59378.2	183773.896	183824.876	0.028	-48433.430	-49030.472	1.233	179406.852	179357.936	0.027
59378.3	119701.549	119643.782	0.048	-147233.888	-147922.067	0.467	179406.111	179357.936	0.027
59378.4	9730.545	9520.596	2.158	-189383.577	-190012.975	0.332	179438.477	179357.936	0.045
59378.5	-104027.889	-104258.409	0.222	-158674.325	-159140.681	0.294	179454.955	179357.936	0.054
59378.6	-177770.991	-178003.162	0.131	-66860.718	-67159.858	0.447	179471.925	179357.936	0.064
59378.7	-183270.880	-183396.370	0.068	50707.254	50609.721	0.192	179521.947	179357.936	0.091
59378.8	-118489.029	-118367.090	0.103	149033.025	148945.642	0.059	179506.375	179357.936	0.083
59378.9	-8256.248	-7885.957	4.485	190282.630	190087.832	0.102	179523.235	179357.936	0.092
59379.0	105097.164	105623.309	0.501	158696.845	158238.077	0.289	179572.343	179357.936	0.119
59379.1	178110.008	178172.227	0.035	66422.788	65917.092	0.761	179588.210	179571.296	0.009
59379.2	182765.000	182800.767	0.020	-51149.617	-51713.491	1.102	179603.802	179571.296	0.018
59379.3	117271.127	117235.525	0.030	-148926.477	-149486.578	0.376	179603.061	179571.296	0.018
59379.4	6793.782	6652.941	2.073	-189291.086	-189858.220	0.300	179651.808	179571.296	0.045
59379.5	-106246.324	-106484.310	0.224	-156859.700	-157326.086	0.297	179668.304	179571.296	0.054
59379.6	-178524.013	-178732.584	0.117	-64071.308	-64382.209	0.485	179685.283	179571.296	0.063
59379.7	-182249.905	-182349.221	0.054	53438.530	53283.833	0.289	179702.535	179571.296	0.073
59379.8	-116059.614	-115945.467	0.098	150611.015	150489.382	0.081	179719.730	179571.296	0.083
59379.9	-5358.466	-5019.740	6.321	190127.405	189908.419	0.115	179703.802	179571.296	0.074
59380.0	107381.642	107833.520	0.421	156869.760	156404.403	0.297	179769.282	179571.296	0.110
59380.1	178879.451	178908.382	0.016	63602.308	63118.771	0.760	179768.754	179768.244	0.000
59380.2	181727.029	181746.880	0.011	-53877.048	-54408.272	0.986	179784.346	179768.244	0.009
59380.3	114831.997	114796.279	0.031	-150448.253	-151043.049	0.395	179799.972	179768.244	0.018
59380.4	3905.965	3764.983	3.609	-189103.559	-189678.710	0.304	179799.575	179768.244	0.017
59380.5	-108499.524	-108712.031	0.196	-155012.772	-155479.525	0.301	179848.851	179768.244	0.045
59380.6	-179228.706	-179444.644	0.120	-61266.816	-61577.659	0.507	179898.607	179768.244	0.072
59380.7	-181168.370	-181272.196	0.057	56123.237	55969.450	0.274	179899.476	179768.244	0.073
59380.8	-113602.960	-113492.924	0.097	152147.970	152024.816	0.081	179916.666	179768.244	0.082
59380.9	-2465.534	-2133.433	13.470	189925.745	189704.077	0.117	179949.883	179768.244	0.101
59381.0	109569.906	110045.276	0.434	154998.390	154538.751	0.297	179933.429	179768.244	0.092
59381.1	179572.215	179592.839	0.011	60784.346	60300.408	0.796	179982.036	179965.146	0.009
59381.2	180608.084	180639.412	0.017	-56530.542	-57088.789	0.988	179981.228	179965.146	0.009
59381.3	112358.998	112322.144	0.033	-151993.866	-152556.425	0.370	179996.868	179965.146	0.018
59381.4	997.728	874.226	12.378	-188889.696	-189443.824	0.293	180045.618	179965.146	0.045
59381.5	-110721.883	-110909.387	0.169	-153122.494	-153586.571	0.303	180045.747	179965.146	0.045
59381.6	-179884.648	-180104.835	0.122	-58448.225	-58753.514	0.522	180079.131	179965.146	0.063
59381.7	-180051.886	-180141.714	0.050	58820.846	58640.342	0.307	180096.387	179965.146	0.073
59381.8	-111115.797	-111005.864	0.099	153642.347	153516.856	0.082	180097.186	179965.146	0.073
59381.9	402.191	755.198	87.771	189650.230	189444.336	0.109	180146.779	179965.146	0.101
59382.0	111726.407	112226.271	0.447	153089.878	152626.967	0.302	180163.084	179965.146	0.110
59382.1	180187.766	180260.327	0.040	57969.578	57458.340	0.882	180195.290	180162.036	0.018
59382.2	179460.468	179504.267	0.024	-59193.447	-59778.461	0.988	180194.477	180162.036	0.018
59382.3	109858.430	109820.251	0.035	-153463.339	-154060.893	0.389	180226.490	180162.036	0.036
59382.4	-1882.381	-2033.712	8.039	-188604.415	-189185.386	0.308	180242.490	180162.036	0.045
59382.5	-112846.246	-113106.749	0.231	-151194.635	-151664.464	0.311	180259.018	180162.036	0.054
59382.6	-180493.511	-180747.854	0.141	-55619.880	-55905.810	0.514	180276.025	180162.036	0.063
59382.7	-178862.090	-178983.478	0.068	61439.898	61320.152	0.195	180293.276	180162.036	0.073
59382.8	-108598.852	-108491.123	0.099	155127.096	154999.750	0.082	180310.465	180162.036	0.082
59382.9	3290.179	3660.805	11.265	189347.116	189160.897	0.098	180327.272	180162.036	0.092
59383.0	113981.532	114407.019	0.373	151147.547	150686.032	0.305	180359.942	180162.036	0.110
59383.1	180809.717	180821.329	0.006	55107.978	54635.726	0.857	180359.373	180342.516	0.009
59383.2	178253.168	178294.543	0.023	-61807.013	-62389.675	0.943	180391.325	180342.516	0.027
59383.3	107328.492	107304.323	0.023	-154922.609	-155458.026	0.346	180390.574	180342.516	0.027
59383.4	-4757.655	-4889.751	2.776	-188269.718	-188831.952	0.299	180422.966	180342.516	0.045
59383.5	-115003.545	-115206.206	0.176	-149226.555	-149696.178	0.315	180423.110	180342.516	0.045
59383.6	-181080.427	-181284.558	0.113	-52761.496	-53078.475	0.601	180456.518	180342.516	0.063
59383.7	-177667.128	-177751.339	0.047	64128.719	63920.865	0.324	180490.162	180342.516	0.082
59383.8	-106060.330	-105963.272	0.092	156536.005	156375.192	0.103	180490.958	180342.516	0.082
59383.9	6224.098	6513.698	4.653	189035.620	188782.911	0.134	180524.144	180342.516	0.101
59384.0	116072.176	116489.470	0.360	149164.433	148699.762	0.312	180540.423	180342.516	0.110
59384.1	181302.135	181388.938	0.048	52292.482	51767.888	1.003	180572.608	180555.757	0.009
59384.2	177034.194	177063.512	0.017	-64492.267	-65041.324	0.851	180571.779	180555.757	0.009
59384.3	104783.583	104747.357	0.035	-156307.125	-156875.276	0.363	180587.425	180555.757	0.018
59384.4	-7652.864	-7790.801	1.802	-187905.885	-188470.593	0.301	180636.205	180555.757	0.045
59384.5	-117126.640	-117337.365	0.180	-147228.925	-147694.969	0.317	180619.983	180555.757	0.036
59384.6	-181589.528	-181827.480	0.131	-49908.953	-50205.861	0.595	180669.776	180555.757	0.063
59384.7	-176391.068	-176497.547	0.060	66705.233	66561.827	0.215	180687.049	180555.757	0.073
59384.8	-103501.491	-103394.211	0.104	157902.474	157770.397	0.084	180671.458	180555.757	0.064
59384.9	9074.641	9411.534	3.712	188613.947	188396.614	0.115	180737.404	180555.757	0.101
59385.0	118096.032	118603.337	0.430	147142.756	146680.296	0.314	180753.668	180555.757	0.109
59385.1	181825.659	181908.050	0.045	49410.817	48891.599	1.051	180769.454	180736.237	0.018
59385.2	175738.627	175788.317	0.028	-67062.797	-67671.226	0.907	180785.010	180736.237	0.027
59385.3	102208.973	102167.517	0.041	-157645.969	-158248.935	0.382	180800.650	180736.237	0.036
59385.4	-10519.744	-10684.651	1.568	-187466.931	-188060.536	0.317	180833.053	180736.237	0.054
59385.5	-119215.441	-119434.014	0.183	-145190.048	-145658.654	0.323	180849.621	180736.237	0.063
59385.6	-182104.551	-182321.834	0.119	-47012.089	-47325.214	0.666	180850.276	180736.237	0.063
59385.7	-175090.796	-175199.780	0.062	69322.222	69180.665	0.204	180883.937	180736.237	0.082
59385.8	-100907.598	-100802.652	0.104	159255.686	159121.817	0.084	180868.348	180736.237	0.073
59385.9	11944.930	12301.750	2.987	188161.778	187961.682	0.106	180917.898	180736.237	0.100
59386.0	120183.294	120682.394	0.415	145084.838	144626.024	0.316	180934.147	180736.237	0.109
59386.1	182300.225	182322.509	0.012	46521.516	46042.112	1.030	180966.314	180933.104	0.018
59386.2	174416.403	174444.352	0.016	-69673.973	-70217.815	0.781	180981.861	180933.104	0.027
59386.3	99625.193	99581.199	0.044	-158910.121	-159514.759	0.380	180997.510	180933.104	0.036
59386.4	-13373.858	-13520.202	1.094	-186985.059	-187559.531	0.307	180997.162	180933.104	0.035
59386.5	-121203.375	-121429.971	0.187	-143116.356	-143583.201	0.326	181046.507	180933.104	0.063
59386.6	-182491.505	-182711.770	0.121	-44166.241	-44472.268	0.693	181047.177	180933.104	0.063
59386.7	-173728.371	-173833.962	0.061	71853.334	71715.600	0.192	181080.846	180933.104	0.082
59386.8	-98322.060	-98205.541	0.119	160471.044	160365.349	0.066	181098.019	180933.104	0.091
59386.9	14807.320	15132.886	2.199	187660.042	187436.307	0.119	181131.173	180933.104	0.109
59387.0	122169.283	122660.427	0.402	142996.680	142533.480	0.324	181131.033	180933.104	0.109
59387.1	182699.214	182714.452	0.008	43644.825	43166.755	1.095	181163.187	181129.983	0.018
59387.2	173042.472	173066.952	0.014	-72229.666	-72772.040	0.751	181195.112	181129.983	0.036
59387.3	97010.006	96963.365	0.048	-160160.669	-160767.054	0.379	181177.996	181129.983	0.027
59387.4	-16220.634	-16373.245	0.941	-186452.105	-187029.026	0.309	181210.424	181129.983	0.044
59387.5	-123220.809	-123422.683	0.164	-141006.229	-141473.605	0.331	181259.780	181129.983	0.072
59387.6	-182882.174	-183078.967	0.108	-41275.133	-41593.646	0.772	181244.086	181129.983	0.063
59387.7	-172336.358	-172434.644	0.057	74425.089	74257.883	0.225	181277.749	181129.983	0.082
59387.8	-95702.303	-95577.034	0.131	161671.756	161595.081	0.047	181294.920	181129.983	0.091
59387.9	17685.252	17981.262	1.674	187131.086	186881.283	0.133	181295.306	181129.983	0.091
59388.0	124184.433	124634.921	0.363	140869.551	140406.824	0.328	181327.912	181129.983	0.109
59388.1	183022.220	183057.808	0.019	40781.350	40286.540	1.213	181360.063	181326.868	0.018
59388.2	171631.917	171647.431	0.009	-74793.159	-75301.564	0.680	181375.596	181326.868	0.027
59388.3	94364.459	94326.050	0.041	-161397.241	-161974.574	0.358	181391.254	181326.868	0.035
59388.4	-19084.772	-19215.650	0.686	-185888.472	-186450.865	0.303	181390.921	181326.868	0.035
59388.5	-125168.730	-125378.721	0.168	-138863.880	-139331.772	0.337	181423.903	181326.868	0.053
59388.6	-183193.995	-183397.538	0.111	-38393.811	-38710.584	0.825	181473.752	181326.868	0.081
59388.7	-170894.246	-170993.419	0.058	76940.030	76775.105	0.214	181458.267	181326.868	0.072
59388.8	-93021.801	-92929.431	0.099	162951.827	162779.873	0.106	181491.821	181326.868	0.091
59388.9	20500.959	20818.589	1.549	186513.482	186278.696	0.126	181508.582	181326.868	0.100
59389.0	126162.624	126572.465	0.325	138713.365	138248.246	0.335	181508.412	181326.868	0.100
59389.1	183319.052	183378.184	0.032	37889.643	37382.057	1.340	181556.919	181540.132	0.009
59389.2	170158.731	170195.045	0.021	-77268.791	-77837.158	0.736	181572.449	181540.132	0.018
59389.3	91706.858	91658.604	0.053	-162556.056	-163167.634	0.376	181588.110	181540.132	0.026
59389.4	-21910.549	-22073.882	0.745	-185258.300	-185843.268	0.316	181587.788	181540.132	0.026
59389.5	-127079.379	-127330.204	0.197	-136692.041	-137156.829	0.340	181637.170	181540.132	0.053
59389.6	-183482.742	-183692.921	0.115	-35488.686	-35803.453	0.887	181637.868	181540.132	0.054
59389.7	-169419.242	-169519.279	0.059	79460.790	79298.113	0.205	181671.545	181540.132	0.072
59389.8	-90362.634	-90251.822	0.123	164061.515	163949.947	0.068	181705.081	181540.132	0.091
59389.9	23306.365	23671.488	1.567	185845.914	185646.538	0.107	181705.443	181540.132	0.091
59390.0	128037.217	128505.169	0.365	136517.883	136056.599	0.338	181721.637	181540.132	0.100
59390.1	183569.390	183596.963	0.015	34998.097	34513.437	1.385	181753.763	181736.986	0.009
59390.2	168655.574	168681.697	0.015	-79748.775	-80283.916	0.671	181769.283	181736.986	0.018
59390.3	89031.526	88994.241	0.042	-163669.113	-164252.997	0.357	181784.941	181736.986	0.026
59390.4	-24725.974	-24866.170	0.567	-184577.320	-185150.468	0.311	181817.388	181736.986	0.044
59390.5	-128984.586	-129178.204	0.150	-134483.342	-134951.894	0.348	181817.634	181736.986	0.044
59390.6	-183672.752	-183887.019	0.117	-32623.494	-32933.058	0.949	181851.110	181736.986	0.063
59390.7	-167892.168	-167984.942	0.055	81923.963	81731.764	0.235	181868.398	181736.986	0.072
59390.8	-87676.843	-87578.222	0.112	165157.020	165012.354	0.088	181869.165	181736.986	0.073
59390.9	26180.505	26457.714	1.059	185185.820	184929.747	0.138	181885.895	181736.986	0.082
59391.0	129939.159	130334.136	0.304	134294.374	133835.851	0.341	181902.076	181736.986	0.091
59391.1	183793.069	183791.215	0.001	32080.095	31620.856	1.432	181950.565	181933.805	0.009
59391.2	167125.077	167134.414	0.006	-82265.675	-82735.583	0.571	181982.463	181933.805	0.027
59391.3	86310.591	86299.565	0.013	-164795.101	-165322.334	0.320	181981.732	181933.805	0.026
59391.4	-27553.532	-27673.508	0.435	-183869.880	-184426.858	0.303	181997.813	181933.805	0.035
59391.5	-130851.077	-131020.213	0.129	-132243.434	-132713.198	0.355	181998.063	181933.805	0.035
59391.6	-183860.403	-184056.385	0.107	-29710.228	-30038.913	1.106	182015.153	181933.805	0.045
59391.7	-166322.561	-166416.630	0.057	84360.147	84170.033	0.225	182065.215	181933.805	0.072
59391.8	-84972.415	-84874.449	0.115	166205.610	166058.475	0.089	182082.359	181933.805	0.082
59391.9	28958.986	29258.725	1.035	184424.152	184182.019	0.131	182099.074	181933.805	0.091
59392.0	131769.098	132156.823	0.294	132038.459	131581.395	0.346	182115.235	181933.805	0.100
59392.1	183939.369	184009.065	0.038	29178.498	28660.889	1.774	182163.705	182114.200	0.027
59392.2	165521.061	165566.497	0.027	-84627.620	-85255.603	0.742	182179.218	182114.200	0.036
59392.3	83612.491	83547.945	0.077	-165784.199	-166434.742	0.392	182145.721	182114.200	0.017
59392.4	-30425.821	-30552.234	0.415	-183144.372	-183704.501	0.306	182178.191	182114.200	0.035
59392.5	-132612.598	-132920.642	0.232	-129975.191	-130433.453	0.353	182211.213	182114.200	0.053
59392.6	-183973.667	-184248.769	0.150	-26817.187	-27077.182	0.970	182228.310	182114.200	0.063
59392.7	-164714.878	-164827.096	0.068	86767.589	86676.474	0.105	182261.996	182114.200	0.081
59392.8	-82252.263	-82113.363	0.169	167207.727	167147.175	0.036	182262.747	182114.200	0.082
59392.9	31751.559	32131.132	1.195	183631.180	183434.929	0.107	182279.446	182114.200	0.091
59393.0	133526.797	134037.573	0.383	129756.711	129285.389	0.363	182311.977	182114.200	0.108
59393.1	184014.739	184051.173	0.020	26301.805	25805.004	1.889	182344.051	182327.318	0.009
59393.2	163890.688	163917.900	0.017	-87024.695	-87587.980	0.647	182359.552	182327.318	0.018
59393.3	80884.819	80841.691	0.053	-166755.834	-167348.001	0.355	182358.822	182327.318	0.017
59393.4	-33142.942	-33276.970	0.404	-182286.548	-182847.958	0.308	182374.917	182327.318	0.026
59393.5	-134431.927	-134617.587	0.138	-127668.242	-128136.013	0.366	182407.949	182327.318	0.044
59393.6	-184063.311	-184266.312	0.110	-23903.817	-24221.040	1.327	182408.675	182327.318	0.045
59393.7	-163066.060	-163158.500	0.057	89179.733	88994.585	0.208	182425.966	182327.318	0.054
59393.8	-79511.600	-79399.354	0.141	168160.420	168037.124	0.073	182443.095	182327.318	0.063
59393.9	34559.136	34848.400	0.837	182803.783	182554.982	0.136	182459.780	182327.318	0.073
59394.0	135341.452	135714.695	0.276	127431.438	126973.438	0.359	182492.300	182327.318	0.090
59394.1	184062.592	184121.410	0.032	23401.185	22888.925	2.189	182540.748	182507.655	0.018
59394.2	162226.953	162256.569	0.018	-89424.190	-89985.568	0.628	182556.246	182507.655	0.027
59394.3	78113.041	78086.726	0.034	-167738.571	-168306.446	0.339	182555.515	182507.655	0.026
59394.4	-35929.924	-36067.687	0.383	-181429.352	-181999.227	0.314	182587.999	182507.655	0.044
59394.5	-136177.683	-136372.447	0.143	-125333.320	-125806.010	0.377	182621.043	182507.655	0.062
59394.6	-184076.446	-184311.466	0.128	-21010.386	-21304.465	1.400	182621.778	182507.655	0.062
59394.7	-161375.053	-161476.609	0.063	91529.093	91377.795	0.165	182655.457	182507.655	0.081
59394.8	-76758.727	-76636.248	0.160	169066.620	168971.839	0.056	182656.196	182507.655	0.081
59394.9	37262.970	37631.714	0.990	181884.253	181682.280	0.111	182672.868	182507.655	0.090
59395.0	137017.239	137449.451	0.315	125087.663	124628.428	0.367	182705.368	182507.655	0.108
59395.1	184058.095	184091.712	0.018	20499.288	20016.270	2.356	182737.419	182687.965	0.027
59395.2	160519.093	160540.073	0.013	-91794.051	-92289.189	0.539	182769.298	182687.965	0.045
59395.3	75367.524	75342.551	0.033	-168583.619	-169156.465	0.340	182784.952	182687.965	0.053
59395.4	-38671.119	-38785.805	0.297	-180509.669	-181069.243	0.310	182801.067	182687.965	0.062
59395.5	-137817.298	-138020.775	0.148	-122979.839	-123453.129	0.385	182784.971	182687.965	0.053
59395.6	-184062.211	-184257.061	0.106	-18094.691	-18432.171	1.865	182818.482	182687.965	0.071
59395.7	-159654.093	-159740.363	0.054	93912.765	93666.568	0.262	182852.169	182687.965	0.090
59395.8	-73974.321	-73884.863	0.121	169952.659	169798.223	0.091	182836.512	182687.965	0.081
59395.9	40065.914	40341.732	0.688	180978.319	180728.952	0.138	182885.943	182687.965	0.108
59396.0	138651.617	139077.480	0.307	122717.914	122261.457	0.372	182902.044	182687.965	0.117
59396.1	184027.163	184033.613	0.004	17576.909	17120.850	2.595	182901.315	182901.025	0.000
59396.2	158764.767	158787.217	0.014	-94100.577	-94594.471	0.525	182916.806	182901.025	0.009
59396.3	72597.444	72568.018	0.041	-169411.265	-169986.402	0.339	182965.241	182901.025	0.035
59396.4	-41454.518	-41516.620	0.150	-179569.765	-180105.148	0.298	182948.590	182901.025	0.026
59396.5	-139511.291	-139659.264	0.106	-120578.620	-121065.205	0.404	182998.035	182901.025	0.053
59396.6	-183974.910	-184174.061	0.108	-15204.745	-15537.359	2.188	183015.178	182901.025	0.062
59396.7	-157877.275	-157967.744	0.057	96201.348	95956.688	0.254	183048.862	182901.025	0.081
59396.8	-71174.808	-71103.294	0.100	170789.190	170604.266	0.108	183049.588	182901.025	0.081
59396.9	42794.450	43064.154	0.630	179991.821	179741.405	0.139	183082.622	182901.025	0.099
59397.0	140275.999	140695.371	0.299	120315.208	119859.529	0.379	183098.714	182901.025	0.108
59397.1	183920.095	183967.133	0.026	14678.047	14177.602	3.409	183097.969	183081.305	0.009
59397.2	156974.409	156999.409	0.016	-96374.610	-96933.461	0.580	183146.234	183081.305	0.035
59397.3	69775.678	69745.384	0.043	-170243.566	-170822.983	0.340	183145.506	183081.305	0.035
59397.4	-44102.531	-44290.215	0.426	-178523.392	-179118.082	0.333	183161.640	183081.305	0.044
59397.5	-141066.902	-141318.786	0.179	-118173.414	-118633.515	0.389	183194.727	183081.305	0.062
59397.6	-183880.387	-184082.268	0.110	-12268.471	-12594.791	2.660	183195.486	183081.305	0.062
59397.7	-156065.038	-156159.885	0.061	98457.212	98280.215	0.180	183196.408	183081.305	0.063
59397.8	-68378.749	-68273.570	0.154	171548.129	171416.539	0.077	183262.663	183081.305	0.099
59397.9	45505.343	45829.157	0.712	178955.831	178730.520	0.126	183262.910	183081.305	0.099
59398.0	141856.534	142333.916	0.337	117880.861	117413.656	0.396	183295.373	183081.305	0.117
59398.1	183764.853	183763.131	0.001	11785.203	11336.182	3.810	183294.629	183277.977	0.009
59398.2	155140.560	155160.478	0.013	-98649.486	-99109.149	0.466	183326.493	183277.977	0.026
59398.3	66994.720	66977.656	0.025	-170943.234	-171497.495	0.324	183358.554	183277.977	0.044
59398.4	-46846.898	-46923.958	0.164	-177491.972	-178032.411	0.304	183341.936	183277.977	0.035
59398.5	-142610.455	-142807.212	0.138	-115729.836	-116204.550	0.410	183375.024	183277.977	0.053
59398.6	-183669.981	-183853.835	0.100	-9409.633	-9755.230	3.673	183392.185	183277.977	0.062
59398.7	-154207.489	-154302.309	0.061	100680.929	100440.006	0.239	183442.247	183277.977	0.090
59398.8	-65568.784	-65500.142	0.105	172256.490	172067.221	0.110	183426.584	183277.977	0.081
59398.9	48195.896	48453.465	0.534	177874.265	177622.237	0.142	183459.589	183277.977	0.099
59399.0	143362.060	143801.396	0.306	115430.540	114971.978	0.397	183475.655	183277.977	0.108
59399.1	183556.993	183595.898	0.021	8895.114	8401.527	5.549	183491.284	183491.028	0.000
59399.2	153266.209	153296.324	0.020	-100824.922	-101381.834	0.552	183506.763	183491.028	0.009
59399.3	64183.217	64132.399	0.079	-171619.882	-172235.521	0.359	183538.825	183491.028	0.026
59399.4	-49483.840	-49657.766	0.351	-176368.265	-176952.382	0.331	183554.988	183491.028	0.035
59399.5	-144174.045	-144379.815	0.143	-113245.978	-113721.187	0.420	183555.317	183491.028	0.035
59399.6	-183448.428	-183661.368	0.116	-6503.002	-6822.122	4.907	183556.099	183491.028	0.035
59399.7	-152321.849	-152418.677	0.064	102935.625	102696.574	0.232	183606.171	183491.028	0.063
59399.8	-62747.528	-62648.643	0.158	172914.843	172780.748	0.078	183623.269	183491.028	0.072
59399.9	50804.974	51177.883	0.734	176721.756	176518.735	0.115	183639.882	183491.028	0.081
59400.0	144886.986	145352.581	0.321	112938.640	112475.182	0.410	183655.931	183491.028	0.090
59400.1	183339.389	183354.525	0.008	5959.352	5495.302	7.787	183704.315	183687.697	0.009
59400.2	151358.275	151389.016	0.020	-103031.379	-103587.866	0.540	183703.411	183687.697	0.009
59400.3	61362.948	61291.544	0.116	-172247.324	-172894.265	0.376	183719.099	183687.697	0.017
59400.4	-52221.783	-52341.307	0.229	-175245.631	-175810.887	0.323	183751.645	183687.697	0.035
59400.5	-145597.443	-145875.586	0.191	-110759.354	-111217.775	0.414	183768.379	183687.697	0.044
59400.6	-183134.007	-183395.008	0.143	-3652.469	-3918.081	7.272	183785.551	183687.697	0.053
59400.7	-150388.102	-150492.465	0.069	105025.141	104886.120	0.132	183802.862	183687.697	0.063
59400.8	-59933.194	-59802.227	0.219	173495.039	173415.034	0.046	183836.331	183687.697	0.081
59400.9	53514.827	53851.506	0.629	175570.265	175354.200	0.123	183836.548	183687.697	0.081
59401.0	146366.259	146826.766	0.315	110418.443	109958.997	0.416	183852.584	183687.697	0.090
59401.1	182986.316	183017.635	0.017	3130.151	2643.410	15.550	183884.580	183884.352	0.000
59401.2	149409.416	149436.541	0.018	-105170.023	-105693.720	0.498	183900.052	183884.352	0.009
59401.3	58496.366	58473.216	0.040	-172878.600	-173445.453	0.328	183932.128	183884.352	0.026
59401.4	-54846.754	-54943.276	0.176	-174039.057	-174595.758	0.320	183931.919	183884.352	0.026
59401.5	-147070.772	-147262.065	0.130	-108222.891	-108702.928	0.444	183965.048	183884.352	0.044
59401.6	-182832.178	-183033.601	0.110	-733.559	-1069.193	45.754	183965.848	183884.352	0.044
59401.7	-148419.100	-148521.950	0.069	107177.725	106975.103	0.189	183983.151	183884.352	0.054
59401.8	-57059.164	-56979.262	0.140	174109.143	173941.961	0.096	184016.628	183884.352	0.072
59401.9	56172.632	56442.928	0.481	174358.384	174116.737	0.139	184049.591	183884.352	0.090
59402.0	147769.112	148191.563	0.286	107885.196	107432.318	0.420	184065.619	183884.352	0.098
59402.1	182663.183	182713.128	0.027	205.130	-302.377	247.408	184081.210	184064.617	0.009
59402.2	147423.263	147454.910	0.021	-107305.494	-107894.523	0.549	184080.299	184064.617	0.009
59402.3	55635.603	55575.389	0.108	-173429.357	-174056.183	0.361	184112.379	184064.617	0.026
59402.4	-57477.901	-57644.561	0.290	-172801.849	-173381.900	0.336	184112.189	184064.617	0.026
59402.5	-148466.837	-148729.539	0.177	-105671.310	-106130.593	0.435	184145.326	184064.617	0.044
59402.6	-182458.983	-182703.769	0.134	2152.173	1873.867	12.931	184162.519	184064.617	0.053
59402.7	-146419.157	-146521.464	0.070	109261.053	109158.780	0.094	184179.827	184064.617	0.063
59402.8	-54222.560	-54076.290	0.270	174584.932	174527.744	0.033	184213.274	184064.617	0.081
59402.9	58746.012	59133.672	0.660	173076.825	172879.691	0.114	184229.849	184064.617	0.090
59403.0	149155.322	149636.859	0.323	105311.675	104847.456	0.441	184245.856	184064.617	0.098
59403.1	182267.084	182276.008	0.005	-2687.125	-3137.471	16.759	184245.060	184228.490	0.009
59403.2	145402.631	145431.346	0.020	-109371.285	-109927.752	0.509	184293.303	184228.490	0.035
59403.3	52804.887	52742.410	0.118	-173875.323	-174506.806	0.363	184292.616	184228.490	0.035
59403.4	-60117.842	-60199.117	0.135	-171525.146	-172076.882	0.322	184308.818	184228.490	0.044
59403.5	-149815.887	-150024.748	0.139	-103093.848	-103571.048	0.463	184341.966	184228.490	0.062
59403.6	-182012.634	-182242.281	0.126	5005.207	4705.097	5.996	184359.165	184228.490	0.071
59403.7	-144375.956	-144480.487	0.072	111340.603	111174.529	0.149	184360.085	184228.490	0.071
59403.8	-51330.523	-51239.540	0.177	175095.678	174953.984	0.081	184377.155	184228.490	0.081
59403.9	61356.655	61676.910	0.522	171772.214	171552.749	0.128	184426.476	184228.490	0.107
59404.0	150434.751	150910.005	0.316	102743.360	102276.866	0.454	184426.092	184228.490	0.107
59404.1	181782.888	181828.377	0.025	-5515.955	-6015.050	9.048	184425.279	184441.493	0.009
59404.2	143342.366	143374.257	0.022	-111399.666	-111989.115	0.529	184473.512	184441.493	0.017
59404.3	49911.845	49865.766	0.092	-174350.969	-174960.409	0.350	184505.599	184441.493	0.035
59404.4	-62672.220	-62790.711	0.189	-170178.062	-170748.546	0.335	184521.805	184441.493	0.044
59404.5	-151151.006	-151336.144	0.122	-100489.497	-100970.842	0.479	184538.597	184441.493	0.053
59404.6	-181515.640	-181769.916	0.140	7848.510	7578.719	3.437	184572.177	184441.493	0.071
59404.7	-142298.398	-142405.744	0.075	113382.379	113218.123	0.145	184556.710	184441.493	0.062
59404.8	-48444.311	-48359.101	0.176	175523.706	175382.829	0.080	184573.762	184441.493	0.072
59404.9	63911.359	64256.983	0.541	170411.082	170202.173	0.123	184606.691	184441.493	0.089
59405.0	151727.465	152198.989	0.311	100126.450	99665.477	0.460	184622.672	184441.493	0.098
59405.1	181268.013	181288.992	0.012	-8360.402	-8831.265	5.632	184654.623	184638.080	0.009
59405.2	141249.177	141279.185	0.021	-113455.211	-113946.837	0.433	184653.701	184638.080	0.008
59405.3	47029.140	47019.496	0.021	-174746.215	-175307.892	0.321	184685.786	184638.080	0.026
59405.4	-65198.782	-65295.240	0.148	-168792.056	-169352.359	0.332	184702.009	184638.080	0.035
59405.5	-152373.652	-152537.215	0.107	-97874.836	-98367.108	0.503	184718.798	184638.080	0.044
59405.6	-181023.673	-181206.330	0.101	10762.210	10390.191	3.457	184752.386	184638.080	0.062
59405.7	-140189.289	-140293.912	0.075	115385.746	115157.754	0.198	184736.925	184638.080	0.054
59405.8	-45595.934	-45509.947	0.189	175850.552	175705.819	0.082	184803.119	184638.080	0.089
59405.9	66470.044	66749.411	0.420	169018.756	168784.496	0.139	184803.267	184638.080	0.089
59406.0	152972.172	153377.621	0.265	97487.718	97051.509	0.447	184819.220	184638.080	0.098
59406.1	180697.568	180754.731	0.032	-11197.027	-11717.168	4.645	184818.390	184834.634	0.009
59406.2	139120.737	139147.195	0.019	-115406.171	-115963.887	0.483	184833.855	184834.634	0.000
59406.3	44142.682	44108.440	0.078	-175090.329	-175681.560	0.338	184849.557	184834.634	0.008
59406.4	-67731.840	-67867.542	0.200	-167365.325	-167939.160	0.343	184865.785	184834.634	0.017
59406.5	-153580.795	-153783.025	0.132	-95233.125	-95709.698	0.500	184898.975	184834.634	0.035
59406.6	-180424.469	-180647.267	0.123	13583.904	13271.392	2.301	184932.564	184834.634	0.053
59406.7	-138037.886	-138144.652	0.077	117317.043	117156.391	0.137	184933.477	184834.634	0.053
59406.8	-42699.324	-42595.785	0.242	176174.726	176054.435	0.068	184966.899	184834.634	0.072
59406.9	68972.995	69309.463	0.488	167564.009	167349.225	0.128	184999.797	184834.634	0.089
59407.0	154138.958	154600.528	0.299	94843.124	94383.482	0.485	184982.975	184834.634	0.080
59407.1	180134.927	180153.236	0.010	-14100.350	-14562.506	3.278	185014.901	185014.782	0.000
59407.2	136953.590	136984.780	0.023	-117349.943	-117908.546	0.476	185013.971	185014.782	0.000
59407.3	41233.154	41215.452	0.043	-175408.943	-175978.810	0.325	185046.072	185014.782	0.017
59407.4	-70236.919	-70380.224	0.204	-165895.489	-166474.861	0.349	185078.684	185014.782	0.035
59407.5	-154677.250	-154950.553	0.177	-92591.928	-93046.125	0.491	185128.266	185014.782	0.061
59407.6	-179813.012	-180021.322	0.116	16446.255	16111.451	2.036	185112.720	185014.782	0.053
59407.7	-135854.597	-135965.591	0.082	119273.913	119082.380	0.161	185130.004	185014.782	0.062
59407.8	-39841.096	-39700.347	0.353	176396.368	176326.792	0.039	185147.032	185014.782	0.071
59407.9	71478.368	71809.457	0.463	166077.984	165863.368	0.129	185179.918	185014.782	0.089
59408.0	155256.504	155745.104	0.315	92177.576	91709.966	0.507	185195.850	185014.782	0.098
59408.1	179444.149	179497.163	0.030	-16884.580	-17397.409	3.037	185211.371	185194.887	0.009
59408.2	134758.718	134784.412	0.019	-119253.335	-119812.619	0.469	185210.450	185194.887	0.008
59408.3	38359.125	38315.711	0.113	-175622.123	-176220.906	0.341	185226.167	185194.887	0.017
59408.4	-72680.940	-72865.865	0.254	-164376.801	-164962.017	0.356	185275.177	185194.887	0.043
59408.5	-155846.891	-156067.631	0.142	-89884.174	-90359.260	0.529	185275.607	185194.887	0.044
59408.6	-179109.211	-179340.890	0.129	19244.161	18940.606	1.577	185292.827	185194.887	0.053
59408.7	-133642.733	-133748.928	0.079	121091.878	120967.457	0.103	185326.508	185194.887	0.071
59408.8	-36899.513	-36798.632	0.273	176669.012	176543.938	0.071	185343.529	185194.887	0.080
59408.9	73987.416	74281.995	0.398	164553.612	164329.202	0.136	185360.009	185194.887	0.089
59409.0	156385.194	156839.031	0.290	89467.907	89013.593	0.508	185359.538	185194.887	0.089
59409.1	178742.406	178809.232	0.037	-19706.976	-20245.122	2.731	185391.440	185358.589	0.018
59409.2	132524.926	132550.756	0.019	-121082.239	-121708.272	0.517	185390.502	185358.589	0.017
59409.3	35460.939	35394.032	0.189	-175806.900	-176436.586	0.358	185438.998	185358.589	0.043
59409.4	-75160.654	-75353.668	0.257	-162824.992	-163414.905	0.362	185438.866	185358.589	0.043
59409.5	-156907.053	-157166.266	0.165	-87184.612	-87643.432	0.526	185455.697	185358.589	0.052
59409.6	-178374.396	-178628.491	0.142	22053.944	21782.297	1.232	185489.301	185358.589	0.070
59409.7	-131399.389	-131499.050	0.076	122934.213	122843.828	0.074	185506.604	185358.589	0.080
59409.8	-34013.405	-33875.206	0.406	176808.791	176734.481	0.042	185539.989	185358.589	0.098
59409.9	76371.021	76756.399	0.505	162963.515	162760.749	0.124	185556.461	185358.589	0.107
59410.0	157403.097	157914.267	0.325	86764.443	86288.415	0.549	185572.357	185358.589	0.115
59410.1	177989.766	178052.555	0.035	-22514.523	-23050.588	2.381	185571.487	185555.035	0.009
59410.2	130260.411	130286.444	0.020	-122934.821	-123529.286	0.484	185570.549	185555.035	0.008
59410.3	32543.153	32491.560	0.159	-175966.121	-176573.895	0.345	185619.054	185555.035	0.034
59410.4	-77577.087	-77779.779	0.261	-161227.304	-161815.784	0.365	185618.932	185555.035	0.034
59410.5	-157916.542	-158184.411	0.170	-84465.790	-84921.929	0.540	185635.767	185555.035	0.043
59410.6	-177610.957	-177847.713	0.133	24873.443	24581.152	1.175	185685.776	185555.035	0.070
59410.7	-129118.972	-129219.160	0.078	124766.958	124645.300	0.098	185670.303	185555.035	0.062
59410.8	-31085.359	-30971.660	0.366	176946.705	176846.821	0.056	185687.286	185555.035	0.071
59410.9	78852.579	79168.666	0.401	161356.264	161140.821	0.134	185703.744	185555.035	0.080
59411.0	158430.288	158908.967	0.302	84016.747	83558.256	0.546	185736.011	185555.035	0.097
59411.1	177184.654	177228.853	0.025	-25307.227	-25811.846	1.994	185767.904	185751.468	0.009
59411.2	127966.661	127994.022	0.021	-124711.987	-125275.089	0.452	185766.969	185751.468	0.008
59411.3	29641.674	29610.686	0.105	-176043.168	-176633.873	0.336	185799.085	185751.468	0.026
59411.4	-79995.490	-80142.875	0.184	-159589.379	-160166.904	0.362	185831.752	185751.468	0.043
59411.5	-158876.522	-159122.324	0.155	-81732.442	-82197.346	0.569	185815.834	185751.468	0.035
59411.6	-176773.010	-177000.292	0.129	27652.853	27335.223	1.149	185849.454	185751.468	0.053
59411.7	-126800.084	-126911.807	0.088	126556.107	126371.322	0.146	185883.132	185751.468	0.071
59411.8	-28205.357	-28090.377	0.408	176986.593	176882.018	0.059	185883.742	185751.468	0.071
59411.9	81205.958	81517.494	0.384	159688.496	159471.678	0.136	185900.181	185751.468	0.080
59412.0	159350.116	159823.411	0.297	81286.816	80825.707	0.567	185916.058	185751.468	0.089
59412.1	176330.927	176371.808	0.023	-28081.921	-28584.236	1.789	185931.555	185915.132	0.009
59412.2	125632.253	125668.100	0.029	-126510.541	-127010.243	0.395	185963.382	185915.132	0.026
59412.3	26724.799	26709.019	0.059	-176096.548	-176665.507	0.323	185962.751	185915.132	0.026
59412.4	-82316.975	-82506.074	0.230	-157899.772	-158482.873	0.369	185995.424	185915.132	0.043
59412.5	-159816.300	-160039.608	0.140	-78971.464	-79444.300	0.599	186028.671	185915.132	0.061
59412.6	-175909.574	-176119.433	0.119	30438.653	30100.139	1.112	186029.538	185915.132	0.061
59412.7	-124458.019	-124571.047	0.091	128302.520	128086.406	0.168	186030.445	185915.132	0.062
59412.8	-25277.615	-25188.546	0.352	177017.525	176888.695	0.073	186063.803	185915.132	0.080
59412.9	83559.105	83866.121	0.367	157985.409	157767.382	0.138	186096.622	185915.132	0.098
59413.0	160304.460	160716.983	0.257	78492.636	78064.874	0.545	186096.096	185915.132	0.097
59413.1	175440.672	175499.201	0.033	-30868.541	-31394.582	1.704	186111.589	186095.192	0.009
59413.2	123278.906	123307.241	0.023	-128200.318	-128766.897	0.442	186143.424	186095.192	0.026
59413.3	23831.666	23766.456	0.274	-176072.483	-176693.930	0.353	186159.186	186095.192	0.034
59413.4	-84735.013	-84900.425	0.195	-156189.874	-156772.150	0.373	186191.867	186095.192	0.052
59413.5	-160703.746	-160966.339	0.163	-76193.271	-76651.335	0.601	186175.975	186095.192	0.043
59413.6	-174976.622	-175222.687	0.141	33179.673	32902.875	0.834	186193.233	186095.192	0.053
59413.7	-122088.038	-122195.166	0.088	129971.983	129822.690	0.115	186210.529	186095.192	0.062
59413.8	-22375.738	-22245.847	0.580	176972.563	176891.808	0.046	186227.491	186095.192	0.071
59413.9	85846.791	86245.670	0.465	156235.331	156036.130	0.128	186260.298	186095.192	0.089
59414.0	161093.810	161619.657	0.326	75750.487	75264.041	0.642	186259.772	186095.192	0.088
59414.1	174490.030	174541.355	0.029	-33604.702	-34130.724	1.565	186291.640	186258.863	0.018
59414.2	120891.515	120921.227	0.025	-129877.800	-130413.373	0.412	186290.708	186258.863	0.017
59414.3	20892.186	20868.482	0.113	-176038.751	-176618.508	0.329	186339.236	186258.863	0.043
59414.4	-87054.539	-87197.565	0.164	-154429.476	-155003.792	0.372	186355.555	186258.863	0.052
59414.5	-161570.257	-161780.564	0.130	-73389.207	-73869.073	0.654	186356.062	186258.863	0.052
59414.6	-174010.707	-174241.343	0.133	35929.745	35630.678	0.832	186373.327	186258.863	0.061
59414.7	-119698.785	-119795.079	0.080	131565.015	131448.583	0.088	186390.621	186258.863	0.071
59414.8	-19434.558	-19348.628	0.442	176924.649	176791.463	0.075	186440.349	186258.863	0.097
59414.9	88164.853	88527.515	0.411	154456.828	154248.079	0.135	186423.984	186258.863	0.089
59415.0	161946.688	162409.922	0.286	72932.477	72474.879	0.627	186456.212	186258.863	0.106
59415.1	173498.886	173541.370	0.024	-36353.106	-36843.316	1.348	186455.298	186438.938	0.009
59415.2	118482.399	118515.040	0.028	-131477.857	-132015.993	0.409	186487.142	186438.938	0.026
59415.3	18006.623	17980.046	0.148	-175909.142	-176495.765	0.333	186502.915	186438.938	0.034
59415.4	-89339.816	-89459.117	0.134	-152627.439	-153202.818	0.377	186519.243	186438.938	0.043
59415.5	-162356.191	-162546.818	0.117	-70587.931	-71081.425	0.699	186536.149	186438.938	0.052
59415.6	-172984.149	-173218.065	0.135	38628.751	38334.569	0.762	186553.423	186438.938	0.061
59415.7	-117263.030	-117375.198	0.096	133209.299	133030.448	0.134	186570.708	186438.938	0.071
59415.8	-16589.695	-16461.355	0.774	176730.456	176643.882	0.049	186604.041	186438.938	0.088
59415.9	90415.817	90773.494	0.396	152632.525	152427.720	0.134	186587.661	186438.938	0.080
59416.0	162718.755	163152.172	0.266	70117.925	69680.743	0.623	186619.882	186438.938	0.097
59416.1	172464.859	172520.296	0.032	-39077.484	-39594.504	1.323	186651.731	186619.007	0.018
59416.2	116042.060	116069.074	0.023	-133031.311	-133637.373	0.456	186634.412	186619.007	0.008
59416.3	15102.073	15048.416	0.355	-175748.838	-176364.743	0.350	186666.584	186619.007	0.025
59416.4	-91556.949	-91750.693	0.212	-150784.543	-151369.705	0.388	186682.929	186619.007	0.034
59416.5	-163061.105	-163318.396	0.158	-67790.141	-68250.119	0.679	186716.223	186619.007	0.052
59416.6	-171920.751	-172173.366	0.147	41337.223	41076.873	0.630	186717.118	186619.007	0.053
59416.7	-114813.076	-114915.377	0.089	134743.388	134630.730	0.084	186750.786	186619.007	0.071
59416.8	-13681.912	-13530.960	1.103	176554.275	176487.650	0.038	186784.112	186619.007	0.088
59416.9	92695.607	93049.218	0.381	150781.802	150574.966	0.137	186767.722	186619.007	0.080
59417.0	163410.571	163899.369	0.299	67309.290	66842.906	0.693	186767.152	186619.007	0.079
59417.1	171369.600	171416.042	0.027	-41749.749	-42267.687	1.241	186798.997	186815.423	0.009
59417.2	113569.764	113601.856	0.028	-134603.982	-135146.717	0.403	186830.826	186815.423	0.008
59417.3	12181.189	12165.622	0.128	-175559.664	-176130.675	0.325	186846.624	186815.423	0.017
59417.4	-93835.890	-93942.097	0.113	-148912.582	-149482.104	0.382	186846.591	186815.423	0.017
59417.5	-163770.536	-163976.931	0.126	-64948.981	-65433.807	0.746	186863.505	186815.423	0.026
59417.6	-170824.870	-171046.161	0.130	44052.316	43740.459	0.708	186897.176	186815.423	0.044
59417.7	-112334.003	-112435.268	0.090	136263.902	136118.799	0.106	186947.222	186815.423	0.071
59417.8	-10753.774	-10650.287	0.962	176344.627	176228.795	0.066	186914.996	186815.423	0.053
59417.9	94906.960	95224.305	0.334	148884.597	148668.587	0.145	186947.746	186815.423	0.071
59418.0	164078.029	164533.657	0.278	64473.732	64021.034	0.702	186963.545	186815.423	0.079
59418.1	170249.943	170309.855	0.035	-44460.297	-45005.011	1.225	186978.995	186962.680	0.009
59418.2	111077.155	111095.286	0.016	-136097.367	-136706.748	0.448	186978.059	186962.680	0.008
59418.3	9289.246	9221.169	0.733	-175292.945	-175914.376	0.355	187010.241	186962.680	0.025
59418.4	-95947.591	-96193.791	0.257	-146989.473	-147572.532	0.397	187042.986	186962.680	0.043
59418.5	-164373.463	-164671.236	0.181	-62135.587	-62564.219	0.690	187043.533	186962.680	0.043
59418.6	-169664.500	-169916.471	0.149	46715.757	46468.167	0.530	187060.809	186962.680	0.052
59418.7	-109817.235	-109915.373	0.089	137768.227	137657.213	0.081	187078.079	186962.680	0.062
59418.8	-7857.692	-7707.802	1.908	176060.588	175987.180	0.042	187095.001	186962.680	0.071
59418.9	97113.594	97459.492	0.356	146954.510	146739.719	0.146	187111.354	186962.680	0.079
59419.0	164665.396	165203.255	0.327	61647.180	61145.581	0.814	187110.748	186962.680	0.079
59419.1	169057.378	169106.917	0.029	-47086.442	-47597.109	1.085	187158.958	187126.288	0.017
59419.2	108552.911	108596.105	0.040	-137575.306	-138092.434	0.376	187174.405	187126.288	0.026
59419.3	6410.030	6385.406	0.384	-174978.842	-175561.559	0.333	187173.835	187126.288	0.025
59419.4	-98087.129	-98277.229	0.194	-145032.271	-145616.690	0.403	187190.189	187126.288	0.034
59419.5	-164978.280	-165202.329	0.136	-59277.133	-59756.378	0.808	187207.129	187126.288	0.043
59419.6	-168471.554	-168691.283	0.130	49384.343	49049.824	0.677	187208.030	187126.288	0.044
59419.7	-107290.033	-107404.366	0.107	139194.667	139021.353	0.125	187258.061	187126.288	0.070
59419.8	-4971.910	-4875.178	1.946	175726.096	175609.985	0.066	187274.972	187126.288	0.079
59419.9	99217.354	99526.032	0.311	144976.415	144766.029	0.145	187291.299	187126.288	0.088
59420.0	165229.587	165710.179	0.291	58798.320	58333.275	0.791	187290.688	187126.288	0.088
59420.1	167843.048	167875.732	0.019	-49748.102	-50227.526	0.964	187322.502	187289.843	0.017
59420.2	106021.700	106051.523	0.028	-138941.926	-139492.438	0.396	187321.565	187289.843	0.017
59420.3	3508.537	3504.523	0.114	-174625.607	-175193.562	0.325	187353.753	187289.843	0.034
59420.4	-100253.404	-100388.182	0.134	-143046.333	-143622.000	0.402	187370.133	187289.843	0.043
59420.5	-165503.858	-165732.765	0.138	-56430.735	-56900.936	0.833	187387.078	187289.843	0.052
59420.6	-167227.462	-167437.520	0.126	52029.459	51669.554	0.692	187404.357	187289.843	0.061
59420.7	-104738.451	-104847.837	0.104	140572.911	140399.420	0.123	187421.627	187289.843	0.070
59420.8	-2094.816	-1997.567	4.642	175338.170	175217.224	0.069	187454.905	187289.843	0.088
59420.9	101347.485	101619.750	0.269	142970.412	142753.257	0.152	187422.068	187289.843	0.071
59421.0	165793.545	166216.035	0.255	55903.488	55473.377	0.769	187470.591	187289.843	0.096
59421.1	166570.225	166615.581	0.027	-52353.366	-52860.488	0.969	187469.630	187453.381	0.009
59421.2	103449.868	103482.036	0.031	-140323.127	-140877.433	0.395	187485.075	187453.381	0.017
59421.3	621.072	612.360	1.403	-174224.478	-174798.764	0.330	187533.656	187453.381	0.043
59421.4	-102347.941	-102492.457	0.141	-141021.642	-141599.008	0.409	187533.659	187453.381	0.043
59421.5	-166004.194	-166241.131	0.143	-53560.397	-54026.561	0.870	187534.232	187453.381	0.043
59421.6	-165922.171	-166154.769	0.140	54584.064	54291.580	0.536	187567.905	187453.381	0.061
59421.7	-102165.329	-102266.533	0.099	141902.966	141762.262	0.099	187601.548	187453.381	0.079
59421.8	798.393	891.093	11.611	174916.977	174797.565	0.068	187585.658	187453.381	0.071
59421.9	103372.764	103706.547	0.323	140924.108	140712.241	0.150	187618.342	187453.381	0.088
59422.0	166222.564	166699.660	0.287	53057.496	52594.736	0.872	187634.084	187453.381	0.096
59422.1	165251.741	165306.879	0.033	-54931.670	-55467.740	0.976	187633.121	187633.270	0.000
59422.2	100848.526	100888.469	0.040	-141687.256	-142213.049	0.371	187664.951	187633.270	0.017
59422.3	-2204.232	-2270.168	2.991	-173729.774	-174349.881	0.357	187713.534	187633.270	0.043
59422.4	-104369.962	-104557.081	0.179	-138958.574	-139537.992	0.417	187697.165	187633.270	0.034
59422.5	-166396.549	-166695.056	0.179	-50720.533	-51144.823	0.837	187697.745	187633.270	0.034
59422.6	-164588.103	-164823.691	0.143	57175.234	56887.479	0.503	187715.035	187633.270	0.044
59422.7	-99558.070	-99661.574	0.104	143214.489	143075.522	0.097	187732.292	187633.270	0.053
59422.8	3653.927	3769.653	3.167	174423.719	174323.906	0.057	187765.545	187633.270	0.070
59422.9	105390.563	105753.369	0.344	138844.770	138633.544	0.152	187765.450	187633.270	0.070
59423.0	166627.158	167128.782	0.301	50190.923	49709.200	0.960	187781.183	187633.270	0.079
59423.1	163888.099	163939.877	0.032	-57482.113	-58017.116	0.931	187812.978	187796.762	0.009
59423.2	98253.211	98281.893	0.029	-142907.437	-143467.552	0.392	187828.425	187796.762	0.017
59423.3	-5068.882	-5115.416	0.918	-173223.291	-173827.793	0.349	187844.252	187796.762	0.025
59423.4	-106384.159	-106548.454	0.154	-136863.735	-137439.791	0.421	187827.901	187796.762	0.017
59423.5	-166813.825	-167067.884	0.152	-47816.778	-48276.197	0.961	187894.011	187796.762	0.052
59423.6	-163196.287	-163434.813	0.146	59708.022	59425.004	0.474	187862.157	187796.762	0.035
59423.7	-96933.938	-97044.305	0.114	144477.745	144307.560	0.118	187912.188	187796.762	0.061
59423.8	6496.296	6610.306	1.755	173879.169	173777.366	0.059	187912.653	187796.762	0.062
59423.9	107400.230	107726.622	0.304	136731.311	136518.292	0.156	187945.320	187796.762	0.079
59424.0	167027.727	167476.924	0.269	47277.184	46837.474	0.930	187944.650	187796.762	0.079
59424.1	162505.302	162538.143	0.020	-60098.832	-60569.039	0.782	187943.678	187927.480	0.009
59424.2	95618.953	95645.753	0.028	-144140.471	-144703.650	0.391	187959.129	187927.480	0.017
59424.3	-7920.338	-7973.709	0.674	-172664.733	-173273.415	0.353	187991.348	187927.480	0.034
59424.4	-108357.052	-108531.341	0.161	-134728.411	-135307.813	0.430	188007.766	187927.480	0.043
59424.5	-167155.713	-167413.956	0.154	-44935.174	-45385.279	1.002	188041.141	187927.480	0.060
59424.6	-161781.123	-162011.181	0.142	62273.853	61964.776	0.496	188042.052	187927.480	0.061
59424.7	-94286.245	-94397.631	0.118	145689.855	145520.939	0.116	188059.299	187927.480	0.070
59424.8	9352.706	9463.725	1.187	173300.390	173198.424	0.059	188092.530	187927.480	0.088
59424.9	109335.553	109691.099	0.325	134584.612	134369.339	0.160	188108.804	187927.480	0.096
59425.0	167324.287	167798.119	0.283	44402.872	43943.686	1.034	188108.121	187927.480	0.096
59425.1	161040.235	161081.992	0.026	-62560.422	-63060.291	0.799	188107.143	188123.727	0.009
59425.2	92976.573	93001.390	0.027	-145292.328	-145858.664	0.390	188155.367	188123.727	0.017
59425.3	-10731.617	-10790.873	0.552	-172034.235	-172648.676	0.357	188171.205	188123.727	0.025
59425.4	-110320.739	-110439.543	0.108	-132562.687	-133143.215	0.438	188154.877	188123.727	0.017
59425.5	-167464.899	-167680.463	0.129	-42024.459	-42512.008	1.160	188188.250	188123.727	0.034
59425.6	-160284.435	-160533.657	0.155	64684.295	64443.412	0.372	188205.556	188123.727	0.043
59425.7	-91629.240	-91743.432	0.125	146820.164	146653.166	0.114	188206.411	188123.727	0.044
59425.8	12166.100	12275.412	0.898	172653.434	172549.479	0.060	188223.253	188123.727	0.053
59425.9	111228.389	111580.612	0.317	132399.654	132188.409	0.160	188239.504	188123.727	0.062
59426.0	167568.966	168039.903	0.281	41529.138	41068.229	1.110	188271.595	188123.727	0.079
59426.1	159550.057	159589.167	0.025	-65054.317	-65553.202	0.767	188286.989	188287.207	0.000
59426.2	90290.214	90326.417	0.040	-146453.750	-146993.411	0.368	188286.061	188287.207	0.001
59426.3	-13581.794	-13620.830	0.287	-171388.977	-171989.527	0.350	188318.297	188287.207	0.017
59426.4	-112176.201	-112337.806	0.144	-130364.508	-130943.278	0.444	188318.364	188287.207	0.017
59426.5	-167695.482	-167918.118	0.133	-39133.848	-39616.036	1.232	188351.749	188287.207	0.034
59426.6	-158786.887	-159019.446	0.146	67222.242	66923.391	0.445	188352.678	188287.207	0.035
59426.7	-88947.458	-89058.798	0.125	147932.090	147764.864	0.113	188369.920	188287.207	0.044
59426.8	14990.997	15099.594	0.724	171973.539	171866.014	0.063	188386.747	188287.207	0.053
59426.9	113110.981	113459.883	0.308	130183.342	129972.226	0.162	188402.983	188287.207	0.061
59427.0	167755.338	168252.641	0.296	38649.106	38170.321	1.239	188402.288	188287.207	0.061
59427.1	158020.068	158052.454	0.020	-67549.816	-68015.001	0.689	188450.451	188417.920	0.017
59427.2	87609.958	87634.313	0.028	-147502.695	-148077.161	0.389	188449.523	188417.920	0.017
59427.3	-16388.514	-16434.582	0.281	-170674.044	-171279.079	0.354	188465.390	188417.920	0.025
59427.4	-114053.902	-114192.752	0.122	-128133.161	-128711.436	0.451	188498.240	188417.920	0.043
59427.5	-167872.348	-168101.975	0.137	-36243.024	-36719.809	1.316	188515.249	188417.920	0.052
59427.6	-157223.904	-157461.616	0.151	69666.702	69371.881	0.423	188499.790	188417.920	0.043
59427.7	-86230.818	-86357.472	0.147	149021.018	148825.419	0.131	188517.030	188417.920	0.053
59427.8	17745.753	17907.132	0.909	171204.545	171131.391	0.043	188550.232	188417.920	0.070
59427.9	114884.379	115295.565	0.358	127938.404	127724.513	0.167	188566.452	188417.920	0.079
59428.0	167913.203	168411.581	0.297	35748.895	35272.619	1.332	188582.128	188417.920	0.087
59428.1	156430.470	156464.812	0.022	-69949.653	-70412.961	0.662	188581.138	188548.629	0.017
59428.2	84891.287	84938.670	0.056	-148561.779	-149079.323	0.348	188596.603	188548.629	0.025
59428.3	-19207.011	-19203.124	0.020	-169923.307	-170500.623	0.340	188628.858	188548.629	0.043
59428.4	-115887.094	-115971.099	0.072	-125863.746	-126451.281	0.467	188612.566	188548.629	0.034
59428.5	-168020.268	-168207.259	0.111	-33331.609	-33845.833	1.543	188629.594	188548.629	0.043
59428.6	-155621.905	-155853.408	0.149	72077.836	71756.098	0.446	188646.903	188548.629	0.052
59428.7	-83539.880	-83653.309	0.136	149969.210	149804.360	0.110	188696.906	188548.629	0.079
59428.8	20595.453	20668.876	0.357	170451.663	170329.152	0.072	188697.327	188548.629	0.079
59428.9	116711.635	117054.407	0.294	125657.717	125449.146	0.166	188713.538	188548.629	0.087
59429.0	168044.290	168492.143	0.267	32831.470	32397.844	1.321	188729.207	188548.629	0.096
59429.1	154813.228	154852.521	0.025	-72380.224	-72874.766	0.683	188711.823	188728.477	0.009
59429.2	82165.910	82185.495	0.024	-149536.981	-150118.550	0.389	188760.056	188728.477	0.017
59429.3	-22008.681	-22039.990	0.142	-169119.183	-169718.218	0.354	188775.934	188728.477	0.025
59429.4	-117643.050	-117802.326	0.135	-123568.446	-124147.681	0.469	188776.038	188728.477	0.025
59429.5	-168062.220	-168329.673	0.159	-30461.992	-30905.598	1.456	188793.073	188728.477	0.034
59429.6	-153984.292	-154220.003	0.153	74487.903	74203.945	0.381	188810.396	188728.477	0.043
59429.7	-80778.860	-80891.298	0.139	150984.467	150819.868	0.109	188827.622	188728.477	0.053
59429.8	23370.665	23498.908	0.549	169613.718	169522.376	0.054	188844.411	188728.477	0.061
59429.9	118525.959	118865.753	0.287	123338.226	123129.881	0.169	188876.995	188728.477	0.079
59430.0	168092.369	168589.263	0.296	29933.175	29456.665	1.592	188876.264	188728.477	0.078
59430.1	153144.152	153185.037	0.027	-74745.465	-75238.574	0.660	188891.641	188875.552	0.009
59430.2	79401.078	79445.462	0.056	-150520.376	-151046.077	0.349	188890.731	188875.552	0.008
59430.3	-24791.411	-24800.426	0.036	-168263.747	-168853.302	0.350	188906.615	188875.552	0.016
59430.4	-119386.260	-119523.183	0.115	-121240.049	-121822.442	0.480	188923.118	188875.552	0.025
59430.5	-168124.421	-168350.158	0.134	-27530.726	-28012.906	1.751	188956.544	188875.552	0.043
59430.6	-152297.878	-152532.250	0.154	76865.376	76553.323	0.406	188957.477	188875.552	0.043
59430.7	-78028.143	-78143.388	0.148	151886.454	151723.794	0.107	188958.318	188875.552	0.044
59430.8	26126.180	26251.803	0.481	168725.449	168633.750	0.054	189007.865	188875.552	0.070
59430.9	120196.868	120566.547	0.308	121000.188	120789.926	0.174	189007.664	188875.552	0.070
59431.0	168064.025	168584.868	0.310	27062.499	26563.904	1.842	189023.307	188875.552	0.078
59431.1	151433.651	151476.089	0.028	-77075.908	-77567.804	0.638	189038.678	189038.998	0.000
59431.2	76635.370	76692.297	0.074	-151420.818	-151921.234	0.330	189054.158	189038.998	0.008
59431.3	-27523.407	-27540.619	0.063	-167345.400	-167938.334	0.354	189070.054	189038.998	0.016
59431.4	-121083.183	-121198.194	0.095	-118880.204	-119468.688	0.495	189070.177	189038.998	0.016
59431.5	-168082.851	-168316.799	0.139	-24645.991	-25124.185	1.940	189087.226	189038.998	0.026
59431.6	-150562.009	-150803.331	0.160	79142.775	78867.769	0.347	189120.933	189038.998	0.043
59431.7	-75264.780	-75382.797	0.157	152735.914	152575.239	0.105	189105.376	189038.998	0.035
59431.8	28889.956	28984.024	0.326	167802.578	167695.247	0.064	189138.532	189038.998	0.053
59431.9	121886.501	122221.252	0.275	118625.579	118421.853	0.172	189154.698	189038.998	0.061
59432.0	168076.050	168526.665	0.268	24105.420	23675.577	1.783	189170.332	189038.998	0.069
59432.1	149689.734	149727.773	0.025	-79402.728	-79894.607	0.619	189185.697	189169.642	0.008
59432.2	73897.218	73908.753	0.016	-152178.379	-152771.236	0.390	189201.169	189169.642	0.017
59432.3	-30264.074	-30290.535	0.087	-166390.762	-166985.142	0.357	189200.696	189169.642	0.016
59432.4	-122733.735	-122858.542	0.102	-116493.815	-117078.319	0.502	189249.982	189169.642	0.042
59432.5	-168012.211	-168250.021	0.142	-21744.732	-22214.519	2.160	189234.275	189169.642	0.034
59432.6	-148810.350	-149035.068	0.151	81546.442	81179.448	0.450	189267.980	189169.642	0.052
59432.7	-72491.605	-72592.046	0.139	153533.508	153401.268	0.086	189285.183	189169.642	0.061
59432.8	31604.239	31725.641	0.384	166812.543	166718.439	0.056	189318.323	189169.642	0.079
59432.9	123561.144	123860.979	0.243	116215.347	116017.292	0.170	189285.321	189169.642	0.061
59433.0	167959.942	168434.863	0.283	21218.797	20766.592	2.131	189333.704	189169.642	0.087
59433.1	147902.596	147940.274	0.025	-81693.663	-82184.922	0.601	189332.687	189316.657	0.008
59433.2	71076.059	71115.046	0.055	-153029.952	-153568.669	0.352	189331.778	189316.657	0.008
59433.3	-32983.735	-33017.692	0.103	-165384.129	-165983.487	0.362	189347.694	189316.657	0.016
59433.4	-124337.125	-124471.947	0.108	-114079.984	-114662.202	0.510	189364.226	189316.657	0.025
59433.5	-167884.290	-168130.140	0.146	-18846.065	-19311.706	2.471	189381.284	189316.657	0.034
59433.6	-146985.375	-147227.936	0.165	83719.747	83454.304	0.317	189414.989	189316.657	0.052
59433.7	-69673.440	-69791.584	0.170	154334.053	154174.644	0.103	189415.803	189316.657	0.052
59433.8	34325.187	34444.082	0.346	165787.791	165693.365	0.057	189416.162	189316.657	0.053
59433.9	125156.069	125453.543	0.238	113784.453	113587.387	0.173	189465.070	189316.657	0.078
59434.0	167814.085	168290.020	0.284	18316.763	17864.917	2.467	189464.288	189316.657	0.078
59434.1	146072.976	146110.058	0.025	-83947.768	-84405.529	0.545	189463.261	189480.022	0.009
59434.2	68285.630	68327.895	0.062	-153738.445	-154284.611	0.355	189478.733	189480.022	0.001
59434.3	-35680.396	-35691.539	0.031	-164327.767	-164919.848	0.360	189494.665	189480.022	0.008
59434.4	-125891.979	-126005.757	0.090	-111635.402	-112227.410	0.530	189527.585	189480.022	0.025
59434.5	-167727.429	-167934.945	0.124	-15932.915	-16440.698	3.187	189511.893	189480.022	0.017
59434.6	-145147.651	-145378.688	0.159	86017.405	85659.088	0.417	189545.596	189480.022	0.035
59434.7	-66863.400	-66998.378	0.202	155053.603	154866.587	0.121	189546.401	189480.022	0.035
59434.8	37022.886	37108.682	0.232	164713.302	164606.768	0.065	189546.745	189480.022	0.035
59434.9	126638.620	126966.355	0.259	111340.154	111139.493	0.180	189579.250	189480.022	0.052
59435.0	167612.246	168070.138	0.273	15420.511	14995.695	2.755	189578.452	189480.022	0.052
59435.1	144207.259	144238.904	0.022	-86196.452	-86621.529	0.493	189610.192	189610.583	0.000
59435.2	65473.955	65510.380	0.056	-154423.869	-154972.710	0.355	189609.284	189610.583	0.001
59435.3	-38382.922	-38373.516	0.025	-163235.586	-163815.823	0.355	189641.603	189610.583	0.016
59435.4	-127366.760	-127522.342	0.122	-109173.985	-109755.196	0.532	189641.767	189610.583	0.016
59435.5	-167492.109	-167703.783	0.126	-13049.552	-13549.602	3.832	189658.848	189610.583	0.025
59435.6	-143254.055	-143488.544	0.164	88179.981	87858.912	0.364	189692.551	189610.583	0.043
59435.7	-64056.831	-64175.049	0.185	155688.799	155530.427	0.102	189693.344	189610.583	0.044
59435.8	39697.149	39781.064	0.211	163587.658	163479.716	0.066	189710.060	189610.583	0.052
59435.9	128135.646	128461.621	0.254	108852.565	108654.327	0.182	189726.164	189610.583	0.061
59436.0	167335.693	167814.119	0.286	12558.355	12106.694	3.596	189741.748	189610.583	0.069
59436.1	142292.060	142340.231	0.034	-88308.598	-88896.461	0.666	189740.709	189724.741	0.008
59436.2	62620.302	62635.908	0.025	-155111.474	-155692.213	0.374	189739.811	189724.741	0.008
59436.3	-41032.398	-41120.017	0.214	-162076.884	-162703.615	0.387	189772.128	189724.741	0.025
59436.4	-128888.715	-129086.241	0.153	-106667.072	-107238.354	0.536	189805.077	189724.741	0.042
59436.5	-167199.688	-167484.558	0.170	-10172.301	-10594.570	4.151	189789.387	189724.741	0.034
59436.6	-141330.793	-141570.375	0.170	90368.600	90117.429	0.278	189823.103	189724.741	0.052
59436.7	-61227.844	-61294.495	0.109	156299.429	156225.181	0.048	189823.887	189724.741	0.052
59436.8	42405.646	42517.897	0.265	162440.610	162343.927	0.060	189824.206	189724.741	0.052
59436.9	129584.693	130003.815	0.323	106346.556	106124.127	0.209	189856.681	189724.741	0.069
59437.0	167091.143	167569.486	0.286	9606.831	9153.657	4.717	189855.873	189724.741	0.069
59437.1	140351.161	140389.139	0.027	-90511.608	-90968.746	0.505	189871.212	189855.261	0.008
59437.2	59774.374	59838.475	0.107	-155715.597	-156217.092	0.322	189870.317	189855.261	0.008
59437.3	-43652.625	-43689.603	0.085	-160877.374	-161479.539	0.374	189902.651	189855.261	0.025
59437.4	-130328.946	-130441.282	0.086	-104142.150	-104735.357	0.570	189919.217	189855.261	0.034
59437.5	-166919.749	-167104.732	0.111	-7232.476	-7773.779	7.484	189919.922	189855.261	0.034
59437.6	-139364.287	-139601.531	0.170	92485.099	92172.857	0.338	189953.631	189855.261	0.052
59437.7	-58339.422	-58492.651	0.263	156938.960	156725.980	0.136	189954.417	189855.261	0.052
59437.8	45029.438	45076.859	0.105	161214.972	161097.796	0.073	189987.485	189855.261	0.070
59437.9	131046.026	131337.278	0.222	103794.919	103609.568	0.179	189987.179	189855.261	0.069
59438.0	166685.495	167165.413	0.288	6789.769	6336.237	6.680	189969.982	189855.261	0.060
59438.1	138366.487	138410.863	0.032	-92608.998	-93164.339	0.600	190034.466	189985.771	0.026
59438.2	56917.631	56946.428	0.051	-156262.319	-156825.589	0.360	190000.807	189985.771	0.008
59438.3	-46278.763	-46384.902	0.229	-159636.254	-160267.283	0.395	190049.535	189985.771	0.034
59438.4	-131718.973	-131904.864	0.141	-101593.370	-102167.842	0.565	190049.733	189985.771	0.034
59438.5	-166483.235	-166774.594	0.175	-4431.086	-4836.908	9.159	190099.605	189985.771	0.060
59438.6	-137364.260	-137604.444	0.175	94626.522	94351.354	0.291	190067.775	189985.771	0.043
59438.7	-55510.113	-55595.477	0.154	157410.035	157309.580	0.064	190101.313	189985.771	0.061
59438.8	47623.622	47761.632	0.290	159947.335	159862.402	0.053	190118.000	189985.771	0.070
59438.9	132394.806	132778.722	0.290	101241.902	101029.560	0.210	190084.912	189985.771	0.052
59439.0	166328.378	166810.028	0.290	3856.375	3402.314	11.774	190100.472	189985.771	0.060
59439.1	136348.161	136386.190	0.028	-94730.703	-95220.991	0.518	190148.570	190116.270	0.017
59439.2	54077.885	54098.753	0.039	-156729.625	-157294.484	0.360	190164.074	190116.270	0.025
59439.3	-48905.840	-48962.098	0.115	-158363.998	-158968.370	0.382	190147.281	190116.270	0.016
59439.4	-133090.961	-133221.963	0.098	-99016.829	-99599.892	0.589	190163.876	190116.270	0.025
59439.5	-166093.180	-166325.842	0.140	-1511.791	-1985.989	31.367	190164.601	190116.270	0.025
59439.6	-135328.661	-135562.157	0.173	96693.889	96390.515	0.314	190198.308	190116.270	0.043
59439.7	-52645.275	-52743.874	0.187	157884.693	157753.965	0.083	190199.072	190116.270	0.044
59439.8	50221.139	50327.562	0.212	158641.757	158541.371	0.063	190215.746	190116.270	0.052
59439.9	133692.303	134073.686	0.285	98665.281	98450.377	0.218	190248.183	190116.270	0.069
59440.0	165874.863	166336.771	0.278	985.420	555.360	43.642	190247.348	190116.270	0.069
59440.1	134292.666	134334.788	0.031	-96843.354	-97268.331	0.439	190246.297	190230.408	0.008
59440.2	51213.696	51234.967	0.042	-157167.992	-157740.108	0.364	190278.191	190230.408	0.025
59440.3	-51506.278	-51538.602	0.063	-157038.990	-157641.162	0.383	190277.789	190230.408	0.025
59440.4	-134378.446	-134521.830	0.107	-96420.876	-97009.488	0.610	190294.394	190230.408	0.034
59440.5	-165627.266	-165849.937	0.134	1370.433	872.921	36.303	190295.130	190230.408	0.034
59440.6	-133253.932	-133493.222	0.180	98686.681	98420.136	0.270	190312.460	190230.408	0.043
59440.7	-49756.695	-49876.361	0.241	158330.765	158174.941	0.098	190313.224	190230.408	0.044
59440.8	52758.880	52892.554	0.253	157277.762	157192.052	0.054	190362.651	190230.408	0.069
59440.9	135033.144	135351.225	0.236	96041.091	95848.888	0.200	190362.314	190230.408	0.069
59441.0	165368.691	165836.294	0.283	-1871.199	-2299.351	22.881	190361.465	190230.408	0.069
59441.1	132205.956	132245.145	0.030	-98815.063	-99273.428	0.464	190376.809	190377.312	0.000
59441.2	48309.061	48365.170	0.116	-157605.282	-158129.068	0.332	190375.936	190377.312	0.001
59441.3	-54045.174	-54086.577	0.077	-155659.268	-156264.629	0.389	190391.932	190377.312	0.008
59441.4	-135616.733	-135769.585	0.113	-93811.942	-94396.036	0.623	190424.932	190377.312	0.025
59441.5	-165071.144	-165318.346	0.150	4184.479	3719.749	11.106	190425.675	190377.312	0.025
59441.6	-131148.833	-131386.411	0.181	100735.111	100407.186	0.326	190426.625	190377.312	0.026
59441.7	-46884.315	-47003.326	0.254	158695.364	158539.204	0.098	190443.769	190377.312	0.035
59441.8	55327.610	55428.596	0.183	155891.712	155793.654	0.063	190493.185	190377.312	0.061
59441.9	136228.067	136576.456	0.256	93424.952	93224.801	0.214	190476.444	190377.312	0.052
59442.0	164811.761	165280.238	0.284	-4711.341	-5141.502	9.130	190491.978	190377.312	0.060
59442.1	130081.073	130117.747	0.028	-100743.661	-101300.981	0.553	190474.550	190491.451	0.009
59442.2	45441.899	45451.637	0.021	-157935.363	-158513.928	0.366	190490.070	190491.451	0.001
59442.3	-56584.410	-56667.476	0.147	-154244.621	-154859.013	0.398	190522.461	190491.451	0.016
59442.4	-136835.532	-137026.809	0.140	-91176.566	-91739.688	0.618	190539.097	190491.451	0.025
59442.5	-164520.636	-164769.131	0.151	7062.541	6606.817	6.453	190556.228	190491.451	0.034
59442.6	-129003.540	-129241.652	0.185	102674.699	102416.366	0.252	190573.554	190491.451	0.043
59442.7	-44009.194	-44086.590	0.176	159004.408	158898.991	0.066	190590.697	190491.451	0.052
59442.8	57835.330	57997.310	0.280	154446.652	154365.892	0.052	190590.945	190491.451	0.052
59442.9	137465.230	137810.786	0.251	90761.887	90557.738	0.225	190590.586	190491.451	0.052
59443.0	164199.484	164706.212	0.309	-7537.549	-8023.739	6.450	190606.098	190491.451	0.060
59443.1	127923.209	127960.664	0.029	-102693.919	-103252.045	0.543	190637.826	190589.218	0.025
59443.2	42549.591	42559.184	0.023	-158233.318	-158819.496	0.370	190620.578	190589.218	0.016
59443.3	-59061.331	-59184.624	0.209	-152773.658	-153401.749	0.411	190652.983	190589.218	0.033
59443.4	-138029.929	-138202.091	0.125	-88502.531	-89079.168	0.652	190653.240	190589.218	0.034
59443.5	-163896.592	-164151.251	0.155	9899.270	9448.978	4.549	190686.773	190589.218	0.051
59443.6	-126831.499	-127067.869	0.186	104603.230	104348.805	0.243	190654.948	190589.218	0.034
59443.7	-41112.388	-41191.616	0.193	159283.741	159179.669	0.065	190688.463	190589.218	0.052
59443.8	60404.892	60501.831	0.160	152986.528	152887.033	0.065	190688.707	190589.218	0.052
59443.9	138556.109	138963.142	0.294	88110.196	87887.208	0.253	190721.088	190589.218	0.069
59444.0	163575.253	164063.909	0.299	-10398.643	-10860.480	4.441	190720.223	190589.218	0.069
59444.1	125732.850	125766.836	0.027	-104599.692	-105158.636	0.534	190751.941	190703.345	0.025
59444.2	39657.345	39663.242	0.015	-158476.144	-159067.479	0.373	190718.310	190703.345	0.008
59444.3	-61600.866	-61670.665	0.113	-151283.471	-151895.901	0.405	190767.108	190703.345	0.033
59444.4	-139142.307	-139323.615	0.130	-85826.063	-86397.721	0.666	190750.994	190703.345	0.025
59444.5	-163220.438	-163477.602	0.158	12718.838	12276.375	3.479	190768.150	190703.345	0.034
59444.6	-124625.185	-124857.723	0.187	106487.212	106236.457	0.235	190769.094	190703.345	0.034
59444.7	-38214.206	-38293.648	0.208	159506.729	159402.736	0.065	190802.590	190703.345	0.052
59444.8	62816.320	62974.829	0.252	151444.138	151359.858	0.056	190802.824	190703.345	0.052
59444.9	139718.832	140061.561	0.245	85400.583	85196.214	0.239	190818.819	190703.345	0.061
59445.0	162860.740	163365.967	0.310	-13188.695	-13681.978	3.740	190834.321	190703.345	0.069
59445.1	123510.868	123543.311	0.026	-106460.375	-107020.295	0.526	190833.268	190833.845	0.000
59445.2	36770.886	36769.779	0.003	-158667.702	-159261.661	0.374	190848.794	190833.845	0.008
59445.3	-64043.196	-64123.003	0.125	-149734.947	-150348.042	0.409	190881.219	190833.845	0.025
59445.4	-140233.288	-140393.154	0.114	-83123.575	-83702.184	0.696	190848.730	190833.845	0.008
59445.5	-162490.686	-162753.649	0.162	15521.412	15084.528	2.815	190882.267	190833.845	0.025
59445.6	-122381.308	-122618.269	0.194	108358.497	108078.922	0.258	190883.208	190833.845	0.026
59445.7	-35322.116	-35398.622	0.217	159678.620	159572.024	0.067	190916.705	190833.845	0.043
59445.8	65256.763	65413.763	0.241	149877.960	149790.964	0.058	190933.304	190833.845	0.052
59445.9	140765.671	141107.876	0.243	82694.241	82491.578	0.245	190932.897	190833.845	0.052
59446.0	162110.852	162617.888	0.313	-15988.354	-16483.801	3.099	190932.002	190833.845	0.051
59446.1	121253.059	121296.060	0.035	-108340.702	-108771.194	0.397	190947.333	190947.932	0.000
59446.2	33842.448	33922.401	0.236	-158852.932	-159352.369	0.314	190946.487	190947.932	0.001
59446.3	-66451.953	-66477.141	0.038	-148141.443	-148743.727	0.407	190946.148	190947.932	0.001
59446.4	-141239.974	-141350.084	0.078	-80415.936	-81018.889	0.750	190979.199	190947.932	0.016
59446.5	-161746.962	-161945.920	0.123	18358.701	17816.443	2.954	190996.364	190947.932	0.025
59446.6	-120110.759	-120356.041	0.204	110151.374	109810.428	0.310	191013.677	190947.932	0.034
59446.7	-32430.838	-32550.570	0.369	159794.373	159638.238	0.098	191014.401	190947.932	0.035
59446.8	67663.792	67754.015	0.133	148264.906	148166.461	0.066	191014.594	190947.932	0.035
59446.9	141729.169	142041.693	0.221	79986.398	79800.151	0.233	191030.558	190947.932	0.043
59447.0	161329.761	161786.692	0.283	-18794.292	-19208.668	2.205	191029.663	190947.932	0.043
59447.1	118964.180	119009.998	0.039	-110141.755	-110573.881	0.392	191061.366	191045.607	0.008
59447.2	30957.331	31013.153	0.180	-158931.313	-159462.055	0.334	191060.525	191045.607	0.008
59447.3	-68890.253	-68892.452	0.003	-146517.522	-147118.295	0.410	191076.570	191045.607	0.016
59447.4	-142224.358	-142344.001	0.084	-77683.357	-78282.488	0.771	191093.256	191045.607	0.025
59447.5	-160884.335	-161136.788	0.157	21063.809	20613.060	2.140	191094.041	191045.607	0.025
59447.6	-117809.573	-118054.558	0.208	111930.701	111593.386	0.301	191111.358	191045.607	0.034
59447.7	-29521.079	-29640.485	0.404	159879.657	159722.898	0.098	191144.838	191045.607	0.052
59447.8	70066.341	70155.257	0.127	146622.278	146520.315	0.070	191128.635	191045.607	0.043
59447.9	142700.263	143012.037	0.218	77241.266	77055.303	0.241	191144.577	191045.607	0.052
59448.0	160476.837	160953.536	0.297	-21553.737	-21998.222	2.062	191160.054	191045.607	0.060
59448.1	116647.361	116688.217	0.035	-111895.992	-112362.088	0.417	191158.991	191143.247	0.008
59448.2	28078.117	28083.574	0.019	-158956.267	-159538.998	0.367	191141.766	191143.247	0.001
59448.3	-71259.433	-71304.898	0.064	-144851.316	-145454.427	0.416	191157.832	191143.247	0.008
59448.4	-143184.758	-143312.958	0.090	-74923.489	-75516.720	0.792	191174.520	191143.247	0.016
59448.5	-160051.431	-160290.185	0.149	23890.610	23418.700	1.975	191175.307	191143.247	0.017
59448.6	-115474.909	-115717.484	0.210	113695.595	113361.558	0.294	191192.623	191143.247	0.026
59448.7	-26612.138	-26710.353	0.369	159906.785	159774.641	0.083	191209.699	191143.247	0.035
59448.8	72402.206	72553.303	0.209	144924.805	144835.759	0.061	191209.869	191143.247	0.035
59448.9	143586.717	143957.170	0.258	74494.884	74281.304	0.287	191242.185	191143.247	0.052
59449.0	159592.720	160082.834	0.307	-24318.083	-24796.476	1.967	191257.662	191143.247	0.060
59449.1	114307.763	114342.423	0.030	-113537.410	-114070.452	0.469	191272.969	191240.868	0.017
59449.2	25136.645	25181.634	0.179	-158997.860	-159537.278	0.339	191272.145	191240.868	0.016
59449.3	-73593.589	-73648.666	0.075	-143136.951	-143743.284	0.424	191288.217	191240.868	0.025
59449.4	-144061.058	-144198.568	0.095	-72164.096	-72753.217	0.816	191288.533	191240.868	0.025
59449.5	-159148.041	-159377.572	0.144	26669.042	26173.404	1.858	191289.317	191240.868	0.025
59449.6	-113117.326	-113357.082	0.212	115347.593	115049.683	0.258	191290.250	191240.868	0.026
59449.7	-23710.992	-23808.535	0.411	159881.219	159747.962	0.083	191323.710	191240.868	0.043
59449.8	74733.436	74882.266	0.199	143192.126	143104.521	0.061	191307.473	191240.868	0.035
59449.9	144478.982	144818.979	0.235	71710.276	71510.285	0.279	191339.784	191240.868	0.052
59450.0	158636.837	159146.562	0.321	-27034.140	-27543.230	1.883	191338.859	191240.868	0.051
59450.1	111930.141	111973.173	0.038	-115228.522	-115698.419	0.408	191370.559	191354.858	0.008
59450.2	22313.906	22308.110	0.026	-158865.569	-159456.778	0.372	191369.736	191354.858	0.008
59450.3	-75890.205	-75923.058	0.043	-141383.374	-141985.228	0.426	191369.441	191354.858	0.008
59450.4	-144852.893	-145000.484	0.102	-69406.070	-69992.681	0.845	191369.761	191354.858	0.008
59450.5	-158181.547	-158399.082	0.138	29394.317	28876.399	1.762	191403.327	191354.858	0.025
59450.6	-110730.196	-110973.918	0.220	116984.283	116657.212	0.280	191371.487	191354.858	0.009
59450.7	-20766.619	-20935.809	0.815	159843.954	159642.750	0.126	191421.319	191354.858	0.035
59450.8	77058.875	77141.454	0.107	141427.399	141326.968	0.071	191405.078	191354.858	0.026
59450.9	145255.980	145597.122	0.235	68939.714	68742.955	0.285	191420.981	191354.858	0.035
59451.0	157660.754	158144.860	0.307	-29784.857	-30237.709	1.520	191436.433	191354.858	0.043
59451.1	109524.353	109572.571	0.044	-116870.852	-117310.394	0.376	191418.990	191452.459	0.017
59451.2	19382.252	19418.676	0.188	-158794.062	-159344.883	0.347	191450.940	191452.459	0.001
59451.3	-78214.330	-78191.809	0.029	-139594.833	-140192.431	0.428	191467.034	191452.459	0.008
59451.4	-145678.721	-145777.372	0.068	-66594.832	-67207.400	0.920	191483.755	191452.459	0.016
59451.5	-157161.245	-157385.790	0.143	32097.821	31584.643	1.599	191484.556	191452.459	0.017
59451.6	-108310.706	-108559.541	0.230	118604.641	118248.479	0.300	191469.108	191452.459	0.009
59451.7	-17923.321	-18047.445	0.693	159660.143	159506.008	0.097	191502.540	191452.459	0.026
59451.8	79314.151	79394.701	0.102	139614.491	139514.724	0.071	191519.060	191452.459	0.035
59451.9	146010.371	146350.025	0.233	66150.046	65951.094	0.301	191534.958	191452.459	0.043
59452.0	156621.064	157108.312	0.311	-32481.341	-32937.138	1.403	191501.245	191452.459	0.025
59452.1	107102.807	107143.717	0.038	-118399.334	-118872.993	0.400	191549.338	191550.050	0.000
59452.2	16458.290	16535.504	0.469	-158667.315	-159176.448	0.321	191548.531	191550.050	0.001
59452.3	-80401.404	-80422.187	0.026	-137759.508	-138357.639	0.434	191564.643	191550.050	0.008
59452.4	-146362.542	-146498.512	0.093	-63819.313	-64410.794	0.927	191564.987	191550.050	0.008
59452.5	-156122.901	-156320.782	0.127	34834.159	34269.193	1.622	191565.796	191550.050	0.008
59452.6	-105876.579	-106117.337	0.227	120111.297	119790.130	0.267	191566.725	191550.050	0.009
59452.7	-15041.890	-15165.829	0.824	159467.762	159312.781	0.097	191583.765	191550.050	0.018
59452.8	81498.117	81609.215	0.136	137755.968	137660.817	0.069	191583.884	191550.050	0.018
59452.9	146706.954	147047.086	0.232	63346.047	63148.389	0.312	191599.771	191550.050	0.026
59453.0	155533.414	156020.253	0.313	-35151.780	-35612.428	1.310	191631.597	191550.050	0.043
59453.1	104636.060	104678.853	0.041	-119974.402	-120450.703	0.397	191630.534	191631.268	0.000
59453.2	13564.428	13614.334	0.368	-158460.368	-158999.006	0.340	191646.121	191631.268	0.008
59453.3	-82647.587	-82677.962	0.037	-135889.420	-136493.182	0.444	191629.480	191631.268	0.001
59453.4	-147076.552	-147222.695	0.099	-60986.162	-61575.255	0.966	191662.601	191631.268	0.016
59453.5	-154990.948	-155235.294	0.158	37457.216	36986.993	1.255	191647.035	191631.268	0.008
59453.6	-103403.365	-103638.994	0.228	121632.298	121346.582	0.235	191680.731	191631.268	0.026
59453.7	-12145.369	-12246.292	0.831	159242.571	159110.221	0.083	191664.996	191631.268	0.018
59453.8	83739.866	83848.871	0.130	135869.952	135777.026	0.068	191681.487	191631.268	0.026
59453.9	147377.689	147746.854	0.250	60519.486	60306.727	0.352	191697.364	191631.268	0.034
59454.0	154409.999	154911.429	0.325	-37825.992	-38320.791	1.308	191696.416	191631.268	0.034
59454.1	102151.913	102187.523	0.035	-121467.266	-121977.983	0.420	191695.358	191712.492	0.009
59454.2	10731.569	10701.490	0.280	-158157.390	-158765.224	0.384	191743.719	191712.492	0.016
59454.3	-84755.419	-84893.814	0.163	-133973.368	-134588.107	0.459	191727.084	191712.492	0.008
59454.4	-147706.234	-147890.690	0.125	-58160.599	-58730.418	0.980	191727.451	191712.492	0.008
59454.5	-153837.263	-154098.927	0.170	40113.469	39679.201	1.083	191744.658	191712.492	0.017
59454.6	-100903.361	-101134.620	0.229	123102.502	122852.378	0.203	191745.585	191712.492	0.017
59454.7	-9233.710	-9335.567	1.103	158983.520	158851.394	0.083	191746.229	191712.492	0.018
59454.8	85843.316	86048.256	0.239	133935.024	133852.964	0.061	191746.318	191712.492	0.018
59454.9	147991.534	148390.355	0.269	57683.404	57456.250	0.394	191794.954	191712.492	0.043
59455.0	153260.500	153751.949	0.321	-40534.754	-41003.125	1.155	191777.622	191712.492	0.034
59455.1	99648.933	99693.259	0.044	-122876.929	-123358.643	0.392	191792.939	191793.714	0.000
59455.2	7805.796	7872.661	0.857	-157880.139	-158411.243	0.336	191792.156	191793.714	0.001
59455.3	-86920.342	-86970.964	0.058	-132026.830	-132635.410	0.461	191824.689	191793.714	0.016
59455.4	-148282.308	-148418.555	0.092	-55331.427	-55928.823	1.080	191825.074	191793.714	0.016
59455.5	-152621.967	-152874.811	0.166	42712.370	42253.908	1.073	191825.897	191793.714	0.017
59455.6	-98375.654	-98628.573	0.257	124554.598	124211.534	0.275	191826.826	191793.714	0.017
59455.7	-6383.332	-6509.887	1.983	158627.680	158473.096	0.097	191843.848	191793.714	0.026
59455.8	88003.401	88108.534	0.119	131970.881	131882.474	0.067	191843.919	191793.714	0.026
59455.9	148550.487	148894.104	0.231	54842.500	54650.218	0.351	191859.776	191793.714	0.034
59456.0	152019.375	152505.734	0.320	-43126.996	-43567.209	1.021	191875.195	191793.714	0.042
59456.1	97107.770	97151.742	0.045	-124299.064	-124783.484	0.390	191857.755	191858.548	0.000
59456.2	4944.463	4979.622	0.711	-157508.814	-158065.120	0.353	191889.751	191858.548	0.016
59456.3	-89043.551	-89104.627	0.069	-130043.566	-130651.231	0.467	191905.912	191858.548	0.025
59456.4	-148829.219	-148973.533	0.097	-52476.940	-53068.495	1.127	191906.307	191858.548	0.025
59456.5	-151382.959	-151638.000	0.168	45343.890	44892.046	0.996	191923.517	191858.548	0.034
59456.6	-95836.717	-96074.895	0.249	125890.789	125614.463	0.219	191891.671	191858.548	0.017
59456.7	-3517.390	-3619.932	2.915	158235.341	158102.103	0.084	191925.070	191858.548	0.035
59456.8	90088.867	90225.052	0.151	129966.361	129880.017	0.066	191925.131	191858.548	0.035
59456.9	149051.139	149424.461	0.250	51992.602	51785.222	0.399	191940.969	191858.548	0.043
59457.0	150748.224	151246.278	0.330	-45718.423	-46194.612	1.042	191940.009	191858.548	0.042
59457.1	94555.773	94580.198	0.026	-125638.578	-126188.553	0.438	191971.723	191939.762	0.017
59457.2	2094.413	2073.969	0.976	-157081.139	-157685.330	0.385	191970.947	191939.762	0.016
59457.3	-91091.850	-91228.644	0.150	-128018.834	-128632.418	0.479	191987.122	191939.762	0.025
59457.4	-149292.341	-149500.313	0.139	-49634.756	-50185.864	1.110	191987.533	191939.762	0.025
59457.5	-150083.496	-150365.263	0.188	47916.143	47531.592	0.803	192004.745	191939.762	0.034
59457.6	-93270.076	-93491.361	0.237	127207.564	126997.362	0.165	192005.665	191939.762	0.034
59457.7	-639.830	-717.653	12.163	157810.141	157697.335	0.071	192006.289	191939.762	0.035
59457.8	92164.227	92331.627	0.182	127930.473	127843.010	0.068	192006.341	191939.762	0.035
59457.9	149524.980	149926.428	0.268	49123.420	48898.167	0.459	192038.548	191939.762	0.051
59458.0	149449.546	149950.886	0.335	-48342.635	-48823.113	0.994	192021.196	191939.762	0.042
59458.1	91974.858	92008.729	0.037	-126923.798	-127445.481	0.411	192020.128	192020.958	0.000
59458.2	-766.574	-744.342	2.900	-156620.642	-157185.886	0.361	192019.374	192020.958	0.001
59458.3	-93195.234	-93211.592	0.018	-125963.049	-126568.384	0.481	192019.178	192020.958	0.001
59458.4	-149725.426	-149886.465	0.108	-46768.659	-47349.809	1.243	192035.973	192020.958	0.008
59458.5	-148749.435	-149006.340	0.173	50488.723	50050.649	0.868	192085.965	192020.958	0.034
59458.6	-90663.905	-90909.177	0.271	128535.019	128232.127	0.236	192086.877	192020.958	0.034
59458.7	2225.732	2096.258	5.817	157328.042	157173.670	0.098	192071.102	192020.958	0.026
59458.8	94163.746	94296.749	0.141	125848.820	125761.997	0.069	192103.904	192020.958	0.043
59458.9	149943.217	150288.173	0.230	46251.769	46058.896	0.417	192103.344	192020.958	0.043
59459.0	148067.696	148570.347	0.339	-50844.692	-51330.389	0.955	192085.973	192020.958	0.034
59459.1	89372.016	89404.731	0.037	-128190.023	-128714.630	0.409	192084.920	192085.769	0.000
59459.2	-3638.628	-3596.136	1.168	-156126.216	-156677.151	0.353	192116.937	192085.769	0.016
59459.3	-95156.618	-95216.121	0.063	-123869.638	-124477.115	0.490	192133.131	192085.769	0.025
59459.4	-150104.156	-150274.008	0.113	-43902.338	-44479.034	1.314	192133.555	192085.769	0.025
59459.5	-147386.403	-147628.084	0.164	53093.699	52598.580	0.933	192118.014	192085.769	0.017
59459.6	-88059.745	-88294.360	0.266	129748.134	129478.832	0.208	192135.311	192085.769	0.026
59459.7	5022.816	4943.571	1.578	156753.856	156640.426	0.072	192119.517	192085.769	0.018
59459.8	96151.763	96283.217	0.137	123740.676	123653.565	0.070	192135.928	192085.769	0.026
59459.9	150248.010	150651.010	0.268	43410.574	43184.894	0.520	192151.720	192085.769	0.034
59460.0	146652.259	147170.228	0.353	-53345.372	-53866.372	0.977	192167.119	192085.769	0.042
59460.1	86734.873	86776.592	0.048	-129432.928	-129929.451	0.384	192182.448	192166.934	0.008
59460.2	-6445.408	-6435.428	0.155	-155534.615	-156110.296	0.370	192181.704	192166.934	0.008
59460.3	-97106.360	-97176.305	0.072	-121737.867	-122346.250	0.500	192197.907	192166.934	0.016
59460.4	-150450.244	-150602.391	0.101	-41010.887	-41602.392	1.442	192198.339	192166.934	0.016
59460.5	-145950.285	-146198.571	0.170	55572.369	55116.395	0.821	192215.581	192166.934	0.025
59460.6	-85420.526	-85655.870	0.276	130937.556	130671.003	0.204	192216.473	192166.934	0.026
59460.7	7884.688	7777.882	1.355	156181.781	156049.171	0.085	192217.058	192166.934	0.026
59460.8	98095.060	98225.001	0.132	121593.194	121505.919	0.072	192233.456	192166.934	0.035
59460.9	150579.350	150954.639	0.249	40515.149	40305.534	0.517	192216.475	192166.934	0.026
59461.0	145213.903	145719.111	0.348	-55875.115	-56371.799	0.889	192231.868	192166.934	0.034
59461.1	84072.789	84133.263	0.072	-130654.789	-131092.067	0.335	192247.198	192231.699	0.008
59461.2	-9285.573	-9256.236	0.316	-154931.852	-155492.309	0.362	192246.462	192231.699	0.008
59461.3	-99076.506	-99091.428	0.015	-119574.341	-120184.962	0.511	192229.904	192231.699	0.001
59461.4	-150741.453	-150876.440	0.090	-38120.662	-38727.716	1.592	192230.342	192231.699	0.001
59461.5	-144479.539	-144726.313	0.171	58083.676	57600.610	0.832	192263.958	192231.699	0.017
59461.6	-82757.512	-83002.639	0.296	132106.248	131810.842	0.224	192281.243	192231.699	0.026
59461.7	10702.337	10593.271	1.019	155537.738	155406.946	0.084	192265.425	192231.699	0.018
59461.8	100025.624	100121.464	0.096	119410.609	119328.239	0.069	192265.422	192231.699	0.018
59461.9	150828.575	151203.953	0.249	37639.795	37428.607	0.561	192281.203	192231.699	0.026
59462.0	143726.169	144225.542	0.347	-58372.857	-58843.259	0.806	192296.587	192231.699	0.034
59462.1	81405.557	81458.652	0.065	-131757.729	-132230.940	0.359	192279.138	192312.816	0.018
59462.2	-12111.398	-12088.331	0.190	-154270.777	-154836.706	0.367	192294.799	192312.816	0.009
59462.3	-100935.520	-100993.508	0.057	-117381.788	-117986.629	0.515	192311.033	192312.816	0.001
59462.4	-150925.240	-151118.125	0.128	-35271.729	-35830.793	1.585	192295.088	192312.816	0.009
59462.5	-142967.728	-143214.798	0.173	60560.289	60083.733	0.787	192312.324	192312.816	0.000
59462.6	-80073.950	-80318.331	0.305	133220.005	132926.668	0.220	192345.986	192312.816	0.017
59462.7	13503.510	13419.622	0.621	154837.972	154727.008	0.072	192330.146	192312.816	0.009
59462.8	101877.244	102004.566	0.125	117195.173	117113.628	0.070	192346.517	192312.816	0.018
59462.9	151068.104	151420.713	0.233	34718.773	34529.712	0.545	192362.288	192312.816	0.026
59463.0	142181.240	142692.726	0.360	-60805.883	-61313.289	0.834	192361.279	192312.816	0.025
59463.1	78719.282	78756.265	0.047	-132840.446	-133346.552	0.381	192327.461	192344.768	0.009
59463.2	-14919.394	-14929.165	0.065	-153555.050	-154145.945	0.385	192343.117	192344.768	0.001
59463.3	-102747.891	-102881.935	0.130	-115150.661	-115754.739	0.525	192359.354	192344.768	0.008
59463.4	-151153.113	-151329.007	0.116	-32339.854	-32914.799	1.778	192359.811	192344.768	0.008
59463.5	-141409.595	-141667.158	0.182	63003.118	62564.116	0.697	192393.433	192344.768	0.025
59463.6	-77372.977	-77606.449	0.302	134279.156	134018.996	0.194	192361.552	192344.768	0.009
59463.7	16310.359	16254.410	0.343	154107.228	154011.839	0.062	192411.243	192344.768	0.035
59463.8	103715.003	103873.727	0.153	114949.414	114865.578	0.073	192394.830	192344.768	0.026
59463.9	151202.990	151606.507	0.267	31844.433	31612.013	0.730	192410.591	192344.768	0.034
59464.0	140609.195	141123.809	0.366	-63267.114	-63780.270	0.811	192409.575	192344.768	0.034
59464.1	76012.332	76060.554	0.063	-133866.716	-134346.125	0.358	192408.523	192409.465	0.000
59464.2	-17733.082	-17696.236	0.208	-152807.495	-153365.356	0.365	192407.812	192409.465	0.001
59464.3	-104611.292	-104657.838	0.044	-112882.578	-113493.728	0.541	192440.434	192409.465	0.016
59464.4	-151225.070	-151431.811	0.137	-29495.632	-30041.572	1.851	192440.904	192409.465	0.016
59464.5	-139806.010	-140057.388	0.180	65411.189	64946.266	0.711	192425.379	192409.465	0.008
59464.6	-74657.382	-74902.241	0.328	135284.051	134995.347	0.213	192442.644	192409.465	0.017
59464.7	19098.079	19014.665	0.437	153322.476	153207.480	0.075	192443.178	192409.465	0.018
59464.8	105537.993	105630.117	0.087	112668.408	112589.376	0.070	192459.517	192409.465	0.026
59464.9	151278.438	151684.595	0.268	28969.604	28738.008	0.799	192475.261	192409.465	0.034
59465.0	138983.379	139493.609	0.367	-65661.221	-66148.486	0.742	192441.471	192409.465	0.017
59465.1	73289.832	73339.216	0.067	-134837.687	-135321.873	0.359	192440.422	192441.389	0.001
59465.2	-20471.225	-20469.978	0.006	-151971.614	-152550.418	0.381	192488.875	192441.389	0.025
59465.3	-106362.025	-106418.892	0.053	-110592.776	-111201.032	0.550	192488.750	192441.389	0.025
59465.4	-151336.991	-151503.949	0.110	-26565.827	-27151.492	2.205	192489.220	192441.389	0.025
59465.5	-138164.636	-138412.909	0.180	67815.605	67323.967	0.725	192473.700	192441.389	0.017
59465.6	-71939.661	-72172.610	0.324	136203.693	135947.653	0.188	192490.958	192441.389	0.026
59465.7	21865.671	21781.295	0.386	152483.964	152368.714	0.076	192507.872	192441.389	0.035
59465.8	107215.019	107371.387	0.146	110364.757	110281.618	0.075	192491.428	192441.389	0.026
59465.9	151350.077	151731.873	0.252	26059.544	25847.414	0.814	192490.783	192441.389	0.026
59466.0	137318.861	137828.742	0.371	-68017.696	-68511.955	0.727	192522.531	192441.389	0.042
59466.1	70558.329	70591.606	0.047	-135755.481	-136272.868	0.381	192521.488	192522.460	0.001
59466.2	-23273.099	-23250.362	0.098	-151132.278	-151700.000	0.376	192537.172	192522.460	0.008
59466.3	-108031.952	-108164.410	0.123	-108275.801	-108875.754	0.554	192537.063	192522.460	0.008
59466.4	-151371.517	-151544.338	0.114	-23666.120	-24244.239	2.443	192537.548	192522.460	0.008
59466.5	-136468.934	-136732.660	0.193	70118.680	69696.836	0.602	192538.411	192522.460	0.008
59466.6	-69171.594	-69416.923	0.355	137159.338	136874.980	0.207	192555.672	192522.460	0.017
59466.7	24670.128	24554.262	0.470	151622.538	151494.415	0.085	192539.799	192522.460	0.009
59466.8	108973.986	109096.841	0.113	108019.359	107941.414	0.072	192539.733	192522.460	0.009
59466.9	151386.255	151747.255	0.238	23128.841	22939.922	0.817	192539.079	192522.460	0.009
59467.0	135614.848	136128.146	0.378	-70369.651	-70870.285	0.711	192570.825	192522.460	0.025
59467.1	67787.527	67843.376	0.082	-136677.814	-137138.075	0.337	192553.408	192554.393	0.001
59467.2	-26023.334	-25980.705	0.164	-150225.932	-150779.900	0.369	192536.339	192554.393	0.009
59467.3	-109782.929	-109828.439	0.041	-105911.560	-106523.657	0.578	192585.386	192554.393	0.016
59467.4	-151372.195	-151503.081	0.086	-20747.723	-21363.327	2.967	192569.502	192554.393	0.008
59467.5	-134745.085	-135001.961	0.191	72448.277	72000.319	0.618	192553.985	192554.393	0.000
59467.6	-66416.729	-66661.353	0.368	137999.271	137716.518	0.205	192571.238	192554.393	0.009
59467.7	27391.765	27276.590	0.420	150682.305	150550.865	0.087	192604.516	192554.393	0.026
59467.8	110619.074	110740.578	0.110	105655.083	105575.091	0.076	192588.052	192554.393	0.017
59467.9	151320.650	151681.222	0.238	20251.584	20059.471	0.949	192587.390	192554.393	0.017
59468.0	133882.188	134377.698	0.370	-72747.622	-73158.797	0.565	192586.363	192554.393	0.017
59468.1	65045.484	65070.139	0.038	-137454.947	-137977.675	0.380	192585.339	192586.335	0.001
59468.2	-28779.220	-28716.165	0.219	-149283.184	-149824.376	0.363	192601.052	192586.335	0.008
59468.3	-111419.994	-111475.731	0.050	-103530.711	-104139.921	0.588	192617.338	192586.335	0.016
59468.4	-151269.041	-151429.661	0.106	-17880.714	-18466.712	3.277	192617.851	192586.335	0.016
59468.5	-132986.897	-133236.021	0.187	74771.651	74297.541	0.634	192635.110	192586.335	0.025
59468.6	-63609.506	-63880.997	0.427	138872.989	138532.234	0.245	192635.979	192586.335	0.026
59468.7	30119.267	30003.731	0.384	149704.939	149571.849	0.089	192620.092	192586.335	0.018
59468.8	112246.892	112367.307	0.107	103257.296	103177.275	0.077	192619.997	192586.335	0.017
59468.9	151219.894	151582.891	0.240	17356.051	17163.595	1.109	192619.322	192586.335	0.017
59469.0	132097.615	132592.065	0.374	-75022.082	-75440.745	0.558	192618.306	192586.335	0.017
59469.1	62250.340	62289.984	0.064	-138264.913	-138763.443	0.361	192617.277	192634.679	0.009
59469.2	-31423.548	-31425.500	0.006	-148243.983	-148821.280	0.389	192649.384	192634.679	0.008
59469.3	-113007.685	-113073.886	0.059	-101124.998	-101733.140	0.601	192649.307	192634.679	0.008
59469.4	-151156.796	-151302.960	0.097	-14975.419	-15580.427	4.040	192649.826	192634.679	0.008
59469.5	-131177.922	-131433.115	0.195	77024.481	76555.023	0.609	192667.085	192634.679	0.017
59469.6	-60835.696	-61094.187	0.425	139602.965	139294.062	0.221	192651.571	192634.679	0.009
59469.7	32823.064	32704.337	0.362	148674.749	148545.487	0.087	192652.051	192634.679	0.009
59469.8	113825.003	113944.702	0.105	100834.852	100756.837	0.077	192668.336	192634.679	0.017
59469.9	151065.860	151431.369	0.242	14471.440	14278.506	1.333	192667.654	192634.679	0.017
59470.0	130268.389	130769.810	0.385	-77257.568	-77682.637	0.550	192683.009	192634.679	0.025
59470.1	59446.613	59484.934	0.064	-139019.445	-139522.450	0.362	192681.990	192683.028	0.001
59470.2	-34189.829	-34139.181	0.148	-147225.970	-147781.892	0.378	192681.339	192683.028	0.001
59470.3	-114609.785	-114654.171	0.039	-98681.800	-99294.473	0.621	192664.899	192683.028	0.009
59470.4	-150989.476	-151143.034	0.102	-12079.336	-12678.907	4.964	192681.806	192683.028	0.001
59470.5	-129337.309	-129594.388	0.199	79269.438	78805.240	0.586	192682.686	192683.028	0.000
59470.6	-58039.999	-58282.712	0.418	140307.490	140028.914	0.199	192683.548	192683.028	0.000
59470.7	35529.047	35408.979	0.338	147611.870	147482.798	0.087	192684.019	192683.028	0.001
59470.8	115384.891	115503.954	0.103	98380.748	98304.669	0.077	192683.903	192683.028	0.000
59470.9	150832.049	151246.494	0.275	11618.407	11378.469	2.065	192715.974	192683.028	0.017
59471.0	128399.573	128911.797	0.399	-79419.573	-79916.957	0.626	192698.563	192683.028	0.008
59471.1	56631.951	56670.565	0.068	-139716.598	-140225.150	0.364	192697.547	192698.604	0.001
59471.2	-36870.028	-36827.219	0.116	-146131.089	-146691.519	0.384	192696.904	192698.604	0.001
59471.3	-116129.177	-116183.696	0.047	-96219.832	-96829.719	0.634	192713.246	192698.604	0.008
59471.4	-150745.188	-150926.723	0.120	-9217.606	-9786.215	6.169	192697.399	192698.604	0.001
59471.5	-127460.381	-127715.303	0.200	81473.667	81015.104	0.563	192731.049	192698.604	0.017
59471.6	-55220.203	-55462.404	0.439	140984.752	140707.383	0.197	192731.899	192698.604	0.017
59471.7	38208.162	38087.539	0.316	146500.032	146369.345	0.089	192715.977	192698.604	0.009
59471.8	116862.002	117012.223	0.129	95909.523	95826.851	0.086	192732.229	192698.604	0.017
59471.9	150634.549	151005.311	0.246	8682.066	8487.744	2.238	192731.528	192698.604	0.017
59472.0	126503.453	127013.774	0.403	-81638.166	-82110.577	0.579	192730.488	192698.604	0.017
59472.1	53812.737	53846.111	0.062	-140359.177	-140870.346	0.364	192729.474	192746.926	0.009
59472.2	-39551.817	-39489.524	0.157	-145002.808	-145548.739	0.376	192745.237	192746.926	0.001
59472.3	-117597.002	-117661.553	0.055	-93730.953	-94337.781	0.647	192745.192	192746.926	0.001
59472.4	-150465.984	-150652.648	0.124	-6340.694	-6901.999	8.852	192729.351	192746.926	0.009
59472.5	-125542.026	-125794.539	0.201	83637.205	83184.086	0.542	192746.620	192746.926	0.000
59472.6	-52392.706	-52632.505	0.458	141605.650	141328.261	0.196	192731.078	192746.926	0.008
59472.7	40860.326	40739.917	0.295	145338.011	145203.709	0.092	192731.531	192746.926	0.008
59472.8	118352.280	118468.593	0.098	93402.399	93322.294	0.086	192747.775	192746.926	0.000
59472.9	150336.074	150706.439	0.246	5803.988	5605.993	3.411	192747.054	192746.926	0.000
59473.0	124565.352	125074.426	0.409	-83749.594	-84262.958	0.613	192762.398	192746.926	0.008
59473.1	50973.173	51033.267	0.118	-140975.375	-141431.926	0.324	192761.392	192762.469	0.001
59473.2	-42146.879	-42093.185	0.127	-143796.432	-144345.238	0.382	192760.768	192762.469	0.001
59473.3	-119046.035	-119056.249	0.009	-91214.777	-91831.332	0.676	192744.355	192762.469	0.009
59473.4	-150157.041	-150302.830	0.097	-3454.019	-4055.055	17.401	192761.290	192762.469	0.001
59473.5	-123587.086	-123834.532	0.200	85758.895	85278.325	0.560	192778.555	192762.469	0.008
59473.6	-49526.082	-49814.935	0.583	142227.007	141865.628	0.254	192730.241	192762.469	0.017
59473.7	43454.303	43333.130	0.279	144113.838	143977.859	0.094	192763.444	192762.469	0.001
59473.8	119758.132	119841.680	0.070	90876.233	90803.942	0.080	192796.056	192762.469	0.017
59473.9	149983.311	150332.147	0.233	2938.821	2762.162	6.011	192762.560	192762.469	0.000
59474.0	122594.927	123096.480	0.409	-85884.051	-86340.262	0.531	192777.901	192762.469	0.008
59474.1	48159.706	48166.808	0.015	-141477.787	-142023.010	0.385	192776.896	192794.376	0.009
59474.2	-44772.908	-44757.551	0.034	-142568.368	-143133.988	0.397	192759.896	192794.376	0.018
59474.3	-120411.563	-120495.429	0.070	-88684.527	-89282.856	0.675	192809.029	192794.376	0.008
59474.4	-149791.908	-149964.193	0.115	-578.645	-1147.944	98.385	192776.822	192794.376	0.009
59474.5	-121596.641	-121848.112	0.207	87903.761	87427.768	0.541	192761.314	192794.376	0.017
59474.6	-46725.709	-46943.498	0.466	142682.198	142432.036	0.175	192778.530	192794.376	0.008
59474.7	46078.476	45986.979	0.199	142869.497	142743.738	0.088	192778.958	192794.376	0.008
59474.8	121144.430	121258.887	0.094	88323.318	88243.182	0.091	192778.784	192794.376	0.008
59474.9	149595.734	149968.519	0.249	60.896	-141.928	333.069	192794.426	192794.376	0.000
59475.0	120586.058	121091.645	0.419	-87975.628	-88472.540	0.565	192793.381	192794.376	0.001
59475.1	45292.440	45330.957	0.085	-142008.866	-142502.482	0.348	192776.000	192793.494	0.009
59475.2	-47369.124	-47331.425	0.080	-141292.647	-141850.588	0.395	192775.392	192793.494	0.009
59475.3	-121787.564	-121818.983	0.026	-86113.495	-86729.398	0.715	192808.146	192793.494	0.008
59475.4	-149369.206	-149529.194	0.107	2285.637	1695.068	25.838	192808.709	192793.494	0.008
59475.5	-119572.111	-119821.596	0.209	89939.778	89468.644	0.524	192809.596	192793.494	0.008
59475.6	-43883.259	-44103.628	0.502	143134.599	142887.099	0.173	192794.025	192793.494	0.000
59475.7	48642.676	48549.720	0.191	141564.282	141438.247	0.089	192810.832	192793.494	0.009
59475.8	122446.832	122560.430	0.093	85758.567	85678.434	0.093	192777.877	192793.494	0.008
59475.9	149155.334	149509.084	0.237	-2801.417	-2981.094	6.414	192793.513	192793.494	0.000
59476.0	118542.530	119047.651	0.426	-89990.688	-90495.911	0.561	192792.461	192793.494	0.001
59476.1	42417.868	42474.673	0.134	-142480.958	-142953.693	0.332	192791.464	192808.984	0.009
59476.2	-49935.375	-49905.159	0.061	-139967.970	-140532.314	0.403	192823.631	192808.984	0.008
59476.3	-123080.456	-123121.877	0.034	-83534.574	-84147.844	0.734	192807.254	192808.984	0.001
59476.4	-148915.816	-149060.949	0.097	5158.444	4548.610	11.822	192791.439	192808.984	0.009
59476.5	-117510.687	-117762.013	0.214	91965.040	91498.440	0.507	192792.326	192808.984	0.009
59476.6	-40966.771	-41243.568	0.676	143640.805	143313.727	0.228	192809.517	192808.984	0.000
59476.7	51207.804	51112.020	0.187	140220.414	140097.886	0.087	192809.917	192808.984	0.000
59476.8	123695.704	123841.072	0.118	83171.281	83085.770	0.103	192826.107	192808.984	0.009
59476.9	148640.965	149016.313	0.253	-5622.425	-5830.503	3.701	192825.358	192808.984	0.008
59477.0	116465.461	116970.687	0.434	-92059.811	-92507.917	0.487	192807.918	192808.984	0.001
59477.1	39576.442	39592.615	0.041	-142841.364	-143372.252	0.372	192806.917	192824.444	0.009
59477.2	-52500.294	-52480.479	0.038	-138609.696	-139172.472	0.406	192806.335	192824.444	0.009
59477.3	-124350.808	-124401.562	0.041	-80923.217	-81531.768	0.752	192822.729	192824.444	0.001
59477.4	-148386.602	-148553.611	0.113	7991.241	7416.371	7.194	192806.929	192824.444	0.009
59477.5	-115413.013	-115662.465	0.216	93946.015	93516.693	0.457	192807.812	192824.444	0.009
59477.6	-38142.603	-38358.018	0.565	143956.742	143707.482	0.173	192841.383	192824.444	0.009
59477.7	53772.125	53675.549	0.180	138840.698	138715.944	0.090	192825.386	192824.444	0.000
59477.8	124954.979	125098.209	0.115	80548.809	80458.784	0.112	192808.798	192824.444	0.008
59477.9	148089.964	148484.328	0.266	-8455.269	-8693.794	2.821	192824.422	192824.444	0.000
59478.0	114350.113	114853.858	0.441	-93985.783	-94508.038	0.556	192806.982	192824.444	0.009
59478.1	36700.180	36731.408	0.085	-143201.755	-143709.911	0.355	192822.374	192839.923	0.009
59478.2	-54972.147	-54991.289	0.035	-137180.547	-137759.548	0.422	192821.799	192839.923	0.009
59478.3	-125569.057	-125597.846	0.023	-78296.956	-78910.809	0.784	192821.830	192839.923	0.009
59478.4	-147821.622	-147976.008	0.104	10835.038	10238.940	5.502	192822.417	192839.923	0.009
59478.5	-113277.664	-113532.769	0.225	95947.546	95457.033	0.511	192823.293	192839.923	0.009
59478.6	-35258.276	-35494.012	0.669	144294.901	144020.519	0.190	192807.715	192839.923	0.017
59478.7	56303.436	56174.114	0.230	137416.417	137281.476	0.098	192808.094	192839.923	0.017
59478.8	126158.700	126271.906	0.090	77901.924	77827.633	0.095	192807.869	192839.923	0.017
59478.9	147483.940	147882.470	0.270	-11271.908	-11511.291	2.124	192823.489	192839.923	0.009
59479.0	112203.774	112707.552	0.449	-95964.549	-96429.988	0.485	192822.436	192839.923	0.009
59479.1	33843.064	33870.479	0.081	-143479.357	-143991.686	0.357	192821.458	192822.631	0.001
59479.2	-57502.537	-57468.948	0.058	-135742.143	-136301.632	0.412	192837.280	192822.631	0.008
59479.3	-126702.150	-126740.837	0.031	-75661.661	-76273.030	0.808	192820.934	192822.631	0.001
59479.4	-147168.843	-147345.434	0.120	13605.478	13043.701	4.129	192805.152	192822.631	0.009
59479.5	-111115.380	-111370.764	0.230	97838.006	97351.773	0.497	192838.792	192822.631	0.008
59479.6	-32393.516	-32630.765	0.732	144550.381	144277.677	0.189	192839.586	192822.631	0.009
59479.7	58739.366	58639.141	0.171	135925.614	135802.305	0.091	192823.568	192822.631	0.000
59479.8	127278.846	127392.168	0.089	75252.387	75180.121	0.096	192839.723	192822.631	0.009
59479.9	146865.285	147227.796	0.247	-14121.933	-14310.525	1.335	192822.570	192822.631	0.000
59480.0	110021.319	110529.330	0.462	-97831.634	-98306.064	0.485	192821.510	192822.631	0.001
59480.1	30945.540	30970.573	0.081	-143751.620	-144269.349	0.360	192804.163	192821.733	0.009
59480.2	-60001.330	-59975.678	0.043	-134251.537	-134817.430	0.422	192836.376	192821.733	0.008
59480.3	-127841.917	-127891.831	0.039	-72984.308	-73596.882	0.839	192836.425	192821.733	0.008
59480.4	-146495.892	-146698.719	0.138	16414.514	15884.179	3.231	192837.031	192821.733	0.008
59480.5	-108920.450	-109174.675	0.233	99715.218	99265.864	0.451	192837.919	192821.733	0.008
59480.6	-29488.275	-29728.579	0.815	144800.238	144530.388	0.186	192838.700	192821.733	0.009
59480.7	61234.791	61133.013	0.166	134420.161	134296.597	0.092	192806.295	192821.733	0.008
59480.8	128345.257	128520.101	0.136	72587.594	72494.172	0.129	192822.432	192821.733	0.000
59480.9	146170.872	146556.675	0.264	-16928.806	-17145.335	1.279	192838.036	192821.733	0.008
59481.0	107810.416	108316.859	0.470	-99684.962	-100201.195	0.518	192853.369	192821.733	0.016
59481.1	28048.737	28107.574	0.210	-143966.679	-144435.022	0.325	192819.639	192837.212	0.009
59481.2	-62402.500	-62386.606	0.025	-132698.296	-133264.484	0.427	192819.095	192837.212	0.009
59481.3	-128865.971	-128924.913	0.046	-70313.889	-70921.633	0.864	192819.160	192837.212	0.009
59481.4	-145805.560	-145957.262	0.104	19259.375	18654.460	3.141	192836.158	192837.212	0.001
59481.5	-106687.818	-106943.391	0.240	101545.519	101067.415	0.471	192837.041	192837.212	0.000
59481.6	-26625.754	-26864.260	0.896	144942.366	144671.431	0.187	192805.049	192837.212	0.017
59481.7	63633.363	63530.495	0.162	132848.720	132722.973	0.095	192821.787	192837.212	0.008
59481.8	129448.382	129530.136	0.063	69870.478	69810.137	0.086	192805.151	192837.212	0.017
59481.9	145425.283	145791.418	0.252	-19714.739	-19909.136	0.986	192804.369	192837.212	0.017
59482.0	105562.350	106070.163	0.481	-101523.623	-101983.488	0.453	192819.694	192837.212	0.009
59482.1	25191.111	25209.312	0.072	-144070.470	-144597.942	0.366	192818.730	192836.331	0.009
59482.2	-64831.053	-64824.403	0.010	-131120.169	-131688.538	0.433	192818.210	192836.331	0.009
59482.3	-129927.918	-129966.155	0.029	-67594.946	-68211.970	0.913	192801.899	192836.331	0.018
59482.4	-145026.247	-145202.122	0.121	22029.569	21457.356	2.597	192818.901	192836.331	0.009
59482.5	-104428.665	-104681.835	0.242	103328.829	102887.258	0.427	192836.178	192836.331	0.000
59482.6	-23727.780	-23964.704	0.999	145081.488	144809.417	0.188	192820.572	192836.331	0.008
59482.7	66027.812	65954.648	0.111	131242.416	131126.118	0.089	192804.519	192836.331	0.016
59482.8	130404.451	130548.034	0.110	67172.789	67091.618	0.121	192804.250	192836.331	0.017
59482.9	144640.717	145012.198	0.257	-22510.115	-22705.434	0.868	192803.463	192836.331	0.017
59483.0	103287.676	103793.038	0.489	-103281.947	-103783.812	0.486	192851.565	192836.331	0.008
59483.1	22301.671	22312.317	0.048	-144173.615	-144702.635	0.367	192801.463	192835.446	0.018
59483.2	-67256.121	-67226.871	0.043	-129503.332	-130066.290	0.435	192800.944	192835.446	0.018
59483.3	-130874.982	-130951.571	0.059	-64887.904	-65485.709	0.921	192801.037	192835.446	0.018
59483.4	-144215.197	-144392.095	0.123	24804.633	24240.770	2.273	192818.047	192835.446	0.009
59483.5	-102131.876	-102387.408	0.250	105129.564	104659.021	0.448	192818.934	192835.446	0.009
59483.6	-20831.510	-21066.916	1.130	145162.578	144889.189	0.188	192803.323	192835.446	0.017
59483.7	68385.807	68343.074	0.062	129593.180	129483.266	0.085	192787.252	192835.446	0.025
59483.8	131337.767	131509.964	0.131	64453.676	64356.983	0.150	192803.365	192835.446	0.017
59483.9	143753.424	144178.261	0.296	-25199.444	-25481.779	1.120	192802.559	192835.446	0.017
59484.0	100978.751	101483.457	0.500	-105024.498	-105535.776	0.487	192801.511	192835.446	0.018
59484.1	19414.665	19441.186	0.137	-144218.661	-144726.166	0.352	192816.953	192801.802	0.008
59484.2	-69548.153	-69560.622	0.018	-127823.434	-128393.701	0.446	192783.686	192801.802	0.009
59484.3	-131824.798	-131851.804	0.020	-62136.138	-62759.259	1.003	192783.777	192801.802	0.009
59484.4	-143330.087	-143513.128	0.128	27532.880	26974.150	2.029	192800.794	192801.802	0.001
59484.5	-99802.170	-100066.756	0.265	106881.650	106349.739	0.498	192785.300	192801.802	0.009
59484.6	-17958.578	-18195.688	1.320	145160.041	144888.024	0.187	192802.445	192801.802	0.000
59484.7	70770.809	70662.354	0.153	127914.854	127790.667	0.097	192819.143	192801.802	0.009
59484.8	132215.362	132386.714	0.130	61720.619	61622.891	0.158	192786.090	192801.802	0.008
59484.9	142882.686	143275.817	0.275	-27978.058	-28207.498	0.820	192785.276	192801.802	0.009
59485.0	98638.439	99148.349	0.517	-106717.949	-107206.471	0.458	192800.607	192801.802	0.001
59485.1	16528.350	16575.886	0.288	-144203.020	-144693.802	0.340	192799.667	192800.918	0.001
59485.2	-71899.152	-71856.730	0.059	-126120.044	-126679.385	0.443	192766.417	192800.918	0.018
59485.3	-132660.185	-132697.035	0.028	-59400.555	-60021.272	1.045	192782.899	192800.918	0.009
59485.4	-142429.168	-142582.923	0.108	30293.364	29684.447	2.010	192783.544	192800.918	0.009
59485.5	-97454.844	-97718.304	0.270	108487.178	107991.617	0.457	192768.039	192800.918	0.017
59485.6	-15093.502	-15330.773	1.572	145103.161	144831.018	0.188	192785.183	192800.918	0.008
59485.7	73086.419	72943.632	0.195	126185.093	126056.665	0.102	192769.100	192800.918	0.017
59485.8	133065.684	133208.365	0.107	58958.757	58877.735	0.137	192768.797	192800.918	0.017
59485.9	141958.987	142322.335	0.256	-30734.119	-30909.694	0.571	192784.372	192800.918	0.009
59486.0	96274.020	96785.863	0.532	-108362.548	-108828.090	0.430	192766.935	192800.918	0.018
59486.1	13652.849	13670.733	0.131	-144135.120	-144651.710	0.358	192782.385	192783.644	0.001
59486.2	-74244.368	-74179.307	0.088	-124379.488	-124933.728	0.446	192749.138	192783.644	0.018
59486.3	-133531.637	-133545.189	0.010	-56617.239	-57242.366	1.104	192749.259	192783.644	0.018
59486.4	-141474.015	-141630.970	0.111	33031.893	32429.528	1.824	192766.285	192783.644	0.009
59486.5	-95083.373	-95331.786	0.261	110076.938	109648.787	0.389	192750.787	192783.644	0.017
59486.6	-12188.556	-12426.090	1.949	145036.264	144763.940	0.188	192767.909	192783.644	0.008
59486.7	75363.451	75251.109	0.149	124413.629	124291.097	0.098	192735.425	192783.644	0.025
59486.8	133862.915	134032.587	0.127	56191.505	56091.637	0.178	192767.894	192783.644	0.008
59486.9	140981.131	141346.808	0.259	-33467.525	-33646.485	0.535	192750.683	192783.644	0.017
59487.0	93878.310	94385.179	0.540	-109956.799	-110464.673	0.462	192733.240	192783.644	0.026
59487.1	10737.109	10822.613	0.796	-144056.199	-144510.454	0.315	192732.321	192733.597	0.001
59487.2	-76486.230	-76397.378	0.116	-122585.365	-123141.548	0.454	192715.466	192733.597	0.009
59487.3	-134255.305	-134281.491	0.020	-53858.924	-54487.442	1.167	192731.972	192733.597	0.001
59487.4	-140448.496	-140602.771	0.110	35719.065	35089.331	1.763	192716.232	192733.597	0.009
59487.5	-92669.633	-92933.904	0.285	111680.970	111192.130	0.438	192749.892	192733.597	0.008
59487.6	-9294.856	-9579.289	3.060	144916.891	144598.193	0.220	192717.868	192733.597	0.008
59487.7	77568.456	77453.683	0.148	122598.401	122479.906	0.097	192718.128	192733.597	0.008
59487.8	134659.745	134745.167	0.063	53378.779	53330.483	0.090	192734.196	192733.597	0.000
59487.9	139924.048	140295.770	0.266	-36116.716	-36297.346	0.500	192716.980	192733.597	0.009
59488.0	91449.392	91974.112	0.574	-111566.020	-111987.334	0.378	192715.927	192733.597	0.009
59488.1	7853.076	7908.719	0.709	-143898.259	-144378.265	0.334	192731.395	192716.293	0.008
59488.2	-78753.505	-78673.935	0.101	-120758.255	-121317.943	0.463	192714.540	192716.293	0.001
59488.3	-134984.437	-135046.535	0.046	-51067.260	-51672.668	1.186	192731.070	192716.293	0.008
59488.4	-139408.509	-139562.532	0.110	38436.053	37814.427	1.617	192698.951	192716.293	0.009
59488.5	-90231.047	-90487.825	0.285	113234.926	112781.137	0.401	192732.600	192716.293	0.008
59488.6	-6426.943	-6666.641	3.730	144712.368	144440.947	0.188	192700.558	192716.293	0.008
59488.7	79798.262	79714.471	0.105	120753.001	120636.788	0.096	192700.817	192716.293	0.008
59488.8	135341.884	135485.973	0.106	50586.674	50509.232	0.153	192684.091	192716.293	0.017
59488.9	138844.004	139232.131	0.280	-38799.447	-39013.395	0.551	192683.261	192716.293	0.017
59489.0	88995.088	89514.456	0.584	-113091.271	-113555.244	0.410	192698.586	192716.293	0.009
59489.1	4976.412	5026.567	1.008	-143682.404	-144166.249	0.337	192697.678	192698.975	0.001
59489.2	-80914.713	-80877.812	0.046	-118887.622	-119448.538	0.472	192664.463	192698.975	0.018
59489.3	-135685.042	-135725.870	0.030	-48248.998	-48863.708	1.274	192697.380	192698.975	0.001
59489.4	-138289.132	-138456.465	0.121	41068.314	40484.328	1.422	192665.267	192698.975	0.017
59489.5	-87764.611	-88021.076	0.292	114737.674	114286.761	0.393	192698.905	192698.975	0.000
59489.6	-3547.667	-3786.419	6.730	144477.461	144204.149	0.189	192666.856	192698.975	0.017
59489.7	82020.050	81902.188	0.144	118871.159	118748.496	0.103	192667.104	192698.975	0.017
59489.8	135999.420	136141.122	0.104	47776.227	47694.533	0.171	192666.758	192698.975	0.017
59489.9	137715.053	138103.142	0.282	-41454.798	-41673.683	0.528	192665.913	192698.975	0.017
59490.0	86526.262	87034.849	0.588	-114533.880	-115039.596	0.442	192632.087	192698.975	0.035
59490.1	2085.368	2132.692	2.269	-143432.318	-143923.015	0.342	192663.952	192665.263	0.001
59490.2	-83067.436	-83072.770	0.006	-116981.985	-117547.001	0.483	192647.132	192665.263	0.009
59490.3	-136271.917	-136379.066	0.079	-45454.636	-46034.041	1.275	192647.281	192665.263	0.009
59490.4	-137145.320	-137317.079	0.125	43734.101	43155.559	1.323	192647.949	192665.263	0.009
59490.5	-85274.526	-85526.621	0.296	116222.867	115773.830	0.386	192632.444	192665.263	0.017
59490.6	-655.422	-894.742	36.514	144209.792	143936.034	0.190	192633.147	192665.263	0.017
59490.7	84135.249	84080.709	0.065	116944.345	116828.151	0.099	192633.380	192665.263	0.017
59490.8	136627.621	136769.956	0.104	44939.949	44859.353	0.179	192633.022	192665.263	0.017
59490.9	136547.222	136940.822	0.288	-44113.549	-44335.016	0.502	192615.777	192665.263	0.026
59491.0	84012.724	84527.696	0.613	-116020.949	-116505.155	0.417	192614.726	192665.263	0.026
59491.1	-769.444	-775.819	0.828	-143105.374	-143644.600	0.377	192597.448	192631.536	0.018
59491.2	-85244.141	-85258.824	0.017	-115039.501	-115608.416	0.495	192613.396	192631.536	0.009
59491.3	-136887.223	-137003.240	0.085	-42603.996	-43179.684	1.351	192597.183	192631.536	0.018
59491.4	-135950.885	-136139.696	0.139	46372.580	45829.642	1.171	192614.234	192631.536	0.009
59491.5	-82768.347	-82999.785	0.280	117591.122	117240.815	0.298	192582.341	192631.536	0.026
59491.6	2205.607	2011.266	8.811	143859.442	143632.614	0.158	192583.027	192631.536	0.025
59491.7	86306.708	86250.009	0.066	114984.077	114870.836	0.098	192583.257	192631.536	0.025
59491.8	137197.496	137369.558	0.125	42094.641	41999.733	0.225	192582.888	192631.536	0.025
59491.9	135345.133	135740.484	0.292	-46773.002	-46998.873	0.483	192565.647	192631.536	0.034
59492.0	81481.549	81988.336	0.622	-117423.590	-117950.353	0.449	192580.977	192631.536	0.026
59492.1	-3633.342	-3622.596	0.296	-142748.560	-143268.075	0.364	192580.099	192548.660	0.016
59492.2	-87279.899	-87337.194	0.066	-113057.899	-113626.929	0.503	192579.679	192548.660	0.016
59492.3	-137420.252	-137515.128	0.069	-39768.341	-40354.108	1.473	192547.087	192548.660	0.001
59492.4	-134712.099	-134888.542	0.131	48980.507	48414.313	1.156	192580.531	192548.660	0.017
59492.5	-80200.526	-80466.020	0.331	119066.456	118592.091	0.398	192548.624	192548.660	0.000
59492.6	5047.742	4854.699	3.824	143461.259	143231.618	0.160	192565.698	192548.660	0.009
59492.7	88369.764	88311.260	0.066	112985.743	112871.546	0.101	192549.529	192548.660	0.000
59492.8	137739.823	137857.124	0.085	39229.090	39169.858	0.151	192532.764	192548.660	0.008
59492.9	134071.875	134467.145	0.295	-49341.560	-49572.688	0.468	192515.525	192548.660	0.017
59493.0	78931.146	79443.043	0.649	-118774.518	-119279.786	0.425	192530.854	192548.660	0.009
59493.1	-6487.629	-6433.843	0.829	-142332.518	-142812.184	0.337	192546.360	192531.308	0.008
59493.2	-89403.878	-89340.094	0.071	-111041.685	-111602.248	0.505	192529.566	192531.308	0.001
59493.3	-137896.256	-137940.587	0.032	-36927.083	-37538.095	1.655	192513.382	192531.308	0.009
59493.4	-133408.405	-133573.187	0.124	51530.302	50940.335	1.145	192530.438	192531.308	0.000
59493.5	-77653.233	-77914.936	0.337	120331.086	119858.153	0.393	192514.919	192531.308	0.009
59493.6	7930.300	7661.921	3.384	143045.895	142751.564	0.206	192515.601	192531.308	0.008
59493.7	90422.386	90296.672	0.139	110950.147	110829.713	0.109	192499.421	192531.308	0.017
59493.8	138113.587	138258.347	0.105	36427.862	36350.290	0.213	192515.411	192531.308	0.008
59493.9	132771.413	133130.113	0.270	-51942.182	-52087.303	0.279	192498.177	192531.308	0.017
59494.0	76358.571	76881.163	0.684	-120072.446	-120523.860	0.376	192464.356	192531.308	0.035
59494.1	-9354.212	-9301.114	0.568	-141880.975	-142371.076	0.345	192479.870	192497.604	0.009
59494.2	-91418.435	-91396.973	0.023	-108991.679	-109556.503	0.518	192463.101	192497.604	0.018
59494.3	-138370.743	-138397.251	0.019	-34046.504	-34673.260	1.841	192496.072	192497.604	0.001
59494.4	-132092.549	-132254.282	0.122	54141.313	53524.190	1.140	192480.365	192497.604	0.009
59494.5	-75074.083	-75326.908	0.337	121608.000	121168.853	0.361	192464.853	192497.604	0.017
59494.6	10769.000	10525.292	2.263	142560.290	142285.812	0.193	192449.148	192497.604	0.025
59494.7	92431.011	92335.879	0.103	108879.551	108766.353	0.104	192449.330	192497.604	0.025
59494.8	138516.447	138690.354	0.126	33575.138	33481.634	0.278	192465.317	192497.604	0.017
59494.9	131408.447	131789.033	0.290	-54482.341	-54659.719	0.326	192448.069	192497.604	0.026
59495.0	73776.086	74281.959	0.686	-121286.165	-121812.252	0.434	192430.645	192497.604	0.035
59495.1	-12176.049	-12131.375	0.367	-141359.615	-141850.585	0.347	192429.798	192431.144	0.001
59495.2	-93454.394	-93377.176	0.083	-106906.698	-107468.421	0.525	192429.416	192431.144	0.001
59495.3	-138757.786	-138767.017	0.007	-31176.127	-31819.392	2.063	192429.623	192431.144	0.001
59495.4	-130719.665	-130871.624	0.116	56689.878	56047.986	1.132	192413.932	192431.144	0.009
59495.5	-72470.178	-72722.754	0.349	122830.580	122393.463	0.356	192431.183	192431.144	0.000
59495.6	13621.931	13350.972	1.989	142035.767	141740.997	0.208	192399.087	192431.144	0.017
59495.7	94427.827	94298.050	0.137	106777.332	106661.317	0.109	192399.267	192431.144	0.017
59495.8	138890.007	139035.560	0.105	30702.196	30624.691	0.252	192398.862	192431.144	0.017
59495.9	129996.775	130384.719	0.298	-56956.578	-57171.530	0.377	192397.998	192431.144	0.017
59496.0	71158.709	71667.367	0.715	-122510.302	-123014.418	0.411	192396.960	192431.144	0.018
59496.1	-15012.626	-14996.756	0.106	-140797.740	-141317.043	0.369	192363.336	192381.091	0.009
59496.2	-95412.854	-95378.067	0.036	-104783.941	-105349.104	0.539	192379.362	192381.091	0.001
59496.3	-139065.256	-139135.095	0.050	-28328.410	-28928.096	2.117	192395.969	192381.091	0.008
59496.4	-129293.975	-129465.550	0.133	59174.095	58601.030	0.968	192347.524	192381.091	0.017
59496.5	-69832.144	-70082.448	0.358	124063.803	123627.909	0.351	192364.771	192381.091	0.008
59496.6	16457.522	16211.658	1.494	141458.645	141182.830	0.195	192365.432	192381.091	0.008
59496.7	96379.652	96280.639	0.103	104642.882	104524.868	0.113	192332.836	192381.091	0.025
59496.8	139234.558	139378.757	0.104	27810.309	27730.336	0.288	192348.810	192381.091	0.017
59496.9	128566.752	128956.739	0.303	-59492.646	-59712.385	0.369	192315.168	192381.091	0.034
59497.0	68510.856	69016.542	0.738	-123711.391	-124226.110	0.416	192314.132	192381.091	0.035
59497.1	-17851.824	-17791.470	0.338	-140210.815	-140692.358	0.343	192313.299	192347.437	0.018
59497.2	-97260.454	-97268.160	0.008	-102632.584	-103197.777	0.551	192312.944	192347.437	0.018
59497.3	-139368.433	-139394.788	0.019	-25440.292	-26076.216	2.500	192280.411	192347.437	0.035
59497.4	-127827.281	-127995.125	0.131	61658.525	61058.367	0.973	192297.499	192347.437	0.026
59497.5	-67173.283	-67446.533	0.407	125242.632	124747.109	0.396	192281.977	192347.437	0.034
59497.6	19247.935	19000.896	1.283	140810.771	140534.131	0.196	192299.019	192347.437	0.025
59497.7	98285.965	98152.158	0.136	102472.937	102357.364	0.113	192299.180	192347.437	0.025
59497.8	139518.352	139613.912	0.068	24912.596	24876.328	0.146	192249.598	192347.437	0.051
59497.9	127080.608	127465.232	0.303	-61964.331	-62156.984	0.311	192265.109	192347.437	0.043
59498.0	65859.543	66371.098	0.777	-124828.800	-125322.597	0.396	192264.087	192347.437	0.043
59498.1	-20650.432	-20596.038	0.263	-139546.114	-140032.026	0.348	192246.872	192264.630	0.009
59498.2	-99193.418	-99145.213	0.049	-100448.952	-101011.841	0.560	192246.532	192264.630	0.009
59498.3	-139591.252	-139623.554	0.023	-22575.083	-23204.055	2.786	192230.391	192264.630	0.018
59498.4	-126328.498	-126487.760	0.126	64139.728	63513.870	0.976	192231.097	192264.630	0.017
59498.5	-64520.923	-64781.852	0.404	126306.540	125843.064	0.367	192215.572	192264.630	0.026
59498.6	22075.261	21799.681	1.248	140145.397	139849.702	0.211	192232.601	192264.630	0.017
59498.7	100113.558	100010.340	0.103	100273.969	100155.364	0.118	192216.366	192264.630	0.025
59498.8	139698.564	139817.966	0.085	22062.029	22002.306	0.271	192215.936	192264.630	0.025
59498.9	125562.328	125936.804	0.298	-64432.357	-64599.432	0.259	192215.055	192264.630	0.026
59499.0	63178.780	63697.089	0.820	-125922.357	-126395.593	0.376	192181.260	192264.630	0.043
59499.1	-23455.341	-23435.555	0.084	-138849.893	-139356.408	0.365	192180.441	192198.207	0.009
59499.2	-101047.285	-101041.497	0.006	-98230.843	-98792.963	0.572	192196.491	192198.207	0.001
59499.3	-139759.389	-139848.451	0.064	-19713.042	-20293.946	2.947	192180.364	192198.207	0.009
59499.4	-124769.206	-124954.911	0.149	66523.221	65997.756	0.790	192164.688	192198.207	0.017
59499.5	-61820.549	-62079.856	0.419	127409.547	126946.938	0.363	192149.162	192198.207	0.026
59499.6	24828.045	24633.282	0.784	139392.377	139149.686	0.174	192166.174	192198.207	0.017
59499.7	101992.854	101887.470	0.103	98039.112	97920.259	0.121	192149.931	192198.207	0.025
59499.8	139875.459	140017.825	0.102	19174.485	19090.370	0.439	192133.110	192198.207	0.034
59499.9	123996.917	124382.648	0.311	-66866.421	-67070.042	0.305	192148.598	192198.207	0.026
59500.0	60497.656	60985.700	0.807	-126932.386	-127476.186	0.428	192147.579	192198.207	0.026
59500.1	-26241.238	-26201.372	0.152	-138100.285	-138591.286	0.356	192130.383	192115.380	0.008
59500.2	-102854.583	-102825.498	0.028	-95985.030	-96545.188	0.584	192113.677	192115.380	0.001
59500.3	-139895.653	-139965.598	0.050	-16831.074	-17426.642	3.539	192113.932	192115.380	0.001
59500.4	-123193.372	-123360.219	0.135	68966.351	68383.570	0.845	192098.270	192115.380	0.009
59500.5	-59129.839	-59385.673	0.433	128397.828	127935.133	0.360	192066.349	192115.380	0.026
59500.6	27642.656	27392.415	0.905	138641.687	138360.804	0.203	192099.736	192115.380	0.008
59500.7	103792.635	103652.073	0.135	95777.949	95657.223	0.126	192083.483	192115.380	0.017
59500.8	139968.070	140110.306	0.102	16307.093	16222.165	0.521	192083.030	192115.380	0.017
59500.9	122383.363	122767.495	0.314	-69232.334	-69442.052	0.303	192065.746	192115.380	0.026
59501.0	57761.277	58283.117	0.903	-127977.591	-128441.172	0.362	192048.339	192115.380	0.035
59501.1	-29008.142	-28999.399	0.030	-137296.102	-137813.470	0.377	192047.532	192065.323	0.009
59501.2	-104614.504	-104628.047	0.013	-93706.234	-94268.178	0.600	192047.223	192065.323	0.009
59501.3	-140029.211	-140080.506	0.037	-13913.812	-14524.789	4.391	192031.118	192065.323	0.018
59501.4	-121572.545	-121743.364	0.141	71374.413	70795.983	0.810	192031.831	192065.323	0.017
59501.5	-56425.406	-56657.911	0.412	129332.064	128931.761	0.310	192016.290	192065.323	0.026
59501.6	30380.326	30183.649	0.647	137805.399	137558.951	0.179	192016.899	192065.323	0.025
59501.7	105511.975	105434.971	0.073	93484.997	93364.794	0.129	192000.627	192065.323	0.034
59501.8	139981.657	140200.251	0.156	13467.100	13319.431	1.097	191983.777	192065.323	0.042
59501.9	120743.587	121129.950	0.320	-71625.517	-71840.469	0.300	191982.885	192065.323	0.043
59502.0	55053.617	55546.883	0.896	-128879.290	-129414.302	0.415	191981.858	192065.323	0.043
59502.1	-31808.410	-31747.937	0.190	-136476.244	-136967.516	0.360	191948.292	191982.482	0.018
59502.2	-106392.274	-106350.463	0.039	-91395.175	-91965.270	0.624	191947.995	191982.482	0.018
59502.3	-140054.983	-140115.408	0.043	-11040.748	-11649.223	5.511	191948.278	191982.482	0.018
59502.4	-119895.739	-120077.349	0.151	73682.101	73140.017	0.736	191948.998	191982.482	0.017
59502.5	-53666.626	-53930.714	0.492	130301.153	129844.176	0.351	191933.447	191982.482	0.026
59502.6	33153.066	32924.810	0.688	136950.561	136689.388	0.191	191934.050	191982.482	0.025
59502.7	107216.360	107137.515	0.074	91163.960	91047.157	0.128	191934.148	191982.482	0.025
59502.8	140040.150	140210.419	0.122	10547.957	10443.671	0.989	191917.298	191982.482	0.034
59502.9	119048.562	119443.836	0.332	-73917.683	-74170.087	0.341	191932.782	191982.482	0.026
59503.0	52308.760	52811.940	0.962	-129787.085	-130303.227	0.398	191931.758	191982.482	0.026
59503.1	-34558.420	-34477.845	0.233	-135588.153	-136064.336	0.351	191898.196	191899.617	0.001
59503.2	-108089.361	-108024.110	0.060	-89058.649	-89627.100	0.638	191881.528	191899.617	0.009
59503.3	-140026.180	-140090.128	0.046	-8174.050	-8773.898	7.338	191881.819	191899.617	0.009
59503.4	-118181.971	-118362.851	0.153	75985.308	75448.399	0.707	191882.534	191899.617	0.009
59503.5	-50912.628	-51185.348	0.536	131187.350	130699.218	0.372	191850.604	191899.617	0.026
59503.6	35931.929	35646.849	0.793	136060.700	135762.762	0.219	191834.814	191899.617	0.034
59503.7	108904.610	108790.990	0.104	88808.114	88694.678	0.128	191834.891	191899.617	0.034
59503.8	140013.019	140160.410	0.105	7650.421	7568.669	1.069	191850.795	191899.617	0.025
59503.9	117320.810	117709.547	0.331	-76237.419	-76463.638	0.297	191817.124	191899.617	0.043
59504.0	49551.116	50059.321	1.026	-130639.537	-131134.624	0.379	191816.113	191899.617	0.044
59504.1	-37256.361	-37239.662	0.045	-134633.995	-135146.322	0.381	191815.332	191816.758	0.001
59504.2	-109705.570	-109714.799	0.008	-86699.364	-87258.144	0.645	191815.060	191816.758	0.001
59504.3	-139943.122	-140060.481	0.084	-5314.748	-5863.657	10.328	191798.973	191816.758	0.009
59504.4	-116446.265	-116624.251	0.153	78313.967	77782.420	0.679	191799.701	191816.758	0.009
59504.5	-48160.370	-48405.402	0.509	131988.794	131560.776	0.324	191767.761	191816.758	0.026
59504.6	38630.056	38400.668	0.594	135088.713	134821.027	0.198	191751.960	191816.758	0.034
59504.7	110480.055	110461.241	0.017	86440.701	86311.268	0.150	191752.030	191816.758	0.034
59504.8	139934.921	140105.733	0.122	4764.516	4658.791	2.219	191735.156	191816.758	0.043
59504.9	115562.135	115950.937	0.336	-78550.427	-78782.618	0.296	191734.254	191816.758	0.043
59505.0	46785.234	47272.068	1.041	-131438.229	-131972.241	0.406	191733.248	191816.758	0.044
59505.1	-39929.684	-39920.867	0.022	-133630.882	-134145.233	0.385	191732.473	191733.903	0.001
59505.2	-111337.362	-111291.407	0.041	-84301.233	-84869.558	0.674	191715.823	191733.903	0.009
59505.3	-139873.064	-139927.090	0.039	-2391.724	-3004.768	25.632	191699.748	191733.903	0.018
59505.4	-114658.336	-114832.082	0.152	80573.266	80013.824	0.694	191700.480	191733.903	0.017
59505.5	-45384.607	-45642.631	0.569	132765.464	132307.858	0.345	191668.539	191733.903	0.034
59505.6	41304.351	41073.162	0.560	134066.031	133796.915	0.201	191701.880	191733.903	0.017
59505.7	112102.987	112017.246	0.076	84027.923	83909.210	0.141	191669.170	191733.903	0.034
59505.8	139775.887	139947.758	0.123	1906.931	1801.156	5.547	191652.286	191733.903	0.043
59505.9	113762.751	114139.642	0.331	-80824.770	-80998.526	0.215	191667.777	191733.903	0.035
59506.0	44003.098	44502.973	1.136	-132178.554	-132695.533	0.391	191633.992	191733.903	0.052
59506.1	-42635.325	-42577.596	0.135	-132610.440	-133093.859	0.365	191666.012	191634.668	0.016
59506.2	-112855.464	-112818.613	0.033	-81889.771	-82454.762	0.690	191616.603	191634.668	0.009
59506.3	-139679.591	-139738.339	0.042	452.543	-153.809	133.988	191633.301	191634.668	0.001
59506.4	-112835.952	-112999.854	0.145	82825.986	82206.205	0.748	191617.654	191634.668	0.009
59506.5	-42611.783	-42870.483	0.607	133456.689	132999.807	0.342	191618.475	191634.668	0.008
59506.6	43984.185	43720.751	0.599	133005.870	132722.730	0.213	191602.653	191634.668	0.017
59506.7	113644.717	113523.626	0.107	81598.824	81481.368	0.144	191602.718	191634.668	0.017
59506.8	139590.054	139734.493	0.103	-960.218	-1048.075	9.150	191585.828	191634.668	0.025
59506.9	111908.734	112288.625	0.339	-82995.663	-83175.068	0.216	191552.146	191634.668	0.043
59507.0	41204.691	41724.977	1.263	-132896.715	-133363.614	0.351	191551.153	191634.668	0.044
59507.1	-45319.279	-45235.943	0.184	-131532.911	-132012.289	0.364	191566.786	191584.611	0.009
59507.2	-114388.677	-114329.334	0.052	-79443.114	-80014.614	0.719	191533.784	191584.611	0.027
59507.3	-139479.177	-139521.333	0.030	3332.736	2707.923	18.748	191534.112	191584.611	0.026
59507.4	-110968.030	-111138.447	0.154	84973.965	84390.643	0.686	191518.466	191584.611	0.035
59507.5	-39804.380	-40079.440	0.691	134153.223	133668.147	0.362	191502.900	191584.611	0.043
59507.6	46665.013	46369.697	0.633	131916.411	131618.336	0.226	191503.457	191584.611	0.042
59507.7	115135.238	115013.304	0.106	79137.772	79028.317	0.138	191487.109	191584.611	0.051
59507.8	139366.335	139492.881	0.091	-3847.020	-3907.835	1.581	191470.218	191584.611	0.060
59507.9	110021.923	110408.499	0.351	-85125.660	-85343.415	0.256	191452.927	191584.611	0.069
59508.0	38391.211	38928.288	1.399	-133555.716	-134007.923	0.339	191451.930	191584.611	0.069
59508.1	-48005.049	-47899.317	0.220	-130423.453	-130892.455	0.360	191451.202	191469.025	0.009
59508.2	-115808.098	-115821.573	0.012	-76987.289	-77540.586	0.719	191434.600	191469.025	0.018
59508.3	-139244.627	-139269.431	0.018	6228.877	5586.141	10.319	191434.936	191469.025	0.018
59508.4	-109073.915	-109239.132	0.151	87212.415	86567.842	0.739	191419.288	191469.025	0.026
59508.5	-37018.386	-37262.031	0.658	134735.811	134308.303	0.317	191403.717	191469.025	0.034
59508.6	49292.146	49023.341	0.545	130758.984	130475.635	0.217	191387.881	191469.025	0.042
59508.7	116608.430	116484.210	0.107	76650.847	76541.546	0.143	191387.912	191469.025	0.042
59508.8	139065.796	139216.233	0.108	-6699.164	-6783.780	1.263	191387.393	191469.025	0.043
59508.9	108103.613	108490.528	0.358	-87280.243	-87504.197	0.257	191370.105	191469.025	0.052
59509.0	35578.004	36105.477	1.483	-134163.457	-134623.823	0.343	191352.739	191469.025	0.061
59509.1	-50574.999	-50565.855	0.018	-129223.191	-129736.946	0.398	191352.007	191369.837	0.009
59509.2	-117304.340	-117295.350	0.008	-74475.756	-75035.870	0.752	191335.420	191369.837	0.018
59509.3	-138910.055	-138984.530	0.054	9067.188	8478.278	6.495	191303.001	191369.837	0.035
59509.4	-107129.828	-107304.954	0.163	89279.667	88736.846	0.608	191352.896	191369.837	0.009
59509.5	-34162.260	-34421.281	0.758	135377.913	134921.297	0.337	191320.939	191369.837	0.026
59509.6	51920.929	51679.842	0.464	129568.739	129297.235	0.210	191288.707	191369.837	0.042
59509.7	117999.097	117936.389	0.053	74148.185	74024.246	0.167	191288.726	191369.837	0.042
59509.8	138734.534	138906.469	0.124	-9562.732	-9673.359	1.157	191288.203	191369.837	0.043
59509.9	106150.679	106537.766	0.365	-89426.258	-89656.485	0.257	191270.915	191369.837	0.052
59510.0	32751.887	33259.560	1.550	-134711.812	-135212.361	0.372	191253.545	191369.837	0.061
59510.1	-53175.952	-53205.127	0.055	-128004.008	-128532.297	0.413	191252.838	191270.666	0.009
59510.2	-118686.111	-118718.144	0.027	-71956.958	-72507.511	0.765	191252.641	191270.666	0.009
59510.3	-138566.075	-138644.507	0.057	11941.792	11359.479	4.876	191253.001	191270.666	0.009
59510.4	-105152.039	-105332.678	0.172	91371.134	90864.536	0.554	191204.588	191270.666	0.035
59510.5	-31348.814	-31574.088	0.719	135879.231	135478.463	0.295	191205.399	191270.666	0.034
59510.6	54521.721	54308.655	0.391	128330.599	128069.930	0.203	191205.929	191270.666	0.034
59510.7	119371.421	119337.385	0.029	71618.465	71483.744	0.188	191205.945	191270.666	0.034
59510.8	138366.987	138541.676	0.126	-12441.894	-12551.529	0.881	191172.634	191270.666	0.051
59510.9	104157.959	104547.263	0.374	-91497.868	-91767.133	0.294	191171.733	191270.666	0.052
59511.0	29941.980	30407.681	1.555	-135179.330	-135745.018	0.418	191170.758	191270.666	0.052
59511.1	-55747.567	-55754.605	0.013	-126739.385	-127256.952	0.408	191153.679	191171.510	0.009
59511.2	-120016.447	-120026.731	0.009	-69414.838	-69974.935	0.807	191137.100	191171.510	0.018
59511.3	-138124.474	-138209.718	0.062	14755.065	14176.801	3.919	191137.468	191171.510	0.018
59511.4	-103146.095	-103321.468	0.170	93453.048	92884.778	0.608	191105.451	191171.510	0.035
59511.5	-28494.511	-28758.743	0.927	136379.997	135925.871	0.333	191106.247	191171.510	0.034
59511.6	57032.534	56847.070	0.325	127021.742	126772.704	0.196	191090.385	191171.510	0.042
59511.7	120722.743	120624.140	0.082	69053.194	68940.006	0.164	191090.388	191171.510	0.042
59511.8	137928.875	138082.672	0.112	-15279.197	-15365.007	0.562	191073.463	191171.510	0.051
59511.9	102125.958	102518.752	0.385	-93494.492	-93770.002	0.295	191072.554	191171.510	0.052
59512.0	27093.292	27588.592	1.828	-135647.121	-136168.195	0.384	191055.203	191171.510	0.061
59512.1	-58322.711	-58337.929	0.026	-125433.859	-125953.178	0.414	191054.512	191055.957	0.001
59512.2	-121359.753	-121345.917	0.011	-66838.698	-67399.447	0.839	191037.954	191055.957	0.009
59512.3	-137672.693	-137758.210	0.062	17604.111	17035.040	3.233	191005.563	191055.957	0.026
59512.4	-101098.423	-101272.641	0.172	95460.182	94928.231	0.557	191022.693	191055.957	0.017
59512.5	-25674.003	-25899.328	0.878	136771.786	136369.871	0.294	190990.717	191055.957	0.034
59512.6	59606.015	59419.084	0.314	125700.229	125446.759	0.202	190991.229	191055.957	0.034
59512.7	121928.870	121921.125	0.006	66497.727	66353.267	0.217	190991.222	191055.957	0.034
59512.8	137414.009	137606.597	0.140	-18079.149	-18219.257	0.775	190990.671	191055.957	0.034
59512.9	100061.364	100452.425	0.391	-95546.434	-95795.757	0.261	190956.987	191055.957	0.052
59513.0	24255.974	24725.464	1.936	-136029.864	-136587.585	0.410	190939.644	191055.957	0.061
59513.1	-60897.454	-60859.179	0.063	-124096.083	-124595.011	0.402	190938.969	190940.418	0.001
59513.2	-122587.659	-122582.899	0.004	-64257.606	-64816.582	0.870	190938.806	190940.418	0.001
59513.3	-137165.372	-137235.935	0.051	20440.677	19850.807	2.886	190922.804	190940.418	0.009
59513.4	-99015.804	-99191.658	0.178	97391.617	96895.672	0.509	190890.780	190940.418	0.026
59513.5	-22812.875	-23058.714	1.078	137161.933	136733.507	0.312	190858.799	190940.418	0.043
59513.6	62180.427	61928.559	0.405	124342.492	124066.957	0.222	190875.688	190940.418	0.034
59513.7	123207.580	123135.847	0.058	63881.108	63759.858	0.190	190859.276	190940.418	0.043
59513.8	136904.432	137060.123	0.114	-20943.146	-21030.428	0.417	190875.104	190940.418	0.034
59513.9	97963.767	98354.597	0.399	-97489.298	-97745.228	0.263	190857.809	190940.418	0.043
59514.0	21380.792	21881.827	2.343	-136412.208	-136926.776	0.377	190824.085	190940.418	0.061
59514.1	-63379.918	-63350.225	0.047	-122689.885	-123189.424	0.407	190839.806	190824.869	0.008
59514.2	-123827.050	-123767.538	0.048	-61640.414	-62213.196	0.929	190806.888	190824.869	0.009
59514.3	-136622.455	-136659.277	0.027	23289.972	22652.316	2.738	190790.887	190824.869	0.018
59514.4	-96901.511	-97075.134	0.179	99410.658	98819.551	0.595	190791.634	190824.869	0.017
59514.5	-19952.596	-20215.049	1.315	137498.858	137041.005	0.333	190792.421	190824.869	0.017
59514.6	64662.105	64407.424	0.394	122916.971	122639.997	0.225	190776.524	190824.869	0.025
59514.7	124404.932	124298.051	0.086	61262.067	61146.380	0.189	190760.112	190824.869	0.034
59514.8	136303.586	136459.391	0.114	-23738.143	-23826.874	0.374	190759.534	190824.869	0.034
59514.9	95830.876	96221.604	0.408	-99486.534	-99650.832	0.165	190725.854	190824.869	0.052
59515.0	18525.777	19035.623	2.752	-136714.347	-137209.804	0.362	190708.528	190824.869	0.061
59515.1	-65893.769	-65871.455	0.034	-121256.937	-121760.781	0.416	190724.253	190725.703	0.001
59515.2	-124980.910	-124962.981	0.014	-59008.156	-59573.398	0.958	190691.335	190725.703	0.018
59515.3	-135990.832	-136069.894	0.058	26068.368	25489.612	2.220	190675.351	190725.703	0.026
59515.4	-94752.134	-94927.243	0.185	101320.223	100764.850	0.548	190659.715	190725.703	0.035
59515.5	-17089.339	-17333.420	1.428	137779.283	137347.330	0.314	190676.877	190725.703	0.026
59515.6	67143.747	66916.273	0.339	121454.658	121189.722	0.218	190644.581	190725.703	0.043
59515.7	125516.327	125470.745	0.036	58627.729	58496.398	0.224	190628.150	190725.703	0.051
59515.8	135669.389	135845.627	0.130	-26543.004	-26658.996	0.437	190594.807	190725.703	0.069
59515.9	93668.598	94057.061	0.415	-101341.042	-101577.584	0.233	190593.899	190725.703	0.069
59516.0	15666.813	16151.466	3.094	-136958.643	-137491.333	0.389	190609.340	190725.703	0.061
59516.1	-68375.208	-68298.767	0.112	-119779.811	-120265.229	0.405	190608.692	190593.759	0.008
59516.2	-126084.937	-126043.117	0.033	-56366.178	-56934.871	1.009	190575.793	190593.759	0.009
59516.3	-135326.014	-135388.092	0.046	28856.532	28257.945	2.074	190576.192	190593.759	0.009
59516.4	-92574.979	-92745.309	0.184	103152.680	102599.974	0.536	190544.176	190593.759	0.026
59516.5	-14204.121	-14489.196	2.007	138029.152	137544.575	0.351	190512.171	190593.759	0.043
59516.6	69591.843	69330.632	0.375	119951.289	119673.349	0.232	190529.021	190593.759	0.034
59516.7	126606.790	126528.147	0.062	55967.996	55848.678	0.213	190512.572	190593.759	0.043
59516.8	135002.360	135140.040	0.102	-29356.788	-29421.362	0.220	190512.000	190593.759	0.043
59516.9	91469.686	91859.424	0.426	-103183.290	-103393.874	0.204	190511.082	190593.759	0.043
59517.0	12788.067	13305.650	4.047	-137173.387	-137664.108	0.358	190477.374	190593.759	0.061
59517.1	-70856.217	-70756.031	0.141	-118264.126	-118743.946	0.406	190493.120	190461.806	0.016
59517.2	-127165.758	-127132.295	0.026	-53692.419	-54257.906	1.053	190443.850	190461.806	0.009
59517.3	-134643.518	-134690.949	0.035	31682.902	31062.662	1.958	190427.872	190461.806	0.018
59517.4	-90359.932	-90529.541	0.188	105005.628	104455.459	0.524	190428.622	190461.806	0.017
59517.5	-11340.695	-11605.638	2.336	138198.737	137738.339	0.333	190429.380	190461.806	0.017
59517.6	72006.904	71774.721	0.322	118403.748	118130.987	0.230	190397.071	190461.806	0.034
59517.7	127647.268	127594.261	0.042	53299.735	53162.444	0.258	190397.005	190461.806	0.034
59517.8	134280.527	134418.800	0.103	-32154.178	-32219.979	0.205	190396.412	190461.806	0.034
59517.9	89243.513	89627.780	0.431	-104980.264	-105230.233	0.238	190395.499	190461.806	0.035
59518.0	9913.080	10420.532	5.119	-137334.827	-137833.063	0.363	190345.414	190461.806	0.061
59518.1	-73207.462	-73147.282	0.082	-116683.769	-117173.427	0.420	190328.404	190346.238	0.009
59518.2	-128164.362	-128139.124	0.020	-51017.924	-51580.052	1.102	190311.909	190346.238	0.018
59518.3	-133857.981	-133926.744	0.051	34406.870	33819.581	1.707	190312.323	190346.238	0.018
59518.4	-88114.777	-88287.750	0.196	106846.037	106232.811	0.574	190313.073	190346.238	0.017
59518.5	-8482.202	-8747.087	3.123	138316.012	137853.637	0.334	190281.059	190346.238	0.034
59518.6	74388.718	74152.375	0.318	116810.651	116539.959	0.232	190297.882	190346.238	0.025
59518.7	128723.081	128578.021	0.113	50571.950	50476.029	0.190	190248.653	190346.238	0.051
59518.8	133473.049	133630.911	0.118	-34876.380	-34970.223	0.269	190248.054	190346.238	0.052
59518.9	86978.091	87370.784	0.451	-106796.484	-106988.237	0.180	190247.139	190346.238	0.052
59519.0	7039.568	7561.095	7.409	-137440.572	-137923.771	0.352	190246.220	190346.238	0.053
59519.1	-75588.905	-75536.205	0.070	-115073.031	-115567.592	0.430	190212.833	190247.056	0.018
59519.2	-129169.913	-129123.266	0.036	-48301.986	-48875.033	1.186	190196.351	190247.056	0.027
59519.3	-133088.844	-133128.203	0.030	37223.761	36585.081	1.716	190196.770	190247.056	0.026
59519.4	-85840.587	-86013.158	0.201	108575.039	107996.867	0.533	190164.755	190247.056	0.043
59519.5	-5581.939	-5869.867	5.158	138426.822	137938.868	0.352	190165.506	190247.056	0.043
59519.6	76798.833	76527.398	0.353	115193.789	114913.637	0.243	190149.555	190247.056	0.051
59519.7	129654.584	129538.860	0.089	47866.977	47762.646	0.218	190133.075	190247.056	0.060
59519.8	132682.664	132808.614	0.095	-37690.472	-37728.753	0.102	190132.476	190247.056	0.060
59519.9	84689.827	85081.105	0.462	-108534.002	-108732.664	0.183	190115.181	190247.056	0.069
59520.0	4167.141	4683.249	12.385	-137489.530	-137984.252	0.360	190097.878	190247.056	0.078
59520.1	-77967.071	-77922.432	0.057	-113428.230	-113925.688	0.439	190080.890	190082.343	0.001
59520.2	-130121.540	-130083.978	0.029	-45570.510	-46142.458	1.255	190064.419	190082.343	0.009
59520.3	-132217.866	-132294.495	0.058	39936.374	39359.043	1.446	190081.233	190082.343	0.001
59520.4	-83530.726	-83705.167	0.209	110322.943	109747.040	0.522	190049.216	190082.343	0.017
59520.5	-2705.409	-2973.838	9.922	138457.045	137993.203	0.335	190049.964	190082.343	0.017
59520.6	79142.738	78899.416	0.307	113523.724	113251.269	0.240	190017.618	190082.343	0.034
59520.7	130593.500	130476.034	0.090	45124.177	45021.909	0.227	190001.130	190082.343	0.043
59520.8	131774.824	131951.078	0.134	-40370.910	-40495.442	0.308	190000.527	190082.343	0.043
59520.9	82362.745	82758.145	0.480	-110289.692	-110462.922	0.157	189983.233	190082.343	0.052
59521.0	1257.283	1786.860	42.121	-137534.350	-138013.677	0.349	189982.329	190082.343	0.053
59521.1	-80277.130	-80273.575	0.004	-111737.136	-112239.893	0.450	189948.972	189966.798	0.009
59521.2	-131021.590	-130990.482	0.024	-42830.077	-43395.091	1.319	189932.513	189966.798	0.018
59521.3	-131332.442	-131408.272	0.058	42682.873	42113.019	1.335	189949.336	189966.798	0.009
59521.4	-81194.436	-81366.517	0.212	112024.347	111450.125	0.513	189917.318	189966.798	0.026
59521.5	186.496	-80.782	143.316	138458.953	137991.427	0.338	189901.680	189966.798	0.034
59521.6	81450.594	81235.972	0.263	111813.194	111545.315	0.240	189902.088	189966.798	0.034
59521.7	131421.221	131358.875	0.047	42400.266	42266.847	0.315	189869.216	189966.798	0.051
59521.8	130898.932	131041.201	0.109	-43171.436	-43241.693	0.163	189868.606	189966.798	0.052
59521.9	80020.700	80404.934	0.480	-111900.774	-112145.829	0.219	189851.315	189966.798	0.061
59522.0	-1601.811	-1106.074	30.949	-137477.620	-137987.018	0.371	189817.653	189966.798	0.079
59522.1	-82583.011	-82523.717	0.072	-110012.319	-110502.905	0.446	189833.464	189834.902	0.001
59522.2	-131837.966	-131785.216	0.040	-40090.086	-40665.867	1.436	189784.249	189834.902	0.027
59522.3	-130393.582	-130442.427	0.037	45409.551	44786.483	1.372	189768.312	189834.902	0.035
59522.4	-78836.860	-79010.969	0.221	113646.516	113041.243	0.533	189801.836	189834.902	0.017
59522.5	3032.249	2759.961	8.980	138354.931	137889.225	0.337	189753.410	189834.902	0.043
59522.6	83722.153	83471.091	0.300	110061.075	109789.038	0.247	189737.429	189834.902	0.051
59522.7	132223.348	132130.105	0.071	39647.130	39530.888	0.293	189704.550	189834.902	0.069
59522.8	129894.174	130052.397	0.122	-45806.074	-45906.752	0.220	189720.327	189834.902	0.060
59522.9	77636.012	78035.788	0.515	-113561.470	-113716.629	0.137	189686.650	189834.902	0.078
59523.0	-4481.330	-3945.833	11.950	-137386.676	-137860.387	0.345	189685.767	189834.902	0.079
59523.1	-84852.825	-84833.931	0.022	-108243.398	-108742.523	0.461	189685.209	189670.259	0.008
59523.2	-132601.498	-132614.705	0.010	-37340.255	-37882.347	1.452	189668.780	189670.259	0.001
59523.3	-129422.130	-129472.675	0.039	48141.730	47524.295	1.283	189636.465	189670.259	0.018
59523.4	-76440.008	-76614.352	0.228	115285.771	114682.053	0.524	189620.838	189670.259	0.026
59523.5	5910.223	5663.165	4.180	138250.670	137802.978	0.324	189605.187	189670.259	0.034
59523.6	85955.791	85766.079	0.221	108274.008	108008.851	0.245	189605.575	189670.259	0.034
59523.7	133031.740	132935.623	0.072	36856.705	36740.338	0.316	189572.687	189670.259	0.051
59523.8	128885.935	129059.133	0.134	-48504.495	-48636.121	0.271	189555.688	189670.259	0.060
59523.9	75247.502	75625.146	0.502	-115078.300	-115336.765	0.225	189571.179	189670.259	0.052
59524.0	-7324.688	-6848.188	6.505	-137224.420	-137749.172	0.382	189537.536	189670.259	0.070
59524.1	-87116.932	-87073.331	0.050	-106444.158	-106944.513	0.470	189520.600	189554.812	0.018
59524.2	-133371.409	-133364.806	0.005	-34553.366	-35110.146	1.611	189520.570	189554.812	0.018
59524.3	-128387.981	-128445.446	0.045	50820.825	50206.189	1.209	189504.645	189554.812	0.026
59524.4	-74025.589	-74204.238	0.241	116845.472	116243.817	0.515	189505.406	189554.812	0.026
59524.5	8762.001	8530.702	2.640	138065.373	137644.909	0.305	189489.738	189554.812	0.034
59524.6	88216.609	87989.932	0.257	106458.230	106191.646	0.250	189473.744	189554.812	0.043
59524.7	133671.125	133661.853	0.007	34118.762	33961.787	0.460	189457.228	189554.812	0.052
59524.8	127848.712	128008.875	0.125	-51205.738	-51309.081	0.202	189423.849	189554.812	0.069
59524.9	72807.134	73201.689	0.542	-116675.603	-116877.742	0.173	189406.561	189554.812	0.078
59525.0	-10187.301	-9714.259	4.643	-137027.723	-137566.446	0.393	189389.306	189554.812	0.087
59525.1	-89343.326	-89243.678	0.112	-104605.181	-105095.364	0.469	189372.393	189390.208	0.009
59525.2	-134056.772	-134028.982	0.021	-31768.515	-32337.308	1.790	189372.364	189390.208	0.009
59525.3	-127305.637	-127348.413	0.034	53475.778	52837.970	1.193	189323.686	189390.208	0.035
59525.4	-71592.399	-71767.248	0.244	118325.095	117723.964	0.508	189324.447	189390.208	0.035
59525.5	11649.583	11371.868	2.384	137875.421	137405.059	0.341	189325.156	189390.208	0.034
59525.6	90439.767	90144.294	0.327	104600.954	104323.899	0.265	189292.760	189390.208	0.051
59525.7	134429.937	134302.155	0.095	31278.668	31183.340	0.305	189309.005	189390.208	0.043
59525.8	126744.748	126889.248	0.114	-53854.969	-53931.330	0.142	189275.621	189390.208	0.061
59525.9	70363.044	70752.059	0.553	-118128.395	-118336.874	0.176	189241.956	189390.208	0.078
59526.0	-13086.306	-12553.258	4.073	-136825.213	-137302.168	0.349	189273.860	189390.208	0.061
59526.1	-91498.867	-91440.218	0.064	-102723.465	-103219.117	0.483	189207.800	189241.998	0.018
59526.2	-134720.356	-134698.357	0.016	-28965.064	-29527.143	1.941	189240.554	189241.998	0.001
59526.3	-126175.503	-126233.589	0.046	56105.925	55502.977	1.075	189191.879	189241.998	0.026
59526.4	-69125.646	-69296.306	0.247	119788.038	119220.474	0.474	189209.014	189241.998	0.017
59526.5	14504.773	14250.108	1.756	137609.431	137158.426	0.328	189176.956	189241.998	0.034
59526.6	92591.811	92324.615	0.289	102701.215	102428.829	0.265	189160.927	189241.998	0.043
59526.7	135049.367	134947.335	0.076	28478.726	28367.521	0.390	189144.397	189241.998	0.052
59526.8	125602.792	125751.543	0.118	-56510.350	-56586.649	0.135	189127.380	189241.998	0.061
59526.9	67882.979	68268.338	0.568	-119596.971	-119812.076	0.180	189093.726	189241.998	0.078
59527.0	-15949.915	-15429.270	3.264	-136549.366	-137030.789	0.353	189109.260	189241.998	0.070
59527.1	-93615.008	-93630.303	0.016	-100808.766	-101309.961	0.497	189075.977	189093.784	0.009
59527.2	-135358.610	-135343.127	0.011	-26137.208	-26694.190	2.131	189043.206	189093.784	0.027
59527.3	-125024.522	-125085.459	0.049	58770.490	58171.899	1.019	189043.679	189093.784	0.027
59527.4	-66634.876	-66796.147	0.242	121235.763	120700.525	0.441	189044.434	189093.784	0.026
59527.5	17375.983	17142.259	1.345	137310.822	136881.280	0.313	189012.357	189093.784	0.043
59527.6	94703.852	94498.199	0.217	100772.845	100500.907	0.270	188996.332	189093.784	0.052
59527.7	135644.553	135567.716	0.057	25657.061	25529.128	0.499	189012.551	189093.784	0.043
59527.8	124423.990	124580.500	0.126	-59135.036	-59245.597	0.187	188995.539	189093.784	0.052
59527.9	65379.263	65755.541	0.576	-121016.492	-121270.568	0.210	188978.258	189093.784	0.061
59528.0	-18805.107	-18318.930	2.585	-136218.597	-136728.778	0.375	188961.030	189093.784	0.070
59528.1	-95724.404	-95715.671	0.009	-98860.683	-99358.822	0.504	188927.759	188929.180	0.001
59528.2	-135858.538	-135878.550	0.015	-23352.309	-23889.012	2.298	188911.377	188929.180	0.009
59528.3	-123819.953	-123865.339	0.037	61376.152	60753.955	1.014	188879.102	188929.180	0.027
59528.4	-64122.858	-64288.999	0.259	122635.099	122067.972	0.462	188879.848	188929.180	0.026
59528.5	20208.173	19973.714	1.160	136942.276	136509.033	0.316	188864.143	188929.180	0.034
59528.6	96776.865	96566.708	0.217	98802.324	98531.904	0.274	188831.714	188929.180	0.052
59528.7	136159.159	136078.992	0.059	22847.848	22719.448	0.562	188815.158	188929.180	0.060
59528.8	123190.378	123338.218	0.120	-61736.481	-61817.064	0.131	188798.132	188929.180	0.069
59528.9	62853.013	63236.724	0.610	-122386.725	-122616.402	0.188	188813.625	188929.180	0.061
59529.0	-21675.948	-21147.079	2.440	-135854.269	-136332.191	0.352	188780.021	188929.180	0.079
59529.1	-97794.106	-97826.514	0.033	-96874.102	-97376.472	0.519	188763.145	188797.331	0.018
59529.2	-136419.046	-136416.168	0.002	-20496.816	-21043.606	2.668	188746.778	188797.331	0.027
59529.3	-122550.747	-122623.292	0.059	63927.172	63369.808	0.872	188714.503	188797.331	0.044
59529.4	-61584.548	-61744.221	0.259	123984.343	123449.809	0.431	188715.242	188797.331	0.043
59529.5	23056.688	22844.052	0.922	136539.365	136126.241	0.303	188715.914	188797.331	0.043
59529.6	98842.136	98660.423	0.184	96802.445	96531.473	0.280	188716.249	188797.331	0.043
59529.7	136646.947	136592.117	0.040	20014.270	19869.523	0.723	188683.296	188797.331	0.060
59529.8	121905.568	122073.718	0.138	-64277.169	-64422.137	0.226	188682.657	188797.331	0.061
59529.9	60302.533	60680.155	0.626	-123740.624	-123976.300	0.190	188648.999	188797.331	0.079
59530.0	-24454.233	-24014.018	1.800	-135380.808	-135924.726	0.402	188648.172	188797.331	0.079
59530.1	-99855.801	-99831.603	0.024	-94859.552	-95353.985	0.521	188614.925	188632.715	0.009
59530.2	-136923.707	-136844.688	0.058	-17632.513	-18228.076	3.378	188598.561	188632.715	0.018
59530.3	-121263.115	-121310.695	0.039	66510.296	65897.243	0.922	188582.676	188632.715	0.027
59530.4	-59028.779	-59194.533	0.281	125285.199	124718.638	0.452	188567.028	188632.715	0.035
59530.5	25888.204	25651.776	0.913	136090.290	135649.246	0.324	188534.932	188632.715	0.052
59530.6	100866.876	100648.043	0.217	94767.156	94491.814	0.291	188535.246	188632.715	0.052
59530.7	137056.030	136996.405	0.044	17197.652	17050.412	0.856	188502.288	188632.715	0.069
59530.8	120585.153	120739.431	0.128	-66821.093	-66938.189	0.175	188501.641	188632.715	0.070
59530.9	57755.186	58119.648	0.631	-124949.515	-125223.153	0.219	188484.370	188632.715	0.079
59531.0	-27298.691	-26817.535	1.763	-134914.156	-135423.599	0.378	188467.168	188632.715	0.088
59531.1	-101876.802	-101828.372	0.048	-92809.004	-93302.717	0.532	188466.703	188484.489	0.009
59531.2	-137319.477	-137249.529	0.051	-14799.109	-15394.194	4.021	188417.579	188484.489	0.036
59531.3	-119902.936	-119968.153	0.054	69005.436	68425.555	0.840	188401.695	188484.489	0.044
59531.4	-56452.519	-56620.131	0.297	126536.476	125970.533	0.447	188418.817	188484.489	0.035
59531.5	28709.703	28469.490	0.837	135585.826	135144.006	0.326	188370.330	188484.489	0.061
59531.6	102850.575	102627.095	0.217	92697.110	92423.448	0.295	188354.249	188484.489	0.069
59531.7	137464.790	137376.856	0.064	14339.026	14213.153	0.878	188337.668	188484.489	0.078
59531.8	119227.989	119375.193	0.123	-69368.068	-69454.861	0.125	188320.629	188484.489	0.087
59531.9	55163.398	55534.574	0.673	-126203.744	-126452.858	0.197	188336.139	188484.489	0.079
59532.0	-30155.434	-29630.800	1.740	-134415.949	-134894.144	0.356	188302.559	188484.489	0.097
59532.1	-103823.848	-103751.132	0.070	-90720.774	-91216.768	0.547	188285.725	188319.888	0.018
59532.2	-137638.558	-137574.136	0.047	-11986.384	-12575.893	4.918	188253.002	188319.888	0.036
59532.3	-118523.481	-118569.962	0.039	71532.157	70894.007	0.892	188253.502	188319.888	0.035
59532.4	-53848.887	-54036.033	0.348	127769.856	127141.273	0.492	188237.858	188319.888	0.044
59532.5	31542.846	31247.225	0.937	135050.622	134567.481	0.358	188222.130	188319.888	0.052
59532.6	104759.976	104531.843	0.218	90592.802	90321.038	0.300	188222.419	188319.888	0.052
59532.7	137819.266	137677.212	0.103	11476.528	11392.163	0.735	188205.832	188319.888	0.061
59532.8	117808.169	117955.822	0.125	-71822.521	-71911.196	0.123	188172.408	188319.888	0.078
59532.9	52539.573	52940.503	0.763	-127438.148	-127601.329	0.128	188155.151	188319.888	0.088
59533.0	-32945.088	-32403.474	1.644	-133827.514	-134293.749	0.348	188137.970	188319.888	0.097
59533.1	-105761.864	-105730.465	0.030	-88603.306	-89098.283	0.559	188104.766	188171.688	0.036
59533.2	-137930.288	-137925.286	0.004	-9151.100	-9697.972	5.976	188121.203	188171.688	0.027
59533.3	-117108.478	-117158.090	0.042	74061.028	73426.270	0.857	188088.937	188171.688	0.044
59533.4	-51235.814	-51403.286	0.327	128921.848	128355.512	0.439	188073.298	188171.688	0.052
59533.5	34391.382	34089.898	0.877	134478.784	133997.441	0.358	188057.555	188171.688	0.061
59533.6	106725.715	106492.881	0.218	88459.621	88185.608	0.310	188041.463	188171.688	0.069
59533.7	138095.807	138003.596	0.067	8634.118	8511.329	1.422	188024.865	188171.688	0.078
59533.8	116374.205	116522.223	0.127	-74340.612	-74431.221	0.122	188007.823	188171.688	0.087
59533.9	49908.083	50297.409	0.780	-128591.170	-128792.880	0.157	187990.568	188171.688	0.096
59534.0	-35719.721	-35241.139	1.340	-133187.949	-133699.280	0.384	187957.016	188171.688	0.114
59534.1	-107657.704	-107700.365	0.040	-86450.128	-86944.440	0.572	187956.590	187957.972	0.001
59534.2	-138221.142	-138247.982	0.019	-6274.819	-6797.038	8.322	187940.273	187957.972	0.009
59534.3	-115642.019	-115709.670	0.059	76527.885	75960.362	0.742	187908.020	187957.972	0.027
59534.4	-48597.940	-48739.929	0.292	130055.972	129549.696	0.389	187908.763	187957.972	0.026
59534.5	37140.249	36945.488	0.524	133805.076	133393.161	0.308	187876.631	187957.972	0.043
59534.6	108616.339	108444.184	0.158	86292.735	86014.902	0.322	187876.910	187957.972	0.043
59534.7	138369.639	138301.330	0.049	5748.872	5607.727	2.455	187860.302	187957.972	0.052
59534.8	114880.064	115052.061	0.150	-76764.665	-76952.762	0.245	187843.267	187957.972	0.061
59534.9	47271.421	47623.879	0.746	-129663.239	-129964.112	0.232	187842.396	187957.972	0.062
59535.0	-38531.722	-38091.426	1.143	-132535.947	-133070.461	0.403	187792.474	187957.972	0.088
59535.1	-109543.682	-109463.865	0.073	-84265.061	-84763.351	0.591	187792.057	187793.431	0.001
59535.2	-138458.863	-138387.853	0.051	-3397.828	-3995.696	17.596	187759.371	187793.431	0.018
59535.3	-114124.336	-114172.203	0.042	78932.314	78306.268	0.793	187759.894	187793.431	0.018
59535.4	-45926.834	-46115.496	0.411	131168.834	130539.360	0.480	187744.245	187793.431	0.026
59535.5	39901.058	39649.128	0.631	133098.079	132646.561	0.339	187712.108	187793.431	0.043
59535.6	110464.153	110188.859	0.249	84093.212	83818.726	0.326	187712.380	187793.431	0.043
59535.7	138540.286	138417.101	0.089	2905.897	2805.286	3.462	187679.382	187793.431	0.061
59535.8	113356.259	113494.474	0.122	-79221.865	-79285.358	0.080	187645.954	187793.431	0.079
59535.9	44599.073	44991.032	0.879	-130747.494	-130931.167	0.140	187645.098	187793.431	0.079
59536.0	-41299.758	-40788.544	1.238	-131815.629	-132300.635	0.368	187627.952	187793.431	0.088
59536.1	-111353.936	-111348.042	0.005	-82050.794	-82544.745	0.602	187594.777	187628.909	0.018
59536.2	-138591.531	-138603.127	0.008	-560.827	-1092.940	94.880	187578.485	187628.909	0.027
59536.3	-112578.881	-112635.910	0.051	81369.373	80778.543	0.726	187579.017	187628.909	0.027
59536.4	-43275.437	-43417.560	0.328	132139.651	131631.823	0.384	187563.364	187628.909	0.035
59536.5	42670.524	42472.726	0.464	132361.947	131939.716	0.319	187547.614	187628.909	0.043
59536.6	112236.000	112053.884	0.162	81863.945	81583.996	0.342	187531.483	187628.909	0.052
59536.7	138655.321	138607.400	0.035	60.434	-99.214	264.169	187514.860	187628.909	0.061
59536.8	111783.691	111936.974	0.137	-81614.965	-81744.327	0.159	187514.207	187628.909	0.061
59536.9	41927.904	42283.799	0.849	-131717.251	-132000.385	0.215	187464.193	187628.909	0.088
59537.0	-44023.237	-43605.958	0.948	-131027.124	-131569.532	0.414	187463.449	187628.909	0.088
59537.1	-113120.890	-113057.991	0.056	-79807.323	-80303.975	0.622	187446.675	187448.028	0.001
59537.2	-138747.921	-138664.566	0.060	2336.777	1725.073	26.177	187414.005	187448.028	0.018
59537.3	-110975.757	-111025.247	0.045	83710.881	83091.710	0.740	187414.543	187448.028	0.018
59537.4	-40587.006	-40753.274	0.410	133121.737	132551.908	0.428	187366.121	187448.028	0.044
59537.5	45426.335	45167.574	0.570	131569.923	131113.416	0.347	187383.123	187448.028	0.035
59537.6	114029.726	113744.497	0.250	79601.677	79328.602	0.343	187334.223	187448.028	0.061
59537.7	138771.172	138644.600	0.091	-2821.355	-2917.652	3.413	187333.979	187448.028	0.061
59537.8	110160.994	110306.475	0.132	-83943.941	-84043.555	0.119	187316.936	187448.028	0.070
59537.9	39237.099	39611.699	0.955	-132669.473	-132897.521	0.172	187316.088	187448.028	0.070
59538.0	-46785.708	-46293.599	1.052	-130221.279	-130720.084	0.383	187282.575	187448.028	0.088
59538.1	-114843.876	-114822.176	0.019	-77531.577	-78026.316	0.638	187265.813	187283.544	0.009
59538.2	-138753.621	-138748.094	0.004	5145.504	4604.848	10.507	187249.549	187283.544	0.018
59538.3	-109338.696	-109396.044	0.052	86051.800	85467.794	0.679	187233.701	187283.544	0.027
59538.4	-37870.291	-38036.938	0.440	134082.847	133511.908	0.426	187201.657	187283.544	0.044
59538.5	48162.171	47927.995	0.486	130731.115	130288.700	0.338	187202.269	187283.544	0.043
59538.6	115681.463	115489.027	0.166	77317.552	77035.854	0.364	187169.742	187283.544	0.061
59538.7	138783.957	138703.356	0.058	-5658.862	-5798.039	2.459	187169.495	187283.544	0.061
59538.8	108506.198	108656.896	0.139	-86271.427	-86405.539	0.155	187152.451	187283.544	0.070
59538.9	36488.263	36887.206	1.093	-133658.811	-133834.122	0.131	187135.213	187283.544	0.079
59539.0	-49527.198	-49046.825	0.970	-129369.782	-129871.656	0.388	187118.104	187283.544	0.088
59539.1	-116523.235	-116509.843	0.011	-75232.478	-75725.477	0.655	187084.972	187102.694	0.009
59539.2	-138805.129	-138756.137	0.035	8038.302	7458.270	7.216	187035.949	187102.694	0.036
59539.3	-107668.655	-107721.375	0.049	88391.466	87778.111	0.694	187069.253	187102.694	0.018
59539.4	-35155.467	-35322.615	0.475	134964.179	134391.980	0.424	187037.211	187102.694	0.035
59539.5	50934.415	50639.699	0.579	129878.373	129400.589	0.368	187021.432	187102.694	0.043
59539.6	117354.093	117156.843	0.168	74998.856	74720.584	0.371	187021.653	187102.694	0.043
59539.7	138789.797	138686.857	0.074	-8540.381	-8651.425	1.300	186988.624	187102.694	0.061
59539.8	106820.846	106962.418	0.133	-88630.177	-88701.367	0.080	186971.579	187102.694	0.070
59539.9	33781.511	34165.413	1.136	-134478.113	-134690.816	0.158	186921.585	187102.694	0.097
59540.0	-52281.710	-51750.790	1.015	-128478.505	-128960.254	0.375	186920.856	187102.694	0.097
59540.1	-118222.686	-118152.735	0.059	-72892.654	-73393.786	0.687	186904.127	186938.227	0.018
59540.2	-138775.519	-138709.825	0.047	10910.469	10310.240	5.501	186887.879	186938.227	0.027
59540.3	-105944.340	-106003.642	0.056	90633.484	90055.230	0.638	186888.425	186938.227	0.027
59540.4	-32427.192	-32593.054	0.511	135794.355	135219.856	0.423	186872.768	186938.227	0.035
59540.5	53631.921	53332.961	0.557	128941.197	128461.324	0.372	186840.592	186938.227	0.052
59540.6	119014.662	118779.619	0.197	72649.488	72374.849	0.378	186840.802	186938.227	0.052
59540.7	138744.639	138616.017	0.093	-11416.201	-11502.891	0.759	186791.381	186938.227	0.079
59540.8	105077.083	105225.163	0.141	-90858.135	-90963.628	0.116	186757.945	186938.227	0.097
59540.9	31050.527	31428.834	1.218	-135276.835	-135495.184	0.161	186740.731	186938.227	0.106
59541.0	-54983.470	-54435.874	0.996	-127529.745	-127997.860	0.367	186740.019	186938.227	0.106
59541.1	-119844.990	-119816.131	0.024	-70531.419	-71029.118	0.706	186723.294	186757.386	0.018
59541.2	-138698.152	-138660.651	0.027	13773.544	13200.935	4.157	186723.442	186757.386	0.018
59541.3	-104203.201	-104260.781	0.055	92970.348	92361.953	0.654	186691.214	186757.386	0.035
59541.4	-29641.044	-29825.749	0.623	136660.526	136056.847	0.442	186675.552	186757.386	0.044
59541.5	56309.287	56062.092	0.439	127955.117	127507.187	0.350	186659.751	186757.386	0.052
59541.6	120662.967	120422.615	0.199	70270.603	69995.962	0.391	186643.575	186757.386	0.061
59541.7	138625.396	138541.982	0.060	-14262.607	-14393.056	0.915	186626.910	186757.386	0.070
59541.8	103310.967	103462.527	0.147	-93114.935	-93255.275	0.151	186593.479	186757.386	0.088
59541.9	28274.434	28654.431	1.344	-136080.754	-136308.343	0.167	186576.251	186757.386	0.097
59542.0	-57636.917	-57156.697	0.833	-126514.737	-127020.285	0.400	186591.941	186757.386	0.089
59542.1	-121486.961	-121369.263	0.097	-68133.897	-68645.387	0.751	186542.458	186560.161	0.009
59542.2	-138564.830	-138511.151	0.039	16635.554	16042.070	3.568	186526.227	186560.161	0.018
59542.3	-102407.104	-102466.056	0.058	95142.277	94569.521	0.602	186526.782	186560.161	0.018
59542.4	-26902.172	-27074.956	0.642	137358.206	136783.163	0.419	186494.721	186560.161	0.035
59542.5	58993.182	58712.674	0.475	126938.949	126473.353	0.367	186478.916	186560.161	0.044
59542.6	122232.896	121955.187	0.227	67866.049	67598.960	0.394	186446.339	186560.161	0.061
59542.7	138475.138	138368.051	0.077	-17128.700	-17232.800	0.608	186462.435	186560.161	0.052
59542.8	101503.146	101648.881	0.144	-95370.157	-95447.326	0.081	186412.613	186560.161	0.079
59542.9	25507.993	25897.493	1.527	-136806.838	-137010.973	0.149	186395.402	186560.161	0.088
59543.0	-60298.241	-59798.289	0.829	-125466.281	-125963.692	0.396	186378.324	186560.161	0.098
59543.1	-122921.852	-122973.995	0.042	-65737.310	-66220.378	0.735	186361.628	186362.936	0.001
59543.2	-138358.716	-138379.025	0.015	19466.209	18946.958	2.667	186329.017	186362.936	0.018
59543.3	-100585.096	-100647.807	0.062	97409.666	96838.840	0.586	186329.571	186362.936	0.018
59543.4	-24108.800	-24268.774	0.664	138092.492	137545.514	0.396	186330.275	186362.936	0.018
59543.5	61656.855	61429.241	0.369	125872.058	125436.001	0.346	186281.689	186362.936	0.044
59543.6	123692.379	123539.003	0.124	65446.312	65160.239	0.437	186265.485	186362.936	0.052
59543.7	138249.324	138210.946	0.028	-19965.576	-20136.444	0.856	186232.417	186362.936	0.070
59543.8	99652.209	99811.181	0.160	-97524.033	-97700.921	0.181	186231.752	186362.936	0.070
59543.9	22726.898	23084.858	1.575	-137478.957	-137749.160	0.197	186198.157	186362.936	0.088
59544.0	-62965.737	-62505.834	0.730	-124386.893	-124903.013	0.415	186181.096	186362.936	0.098
59544.1	-124407.465	-124435.359	0.022	-63296.953	-63783.267	0.768	186180.788	186182.088	0.001
59544.2	-138148.326	-138123.927	0.018	22335.588	21777.155	2.500	186148.199	186182.088	0.018
59544.3	-98717.789	-98774.202	0.057	99576.088	98975.355	0.603	186148.746	186182.088	0.018
59544.4	-21307.293	-21496.109	0.886	138776.317	138167.945	0.438	186116.683	186182.088	0.035
59544.5	64267.948	64036.288	0.360	124744.879	124305.340	0.352	186100.847	186182.088	0.044
59544.6	125170.971	124979.351	0.153	62993.598	62710.650	0.449	186068.252	186182.088	0.061
59544.7	138021.608	137931.515	0.065	-22838.373	-22964.343	0.552	186051.569	186182.088	0.070
59544.8	97770.639	97919.270	0.152	-99706.790	-99821.243	0.115	186050.893	186182.088	0.071
59544.9	19957.209	20306.942	1.752	-138073.417	-138347.721	0.199	186050.076	186182.088	0.071
59545.0	-65580.551	-65103.060	0.728	-123246.921	-123749.971	0.408	186000.258	186182.088	0.098
59545.1	-125944.544	-125882.932	0.049	-60818.758	-61316.822	0.819	185983.582	186001.242	0.009
59545.2	-137859.758	-137840.402	0.014	25177.590	24622.930	2.203	185967.367	186001.242	0.018
59545.3	-96816.010	-96868.450	0.054	101705.915	101107.708	0.588	185951.548	186001.242	0.027
59545.4	-18529.539	-18699.921	0.920	139352.010	138768.073	0.419	185952.246	186001.242	0.026
59545.5	66883.437	66649.202	0.350	123589.586	123142.799	0.362	185903.636	186001.242	0.053
59545.6	126634.999	126405.657	0.181	60508.406	60231.845	0.457	185887.407	186001.242	0.061
59545.7	137673.957	137623.524	0.037	-25632.666	-25807.574	0.682	185854.333	186001.242	0.079
59545.8	95851.734	95995.248	0.150	-101852.761	-101937.126	0.083	185853.653	186001.242	0.079
59545.9	17162.552	17505.696	1.999	-138644.574	-138923.777	0.201	185852.845	186001.242	0.080
59546.0	-68173.006	-67705.879	0.685	-122057.601	-122565.000	0.416	185819.416	186001.242	0.098
59546.1	-127337.684	-127252.721	0.067	-58330.497	-58836.879	0.868	185802.754	185820.408	0.010
59546.2	-137522.030	-137486.076	0.026	28009.384	27433.782	2.055	185770.168	185820.408	0.027
59546.3	-94874.325	-94926.066	0.055	103799.301	103170.129	0.606	185754.350	185820.408	0.036
59546.4	-15741.982	-15915.337	1.101	139875.306	139290.113	0.418	185755.045	185820.408	0.035
59546.5	69507.502	69206.733	0.433	122395.737	121923.999	0.385	185722.806	185820.408	0.053
59546.6	128020.476	127754.066	0.208	58007.183	57740.213	0.460	185706.571	185820.408	0.061
59546.7	137337.932	137245.035	0.068	-28493.739	-28615.274	0.427	185657.103	185820.408	0.088
59546.8	93891.630	94035.197	0.153	-103928.919	-103982.764	0.052	185656.426	185820.408	0.088
59546.9	14345.779	14716.725	2.586	-139193.631	-139421.847	0.164	185655.632	185820.408	0.089
59547.0	-70830.174	-70252.832	0.815	-120864.109	-121324.248	0.381	185622.213	185820.408	0.107
59547.1	-128653.529	-128639.930	0.011	-55832.264	-56320.287	0.874	185605.566	185623.204	0.010
59547.2	-137154.978	-137124.231	0.022	30856.696	30284.511	1.854	185572.984	185623.204	0.027
59547.3	-92899.521	-92954.112	0.059	105855.145	105260.341	0.562	185573.554	185623.204	0.027
59547.4	-12915.763	-13090.486	1.353	140404.766	139817.186	0.418	185557.863	185623.204	0.035
59547.5	72044.663	71799.764	0.340	121135.437	120685.542	0.371	185525.619	185623.204	0.053
59547.6	129328.077	129119.578	0.161	55494.422	55211.782	0.509	185509.374	185623.204	0.061
59547.7	136955.186	136858.684	0.070	-31341.597	-31462.786	0.387	185492.671	185623.204	0.070
59547.8	91902.774	92045.338	0.155	-105999.620	-106055.938	0.053	185442.838	185623.204	0.097
59547.9	11501.083	11887.445	3.359	-139716.507	-139924.604	0.149	185458.431	185623.204	0.089
59548.0	-73372.377	-72835.115	0.732	-119585.546	-120063.534	0.400	185408.644	185623.204	0.116
59548.1	-130048.713	-129980.192	0.053	-53276.364	-53781.407	0.948	185408.390	185426.021	0.010
59548.2	-136741.734	-136711.322	0.022	33690.502	33125.588	1.677	185392.219	185426.021	0.018
59548.3	-90891.995	-90946.585	0.060	107905.919	107312.668	0.550	185376.399	185426.021	0.027
59548.4	-10081.240	-10259.212	1.765	140881.636	140292.689	0.418	185377.086	185426.021	0.026
59548.5	74647.960	74367.602	0.376	119866.455	119401.633	0.388	185344.840	185426.021	0.044
59548.6	130651.815	130437.954	0.164	52942.460	52661.468	0.531	185312.198	185426.021	0.061
59548.7	136499.525	136421.355	0.057	-34155.039	-34300.206	0.425	185295.493	185426.021	0.070
59548.8	89874.509	90020.234	0.162	-108032.323	-108090.923	0.054	185278.424	185426.021	0.080
59548.9	8671.222	9052.187	4.393	-140162.172	-140375.739	0.152	185244.880	185426.021	0.098
59549.0	-75888.572	-75391.815	0.655	-118262.951	-118757.586	0.418	185211.487	185426.021	0.116
59549.1	-131302.695	-131241.765	0.046	-50727.838	-51230.041	0.990	185211.253	185228.866	0.010
59549.2	-136273.146	-136227.475	0.034	36517.805	35930.393	1.609	185211.468	185228.866	0.009
59549.3	-88853.737	-88903.111	0.056	109918.380	109293.892	0.568	185179.282	185228.866	0.027
59549.4	-7261.210	-7440.786	2.473	141281.124	140689.561	0.419	185163.576	185228.866	0.035
59549.5	77133.409	76878.731	0.330	118518.375	118061.758	0.385	185131.324	185228.866	0.053
59549.6	131928.778	131677.536	0.190	50371.297	50099.346	0.540	185115.058	185228.866	0.061
59549.7	136032.335	135913.401	0.087	-37010.173	-37100.745	0.245	185098.343	185228.866	0.071
59549.8	87817.114	87959.794	0.162	-109993.338	-110054.498	0.056	185097.673	185228.866	0.071
59549.9	5875.217	6230.451	6.046	-140503.616	-140748.355	0.174	185064.137	185228.866	0.089
59550.0	-78407.731	-77891.327	0.659	-116911.534	-117396.163	0.415	185030.755	185228.866	0.107
59550.1	-132541.094	-132487.646	0.040	-48150.342	-48649.631	1.037	185014.148	185015.360	0.001
59550.2	-135757.557	-135713.836	0.032	39331.367	38749.420	1.480	184997.995	185015.360	0.009
59550.3	-86775.752	-86827.186	0.059	111925.236	111269.056	0.586	184982.186	185015.360	0.018
59550.4	-4438.879	-4599.709	3.623	141631.072	141062.417	0.402	184966.486	185015.360	0.026
59550.5	79623.515	79394.012	0.288	117136.524	116689.133	0.382	184950.605	185015.360	0.035
59550.6	133158.248	132901.177	0.193	47779.737	47508.315	0.568	184934.335	185015.360	0.044
59550.7	135476.466	135375.536	0.075	-39800.429	-39915.250	0.288	184901.229	185015.360	0.062
59550.8	85727.396	85866.958	0.163	-111948.109	-112011.734	0.057	184884.181	185015.360	0.071
59550.9	3014.511	3386.273	12.332	-140871.344	-141096.761	0.160	184867.027	185015.360	0.080
59551.0	-80900.769	-80394.709	0.626	-115514.300	-116001.955	0.422	184833.667	185015.360	0.098
59551.1	-133762.616	-133687.206	0.056	-45541.120	-46053.225	1.124	184817.070	184834.663	0.010
59551.2	-135190.408	-135153.347	0.027	42134.245	41554.079	1.377	184784.547	184834.663	0.027
59551.3	-84665.324	-84721.869	0.067	113860.211	113205.007	0.575	184785.124	184834.663	0.027
59551.4	-1594.062	-1757.988	10.284	141956.945	141386.273	0.402	184753.043	184834.663	0.044
59551.5	82148.051	81880.944	0.325	115733.855	115276.535	0.395	184737.151	184834.663	0.053
59551.6	134340.084	134078.361	0.195	45168.703	44901.689	0.591	184720.872	184834.663	0.062
59551.7	134890.524	134790.944	0.074	-42604.291	-42714.985	0.260	184704.144	184834.663	0.071
59551.8	83602.868	83745.068	0.170	-113830.688	-113929.505	0.087	184687.100	184834.663	0.080
59551.9	133.353	541.871	306.344	-141215.799	-141396.163	0.128	184637.183	184834.663	0.107
59552.0	-83365.164	-82869.400	0.595	-114077.613	-114568.020	0.430	184636.612	184834.663	0.107
59552.1	-134876.079	-134869.539	0.005	-42938.936	-43425.276	1.133	184620.029	184637.601	0.010
59552.2	-134559.837	-134560.353	0.000	44894.091	44374.076	1.158	184587.519	184637.601	0.027
59552.3	-82529.001	-82581.252	0.063	115723.078	115134.200	0.509	184571.713	184637.601	0.036
59552.4	1254.081	1108.275	11.627	142231.677	141683.870	0.385	184572.387	184637.601	0.035
59552.5	84613.447	84372.235	0.285	114279.275	113828.262	0.395	184556.487	184637.601	0.044
59552.6	135475.443	135238.048	0.175	42542.774	42263.668	0.656	184523.819	184637.601	0.062
59552.7	134258.284	134173.718	0.063	-45392.686	-45529.778	0.302	184507.084	184637.601	0.071
59552.8	81449.501	81587.938	0.170	-115739.042	-115840.216	0.087	184490.042	184637.601	0.080
59552.9	-2688.999	-2326.846	13.468	-141432.300	-141669.097	0.167	184472.900	184637.601	0.089
59553.0	-85801.644	-85348.142	0.529	-112598.221	-113098.372	0.444	184423.186	184637.601	0.116
59553.1	-136034.776	-135942.736	0.068	-40286.368	-40802.220	1.280	184406.615	184440.558	0.018
59553.2	-133917.759	-133882.059	0.027	47694.329	47125.820	1.192	184406.880	184440.558	0.018
59553.3	-80360.629	-80411.926	0.064	117579.070	116957.987	0.528	184391.078	184440.558	0.027
59553.4	4123.235	3935.633	4.550	142482.505	141879.383	0.423	184358.975	184440.558	0.044
59553.5	87082.274	86771.945	0.356	112791.013	112320.426	0.417	184326.678	184440.558	0.062
59553.6	136562.273	136288.644	0.200	39897.019	39631.478	0.666	184310.383	184440.558	0.071
59553.7	133578.564	133471.781	0.080	-48166.142	-48275.586	0.227	184293.645	184440.558	0.080
59553.8	79264.289	79403.005	0.175	-117541.673	-117645.277	0.088	184292.981	184440.558	0.080
59553.9	-5529.443	-5155.780	6.758	-141626.774	-141840.285	0.151	184259.474	184440.558	0.098
59554.0	-88239.624	-87734.795	0.572	-111091.208	-111569.953	0.431	184226.157	184440.558	0.116
59554.1	-137114.296	-137030.423	0.061	-37626.001	-38141.444	1.370	184209.583	184243.517	0.018
59554.2	-133240.507	-133193.249	0.035	50510.825	49916.578	1.176	184193.466	184243.517	0.027
59554.3	-78159.119	-78211.117	0.067	119394.935	118807.103	0.492	184161.283	184243.517	0.045
59554.4	6953.574	6803.352	2.160	142630.977	142076.813	0.389	184145.560	184243.517	0.053
59554.5	89490.020	89205.397	0.318	111255.069	110790.359	0.418	184146.026	184243.517	0.053
59554.6	137541.487	137353.406	0.137	37261.788	36961.446	0.806	184113.335	184243.517	0.071
59554.7	132850.018	132758.994	0.069	-50925.132	-51060.317	0.265	184096.589	184243.517	0.080
59554.8	77049.513	77186.373	0.178	-119369.454	-119475.396	0.089	184079.539	184243.517	0.089
59554.9	-8395.020	-8025.091	4.407	-141793.169	-142013.043	0.155	184062.416	184243.517	0.098
59555.0	-90682.272	-90154.996	0.581	-109543.734	-110019.013	0.434	184029.106	184243.517	0.117
59555.1	-138117.357	-138040.102	0.056	-34965.992	-35477.128	1.462	184012.557	184030.090	0.010
59555.2	-132464.145	-132439.324	0.019	53228.191	52664.238	1.060	183980.052	184030.090	0.027
59555.3	-75926.554	-75983.087	0.074	121235.979	120583.030	0.539	183980.639	184030.090	0.027
59555.4	9824.543	9649.944	1.777	142780.898	142199.068	0.407	183948.522	184030.090	0.044
59555.5	91836.281	91577.486	0.282	109671.936	109211.998	0.419	183916.216	184030.090	0.062
59555.6	138623.532	138340.132	0.204	34546.380	34288.544	0.746	183916.269	184030.090	0.062
59555.7	132088.478	131981.464	0.081	-53697.872	-53801.390	0.193	183899.517	184030.090	0.071
59555.8	74808.127	74943.151	0.180	-121123.834	-121232.094	0.089	183882.476	184030.090	0.080
59555.9	-11258.444	-10872.630	3.427	-141910.879	-142110.810	0.141	183832.589	184030.090	0.107
59556.0	-92999.149	-92513.423	0.522	-107934.466	-108420.308	0.450	183832.057	184030.090	0.108
59556.1	-139070.997	-139031.973	0.028	-32286.518	-32784.324	1.542	183799.130	183816.654	0.010
59556.2	-131695.036	-131654.224	0.031	56011.483	55424.422	1.048	183766.639	183816.654	0.027
59556.3	-73672.681	-73722.488	0.068	122938.370	122350.710	0.478	183767.227	183816.654	0.027
59556.4	12693.304	12517.993	1.381	142882.301	142295.472	0.411	183735.103	183816.654	0.044
59556.5	94184.584	93951.682	0.247	108056.229	107600.106	0.422	183719.169	183816.654	0.053
59556.6	139538.839	139308.806	0.165	31871.800	31587.308	0.893	183702.831	183816.654	0.062
59556.7	131286.776	131172.654	0.087	-56449.909	-56554.720	0.186	183669.692	183816.654	0.080
59556.8	72530.281	72667.432	0.189	-122869.323	-122980.265	0.090	183652.632	183816.654	0.089
59556.9	-14100.463	-13741.402	2.546	-141952.831	-142182.542	0.162	183651.912	183816.654	0.090
59557.0	-95349.201	-94873.667	0.499	-106301.970	-106788.055	0.457	183618.624	183816.654	0.108
59557.1	-139979.012	-139946.077	0.024	-29597.818	-30090.564	1.665	183585.714	183619.603	0.018
59557.2	-130858.192	-130805.727	0.040	58752.490	58139.561	1.043	183569.603	183619.603	0.027
59557.3	-71387.521	-71437.203	0.070	124632.430	124044.640	0.472	183553.813	183619.603	0.036
59557.4	15540.302	15362.537	1.144	142908.337	142317.740	0.413	183538.068	183619.603	0.044
59557.5	96503.071	96263.207	0.249	106398.235	105942.162	0.429	183522.118	183619.603	0.053
59557.6	140404.733	140199.708	0.146	29179.769	28885.786	1.007	183505.771	183619.603	0.062
59557.7	130384.336	130300.835	0.064	-59102.662	-59262.460	0.270	183489.019	183619.603	0.071
59557.8	70232.476	70367.662	0.192	-124541.195	-124654.477	0.091	183455.574	183619.603	0.089
59557.9	-16917.354	-16586.033	1.958	-141921.783	-142180.344	0.182	183438.476	183619.603	0.099
59558.0	-97700.170	-97170.846	0.542	-104639.051	-105110.291	0.450	183421.588	183619.603	0.108
59558.1	-140897.649	-140811.136	0.061	-26865.648	-27380.788	1.917	183388.681	183406.169	0.010
59558.2	-129950.217	-129908.163	0.032	61414.889	60838.745	0.938	183356.211	183406.169	0.027
59558.3	-69074.150	-69121.673	0.069	126318.128	125696.770	0.492	183356.797	183406.169	0.027
59558.4	18408.146	18206.892	1.093	142908.223	142288.414	0.434	183308.274	183406.169	0.053
59558.5	98822.100	98544.181	0.281	104710.755	104242.641	0.447	183308.701	183406.169	0.053
59558.6	141313.370	141041.428	0.192	26436.690	26168.670	1.014	183292.344	183406.169	0.062
59558.7	129497.788	129380.089	0.091	-61852.974	-61953.824	0.163	183259.195	183406.169	0.080
59558.8	67904.598	68038.008	0.196	-126204.055	-126286.631	0.065	183258.533	183406.169	0.081
59558.9	-19796.008	-19430.030	1.849	-141915.512	-142126.555	0.149	183208.675	183406.169	0.108
59559.0	-99957.116	-99437.118	0.520	-102917.039	-103391.214	0.461	183191.786	183406.169	0.117
59559.1	-141709.905	-141630.470	0.056	-24150.323	-24663.122	2.123	183175.289	183225.529	0.027
59559.2	-129020.237	-128969.005	0.040	64121.082	63517.364	0.942	183159.201	183225.529	0.036
59559.3	-66734.598	-66784.650	0.075	127929.361	127307.777	0.486	183159.792	183225.529	0.036
59559.4	21274.622	21044.384	1.082	142857.278	142213.198	0.451	183127.646	183225.529	0.053
59559.5	101077.778	100792.572	0.282	102977.422	102510.083	0.454	183111.686	183225.529	0.062
59559.6	142085.407	141837.357	0.175	23723.765	23444.057	1.179	183078.941	183225.529	0.080
59559.7	128533.784	128417.926	0.090	-64527.308	-64624.267	0.150	183045.781	183225.529	0.098
59559.8	65550.529	65687.216	0.209	-127825.034	-127877.478	0.041	183045.128	183225.529	0.099
59559.9	-22650.552	-22266.770	1.694	-141834.426	-142026.936	0.136	183028.049	183225.529	0.108
59560.0	-102213.249	-101670.525	0.531	-101169.794	-101639.382	0.464	182994.789	183225.529	0.126
59560.1	-142503.255	-142431.774	0.050	-21407.657	-21919.975	2.393	182978.301	182995.762	0.010
59560.2	-128033.396	-128000.266	0.026	66777.578	66205.949	0.856	182945.841	182995.762	0.027
59560.3	-64358.033	-64417.855	0.093	129563.343	128909.409	0.505	182962.810	182995.762	0.018
59560.4	24063.469	23900.409	0.678	142692.081	142112.864	0.406	182914.295	182995.762	0.045
59560.5	103268.947	103041.139	0.221	101202.589	100746.312	0.451	182898.314	182995.762	0.053
59560.6	142868.757	142615.038	0.178	20971.287	20694.120	1.322	182881.950	182995.762	0.062
59560.7	127528.872	127426.099	0.081	-67180.189	-67304.420	0.185	182832.404	182995.762	0.089
59560.8	63161.514	63306.732	0.230	-129435.544	-129458.693	0.018	182848.129	182995.762	0.081
59560.9	-25477.416	-25121.826	1.396	-141681.434	-141902.042	0.156	182814.682	182995.762	0.099
59561.0	-104437.484	-103903.839	0.511	-99383.500	-99856.337	0.476	182797.818	182995.762	0.108
59561.1	-143248.812	-143182.392	0.046	-18654.009	-19160.293	2.714	182781.343	182766.011	0.008
59561.2	-127029.529	-126980.830	0.038	69474.164	68878.031	0.858	182748.891	182766.011	0.009
59561.3	-61968.520	-62019.819	0.083	131090.835	130467.836	0.475	182733.096	182766.011	0.018
59561.4	26922.151	26756.221	0.616	142542.856	141959.215	0.409	182717.335	182766.011	0.027
59561.5	105492.614	105258.123	0.222	99399.955	98939.586	0.463	182684.967	182766.011	0.044
59561.6	143600.314	143341.892	0.180	18200.818	17928.084	1.498	182668.587	182766.011	0.053
59561.7	126474.375	126383.718	0.072	-69815.668	-69967.635	0.218	182619.044	182766.011	0.080
59561.8	60762.470	60895.381	0.219	-130906.330	-130996.438	0.069	182602.004	182766.011	0.090
59561.9	-28350.344	-27976.212	1.320	-141521.124	-141723.836	0.143	182617.717	182766.011	0.081
59562.0	-106564.300	-106105.201	0.431	-97550.344	-98030.610	0.492	182584.490	182766.011	0.099
59562.1	-143917.866	-143885.934	0.022	-15905.893	-16392.053	3.056	182568.032	182585.448	0.010
59562.2	-125960.482	-125918.314	0.033	72124.413	71529.292	0.825	182551.958	182585.448	0.018
59562.3	-59553.555	-59599.242	0.077	132575.854	131984.059	0.446	182519.793	182585.448	0.036
59562.4	29753.113	29605.381	0.497	142321.082	141758.184	0.396	182504.021	182585.448	0.045
59562.5	107716.455	107441.814	0.255	97560.798	97098.496	0.474	182471.643	182585.448	0.062
59562.6	144256.096	144021.598	0.163	15438.195	15153.895	1.842	182455.260	182585.448	0.071
59562.7	125405.389	125298.439	0.085	-72489.042	-72609.659	0.166	182438.488	182585.448	0.081
59562.8	58330.554	58461.853	0.225	-132399.404	-132491.785	0.070	182405.065	182585.448	0.099
59562.9	-31167.108	-30823.537	1.102	-141270.144	-141498.307	0.162	182388.023	182585.448	0.108
59563.0	-108722.798	-108272.977	0.414	-95690.925	-96170.806	0.501	182371.191	182585.448	0.117
59563.1	-144566.152	-144512.090	0.037	-13129.470	-13628.749	3.803	182354.744	182388.527	0.019
59563.2	-124824.029	-124796.179	0.022	74692.626	74130.970	0.752	182338.683	182388.527	0.027
59563.3	-57103.139	-57159.705	0.099	134049.346	133425.092	0.466	182306.505	182388.527	0.045
59563.4	32600.396	32425.560	0.536	142075.090	141485.229	0.415	182274.357	182388.527	0.063
59563.5	109809.031	109559.714	0.227	95676.608	95216.365	0.481	182274.738	182388.527	0.062
59563.6	144866.397	144623.965	0.167	12670.840	12385.308	2.253	182258.355	182388.527	0.071
59563.7	124259.225	124153.969	0.085	-75084.476	-75201.590	0.156	182241.564	182388.527	0.081
59563.8	55873.336	56010.012	0.245	-133849.169	-133911.783	0.047	182191.768	182388.527	0.108
59563.9	-34054.430	-33641.264	1.213	-141032.252	-141201.106	0.120	182174.728	182388.527	0.117
59564.0	-110880.560	-110374.610	0.456	-93797.324	-94270.528	0.504	182174.299	182388.527	0.118
59564.1	-145165.563	-145146.220	0.013	-10342.581	-10822.503	4.640	182141.478	182158.861	0.010
59564.2	-123669.817	-123655.186	0.012	77299.958	76772.044	0.683	182125.431	182158.861	0.018
59564.3	-54654.225	-54681.719	0.050	135418.295	134886.846	0.392	182109.651	182158.861	0.027
59564.4	35443.942	35289.015	0.437	141777.714	141206.364	0.403	182093.864	182158.861	0.036
59564.5	111900.644	111709.098	0.171	93758.298	93303.961	0.485	182045.082	182158.861	0.062
59564.6	145425.164	145233.934	0.131	9888.950	9573.712	3.188	182028.690	182158.861	0.072
59564.7	123084.895	122990.302	0.077	-77687.249	-77832.753	0.187	182011.900	182158.861	0.081
59564.8	53391.446	53519.546	0.240	-135255.315	-135352.170	0.072	182011.262	182158.861	0.081
59564.9	-36835.057	-36502.214	0.904	-140660.878	-140897.623	0.168	181961.463	182158.861	0.108
59565.0	-112971.724	-112507.466	0.411	-91865.572	-92339.709	0.516	181928.280	182158.861	0.127
59565.1	-145717.110	-145676.018	0.028	-7547.719	-8041.653	6.544	181944.620	181945.603	0.001
59565.2	-122486.567	-122444.855	0.034	79915.231	79331.128	0.731	181912.203	181945.603	0.018
59565.3	-52149.671	-52196.015	0.089	136837.509	136241.500	0.436	181880.026	181945.603	0.036
59565.4	38229.961	38095.605	0.351	141390.232	140836.413	0.392	181864.242	181945.603	0.045
59565.5	114023.164	113758.870	0.232	91813.028	91351.463	0.503	181848.220	181945.603	0.054
59565.6	145990.790	145739.795	0.172	7063.652	6788.408	3.897	181831.810	181945.603	0.063
59565.7	121856.952	121758.005	0.081	-80236.742	-80381.332	0.180	181815.031	181945.603	0.072
59565.8	50895.898	51022.282	0.248	-136586.365	-136685.395	0.073	181781.621	181945.603	0.090
59565.9	-39656.963	-39305.519	0.886	-140285.055	-140503.546	0.156	181797.372	181945.603	0.082
59566.0	-114996.029	-114540.369	0.396	-89893.689	-90369.653	0.529	181731.425	181945.603	0.118
59566.1	-146191.091	-146239.077	0.033	-4759.903	-5197.989	9.204	181731.389	181732.356	0.001
59566.2	-121228.004	-121224.390	0.003	82450.727	81960.563	0.594	181715.362	181732.356	0.009
59566.3	-49641.109	-49660.674	0.039	138150.263	137647.027	0.364	181683.193	181732.356	0.027
59566.4	41056.239	40972.276	0.205	140999.561	140478.323	0.370	181667.407	181732.356	0.036
59566.5	116013.236	115872.255	0.122	89823.547	89367.260	0.508	181651.369	181732.356	0.045
59566.6	146455.134	146278.375	0.121	4269.803	3940.006	7.724	181602.188	181732.356	0.072
59566.7	120591.248	120514.970	0.063	-82796.762	-83000.173	0.246	181601.777	181732.356	0.072
59566.8	48369.562	48474.946	0.218	-137905.214	-138069.064	0.119	181584.762	181732.356	0.081
59566.9	-42472.811	-42179.003	0.692	-139858.608	-140120.728	0.187	181567.750	181732.356	0.091
59567.0	-117018.183	-116636.610	0.326	-87888.945	-88367.346	0.544	181534.581	181732.356	0.109
59567.1	-146674.663	-146646.073	0.019	-1933.685	-2421.924	25.249	181534.565	181535.519	0.001
59567.2	-119943.284	-119917.654	0.021	84992.203	84443.429	0.646	181485.777	181535.519	0.027
59567.3	-47103.798	-47141.979	0.081	139451.427	138883.297	0.407	181469.987	181535.519	0.036
59567.4	43877.736	43735.773	0.324	140556.665	139993.280	0.401	181454.191	181535.519	0.045
59567.5	118033.637	117819.398	0.182	87805.291	87347.156	0.522	181438.144	181535.519	0.054
59567.6	146869.872	146661.479	0.142	1467.172	1160.543	20.899	181405.339	181535.519	0.072
59567.7	119284.991	119186.927	0.082	-85332.719	-85471.708	0.163	181421.308	181535.519	0.063
59567.8	45830.068	45945.712	0.252	-139148.306	-139283.624	0.097	181371.527	181535.519	0.090
59567.9	-45281.893	-44938.226	0.759	-139381.561	-139611.934	0.165	181354.514	181535.519	0.100
59568.0	-119037.652	-118566.306	0.396	-85856.477	-86330.570	0.552	181304.988	181535.519	0.127
59568.1	-147053.752	-147030.027	0.016	865.321	381.801	55.878	181304.977	181355.065	0.028
59568.2	-118598.010	-118576.003	0.019	87482.170	86935.069	0.625	181288.954	181355.065	0.036
59568.3	-44532.824	-44589.905	0.128	140739.184	140106.085	0.450	181273.164	181355.065	0.045
59568.4	46666.189	46518.298	0.317	140043.501	139477.678	0.404	181240.974	181355.065	0.063
59568.5	119985.863	119763.911	0.185	85753.758	85291.150	0.539	181241.314	181355.065	0.063
59568.6	147260.616	147021.305	0.163	-1363.857	-1646.380	20.715	181192.101	181355.065	0.090
59568.7	117924.413	117823.896	0.085	-87814.424	-87951.716	0.156	181208.075	181355.065	0.081
59568.8	43250.492	43383.215	0.307	-140409.741	-140484.417	0.053	181158.292	181355.065	0.109
59568.9	-48050.917	-47716.214	0.697	-138842.844	-139072.419	0.165	181124.915	181355.065	0.127
59569.0	-120988.865	-120493.064	0.410	-83786.312	-84257.915	0.563	181124.545	181355.065	0.127
59569.1	-147386.990	-147369.273	0.012	3666.756	3186.147	13.107	181091.783	181092.704	0.001
59569.2	-117238.739	-117197.862	0.035	90007.937	89400.869	0.674	181059.382	181092.704	0.018
59569.3	-41973.328	-42023.570	0.120	141889.802	141286.495	0.425	181059.973	181092.704	0.018
59569.4	49493.148	49287.379	0.416	139527.808	138919.432	0.436	181011.394	181092.704	0.045
59569.5	121935.083	121672.436	0.215	83667.234	83208.609	0.548	181028.096	181092.704	0.036
59569.6	147580.484	147336.419	0.165	-4175.284	-4453.540	6.664	180995.267	181092.704	0.054
59569.7	116551.618	116424.597	0.109	-90365.540	-90405.572	0.044	180978.456	181092.704	0.063
59569.8	40671.433	40806.822	0.333	-141564.461	-141642.711	0.055	180945.066	181092.704	0.082
59569.9	-50892.283	-50480.391	0.809	-138310.558	-138490.377	0.130	180928.076	181092.704	0.091
59570.0	-122904.004	-122383.606	0.423	-81680.726	-82159.036	0.586	180878.563	181092.704	0.118
59570.1	-147748.629	-147707.998	0.027	6535.165	6041.367	7.556	180894.961	180895.863	0.000
59570.2	-115806.071	-115789.326	0.014	92416.452	91907.469	0.551	180895.343	180895.863	0.000
59570.3	-39376.027	-39408.638	0.083	143059.235	142481.964	0.404	180863.170	180895.863	0.018
59570.4	52261.300	52104.598	0.300	138920.159	138344.721	0.414	180814.568	180895.863	0.045
59570.5	123848.070	123610.156	0.192	81549.319	81084.401	0.570	180798.500	180895.863	0.054
59570.6	147849.565	147650.573	0.135	-6994.793	-7311.569	4.529	180814.810	180895.863	0.045
59570.7	115086.335	114994.554	0.080	-92736.057	-92899.964	0.177	180765.228	180895.863	0.072
59570.8	38060.484	38181.704	0.318	-142704.849	-142815.645	0.078	180731.836	180895.863	0.091
59570.9	-53615.716	-53292.563	0.603	-137655.514	-137891.456	0.171	180714.862	180895.863	0.100
59571.0	-124782.685	-124302.985	0.384	-79546.203	-80018.241	0.593	180698.128	180895.863	0.109
59571.1	-148010.655	-147950.049	0.041	9367.265	8856.130	5.457	180681.770	180699.043	0.010
59571.2	-114356.913	-114326.513	0.027	94895.340	94324.421	0.602	180665.765	180699.043	0.018
59571.3	-36752.933	-36802.668	0.135	144181.883	143573.018	0.422	180649.970	180699.043	0.027
59571.4	55041.030	54853.056	0.342	138290.417	137690.922	0.434	180634.146	180699.043	0.036
59571.5	125724.274	125445.721	0.222	79394.394	78936.803	0.576	180601.666	180699.043	0.054
59571.6	148097.425	147868.405	0.155	-9836.731	-10128.309	2.964	180568.822	180699.043	0.072
59571.7	113612.649	113511.007	0.089	-95174.006	-95304.245	0.137	180535.624	180699.043	0.091
59571.8	35447.174	35566.447	0.336	-143771.393	-143884.244	0.078	180535.007	180699.043	0.091
59571.9	-56408.889	-56035.296	0.662	-137008.896	-137214.043	0.150	180518.032	180699.043	0.100
59572.0	-126624.601	-126120.010	0.398	-77381.550	-77854.935	0.612	180484.933	180699.043	0.119
59572.1	-148223.975	-148141.430	0.056	12203.802	11677.712	4.311	180468.582	180502.216	0.019
59572.2	-112853.172	-112818.741	0.031	97284.587	96717.029	0.583	180452.589	180502.216	0.028
59572.3	-34112.515	-34174.714	0.182	145260.113	144617.914	0.442	180436.783	180502.216	0.036
59572.4	57785.813	57592.084	0.335	137589.975	136986.876	0.438	180404.568	180502.216	0.054
59572.5	127498.243	127244.061	0.199	77218.861	76754.161	0.602	180388.473	180502.216	0.063
59572.6	148296.256	148035.511	0.176	-12682.880	-12951.432	2.117	180371.994	180502.216	0.072
59572.7	112097.010	111982.713	0.102	-97586.463	-97683.797	0.100	180322.411	180502.216	0.100
59572.8	32788.630	32929.603	0.430	-144852.729	-144906.499	0.037	180305.407	180502.216	0.109
59572.9	-59161.298	-58768.166	0.665	-136299.547	-136486.464	0.137	180304.836	180502.216	0.109
59573.0	-128429.437	-127899.511	0.413	-75187.275	-75656.906	0.625	180288.135	180502.216	0.119
59573.1	-148387.334	-148311.255	0.051	15045.582	14521.307	3.485	180239.015	180272.635	0.019
59573.2	-111313.145	-111280.583	0.029	99680.762	99114.725	0.568	180239.414	180272.635	0.018
59573.3	-31457.356	-31519.209	0.197	146294.595	145649.017	0.441	180223.612	180272.635	0.027
59573.4	60543.897	60345.245	0.328	136863.745	136255.452	0.444	180207.775	180272.635	0.036
59573.5	129300.098	129037.691	0.203	75005.355	74541.070	0.619	180191.666	180272.635	0.045
59573.6	148447.519	148180.873	0.180	-15530.778	-15796.384	1.710	180142.413	180272.635	0.072
59573.7	110530.055	110423.989	0.096	-99941.505	-100068.174	0.127	180125.593	180272.635	0.082
59573.8	30139.563	30265.328	0.417	-145828.958	-145914.724	0.059	180108.600	180272.635	0.091
59573.9	-61846.868	-61514.935	0.537	-135506.773	-135731.388	0.166	180108.036	180272.635	0.091
59574.0	-130196.254	-129674.040	0.401	-72955.871	-73428.470	0.648	180091.338	180272.635	0.101
59574.1	-148530.829	-148459.822	0.048	17906.960	17386.102	2.909	180058.627	180075.844	0.010
59574.2	-109743.575	-109712.757	0.028	102081.634	101517.025	0.553	180026.260	180075.844	0.028
59574.3	-28795.103	-28837.021	0.146	147252.720	146666.361	0.398	180010.454	180075.844	0.036
59574.4	63234.645	63111.860	0.194	136054.699	135497.190	0.410	179961.844	180075.844	0.063
59574.5	131031.433	130826.379	0.156	72763.781	72298.367	0.640	179962.109	180075.844	0.063
59574.6	148525.160	148304.794	0.148	-18359.908	-18662.350	1.647	179962.004	180075.844	0.063
59574.7	108941.806	108835.559	0.098	-102332.521	-102456.900	0.122	179928.801	180075.844	0.082
59574.8	27448.367	27574.489	0.459	-146820.236	-146908.961	0.060	179911.811	180075.844	0.091
59574.9	-64600.801	-64274.926	0.504	-134722.630	-134949.358	0.168	179894.878	180075.844	0.101
59575.0	-131925.509	-131443.372	0.365	-70700.327	-71170.466	0.665	179845.424	180075.844	0.128
59575.1	-148552.892	-148533.178	0.013	20704.731	20233.806	2.274	179845.500	179846.304	0.000
59575.2	-108118.225	-108094.230	0.022	104392.072	103861.203	0.509	179829.516	179846.304	0.009
59575.3	-26120.475	-26148.111	0.106	148167.329	147606.871	0.378	179813.714	179846.304	0.018
59575.4	65995.231	65838.638	0.237	135251.685	134672.884	0.428	179765.092	179846.304	0.045
59575.5	132757.611	132543.967	0.161	70493.631	70025.772	0.664	179765.352	179846.304	0.045
59575.6	148580.553	148353.655	0.153	-21210.447	-21510.580	1.415	179732.472	179846.304	0.063
59575.7	107298.485	107196.930	0.095	-104632.479	-104787.071	0.148	179732.036	179846.304	0.064
59575.8	24768.333	24877.588	0.441	-147706.370	-147826.309	0.081	179682.285	179846.304	0.091
59575.9	-67314.400	-66994.514	0.475	-133872.852	-134101.630	0.171	179681.745	179846.304	0.092
59576.0	-133616.428	-133141.351	0.356	-68414.934	-68883.182	0.684	179648.690	179846.304	0.110
59576.1	-148597.781	-148560.618	0.025	23571.863	23080.071	2.086	179632.393	179649.567	0.010
59576.2	-106455.893	-106439.450	0.015	106674.616	106177.165	0.466	179616.423	179649.567	0.018
59576.3	-23418.564	-23446.531	0.119	149067.396	148503.223	0.378	179617.007	179649.567	0.018
59576.4	68714.187	68549.636	0.239	134384.970	133805.435	0.431	179601.137	179649.567	0.027
59576.5	134477.817	134223.386	0.189	68189.897	67727.614	0.678	179535.857	179649.567	0.063
59576.6	148563.273	148356.613	0.139	-24039.928	-24356.976	1.319	179535.740	179649.567	0.063
59576.7	105612.158	105522.292	0.085	-106871.897	-107088.715	0.203	179502.539	179649.567	0.082
59576.8	22059.389	22168.400	0.494	-148576.707	-148699.391	0.083	179485.560	179649.567	0.091
59576.9	-70040.541	-69697.950	0.489	-132996.075	-133210.896	0.162	179435.883	179649.567	0.119
59577.0	-135268.920	-134800.941	0.346	-66102.512	-66570.664	0.708	179419.226	179649.567	0.128
59577.1	-148548.757	-148490.665	0.039	26392.545	25883.575	1.928	179419.329	179436.478	0.010
59577.2	-104772.833	-104731.171	0.040	109025.907	108401.194	0.573	179386.976	179436.478	0.028
59577.3	-20700.913	-20755.889	0.266	149921.777	149293.771	0.419	179387.564	179436.478	0.027
59577.4	71386.983	71189.460	0.277	133461.931	132858.940	0.452	179355.313	179436.478	0.045
59577.5	136094.074	135798.724	0.217	65864.881	65407.520	0.694	179339.166	179436.478	0.054
59577.6	148546.798	148262.550	0.191	-26913.102	-27159.774	0.917	179306.275	179436.478	0.073
59577.7	103903.436	103794.947	0.104	-109179.914	-109297.969	0.108	179289.454	179436.478	0.082
59577.8	19318.935	19471.057	0.787	-149429.517	-149466.769	0.025	179288.864	179436.478	0.082
59577.9	-72725.458	-72329.536	0.544	-132053.266	-132241.730	0.143	179255.585	179436.478	0.101
59578.0	-136850.586	-136356.266	0.361	-63770.296	-64237.107	0.732	179238.956	179436.478	0.110
59578.1	-148475.626	-148445.393	0.020	29235.576	28753.019	1.651	179222.678	179239.808	0.010
59578.2	-103030.902	-103003.982	0.026	111219.396	110693.046	0.473	179190.341	179239.808	0.028
59578.3	-17966.293	-18010.008	0.243	150729.352	150127.980	0.399	179174.537	179239.808	0.036
59578.4	74076.510	73899.640	0.239	132503.293	131915.177	0.444	179175.041	179239.808	0.036
59578.5	137639.508	137432.519	0.150	63521.653	63048.183	0.745	179126.134	179239.808	0.063
59578.6	148412.937	148192.599	0.148	-29716.056	-30028.723	1.052	179109.620	179239.808	0.073
59578.7	102148.466	102048.110	0.098	-111393.960	-111574.880	0.162	179076.412	179239.808	0.091
59578.8	16585.281	16718.103	0.801	-150210.192	-150277.329	0.045	179075.833	179239.808	0.092
59578.9	-75419.486	-75031.499	0.514	-131088.609	-131274.693	0.142	179042.568	179239.808	0.110
59579.0	-138425.908	-137969.708	0.330	-61408.054	-61863.804	0.742	179025.952	179239.808	0.119
59579.1	-148334.312	-148308.042	0.018	32051.819	31573.098	1.494	179009.685	179010.410	0.000
59579.2	-101267.013	-101231.479	0.035	113481.127	112890.759	0.520	178977.351	179010.410	0.018
59579.3	-15239.767	-15282.977	0.284	151465.647	150859.426	0.400	178961.554	179010.410	0.027
59579.4	76747.683	76534.045	0.278	131504.468	130899.488	0.460	178945.658	179010.410	0.036
59579.5	139209.736	138962.711	0.177	61137.506	60675.373	0.756	178929.499	179010.410	0.045
59579.6	148277.959	148030.999	0.167	-32563.704	-32847.516	0.872	178896.602	179010.410	0.064
59579.7	100365.183	100256.771	0.108	-113643.593	-113757.267	0.100	178863.389	179010.410	0.082
59579.8	13853.194	13984.882	0.951	-150915.866	-150985.294	0.046	178862.823	179010.410	0.083
59579.9	-78070.424	-77657.070	0.529	-130059.724	-130236.383	0.136	178813.181	179010.410	0.110
59580.0	-139993.654	-139479.435	0.367	-59010.621	-59477.922	0.792	178812.962	179010.410	0.110
59580.1	-148237.684	-148145.943	0.062	34959.709	34415.054	1.558	178780.326	178813.799	0.019
59580.2	-99457.390	-99426.090	0.031	115648.639	115091.568	0.482	178764.384	178813.799	0.028
59580.3	-12481.130	-12527.551	0.372	152183.334	151573.998	0.400	178748.576	178813.799	0.036
59580.4	79341.814	79181.451	0.202	130435.984	129853.433	0.447	178732.682	178813.799	0.045
59580.5	140805.995	140485.517	0.228	58721.947	58270.368	0.769	178700.125	178813.799	0.064
59580.6	148097.768	147844.462	0.171	-35407.066	-35687.973	0.793	178699.989	178813.799	0.064
59580.7	98546.900	98432.519	0.116	-115830.203	-115942.466	0.097	178683.167	178813.799	0.073
59580.8	11112.494	11223.411	0.998	-151577.857	-151676.140	0.065	178649.833	178813.799	0.092
59580.9	-80675.030	-80295.381	0.471	-128971.988	-129167.597	0.152	178616.573	178813.799	0.110
59581.0	-141489.626	-140981.499	0.359	-56593.892	-57059.908	0.823	178599.985	178813.799	0.120
59581.1	-148000.582	-147937.414	0.043	37773.035	37253.757	1.375	178583.741	178600.816	0.010
59581.2	-97614.871	-97585.102	0.030	117819.015	117262.392	0.472	178584.182	178600.816	0.009
59581.3	-9712.989	-9761.026	0.495	152856.866	152243.368	0.401	178551.994	178600.816	0.027
59581.4	81979.039	81811.193	0.205	129349.623	128764.317	0.452	178519.706	178600.816	0.045
59581.5	142201.932	141968.680	0.164	56313.137	55840.976	0.838	178487.146	178600.816	0.064
59581.6	147824.230	147611.525	0.144	-38200.983	-38524.777	0.848	178470.604	178600.816	0.073
59581.7	96678.333	96572.928	0.109	-117922.361	-118097.377	0.148	178470.162	178600.816	0.073
59581.8	8322.064	8451.232	1.552	-152247.846	-152321.691	0.049	178420.442	178600.816	0.101
59581.9	-83256.970	-82915.658	0.410	-127851.801	-128055.903	0.160	178419.986	178600.816	0.101
59582.0	-142914.359	-142443.713	0.329	-54162.117	-54617.849	0.841	178403.398	178600.816	0.111
59582.1	-147697.932	-147662.407	0.024	40555.802	40062.732	1.216	178370.776	178387.840	0.010
59582.2	-95741.421	-95707.915	0.035	119958.725	119370.030	0.491	178371.227	178387.840	0.009
59582.3	-6950.939	-7002.480	0.742	153457.120	152840.355	0.402	178339.028	178387.840	0.027
59582.4	84597.411	84391.841	0.243	128222.354	127621.417	0.469	178306.728	178387.840	0.045
59582.5	143621.825	143380.486	0.168	53865.063	53397.051	0.869	178306.921	178387.840	0.045
59582.6	147550.593	147312.369	0.161	-41037.275	-41331.282	0.716	178273.987	178387.840	0.064
59582.7	94789.758	94677.683	0.118	-120081.103	-120188.791	0.090	178257.158	178387.840	0.073
59582.8	5576.654	5687.654	1.990	-152790.807	-152894.930	0.068	178240.215	178387.840	0.083
59582.9	-85854.341	-85486.381	0.429	-126693.625	-126890.849	0.156	178206.989	178387.840	0.101
59583.0	-144331.440	-143834.447	0.344	-51700.547	-52161.872	0.892	178190.422	178387.840	0.111
59583.1	-147418.098	-147360.409	0.039	43404.592	42894.107	1.176	178174.200	178191.231	0.010
59583.2	-93824.198	-93795.720	0.030	122002.919	121479.864	0.429	178158.259	178191.231	0.019
59583.3	-4162.742	-4214.354	1.240	154040.767	153418.492	0.404	178109.673	178191.231	0.046
59583.4	87167.735	86985.285	0.209	127038.336	126445.857	0.466	178110.126	178191.231	0.046
59583.5	145066.059	144783.389	0.195	51381.224	50919.198	0.899	178077.541	178191.231	0.064
59583.6	147253.594	146986.029	0.182	-43892.468	-44159.956	0.609	178044.600	178191.231	0.082
59583.7	92859.071	92747.412	0.120	-122143.683	-122282.100	0.113	178060.534	178191.231	0.073
59583.8	2771.583	2894.658	4.441	-153373.031	-153449.065	0.050	178027.212	178191.231	0.092
59583.9	-88430.297	-88069.618	0.408	-125499.081	-125693.026	0.155	177994.002	178191.231	0.111
59584.0	-145739.754	-145215.986	0.359	-49206.062	-49672.044	0.947	178010.208	178191.231	0.102
59584.1	-147045.255	-147014.080	0.021	46202.535	45719.008	1.047	177961.224	177994.628	0.019
59584.2	-91885.261	-91851.521	0.037	124146.599	123558.349	0.474	177945.288	177994.628	0.028
59584.3	-1379.326	-1418.839	2.865	154549.423	153952.441	0.386	177929.462	177994.628	0.037
59584.4	89687.246	89558.664	0.143	125803.314	125230.240	0.456	177913.535	177994.628	0.046
59584.5	146373.694	146146.479	0.155	48894.634	48420.800	0.969	177880.926	177994.628	0.064
59584.6	146823.926	146615.416	0.142	-46643.960	-46981.773	0.724	177864.365	177994.628	0.073
59584.7	90893.678	90785.408	0.119	-124174.806	-124343.786	0.136	177847.524	177994.628	0.083
59584.8	-28.751	94.653	429.221	-153879.732	-153958.950	0.051	177814.208	177994.628	0.101
59584.9	-90958.370	-90632.447	0.358	-124245.459	-124455.321	0.169	177813.777	177994.628	0.102
59585.0	-147044.309	-146557.537	0.331	-46705.701	-47162.015	0.977	177780.848	177994.628	0.120
59585.1	-146630.830	-146581.218	0.034	48991.487	48486.941	1.030	177781.034	177765.263	0.009
59585.2	-89901.247	-89870.966	0.034	126095.474	125539.820	0.441	177748.714	177765.263	0.009
59585.3	1408.312	1348.894	4.219	155015.728	154386.584	0.406	177732.887	177765.263	0.018
59585.4	92249.248	92050.792	0.215	124547.712	123950.347	0.480	177700.556	177765.263	0.036
59585.5	147704.428	147406.048	0.202	46370.330	45918.339	0.975	177684.322	177765.263	0.046
59585.6	146430.514	146158.764	0.186	-49491.570	-49745.881	0.514	177651.366	177765.263	0.064
59585.7	88901.360	88787.884	0.128	-126206.547	-126308.149	0.081	177634.536	177765.263	0.074
59585.8	-2797.061	-2676.711	4.303	-154289.058	-154369.272	0.052	177617.614	177765.263	0.083
59585.9	-93495.964	-93113.474	0.409	-122964.717	-123154.041	0.154	177584.418	177765.263	0.102
59586.0	-148277.785	-147795.536	0.325	-44195.948	-44648.813	1.025	177584.278	177765.263	0.102
59586.1	-146185.580	-146141.396	0.030	51804.376	51301.575	0.971	177551.688	177552.289	0.000
59586.2	-87887.379	-87857.273	0.034	128077.983	127554.925	0.408	177519.384	177552.289	0.019
59586.3	4208.111	4163.219	1.067	155434.073	154828.379	0.390	177519.932	177552.289	0.018
59586.4	94791.053	94585.074	0.217	123250.785	122649.187	0.488	177487.599	177552.289	0.036
59586.5	148932.261	148687.147	0.165	43845.407	43373.856	1.075	177487.746	177552.289	0.036
59586.6	145970.810	145694.750	0.189	-52307.039	-52556.628	0.477	177454.777	177552.289	0.055
59586.7	86873.576	86756.934	0.134	-128173.416	-128305.860	0.103	177437.955	177552.289	0.064
59586.8	-5612.001	-5494.732	2.090	-154705.736	-154786.844	0.052	177421.034	177552.289	0.074
59586.9	-96013.650	-95636.472	0.393	-121641.019	-121831.131	0.156	177404.234	177552.289	0.083
59587.0	-149533.303	-149054.703	0.320	-41645.997	-42093.406	1.074	177387.729	177552.289	0.093
59587.1	-145721.149	-145656.134	0.045	54631.632	54109.255	0.956	177338.774	177388.495	0.028
59587.2	-85844.377	-85810.962	0.039	130061.012	129537.638	0.402	177339.238	177388.495	0.028
59587.3	7012.654	6984.816	0.397	155808.961	155224.783	0.375	177307.013	177388.495	0.046
59587.4	97218.872	97098.490	0.124	121881.915	121307.066	0.472	177291.060	177388.495	0.055
59587.5	150150.488	149927.253	0.149	41289.792	40808.573	1.165	177291.196	177388.495	0.055
59587.6	145428.705	145185.357	0.167	-55061.054	-55360.030	0.543	177258.224	177388.495	0.073
59587.7	84810.577	84693.645	0.138	-130140.474	-130270.900	0.100	177241.394	177388.495	0.083
59587.8	-8412.820	-8319.633	1.108	-155051.794	-155158.966	0.069	177224.493	177388.495	0.093
59587.9	-98446.517	-98138.250	0.313	-120260.612	-120467.443	0.172	177191.325	177388.495	0.111
59588.0	-150777.846	-150272.699	0.335	-39061.529	-39517.551	1.167	177191.203	177388.495	0.111
59588.1	-145167.630	-145125.795	0.029	57402.530	56909.278	0.859	177158.648	177175.579	0.010
59588.2	-83765.543	-83732.738	0.039	131978.769	131487.607	0.372	177142.731	177175.579	0.019
59588.3	9803.601	9812.905	0.095	156112.931	155575.927	0.344	177126.895	177175.579	0.027
59588.4	99719.515	99590.485	0.129	120501.120	119924.549	0.478	177094.541	177175.579	0.046
59588.5	151326.698	151126.252	0.132	38711.140	38223.269	1.260	177061.902	177175.579	0.064
59588.6	144821.076	144630.954	0.131	-57781.474	-58155.389	0.647	177061.699	177175.579	0.064
59588.7	82716.903	82598.726	0.143	-132008.954	-132202.922	0.147	177028.485	177175.579	0.083
59588.8	-11202.512	-11150.638	0.463	-155324.660	-155485.773	0.104	177027.977	177175.579	0.083
59588.9	-100922.299	-100618.262	0.301	-118853.399	-119063.544	0.177	176978.430	177175.579	0.111
59589.0	-151949.993	-151449.417	0.329	-36467.097	-36922.030	1.248	176961.944	177175.579	0.121
59589.1	-144549.920	-144474.247	0.052	60138.809	59594.512	0.905	176945.787	176962.698	0.010
59589.2	-81656.319	-81624.209	0.039	133863.595	133273.412	0.441	176946.257	176962.698	0.009
59589.3	12642.019	12568.760	0.579	156422.607	155776.571	0.413	176914.032	176962.698	0.028
59589.4	102135.528	101935.443	0.196	119061.568	118462.987	0.503	176914.444	176962.698	0.027
59589.5	152431.725	152159.871	0.178	36126.763	35660.726	1.290	176881.802	176962.698	0.046
59589.6	144244.889	143956.335	0.200	-60599.878	-60834.919	0.388	176865.203	176962.698	0.055
59589.7	80587.881	80474.915	0.140	-133909.474	-133970.526	0.046	176848.370	176962.698	0.065
59589.8	-14058.058	-13908.117	1.067	-155629.835	-155662.706	0.021	176798.719	176962.698	0.093
59589.9	-103344.361	-102950.563	0.381	-117397.304	-117581.866	0.157	176798.339	176962.698	0.093
59590.0	-153050.091	-152460.958	0.385	-33864.762	-34350.692	1.435	176765.491	176962.698	0.112
59590.1	-143907.540	-143888.983	0.013	62892.363	62433.173	0.730	176765.722	176782.612	0.010
59590.2	-79513.832	-79478.842	0.044	135747.838	135222.240	0.387	176733.432	176782.612	0.028
59590.3	15485.956	15450.429	0.229	156687.019	156087.234	0.383	176717.588	176782.612	0.037
59590.4	104529.201	104446.881	0.079	117582.459	117016.194	0.482	176685.226	176782.612	0.055
59590.5	153585.901	153336.709	0.162	33484.965	33012.032	1.412	176668.948	176782.612	0.064
59590.6	143583.738	143346.678	0.165	-63357.224	-63668.441	0.491	176652.349	176782.612	0.074
59590.7	78429.891	78312.867	0.149	-135743.450	-135900.829	0.116	176619.136	176782.612	0.093
59590.8	-16860.844	-16792.351	0.406	-155809.931	-155948.573	0.089	176635.026	176782.612	0.084
59590.9	-105710.712	-105449.464	0.247	-115898.389	-116113.526	0.186	176618.294	176782.612	0.093
59591.0	-154077.121	-153614.971	0.300	-31252.902	-31691.974	1.405	176585.445	176782.612	0.112
59591.1	-143202.287	-143168.765	0.023	65609.509	65125.815	0.737	176569.306	176586.176	0.010
59591.2	-77340.709	-77310.462	0.039	137565.598	136973.573	0.430	176537.020	176586.176	0.028
59591.3	18294.686	18234.334	0.330	156854.350	156224.762	0.401	176521.172	176586.176	0.037
59591.4	106932.335	106777.316	0.145	116070.141	115487.107	0.502	176505.177	176586.176	0.046
59591.5	154576.087	154318.810	0.166	30872.035	30403.486	1.518	176488.899	176586.176	0.055
59591.6	142878.854	142603.328	0.193	-66104.273	-66354.789	0.379	176488.680	176586.176	0.055
59591.7	76244.928	76129.504	0.151	-137510.654	-137633.447	0.089	176439.086	176586.176	0.083
59591.8	-19706.555	-19577.336	0.656	-155997.706	-156062.151	0.041	176422.212	176586.176	0.093
59591.9	-108119.060	-107766.662	0.326	-114370.557	-114564.452	0.170	176389.101	176586.176	0.112
59592.0	-155032.211	-154574.600	0.295	-28635.729	-29075.077	1.534	176372.653	176586.176	0.121
59592.1	-142487.445	-142455.359	0.023	68372.363	67892.429	0.702	176372.912	176356.991	0.009
59592.2	-75141.185	-75104.004	0.049	139316.738	138788.688	0.379	176357.015	176356.991	0.000
59592.3	21105.938	21086.585	0.092	156977.919	156391.391	0.374	176324.788	176356.991	0.018
59592.4	109342.790	109180.122	0.149	114531.427	113941.266	0.515	176308.781	176356.991	0.027
59592.5	155525.654	155349.516	0.113	28244.410	27738.763	1.790	176292.492	176356.991	0.037
59592.6	142077.921	141866.152	0.149	-68757.391	-69115.165	0.520	176292.264	176356.991	0.037
59592.7	74030.411	73907.515	0.166	-139243.419	-139429.518	0.134	176291.824	176356.991	0.037
59592.8	-22514.576	-22430.915	0.372	-156089.367	-156204.242	0.074	176242.188	176356.991	0.065
59592.9	-110438.946	-110156.084	0.256	-112793.264	-112998.002	0.182	176209.096	176356.991	0.084
59593.0	-156037.928	-155582.349	0.292	-25967.536	-26401.588	1.672	176176.273	176356.991	0.103
59593.1	-141711.873	-141632.440	0.056	71096.538	70534.826	0.790	176160.154	176193.373	0.019
59593.2	-72913.456	-72882.245	0.043	141000.738	140438.913	0.398	176160.644	176193.373	0.019
59593.3	23925.293	23854.049	0.298	157052.408	156415.773	0.405	176128.401	176193.373	0.037
59593.4	111634.960	111430.612	0.183	112926.822	112330.443	0.528	176128.778	176193.373	0.037
59593.5	156522.943	156218.865	0.194	25559.414	25111.276	1.753	176096.092	176193.373	0.055
59593.6	141297.502	141020.537	0.196	-71513.599	-71750.386	0.331	176063.082	176193.373	0.074
59593.7	71779.698	71671.645	0.151	-140973.595	-141060.573	0.062	176062.643	176193.373	0.074
59593.8	-25325.437	-25198.487	0.501	-156135.946	-156204.821	0.044	176045.792	176193.373	0.084
59593.9	-112800.150	-112392.636	0.361	-111185.492	-111367.882	0.164	176029.091	176193.373	0.093
59594.0	-156941.946	-156429.066	0.327	-23309.330	-23766.721	1.962	175996.298	176193.373	0.112
59594.1	-140873.603	-140829.270	0.031	73782.744	73280.706	0.680	175996.563	176029.756	0.019
59594.2	-70647.219	-70615.472	0.045	142747.801	142184.388	0.395	175980.668	176029.756	0.028
59594.3	26744.388	26714.005	0.114	157084.488	156490.597	0.378	175948.424	176029.756	0.046
59594.4	113967.194	113785.554	0.159	111296.232	110705.884	0.530	175932.398	176029.756	0.055
59594.5	157357.159	157164.517	0.122	22908.702	22411.149	2.172	175899.704	176029.756	0.074
59594.6	140444.564	140193.779	0.179	-74199.090	-74489.257	0.391	175883.081	176029.756	0.083
59594.7	69507.350	69389.944	0.169	-142636.331	-142786.487	0.105	175866.252	176029.756	0.093
59594.8	-28184.725	-28058.980	0.446	-156184.009	-156255.044	0.045	175882.171	176029.756	0.084
59594.9	-115104.098	-114733.518	0.322	-109535.602	-109723.129	0.171	175849.105	176029.756	0.103
59595.0	-157831.957	-157351.461	0.304	-20617.478	-21058.561	2.139	175816.318	176029.756	0.121
59595.1	-139991.978	-139950.945	0.029	76457.109	75957.319	0.654	175800.209	175817.001	0.010
59595.2	-68356.885	-68328.786	0.041	144394.279	143829.616	0.391	175784.312	175817.001	0.019
59595.3	29589.676	29530.987	0.198	157093.971	156472.688	0.395	175752.064	175817.001	0.037
59595.4	116177.361	116051.137	0.109	109612.922	109031.715	0.530	175752.422	175817.001	0.037
59595.5	158297.619	158008.739	0.182	20173.287	19723.585	2.229	175736.085	175817.001	0.046
59595.6	139546.350	139292.466	0.182	-76873.416	-77158.216	0.370	175703.080	175817.001	0.065
59595.7	67207.074	67089.191	0.175	-144263.600	-144411.986	0.103	175686.252	175817.001	0.074
59595.8	-30977.469	-30875.704	0.329	-156116.129	-156212.907	0.062	175669.410	175817.001	0.084
59595.9	-117319.286	-116984.618	0.285	-107832.005	-108029.536	0.183	175636.347	175817.001	0.103
59596.0	-158677.483	-158172.535	0.318	-17905.613	-18363.835	2.559	175619.953	175817.001	0.112
59596.1	-139082.478	-139023.886	0.042	79148.057	78624.387	0.662	175587.474	175620.624	0.019
59596.2	-66042.894	-66008.345	0.052	146005.851	145438.418	0.389	175604.352	175620.624	0.009
59596.3	32435.849	32353.782	0.253	157059.087	156405.460	0.416	175555.707	175620.624	0.037
59596.4	118492.189	118292.359	0.169	107910.118	107314.271	0.552	175539.662	175620.624	0.046
59596.5	159049.454	158807.780	0.152	17496.791	17015.408	2.751	175523.332	175620.624	0.055
59596.6	138584.412	138342.501	0.175	-79508.645	-79817.212	0.388	175506.687	175620.624	0.065
59596.7	64880.445	64754.999	0.193	-145822.062	-146000.771	0.123	175489.866	175620.624	0.075
59596.8	-33839.811	-33697.816	0.420	-156073.657	-156121.402	0.031	175473.033	175620.624	0.084
59596.9	-119604.697	-119210.985	0.329	-106114.003	-106292.878	0.169	175456.374	175620.624	0.094
59597.0	-159452.689	-158948.254	0.316	-15196.594	-15648.886	2.976	175439.980	175620.624	0.103
59597.1	-138099.351	-138088.692	0.008	81768.140	81334.014	0.531	175440.278	175440.644	0.000
59597.2	-63692.460	-63656.257	0.057	147613.430	147076.816	0.364	175391.617	175440.644	0.028
59597.3	35238.603	35219.585	0.054	156930.950	156343.499	0.374	175392.124	175440.644	0.028
59597.4	120716.370	120571.436	0.120	106160.408	105575.744	0.551	175359.681	175440.644	0.046
59597.5	159813.983	159624.986	0.118	14769.963	14267.893	3.399	175343.332	175440.644	0.055
59597.6	137598.516	137384.037	0.156	-82157.405	-82518.696	0.440	175326.691	175440.644	0.065
59597.7	62505.753	62388.906	0.187	-147473.610	-147618.878	0.099	175326.246	175440.644	0.065
59597.8	-36633.560	-36562.980	0.193	-155916.182	-156034.795	0.076	175309.431	175440.644	0.075
59597.9	-121800.405	-121475.025	0.267	-104342.137	-104534.813	0.185	175260.006	175440.644	0.103
59598.0	-160215.271	-159741.798	0.296	-12459.849	-12894.443	3.488	175243.634	175440.644	0.112
59598.1	-137099.466	-137065.905	0.024	84434.908	83942.557	0.583	175243.924	175244.285	0.000
59598.2	-61314.184	-61292.949	0.035	149184.659	148581.929	0.404	175228.034	175244.285	0.009
59598.3	38042.220	38015.925	0.069	156757.248	156167.233	0.376	175195.771	175244.285	0.028
59598.4	122849.262	122727.041	0.099	104365.594	103785.783	0.556	175179.705	175244.285	0.037
59598.5	160538.511	160312.123	0.141	12034.643	11551.565	4.014	175146.963	175244.285	0.056
59598.6	136573.542	136338.852	0.172	-84790.418	-85118.345	0.387	175130.321	175244.285	0.065
59598.7	60125.923	60012.740	0.188	-148992.562	-149103.609	0.075	175146.259	175244.285	0.056
59598.8	-39476.823	-39357.701	0.302	-155756.526	-155834.485	0.050	175096.668	175244.285	0.084
59598.9	-123969.445	-123615.154	0.286	-102534.084	-102726.379	0.188	175112.796	175244.285	0.075
59599.0	-160931.704	-160405.547	0.327	-9703.115	-10172.306	4.835	175080.050	175244.285	0.094
59599.1	-136063.430	-135999.656	0.047	87084.513	86537.351	0.628	175063.979	175080.698	0.010
59599.2	-58932.008	-58902.624	0.050	150623.618	150050.326	0.381	175031.707	175080.698	0.028
59599.3	40841.966	40812.463	0.072	156542.400	155945.382	0.381	175032.201	175080.698	0.028
59599.4	125019.970	124855.947	0.131	102546.407	101958.874	0.573	174983.354	175080.698	0.056
59599.5	161219.070	160955.918	0.163	9284.033	8821.113	4.986	174999.749	175080.698	0.046
59599.6	135525.569	135250.324	0.203	-87472.117	-87703.872	0.265	174950.322	175080.698	0.075
59599.7	57721.033	57609.874	0.193	-150441.492	-150551.393	0.073	174949.888	175080.698	0.075
59599.8	-42244.315	-42152.227	0.218	-155488.114	-155588.589	0.065	174949.467	175080.698	0.075
59599.9	-126078.520	-125728.269	0.278	-100689.104	-100881.226	0.191	174900.066	175080.698	0.103
59600.0	-161551.028	-161025.834	0.325	-6970.702	-7436.418	6.681	174900.104	175080.698	0.103
59600.1	-134965.358	-134913.019	0.039	89692.542	89179.303	0.572	174867.648	174884.333	0.010
59600.2	-56506.526	-56468.042	0.068	152089.117	151544.815	0.358	174835.374	174884.333	0.028
59600.3	43693.117	43660.134	0.075	156322.594	155718.539	0.386	174852.241	174884.333	0.018
59600.4	127163.737	127023.228	0.110	100689.364	100097.804	0.588	174836.162	174884.333	0.028
59600.5	161828.344	161610.593	0.135	6537.369	6040.450	7.601	174819.779	174884.333	0.037
59600.6	134396.088	134141.005	0.190	-90048.414	-90336.380	0.320	174770.346	174884.333	0.065
59600.7	55292.015	55162.528	0.234	-151853.436	-152024.887	0.113	174769.913	174884.333	0.065
59600.8	-45110.139	-44997.842	0.249	-155259.872	-155337.262	0.050	174753.108	174884.333	0.075
59600.9	-128225.252	-127879.463	0.270	-98815.687	-99001.585	0.188	174720.113	174884.333	0.094
59601.0	-162124.888	-161656.569	0.289	-4221.623	-4650.226	10.153	174720.161	174884.333	0.094
59601.1	-133812.502	-133763.358	0.037	92255.097	91743.415	0.555	174687.717	174704.389	0.010
59601.2	-54059.860	-54028.396	0.058	153518.378	152939.277	0.377	174704.601	174704.389	0.000
59601.3	46467.470	46452.963	0.031	155994.604	155407.890	0.376	174672.309	174704.389	0.018
59601.4	129214.651	129096.820	0.091	98789.829	98201.330	0.596	174656.220	174704.389	0.028
59601.5	162421.825	162168.708	0.156	3760.599	3286.380	12.610	174639.826	174704.389	0.037
59601.6	133223.653	132969.332	0.191	-92609.302	-92890.510	0.304	174590.387	174704.389	0.065
59601.7	52833.605	52710.979	0.232	-153260.449	-153398.314	0.090	174606.348	174704.389	0.056
59601.8	-47898.792	-47787.895	0.232	-154923.326	-155002.604	0.051	174556.785	174704.389	0.085
59601.9	-130344.259	-129936.666	0.313	-96904.237	-97087.346	0.189	174556.566	174704.389	0.085
59602.0	-162686.102	-162190.975	0.304	-1447.883	-1891.458	30.636	174556.631	174704.389	0.085
59602.1	-132620.821	-132569.088	0.039	94800.611	94292.742	0.536	174507.818	174524.456	0.010
59602.2	-51594.823	-51561.419	0.065	154878.089	154295.510	0.376	174524.696	174524.456	0.000
59602.3	49313.853	49245.352	0.139	155686.346	155050.249	0.409	174492.398	174524.456	0.018
59602.4	131302.744	131142.369	0.122	96859.703	96267.145	0.612	174459.913	174524.456	0.037
59602.5	162970.806	162681.946	0.177	970.547	518.360	46.591	174459.894	174524.456	0.037
59602.6	132014.148	131753.180	0.198	-95151.945	-95429.470	0.292	174443.230	174524.456	0.047
59602.7	50347.116	50232.428	0.228	-154628.705	-154733.278	0.068	174426.419	174524.456	0.056
59602.8	-50658.631	-50577.105	0.161	-154522.225	-154620.958	0.064	174393.257	174524.456	0.075
59602.9	-132369.415	-131965.505	0.305	-94953.699	-95135.639	0.192	174393.051	174524.456	0.075
59603.0	-163148.119	-162680.387	0.287	1303.003	880.873	32.397	174376.750	174524.456	0.085
59603.1	-131373.144	-131359.474	0.010	97300.273	96885.622	0.426	174344.321	174360.939	0.010
59603.2	-49094.318	-49056.382	0.077	156230.960	155677.893	0.354	174344.817	174360.939	0.009
59603.3	52108.311	52083.901	0.047	155289.998	154691.313	0.386	174312.518	174360.939	0.028
59603.4	133362.159	133224.454	0.103	94895.034	94304.719	0.622	174280.022	174360.939	0.046
59603.5	163450.046	163208.066	0.148	-1810.602	-2294.004	26.698	174263.618	174360.939	0.056
59603.6	130769.865	130521.310	0.190	-97710.259	-98011.851	0.309	174263.326	174360.939	0.056
59603.7	47856.752	47715.594	0.295	-155896.289	-156094.065	0.127	174246.530	174360.939	0.066
59603.8	-53519.250	-53412.462	0.200	-154156.170	-154237.622	0.053	174213.366	174360.939	0.085
59603.9	-134300.184	-134030.634	0.201	-92965.850	-93155.377	0.204	174213.182	174360.939	0.085
59604.0	-163649.557	-163182.298	0.286	4117.540	3697.659	10.197	174196.898	174360.939	0.094
59604.1	-130119.783	-130074.027	0.035	99874.605	99369.434	0.506	174164.473	174181.077	0.010
59604.2	-46583.465	-46554.332	0.063	157515.442	156927.471	0.373	174148.597	174181.077	0.019
59604.3	54898.640	54841.790	0.104	154849.934	154226.830	0.402	174116.290	174181.077	0.037
59604.4	135326.841	135179.179	0.109	92898.500	92304.531	0.639	174116.565	174181.077	0.037
59604.5	163859.244	163609.030	0.153	-4582.728	-5061.842	10.455	174116.532	174181.077	0.037
59604.6	129468.217	129214.547	0.196	-100187.248	-100484.515	0.297	174099.861	174181.077	0.047
59604.7	45324.681	45202.889	0.269	-157188.348	-157322.077	0.085	174066.669	174181.077	0.066
59604.8	-56269.153	-56166.255	0.183	-153669.380	-153749.435	0.052	174049.914	174181.077	0.075
59604.9	-136365.151	-135968.083	0.291	-90957.122	-91138.452	0.199	174016.974	174181.077	0.094
59605.0	-164052.089	-163559.442	0.300	6907.100	6468.843	6.345	174017.078	174181.077	0.094
59605.1	-128824.341	-128762.112	0.048	102431.837	101865.309	0.553	173984.664	174034.025	0.028
59605.2	-44046.773	-44023.789	0.052	158760.815	158171.201	0.371	173968.790	174034.025	0.037
59605.3	57684.351	57619.257	0.113	154366.175	153740.834	0.405	173952.868	174034.025	0.047
59605.4	137327.709	137137.048	0.139	90863.089	90275.428	0.647	173936.736	174034.025	0.056
59605.5	164250.379	163995.498	0.155	-7385.107	-7854.896	6.361	173936.704	174034.025	0.056
59605.6	128142.594	127881.214	0.204	-102709.810	-102969.014	0.252	173920.026	174034.025	0.066
59605.7	42762.071	42661.743	0.235	-158473.590	-158543.996	0.044	173886.846	174034.025	0.085
59605.8	-59069.772	-58939.438	0.221	-153173.826	-153239.569	0.043	173886.483	174034.025	0.085
59605.9	-138236.753	-137908.427	0.238	-88906.374	-89092.584	0.209	173853.562	174034.025	0.104
59606.0	-164438.247	-163921.873	0.314	9724.355	9265.118	4.723	173837.294	174034.025	0.113
59606.1	-127450.551	-127426.844	0.019	104845.493	104406.430	0.419	173837.669	173837.839	0.000
59606.2	-41509.140	-41447.718	0.148	159905.659	159437.731	0.293	173805.401	173837.839	0.019
59606.3	60439.441	60446.943	0.012	153818.095	153246.437	0.372	173789.471	173837.839	0.028
59606.4	139233.012	139130.545	0.074	88798.900	88209.948	0.663	173773.338	173837.839	0.037
59606.5	164571.949	164389.321	0.111	-10176.249	-10698.334	5.130	173756.906	173837.839	0.047
59606.6	126760.416	126524.140	0.186	-105150.124	-105498.557	0.331	173756.620	173837.839	0.047
59606.7	40205.849	40074.874	0.326	-159625.840	-159788.322	0.102	173723.438	173837.839	0.066
59606.8	-61808.149	-61762.767	0.073	-152601.136	-152720.869	0.078	173723.097	173837.839	0.066
59606.9	-140176.504	-139884.085	0.209	-86826.765	-87010.034	0.211	173706.559	173837.839	0.076
59607.0	-164729.646	-164291.225	0.266	12509.372	12111.838	3.178	173657.541	173837.839	0.104
59607.1	-126045.215	-126013.652	0.025	107272.277	106803.313	0.437	173674.307	173674.462	0.000
59607.2	-38922.494	-38893.667	0.074	161106.269	160541.804	0.350	173642.038	173674.462	0.019
59607.3	63185.700	63161.122	0.039	153230.885	152633.747	0.390	173609.726	173674.462	0.037
59607.4	141173.545	140962.632	0.149	86702.580	86115.762	0.677	173609.955	173674.462	0.037
59607.5	164852.141	164635.813	0.131	-12972.591	-13469.868	3.833	173609.902	173674.462	0.037
59607.6	125336.030	125090.384	0.196	-107572.048	-107883.196	0.289	173576.839	173674.462	0.056
59607.7	37636.071	37511.421	0.331	-160741.734	-160870.387	0.080	173560.059	173674.462	0.066
59607.8	-64597.270	-64471.577	0.195	-152018.045	-152084.858	0.044	173526.937	173674.462	0.085
59607.9	-142053.013	-141698.093	0.250	-84715.912	-84900.169	0.217	173543.194	173674.462	0.076
59608.0	-165030.426	-164513.870	0.313	15341.218	14885.389	2.971	173510.567	173674.462	0.094
59608.1	-124612.885	-124579.464	0.027	109710.353	109243.756	0.425	173478.189	173527.475	0.028
59608.2	-36338.909	-36296.985	0.115	162207.056	161668.704	0.332	173495.077	173527.475	0.019
59608.3	65954.658	65923.196	0.048	152616.096	152014.385	0.394	173479.128	173527.475	0.028
59608.4	142985.159	142829.487	0.109	84577.912	83987.967	0.698	173430.205	173527.475	0.056
59608.5	165142.411	164890.594	0.152	-15814.309	-16289.043	3.002	173446.521	173527.475	0.047
59608.6	123892.952	123635.259	0.208	-110036.487	-110311.213	0.250	173446.218	173527.475	0.047
59608.7	35037.817	34905.143	0.379	-161815.618	-161974.912	0.098	173396.667	173527.475	0.075
59608.8	-67323.087	-67228.221	0.141	-151358.284	-151441.762	0.055	173363.565	173527.475	0.095
59608.9	-143898.788	-143546.578	0.245	-82576.351	-82756.396	0.218	173363.448	173527.475	0.095
59609.0	-165287.576	-164744.395	0.329	18180.693	17706.651	2.607	173330.832	173527.475	0.113
59609.1	-123148.151	-123106.470	0.034	112160.929	111664.260	0.443	173331.220	173347.726	0.010
59609.2	-33709.168	-33680.696	0.084	163329.146	162756.630	0.351	173315.337	173347.726	0.019
59609.3	68689.113	68678.149	0.016	151940.464	151351.979	0.387	173315.769	173347.726	0.018
59609.4	144765.846	144665.229	0.070	82424.590	81829.587	0.722	173283.220	173347.726	0.037
59609.5	165387.501	165102.217	0.172	-18665.062	-19114.599	2.408	173250.369	173347.726	0.056
59609.6	122401.902	122141.501	0.213	-112449.235	-112718.959	0.240	173266.445	173347.726	0.047
59609.7	32402.880	32279.593	0.380	-162913.775	-163040.295	0.078	173233.280	173347.726	0.066
59609.8	-70068.630	-69977.375	0.130	-150674.034	-150755.686	0.054	173200.188	173347.726	0.085
59609.9	-145713.162	-145363.688	0.240	-80402.330	-80582.307	0.224	173200.076	173347.726	0.085
59610.0	-165422.917	-164931.706	0.297	20967.401	20533.923	2.067	173183.852	173347.726	0.095
59610.1	-121622.090	-121594.861	0.022	114495.625	114064.377	0.377	173167.874	173184.348	0.010
59610.2	-31085.625	-31045.218	0.130	164351.750	163805.331	0.332	173168.366	173184.348	0.009
59610.3	71414.398	71425.498	0.016	151224.533	150646.574	0.382	173136.023	173184.348	0.028
59610.4	146613.170	146469.492	0.098	80233.720	79640.945	0.739	173119.836	173184.348	0.037
59610.5	165513.669	165270.574	0.147	-21459.008	-21946.061	2.270	173086.983	173184.348	0.056
59610.6	120862.702	120609.304	0.210	-114809.884	-115105.985	0.258	173103.048	173184.348	0.047
59610.7	29767.514	29635.193	0.445	-163909.296	-164066.290	0.096	173102.645	173184.348	0.047
59610.8	-72780.437	-72718.555	0.085	-149926.389	-150026.677	0.067	173085.953	173184.348	0.057
59610.9	-147496.248	-147149.060	0.235	-78202.498	-78378.227	0.225	173036.709	173184.348	0.085
59611.0	-165570.127	-165075.704	0.299	23796.199	23366.728	1.805	173020.491	173184.348	0.095
59611.1	-120072.772	-120030.226	0.035	116873.424	116379.761	0.422	173004.510	173037.358	0.019
59611.2	-28457.296	-28416.816	0.142	165305.410	164754.328	0.333	172988.627	173037.358	0.028
59611.3	74159.328	74108.384	0.069	150483.444	149864.777	0.411	172989.035	173037.358	0.028
59611.4	148363.337	148176.660	0.126	78017.831	77428.556	0.755	172956.451	173037.358	0.047
59611.5	165621.162	165346.487	0.166	-24279.903	-24739.504	1.893	172939.971	173037.358	0.056
59611.6	119279.354	119024.813	0.213	-117116.998	-117407.827	0.248	172923.261	173037.358	0.066
59611.7	27133.816	26998.726	0.498	-164837.992	-164992.644	0.094	172922.870	173037.358	0.066
59611.8	-75510.273	-75394.618	0.153	-149155.384	-149221.833	0.045	172922.562	173037.358	0.066
59611.9	-149181.652	-148837.136	0.231	-75973.655	-76151.237	0.234	172889.708	173037.358	0.085
59612.0	-165622.780	-165127.589	0.299	26589.440	26160.721	1.612	172857.126	173037.358	0.104
59612.1	-118471.886	-118434.715	0.031	119165.905	118705.748	0.386	172857.539	172857.589	0.000
59612.2	-25780.416	-25757.221	0.090	166277.812	165693.699	0.351	172825.252	172857.589	0.019
59612.3	76869.346	76810.805	0.076	149679.836	149056.823	0.416	172825.661	172857.589	0.018
59612.4	150081.208	149884.202	0.131	75771.484	75183.524	0.776	172809.448	172857.589	0.028
59612.5	165637.591	165403.470	0.141	-27060.569	-27559.543	1.844	172776.582	172857.589	0.047
59612.6	117675.391	117409.356	0.226	-119465.713	-119720.004	0.213	172759.867	172857.589	0.057
59612.7	24453.380	24331.150	0.500	-165785.737	-165909.106	0.074	172759.467	172857.589	0.057
59612.8	-78202.468	-78089.990	0.144	-148325.802	-148390.666	0.044	172759.182	172857.589	0.057
59612.9	-150900.437	-150525.305	0.249	-73714.388	-73891.601	0.240	172742.727	172857.589	0.066
59613.0	-165705.794	-165160.314	0.329	29452.423	28981.146	1.600	172710.152	172857.589	0.085
59613.1	-116837.850	-116808.850	0.025	121469.184	121041.792	0.352	172710.567	172710.602	0.000
59613.2	-23117.388	-23067.172	0.217	167152.734	166623.313	0.317	172661.902	172710.602	0.028
59613.3	79513.252	79532.083	0.024	148801.120	148223.043	0.388	172695.066	172710.602	0.009
59613.4	151734.102	151591.764	0.094	73501.333	72906.514	0.809	172662.461	172710.602	0.028
59613.5	165681.463	165441.628	0.145	-29913.552	-30405.433	1.644	172645.960	172710.602	0.037
59613.6	116019.813	115763.458	0.221	-121728.239	-122041.978	0.258	172629.255	172710.602	0.047
59613.7	21766.193	21633.205	0.611	-166662.101	-166815.548	0.092	172596.081	172710.602	0.066
59613.8	-80829.757	-80803.996	0.032	-147418.267	-147533.511	0.078	172612.196	172710.602	0.057
59613.9	-152553.585	-152213.220	0.223	-71426.916	-71599.989	0.242	172579.373	172710.602	0.076
59614.0	-165672.529	-165173.994	0.301	32253.552	31827.258	1.322	172563.199	172710.602	0.085
59614.1	-115175.349	-115132.172	0.037	123781.873	123291.306	0.396	172547.233	172563.631	0.010
59614.2	-20421.051	-20387.049	0.167	168016.287	167453.072	0.335	172547.719	172563.631	0.009
59614.3	82231.710	82186.509	0.055	147930.665	147314.428	0.417	172515.346	172563.631	0.028
59614.4	153386.486	153201.219	0.121	71198.042	70608.425	0.828	172515.493	172563.631	0.028
59614.5	165634.927	165388.096	0.149	-32724.319	-33210.552	1.486	172498.987	172563.631	0.037
59614.6	114317.762	114067.494	0.219	-123936.389	-124276.988	0.275	172465.893	172563.631	0.057
59614.7	19085.343	18946.044	0.730	-167472.917	-167622.225	0.089	172449.129	172563.631	0.066
59614.8	-83559.684	-83450.509	0.131	-146535.241	-146602.099	0.046	172465.240	172563.631	0.057
59614.9	-154141.079	-153802.849	0.219	-69115.286	-69288.141	0.250	172448.808	172563.631	0.067
59615.0	-165548.174	-165096.337	0.273	35013.143	34631.813	1.089	172432.655	172563.631	0.076
59615.1	-113466.593	-113418.588	0.042	126040.190	125517.888	0.414	172400.310	172433.073	0.019
59615.2	-17711.034	-17690.617	0.115	168841.078	168242.558	0.354	172384.423	172433.073	0.028
59615.3	84853.227	84830.386	0.027	146971.573	146363.663	0.414	172368.423	172433.073	0.038
59615.4	154940.360	154777.316	0.105	68874.176	68282.494	0.859	172352.171	172433.073	0.047
59615.5	165570.874	165291.207	0.169	-35558.434	-36018.514	1.294	172352.051	172433.073	0.047
59615.6	112593.772	112334.824	0.230	-126185.202	-126488.749	0.241	172335.334	172433.073	0.057
59615.7	16364.187	16242.922	0.741	-168267.806	-168388.491	0.072	172318.565	172433.073	0.066
59615.8	-86163.805	-86086.110	0.090	-145547.211	-145628.630	0.056	172318.316	172433.073	0.067
59615.9	-155695.452	-155358.883	0.216	-66778.247	-66948.741	0.255	172285.519	172433.073	0.086
59616.0	-165474.984	-164975.301	0.302	37866.284	37438.838	1.129	172285.755	172433.073	0.086
59616.1	-111717.531	-111675.094	0.038	128242.657	127753.185	0.382	172286.189	172286.164	0.000
59616.2	-15012.988	-14964.882	0.320	169566.233	169021.464	0.321	172253.923	172286.164	0.019
59616.3	87495.517	87491.705	0.004	145980.214	145387.085	0.406	172221.520	172286.164	0.038
59616.4	156493.970	156352.297	0.091	66524.070	65925.428	0.900	172205.274	172286.164	0.047
59616.5	165390.280	165175.073	0.130	-38328.909	-38850.975	1.362	172205.137	172286.164	0.047
59616.6	110817.247	110572.168	0.221	-128313.277	-128708.968	0.308	172188.423	172286.164	0.057
59616.7	13635.689	13510.588	0.917	-169026.297	-169143.924	0.070	172188.056	172286.164	0.057
59616.8	-88815.177	-88738.932	0.086	-144546.479	-144629.198	0.057	172155.038	172286.164	0.076
59616.9	-157280.804	-156913.534	0.234	-64403.884	-64578.216	0.271	172155.033	172286.164	0.076
59617.0	-165315.090	-164834.809	0.291	40672.436	40270.196	0.989	172122.515	172286.164	0.095
59617.1	-109928.309	-109888.148	0.037	130388.854	129932.512	0.350	172122.957	172139.282	0.009
59617.2	-12297.001	-12237.013	0.488	170249.389	169729.544	0.305	172107.061	172139.282	0.019
59617.3	90122.740	90113.020	0.011	144954.259	144352.023	0.415	172091.046	172139.282	0.028
59617.4	157980.693	157860.498	0.076	64149.144	63544.677	0.942	172074.785	172139.282	0.037
59617.5	165235.862	164991.024	0.148	-41170.437	-41663.229	1.197	172074.636	172139.282	0.038
59617.6	109023.877	108766.544	0.236	-130546.762	-130872.845	0.250	172041.540	172139.282	0.057
59617.7	10932.557	10776.731	1.425	-169653.994	-169828.516	0.103	172041.177	172139.282	0.057
59617.8	-91425.193	-91351.247	0.081	-143489.466	-143571.628	0.057	172008.174	172139.282	0.076
59617.9	-158734.137	-158401.201	0.210	-62014.638	-62184.581	0.274	171991.788	172139.282	0.086
59618.0	-165107.403	-164626.580	0.291	43484.344	43080.762	0.928	171992.060	172139.282	0.086
59618.1	-108107.719	-108062.326	0.042	132543.298	132021.820	0.393	171976.127	172008.829	0.019
59618.2	-9536.220	-9530.770	0.057	170949.982	170341.984	0.356	171960.224	172008.829	0.028
59618.3	92740.481	92660.511	0.086	143881.018	143252.423	0.437	171927.819	172008.829	0.047
59618.4	159496.813	159271.025	0.142	61732.772	61155.274	0.935	171960.698	172008.829	0.028
59618.5	164993.470	164722.958	0.164	-43964.949	-44424.926	1.046	171927.782	172008.829	0.047
59618.6	107178.726	106922.819	0.239	-132658.376	-132946.372	0.217	171911.065	172008.829	0.057
59618.7	8183.839	8065.320	1.448	-170298.167	-170417.657	0.070	171894.323	172008.829	0.067
59618.8	-94022.655	-93889.187	0.142	-142390.881	-142450.159	0.042	171877.720	172008.829	0.076
59618.9	-160185.898	-159791.126	0.246	-59597.049	-59783.135	0.312	171877.738	172008.829	0.076
59619.0	-164859.402	-164334.770	0.318	46294.434	45840.052	0.982	171878.016	172008.829	0.076
59619.1	-106246.521	-106202.879	0.041	134640.605	134151.964	0.363	171845.703	171861.997	0.009
59619.2	-6829.361	-6773.298	0.821	171497.632	170967.609	0.309	171846.191	171861.997	0.009
59619.3	95284.416	95257.165	0.029	142742.387	142133.295	0.427	171813.776	171861.997	0.028
59619.4	160882.116	160709.770	0.107	59311.596	58721.127	0.996	171813.874	171861.997	0.028
59619.5	164705.228	164451.330	0.154	-46761.986	-47239.403	1.021	171780.942	171861.997	0.047
59619.6	105301.257	105045.120	0.243	-134744.396	-135060.445	0.235	171764.230	171861.997	0.057
59619.7	5423.124	5302.569	2.223	-170902.105	-171019.542	0.069	171747.493	171861.997	0.067
59619.8	-96607.007	-96476.119	0.135	-141250.889	-141308.738	0.041	171763.672	171861.997	0.057
59619.9	-161539.604	-161208.881	0.205	-57171.272	-57336.703	0.289	171730.939	171861.997	0.076
59620.0	-164565.066	-164038.945	0.320	49107.476	48652.088	0.927	171714.833	171861.997	0.086
59620.1	-104349.113	-104310.156	0.037	136712.730	136256.529	0.334	171715.296	171715.184	0.000
59620.2	-4057.859	-4004.010	1.327	172088.194	171552.961	0.311	171715.782	171715.184	0.000
59620.3	97875.100	97839.638	0.036	141588.836	140974.663	0.434	171699.745	171715.184	0.009
59620.4	162263.975	162113.782	0.093	56856.801	56263.416	1.044	171699.827	171715.184	0.009
59620.5	164398.199	164137.754	0.158	-49580.834	-50052.455	0.951	171666.893	171715.184	0.028
59620.6	103393.752	103134.366	0.251	-136837.199	-137148.653	0.228	171666.566	171715.184	0.028
59620.7	2666.708	2528.349	5.188	-171436.924	-171581.053	0.084	171633.450	171715.184	0.048
59620.8	-99147.165	-99048.531	0.099	-140057.738	-140127.938	0.050	171633.252	171715.184	0.048
59620.9	-162951.714	-162591.703	0.221	-54689.490	-54867.008	0.325	171633.287	171715.184	0.048
59621.0	-164206.531	-163701.185	0.308	51894.909	51462.339	0.834	171600.818	171715.184	0.067
59621.1	-102419.613	-102378.551	0.040	138791.732	138302.654	0.352	171601.279	171601.156	0.000
59621.2	-1271.439	-1237.737	2.651	172636.238	172068.183	0.329	171585.388	171601.156	0.009
59621.3	100454.244	100378.357	0.076	140388.276	139761.144	0.447	171569.328	171601.156	0.019
59621.4	163642.655	163450.102	0.118	54371.290	53787.134	1.074	171569.410	171601.156	0.019
59621.5	164023.891	163758.540	0.162	-52376.106	-52840.630	0.887	171536.464	171601.156	0.038
59621.6	101443.368	101185.234	0.254	-138904.255	-139178.088	0.197	171503.358	171601.156	0.057
59621.7	-103.122	-242.254	134.919	-171929.630	-172072.465	0.083	171503.024	171601.156	0.057
59621.8	-101674.117	-101576.718	0.096	-138820.770	-138892.628	0.052	171502.834	171601.156	0.057
59621.9	-164266.359	-163906.675	0.219	-52205.595	-52379.324	0.333	171470.123	171601.156	0.076
59622.0	-163786.816	-163298.005	0.298	54653.727	54247.150	0.744	171470.433	171601.156	0.076
59622.1	-100457.180	-100411.484	0.045	140778.844	140322.411	0.324	171454.520	171437.975	0.010
59622.2	1491.005	1541.656	3.397	173088.261	172541.208	0.316	171454.994	171437.975	0.010
59622.3	102957.311	102902.814	0.053	139124.140	138505.798	0.444	171438.927	171437.975	0.001
59622.4	164921.349	164750.256	0.104	51875.296	51285.460	1.137	171422.612	171437.975	0.009
59622.5	163588.356	163335.144	0.155	-55142.244	-55628.014	0.881	171389.665	171437.975	0.028
59622.6	99458.457	99200.868	0.259	-140878.883	-141180.852	0.214	171422.088	171437.975	0.009
59622.7	-2887.537	-3025.612	4.782	-172378.762	-172521.566	0.083	171405.367	171437.975	0.019
59622.8	-104153.515	-104090.285	0.061	-137536.904	-137615.616	0.057	171372.429	171437.975	0.038
59622.9	-165512.237	-165185.264	0.198	-49701.832	-49866.559	0.331	171356.105	171437.975	0.048
59623.0	-163361.960	-162850.650	0.313	57464.401	57030.789	0.755	171340.040	171437.975	0.057
59623.1	-98455.138	-98414.495	0.041	142772.257	142282.385	0.343	171324.122	171356.729	0.019
59623.2	4289.099	4310.002	0.487	173521.920	172948.298	0.331	171308.205	171356.729	0.028
59623.3	105474.915	105379.498	0.090	137833.697	137203.685	0.457	171308.527	171356.729	0.028
59623.4	166164.892	165984.254	0.109	49359.066	48774.144	1.185	171308.586	171356.729	0.028
59623.5	163127.209	162852.613	0.168	-57934.023	-58384.212	0.777	171308.391	171356.729	0.028
59623.6	97441.762	97187.095	0.261	-142826.182	-143123.577	0.208	171291.661	171356.729	0.038
59623.7	-5680.722	-5797.357	2.053	-172787.653	-172904.831	0.068	171258.562	171356.729	0.057
59623.8	-106712.685	-106555.678	0.147	-136237.907	-136292.250	0.040	171242.007	171356.729	0.067
59623.9	-166754.197	-166397.617	0.214	-47168.453	-47344.722	0.374	171242.090	171356.729	0.067
59624.0	-162835.437	-162344.431	0.302	60193.800	59782.735	0.683	171242.418	171356.729	0.067
59624.1	-96420.214	-96377.940	0.044	144738.353	144280.651	0.316	171226.501	171226.314	0.000
59624.2	7071.887	7132.878	0.862	173892.196	173363.017	0.304	171226.974	171226.314	0.000
59624.3	107884.444	107904.738	0.019	136469.200	135875.609	0.435	171210.892	171226.314	0.009
59624.4	167340.073	167242.190	0.058	46827.483	46213.241	1.312	171178.171	171226.314	0.028
59624.5	162602.472	162360.208	0.149	-60697.259	-61194.579	0.819	171210.731	171226.314	0.009
59624.6	95391.310	95133.429	0.270	-144778.513	-145104.254	0.225	171161.232	171226.314	0.038
59624.7	-8505.083	-8623.696	1.395	-173180.095	-173295.255	0.066	171144.520	171226.314	0.048
59624.8	-109099.226	-109069.402	0.027	-134849.914	-134942.503	0.069	171144.364	171226.314	0.048
59624.9	-167928.111	-167633.480	0.175	-44621.305	-44773.095	0.340	171128.073	171226.314	0.057
59625.0	-162320.071	-161827.873	0.303	63002.312	62588.762	0.656	171128.400	171226.314	0.057
59625.1	-94355.344	-94310.690	0.047	146643.960	146185.453	0.313	171112.498	171128.678	0.009
59625.2	9868.649	9925.489	0.576	174218.016	173684.131	0.306	171096.574	171128.678	0.019
59625.3	110369.828	110350.374	0.018	135099.080	134489.731	0.451	171096.872	171128.678	0.019
59625.4	168541.163	168401.749	0.083	44254.321	43652.535	1.360	171064.135	171128.678	0.038
59625.5	162035.941	161788.431	0.153	-63456.020	-63946.825	0.773	171063.919	171128.678	0.038
59625.6	93309.301	93049.872	0.278	-146669.860	-146991.204	0.219	171030.804	171128.678	0.057
59625.7	-11241.908	-11418.966	1.575	-173398.672	-173592.339	0.112	171030.480	171128.678	0.057
59625.8	-111624.900	-111503.027	0.109	-133472.498	-133535.642	0.047	171030.331	171128.678	0.058
59625.9	-169126.767	-168770.972	0.210	-42029.571	-42202.511	0.411	170997.667	171128.678	0.077
59626.0	-161725.935	-161232.445	0.305	65752.147	65335.989	0.633	171014.384	171128.678	0.067
59626.1	-92252.275	-92212.484	0.043	148554.033	147996.372	0.375	171014.863	171014.652	0.000
59626.2	12675.520	12687.799	0.097	174501.461	173911.150	0.338	170966.173	171014.652	0.028
59626.3	112809.005	112716.087	0.082	133672.730	133045.677	0.469	170966.455	171014.652	0.028
59626.4	169673.044	169462.454	0.124	41666.763	41091.911	1.380	170966.479	171014.652	0.028
59626.5	161407.621	161136.827	0.168	-66183.763	-66640.764	0.691	170933.490	171014.652	0.047
59626.6	91190.243	90936.169	0.279	-148532.336	-148784.010	0.169	170949.518	171014.652	0.038
59626.7	-14106.098	-14183.126	0.546	-173732.159	-173795.591	0.037	170932.820	171014.652	0.048
59626.8	-114008.556	-113856.233	0.134	-132014.850	-132071.294	0.043	170916.299	171014.652	0.058
59626.9	-170195.915	-169809.614	0.227	-39449.961	-39632.858	0.464	170900.035	171014.652	0.067
59627.0	-161072.234	-160557.695	0.319	68469.420	68024.224	0.650	170900.385	171014.652	0.067
59627.1	-90119.178	-90077.537	0.046	150402.618	149909.413	0.328	170851.706	170900.626	0.029
59627.2	15469.807	15539.964	0.454	174718.062	174199.036	0.297	170868.549	170900.626	0.019
59627.3	115197.956	115190.265	0.007	132201.696	131597.863	0.457	170852.436	170900.626	0.028
59627.4	170767.880	170608.584	0.093	39059.055	38464.344	1.523	170852.446	170900.626	0.028
59627.5	160736.657	160514.806	0.138	-68906.485	-69439.123	0.773	170835.836	170900.626	0.038
59627.6	89041.000	88784.847	0.288	-150398.403	-150678.617	0.186	170835.476	170900.626	0.038
59627.7	-16879.572	-17037.661	0.937	-173892.906	-174058.935	0.095	170818.783	170900.626	0.048
59627.8	-116372.481	-116317.867	0.047	-130524.482	-130602.253	0.060	170802.285	170900.626	0.058
59627.9	-171256.728	-170933.102	0.189	-36833.896	-36995.530	0.439	170802.404	170900.626	0.058
59628.0	-160409.576	-159911.628	0.310	71237.911	70817.130	0.591	170769.993	170900.626	0.076
59628.1	-87962.031	-87916.528	0.052	152123.986	151694.995	0.282	170786.869	170786.615	0.000
59628.2	18272.159	18338.092	0.361	174892.679	174368.580	0.300	170754.552	170786.615	0.019
59628.3	117568.645	117551.057	0.015	130691.841	130086.265	0.463	170754.812	170786.615	0.019
59628.4	171763.894	171625.518	0.081	36454.378	35852.044	1.652	170722.046	170786.615	0.038
59628.5	160055.967	159797.388	0.162	-71680.282	-72149.026	0.654	170738.183	170786.615	0.028
59628.6	86867.785	86608.560	0.298	-152136.788	-152445.547	0.203	170754.225	170786.615	0.019
59628.7	-19702.097	-19837.144	0.685	-174062.122	-174204.406	0.082	170704.761	170786.615	0.048
59628.8	-118751.633	-118665.570	0.072	-128995.378	-129070.406	0.058	170704.650	170786.615	0.048
59628.9	-172251.430	-171927.530	0.188	-34214.957	-34374.580	0.467	170704.801	170786.615	0.048
59629.0	-159656.657	-159170.930	0.304	73914.636	73520.762	0.533	170705.176	170786.615	0.048
59629.1	-85766.235	-85724.648	0.048	153913.710	153450.829	0.301	170672.885	170705.389	0.019
59629.2	21105.009	21143.637	0.183	175048.571	174495.899	0.316	170640.566	170705.389	0.038
59629.3	119984.326	119892.964	0.076	129158.241	128536.180	0.482	170640.813	170705.389	0.038
59629.4	172811.135	172604.516	0.120	33788.344	33219.772	1.683	170640.798	170705.389	0.038
59629.5	159298.972	159037.552	0.164	-74391.576	-74852.717	0.620	170607.789	170705.389	0.057
59629.6	84653.118	84401.659	0.297	-153909.905	-154182.464	0.177	170607.437	170705.389	0.057
59629.7	-22552.517	-22643.680	0.404	-174214.170	-174307.590	0.054	170607.144	170705.389	0.058
59629.8	-121142.755	-120994.058	0.123	-127438.003	-127500.236	0.049	170623.432	170705.389	0.048
59629.9	-173265.872	-172883.852	0.220	-31544.642	-31733.986	0.600	170574.438	170705.389	0.077
59630.0	-158921.822	-158387.867	0.336	76701.616	76217.817	0.631	170574.821	170705.389	0.077
59630.1	-83546.101	-83498.365	0.057	155641.000	155176.049	0.299	170608.092	170575.022	0.019
59630.2	23945.661	23958.943	0.055	175161.283	174578.212	0.333	170559.370	170575.022	0.009
59630.3	122252.517	122216.241	0.030	127558.584	126943.978	0.482	170559.629	170575.022	0.009
59630.4	173701.785	173543.648	0.091	31159.715	30564.446	1.910	170559.602	170575.022	0.009
59630.5	158481.240	158231.921	0.157	-77068.660	-77551.546	0.627	170542.960	170575.022	0.019
59630.6	82418.182	82160.619	0.313	-155587.465	-155888.472	0.193	170509.846	170575.022	0.038
59630.7	-25344.807	-25459.590	0.453	-174249.565	-174365.685	0.067	170509.562	170575.022	0.038
59630.8	-123418.214	-123303.555	0.093	-125820.728	-125888.110	0.054	170509.480	170575.022	0.038
59630.9	-174212.819	-173800.111	0.237	-28870.457	-29070.681	0.694	170476.881	170575.022	0.058
59631.0	-158080.932	-157559.053	0.330	79366.961	78909.618	0.576	170477.279	170575.022	0.057
59631.1	-81286.065	-81242.174	0.054	157369.664	156903.473	0.296	170477.776	170493.852	0.009
59631.2	26768.191	26799.712	0.118	175209.429	174644.685	0.322	170478.216	170493.852	0.009
59631.3	124565.422	124550.760	0.012	125931.668	125323.975	0.483	170429.304	170493.852	0.038
59631.4	174642.992	174475.483	0.096	28470.704	27880.034	2.075	170445.657	170493.852	0.028
59631.5	157641.451	157403.257	0.151	-79764.317	-80269.579	0.633	170445.399	170493.852	0.028
59631.6	80150.357	79889.655	0.325	-157299.631	-157596.426	0.189	170412.292	170493.852	0.048
59631.7	-28161.551	-28300.826	0.495	-174269.758	-174407.723	0.079	170412.019	170493.852	0.048
59631.8	-125769.330	-125624.054	0.116	-124186.838	-124248.089	0.049	170395.555	170493.852	0.058
59631.9	-175032.804	-174708.824	0.185	-26220.806	-26378.353	0.601	170379.364	170493.852	0.067
59632.0	-157214.399	-156707.042	0.323	82052.949	81620.423	0.527	170379.772	170493.852	0.067
59632.1	-78999.193	-78966.365	0.042	159067.608	158501.938	0.356	170380.268	170396.325	0.009
59632.2	29576.778	29580.354	0.012	175188.534	174595.400	0.339	170364.323	170396.325	0.019
59632.3	126857.428	126768.494	0.070	124268.677	123645.865	0.501	170364.553	170396.325	0.019
59632.4	175484.904	175278.721	0.117	25788.945	25217.477	2.216	170364.512	170396.325	0.019
59632.5	156757.458	156483.561	0.175	-82452.927	-82894.186	0.535	170347.864	170396.325	0.028
59632.6	77853.169	77600.181	0.325	-158914.249	-159175.259	0.164	170314.755	170396.325	0.048
59632.7	-30987.980	-31080.941	0.300	-174243.036	-174334.524	0.053	170298.108	170396.325	0.058
59632.8	-127971.119	-127827.273	0.112	-122489.200	-122550.966	0.050	170314.439	170396.325	0.048
59632.9	-175872.618	-175489.131	0.218	-23523.954	-23708.986	0.787	170298.260	170396.325	0.058
59633.0	-156307.509	-155764.807	0.347	84729.787	84237.023	0.582	170282.293	170396.325	0.067
59633.1	-76689.742	-76652.752	0.048	160668.860	160166.876	0.312	170282.792	170282.455	0.000
59633.2	32411.408	32430.706	0.060	175150.240	174577.553	0.327	170283.223	170282.455	0.000
59633.3	129063.335	129061.077	0.002	122559.685	121952.086	0.496	170267.071	170282.455	0.009
59633.4	176288.908	176133.204	0.088	23092.045	22498.161	2.572	170267.016	170282.455	0.009
59633.5	155803.284	155571.832	0.149	-85073.498	-85594.847	0.613	170233.982	170282.455	0.028
59633.6	75532.061	75272.335	0.344	-160497.599	-160820.236	0.201	170233.635	170282.455	0.029
59633.7	-33792.935	-33931.034	0.409	-174153.148	-174292.162	0.080	170249.769	170282.455	0.019
59633.8	-130215.562	-130105.203	0.085	-120768.333	-120837.531	0.057	170216.961	170282.455	0.038
59633.9	-176672.272	-176320.194	0.199	-20807.708	-20982.421	0.840	170200.789	170282.455	0.048
59634.0	-155342.101	-154829.883	0.330	87369.475	86929.742	0.503	170201.222	170282.455	0.048
59634.1	-74358.489	-74316.020	0.057	162239.360	161734.401	0.311	170201.731	170201.363	0.000
59634.2	35202.264	35242.344	0.114	175024.820	174467.373	0.318	170185.771	170201.363	0.009
59634.3	131280.685	131267.979	0.010	120814.054	120206.510	0.503	170153.210	170201.363	0.028
59634.4	177055.777	176887.939	0.095	20382.239	19787.473	2.918	170169.544	170201.363	0.019
59634.5	154849.981	154584.589	0.171	-87773.194	-88229.768	0.520	170136.488	170201.363	0.038
59634.6	73181.690	72922.206	0.355	-162081.745	-162367.605	0.176	170136.155	170201.363	0.038
59634.7	-36626.221	-36741.621	0.315	-174042.383	-174157.803	0.066	170152.291	170201.363	0.029
59634.8	-132405.348	-132297.010	0.082	-119007.995	-119073.038	0.055	170152.267	170201.363	0.029
59634.9	-177436.220	-177051.587	0.217	-18081.543	-18265.342	1.017	170136.116	170201.363	0.038
59635.0	-154351.592	-153820.014	0.344	90027.997	89556.074	0.524	170120.163	170201.363	0.048
59635.1	-71981.661	-71949.891	0.044	163841.156	163302.570	0.329	170104.282	170120.292	0.009
59635.2	38022.370	38078.115	0.147	174877.499	174340.395	0.307	170104.701	170120.292	0.009
59635.3	133539.654	133484.482	0.041	119048.521	118433.143	0.517	170072.134	170120.292	0.028
59635.4	177751.809	177634.059	0.066	17666.841	17048.673	3.499	170072.069	170120.292	0.028
59635.5	153813.755	153573.822	0.156	-90373.599	-90882.327	0.563	170088.165	170120.292	0.019
59635.6	70807.273	70542.677	0.374	-163600.677	-163915.365	0.192	170087.832	170120.292	0.019
59635.7	-39437.529	-39576.194	0.352	-173867.799	-174006.440	0.080	170054.818	170120.292	0.039
59635.8	-134572.829	-134498.179	0.055	-117210.043	-117280.673	0.060	170038.422	170120.292	0.048
59635.9	-178158.570	-177774.123	0.216	-15335.206	-15520.226	1.207	170038.667	170120.292	0.048
59636.0	-153290.133	-152786.470	0.329	92617.828	92199.841	0.451	170055.489	170120.292	0.038
59636.1	-69612.636	-69558.279	0.078	165250.283	164805.023	0.269	170023.232	170039.214	0.009
59636.2	40866.612	40895.758	0.071	174712.936	174145.303	0.325	170007.252	170039.214	0.019
59636.3	135646.374	135646.207	0.000	117226.807	116615.420	0.522	169991.060	170039.214	0.028
59636.4	178437.140	178309.784	0.071	14920.584	14306.308	4.117	169990.970	170039.214	0.028
59636.5	152762.327	152504.076	0.169	-93023.369	-93496.292	0.508	169990.676	170039.214	0.029
59636.6	68402.263	68138.232	0.386	-165085.837	-165397.192	0.189	169973.957	170039.214	0.038
59636.7	-42275.470	-42392.055	0.276	-173672.724	-173787.121	0.066	169973.722	170039.214	0.039
59636.8	-136749.824	-136644.190	0.077	-115379.838	-115444.424	0.056	169957.335	170039.214	0.048
59636.9	-178755.088	-178426.236	0.184	-12620.793	-12772.151	1.199	169957.593	170039.214	0.048
59637.0	-152202.008	-151694.281	0.334	95226.191	94804.509	0.443	169941.650	170039.214	0.057
59637.1	-67205.941	-67156.461	0.074	166691.189	166210.845	0.288	169958.555	169958.130	0.000
59637.2	43689.173	43664.715	0.056	174483.597	173866.121	0.354	169909.793	169958.130	0.028
59637.3	137794.643	137719.050	0.055	115379.733	114758.436	0.538	169909.971	169958.130	0.028
59637.4	179055.521	178890.560	0.092	12177.961	11584.587	4.873	169926.255	169958.130	0.019
59637.5	151634.284	151369.772	0.174	-95570.011	-96037.634	0.489	169893.189	169958.130	0.038
59637.6	65982.312	65724.411	0.391	-166506.522	-166782.304	0.166	169909.229	169958.130	0.029
59637.7	-45041.328	-45158.509	0.260	-173370.201	-173484.133	0.066	169909.005	169958.130	0.029
59637.8	-138837.818	-138700.984	0.099	-113510.024	-113569.680	0.053	169892.628	169958.130	0.039
59637.9	-179399.011	-178983.582	0.232	-9846.049	-10045.535	2.026	169876.508	169958.130	0.048
59638.0	-151064.347	-150538.161	0.348	97791.155	97336.001	0.465	169860.578	169958.130	0.057
59638.1	-64756.719	-64715.303	0.064	168162.310	167647.412	0.306	169893.854	169877.036	0.010
59638.2	46441.068	46483.573	0.092	174145.085	173588.601	0.320	169861.473	169877.036	0.009
59638.3	139919.480	139833.193	0.062	113493.244	112873.395	0.546	169861.630	169877.036	0.009
59638.4	179633.350	179488.177	0.081	9420.164	8815.863	6.415	169845.134	169877.036	0.019
59638.5	150498.554	150221.384	0.184	-98197.341	-98626.878	0.437	169828.442	169877.036	0.029
59638.6	63527.647	63270.987	0.404	-167925.033	-168197.822	0.162	169828.104	169877.036	0.029
59638.7	-47858.363	-47974.876	0.243	-173067.345	-173182.379	0.066	169827.879	169877.036	0.029
59638.8	-140934.617	-140798.836	0.096	-111604.544	-111666.526	0.056	169811.514	169877.036	0.039
59638.9	-179944.932	-179557.363	0.215	-7087.934	-7271.774	2.594	169795.413	169877.036	0.048
59639.0	-149909.211	-149367.545	0.361	100405.418	99915.272	0.488	169812.253	169877.036	0.038
59639.1	-62301.512	-62246.471	0.088	169503.293	169049.614	0.268	169796.373	169795.925	0.000
59639.2	49291.790	49304.545	0.026	173851.250	173267.011	0.336	169780.372	169795.925	0.009
59639.3	141921.530	141923.078	0.001	111570.395	110951.500	0.555	169796.913	169795.925	0.001
59639.4	180227.549	180044.479	0.102	6615.583	6031.652	8.827	169764.008	169795.925	0.019
59639.5	149303.243	149030.488	0.183	-100749.004	-101204.293	0.452	169763.701	169795.925	0.019
59639.6	61047.530	60790.187	0.422	-169309.334	-169578.738	0.159	169763.356	169795.925	0.019
59639.7	-50648.948	-50792.977	0.284	-172703.006	-172836.538	0.077	169746.762	169795.925	0.029
59639.8	-143006.601	-142872.113	0.094	-109666.499	-109726.727	0.055	169746.789	169795.925	0.029
59639.9	-180452.281	-180089.697	0.201	-4318.947	-4482.881	3.796	169747.083	169795.925	0.029
59640.0	-148664.750	-148154.526	0.343	102885.350	102482.349	0.392	169731.165	169795.925	0.038
59640.1	-59809.451	-59765.081	0.074	170874.802	170387.016	0.285	169731.665	169747.595	0.009
59640.2	52066.562	52097.485	0.059	173452.916	172885.662	0.327	169748.427	169747.595	0.000
59640.3	143997.027	143955.105	0.029	109615.970	108997.834	0.564	169715.798	169747.595	0.019
59640.4	180698.923	180535.314	0.091	3851.434	3255.860	15.464	169715.660	169747.595	0.019
59640.5	148042.082	147791.654	0.169	-103227.026	-103736.334	0.493	169715.346	169747.595	0.019
59640.6	58560.616	58297.385	0.450	-170596.071	-170894.749	0.175	169682.232	169747.595	0.039
59640.7	-53439.951	-53582.534	0.267	-172295.327	-172431.181	0.079	169682.027	169747.595	0.039
59640.8	-144987.856	-144887.262	0.069	-107694.237	-107755.656	0.057	169682.074	169747.595	0.039
59640.9	-180944.596	-180556.639	0.214	-1516.128	-1702.970	12.324	169649.601	169747.595	0.058
59641.0	-147390.086	-146893.960	0.337	105383.085	105003.642	0.360	169682.846	169747.595	0.038
59641.1	-57299.848	-57274.753	0.044	172179.804	171626.182	0.322	169666.966	169666.497	0.000
59641.2	54842.159	54839.769	0.004	173010.538	172419.673	0.342	169650.951	169666.497	0.009
59641.3	145981.685	145896.333	0.058	107621.619	107005.625	0.572	169634.691	169666.497	0.019
59641.4	181128.432	180930.073	0.110	1072.987	502.420	53.176	169650.931	169666.497	0.009
59641.5	146754.306	146488.361	0.181	-105721.093	-106193.710	0.447	169650.621	169666.497	0.009
59641.6	56047.328	55796.491	0.448	-171847.238	-172112.450	0.154	169633.882	169666.497	0.019
59641.7	-56229.483	-56320.708	0.162	-171845.873	-171941.623	0.056	169617.311	169666.497	0.029
59641.8	-146943.489	-146811.284	0.090	-105688.185	-105746.824	0.055	169617.379	169666.497	0.029
59641.9	-181317.042	-180927.702	0.215	1240.631	1053.764	15.062	169617.685	169666.497	0.029
59642.0	-146103.924	-145569.579	0.366	107926.261	107449.716	0.442	169618.172	169666.497	0.028
59642.1	-54774.774	-54733.591	0.075	173418.297	172924.952	0.284	169602.286	169601.802	0.000
59642.2	57615.611	57658.243	0.074	172527.068	171971.893	0.322	169602.648	169601.802	0.000
59642.3	147940.276	147909.853	0.021	105593.236	104983.239	0.578	169602.754	169601.802	0.001
59642.4	181516.912	181365.465	0.083	-1717.480	-2317.995	34.965	169569.840	169601.802	0.019
59642.5	145430.673	145178.439	0.173	-108233.797	-108729.140	0.458	169569.516	169601.802	0.019
59642.6	53516.070	53244.253	0.508	-173064.878	-173389.315	0.187	169552.802	169601.802	0.029
59642.7	-58991.646	-59135.227	0.243	-171333.715	-171469.618	0.079	169569.004	169601.802	0.019
59642.8	-148905.694	-148807.334	0.066	-103642.306	-103707.195	0.063	169569.075	169601.802	0.019
59642.9	-181727.306	-181338.820	0.214	4068.007	3877.819	4.675	169536.632	169601.802	0.038
59643.0	-144759.956	-144237.898	0.361	110426.322	109973.787	0.410	169537.125	169601.802	0.038
59643.1	-52223.927	-52183.451	0.078	174620.763	174124.166	0.284	169537.624	169553.511	0.009
59643.2	60386.277	60425.317	0.065	172002.620	171438.382	0.328	169521.612	169553.511	0.019
59643.3	149839.607	149831.329	0.006	103541.986	102921.866	0.599	169521.716	169553.511	0.019
59643.4	181865.287	181703.515	0.089	-4517.825	-5115.681	13.233	169505.162	169553.511	0.029
59643.5	144062.014	143803.255	0.180	-110698.515	-111188.855	0.443	169521.219	169553.511	0.019
59643.6	50946.664	50683.893	0.516	-174276.453	-174566.551	0.166	169520.886	169553.511	0.019
59643.7	-61778.559	-61897.609	0.193	-170797.666	-170912.327	0.067	169504.337	169553.511	0.029
59643.8	-150841.056	-150711.009	0.086	-101566.222	-101629.372	0.062	169504.419	169553.511	0.029
59643.9	-181992.019	-181652.794	0.186	6827.261	6678.310	2.182	169488.384	169553.511	0.038
59644.0	-143360.140	-142841.609	0.362	112847.525	112421.583	0.377	169505.271	169553.511	0.028
59644.1	-49653.557	-49613.948	0.080	175788.726	175288.772	0.284	169489.386	169488.868	0.000
59644.2	63103.141	63187.645	0.134	171394.938	170865.499	0.309	169506.129	169488.868	0.010
59644.3	151777.413	151725.774	0.034	101448.337	100831.477	0.608	169457.067	169488.868	0.019
59644.4	182197.991	182002.629	0.107	-7349.282	-7920.888	7.778	169473.275	169488.868	0.009
59644.5	142658.569	142392.180	0.187	-113180.204	-113631.706	0.399	169456.553	169488.868	0.019
59644.6	48364.497	48104.468	0.538	-175420.667	-175709.014	0.164	169456.235	169488.868	0.019
59644.7	-64508.969	-64654.908	0.226	-170181.429	-170315.707	0.079	169439.694	169488.868	0.029
59644.8	-152683.661	-152587.406	0.063	-99460.665	-99522.766	0.062	169456.185	169488.868	0.019
59644.9	-182293.830	-181927.770	0.201	9656.295	9485.985	1.764	169456.542	169488.868	0.019
59645.0	-141926.567	-141409.575	0.364	115285.354	114852.206	0.376	169457.050	169488.868	0.019
59645.1	-47083.235	-47044.507	0.082	176859.172	176355.715	0.285	169424.791	169457.025	0.019
59645.2	65897.896	65892.383	0.008	170800.452	170213.741	0.344	169425.129	169457.025	0.019
59645.3	153621.998	153527.215	0.062	99321.495	98711.286	0.614	169441.591	169457.025	0.009
59645.4	182384.859	182209.036	0.096	-10111.409	-10695.377	5.775	169408.650	169457.025	0.029
59645.5	141194.454	140924.295	0.191	-115549.324	-115995.116	0.386	169424.701	169457.025	0.019
59645.6	45769.621	45525.945	0.532	-176496.910	-176753.818	0.146	169407.985	169457.025	0.029
59645.7	-67262.937	-67353.941	0.135	-169541.134	-169640.710	0.059	169391.463	169457.025	0.039
59645.8	-154498.414	-154370.544	0.083	-97321.641	-97387.160	0.067	169391.582	169457.025	0.039
59645.9	-182528.003	-182110.306	0.229	12475.431	12262.147	1.710	169391.956	169457.025	0.038
59646.0	-140442.776	-139921.417	0.371	117641.767	117202.905	0.373	169408.866	169457.025	0.028
59646.1	-44476.627	-44428.947	0.107	177922.826	177447.044	0.267	169409.360	169392.427	0.010
59646.2	68604.666	68648.753	0.064	170112.820	169554.515	0.328	169376.936	169392.427	0.009
59646.3	155438.546	155365.974	0.047	97165.210	96554.641	0.628	169393.375	169392.427	0.001
59646.4	182605.987	182424.118	0.100	-12945.228	-13521.310	4.450	169376.801	169392.427	0.009
59646.5	139700.928	139433.111	0.192	-117966.633	-118405.204	0.372	169376.464	169392.427	0.009
59646.6	43155.659	42901.095	0.590	-177537.220	-177822.610	0.161	169376.147	169392.427	0.010
59646.7	-69987.284	-70104.538	0.168	-168837.232	-168957.801	0.071	169343.242	169392.427	0.029
59646.8	-156317.392	-156190.686	0.081	-95146.992	-95214.779	0.071	169359.761	169392.427	0.019
59646.9	-182691.302	-182301.075	0.214	15287.573	15089.825	1.294	169360.143	169392.427	0.019
59647.0	-138929.235	-138409.560	0.374	120046.398	119600.078	0.372	169344.289	169392.427	0.028
59647.1	-41840.456	-41791.453	0.117	178981.714	178501.234	0.268	169344.796	169360.614	0.009
59647.2	71394.462	71400.964	0.009	169428.425	168852.357	0.340	169345.112	169360.614	0.009
59647.3	157258.987	157176.079	0.053	94972.985	94365.758	0.639	169345.165	169360.614	0.009
59647.4	182737.847	182597.054	0.077	-15742.287	-16356.408	3.901	169344.979	169360.614	0.009
59647.5	138149.527	137902.471	0.179	-120269.619	-120797.867	0.439	169328.250	169360.614	0.019
59647.6	40521.198	40254.632	0.658	-178540.541	-178854.077	0.176	169344.316	169360.614	0.010
59647.7	-72677.185	-72850.608	0.239	-168076.266	-168231.998	0.093	169311.422	169360.614	0.029
59647.8	-158107.598	-157981.898	0.080	-92942.483	-93010.409	0.073	169327.954	169360.614	0.019
59647.9	-182792.518	-182449.620	0.188	18081.361	17926.306	0.858	169328.352	169360.614	0.019
59648.0	-137385.457	-136858.398	0.384	122464.871	121979.487	0.396	169312.492	169360.614	0.028
59648.1	-39203.191	-39169.885	0.085	179940.703	179426.942	0.286	169296.616	169312.425	0.009
59648.2	74034.626	74064.608	0.040	168624.044	168055.768	0.337	169329.710	169312.425	0.010
59648.3	158919.926	158858.985	0.038	92763.676	92152.755	0.659	169329.744	169312.425	0.010
59648.4	182800.229	182653.001	0.081	-18529.054	-19136.053	3.276	169313.154	169312.425	0.000
59648.5	136573.820	136309.977	0.193	-122618.249	-123076.795	0.374	169296.419	169312.425	0.009
59648.6	37849.703	37625.199	0.593	-179534.807	-179757.202	0.124	169296.098	169312.425	0.010
59648.7	-75388.054	-75507.302	0.158	-167292.451	-167412.528	0.072	169295.995	169312.425	0.010
59648.8	-159770.434	-159645.708	0.078	-90714.966	-90783.013	0.075	169279.766	169312.425	0.019
59648.9	-182874.437	-182481.658	0.215	20906.818	20706.329	0.959	169296.553	169312.425	0.009
59649.0	-135774.933	-135246.361	0.389	124736.973	124244.634	0.395	169297.090	169312.425	0.009
59649.1	-36533.377	-36505.259	0.077	180892.486	180376.554	0.285	169297.588	169280.624	0.010
59649.2	76729.387	76777.126	0.062	167803.977	167253.125	0.328	169281.516	169280.624	0.001
59649.3	160681.578	160577.815	0.065	90510.090	89906.064	0.667	169265.157	169280.624	0.009
59649.4	182870.219	182718.128	0.083	-21365.722	-21964.082	2.801	169281.324	169280.624	0.000
59649.5	134962.396	134696.392	0.197	-124980.810	-125400.228	0.336	169248.196	169280.624	0.019
59649.6	35190.875	34952.504	0.677	-180433.910	-180683.861	0.139	169280.664	169280.624	0.000
59649.7	-78093.486	-78212.817	0.153	-166465.023	-166586.585	0.073	169247.794	169280.624	0.019
59649.8	-161468.683	-161345.150	0.077	-88451.438	-88521.622	0.079	169247.961	169280.624	0.019
59649.9	-182889.277	-182522.458	0.201	23718.068	23534.814	0.773	169248.369	169280.624	0.019
59650.0	-134130.869	-133612.852	0.386	127022.503	126554.102	0.369	169248.911	169280.624	0.019
59650.1	-33844.233	-33799.797	0.131	181806.503	181314.451	0.271	169249.407	169248.801	0.000
59650.2	79442.813	79515.739	0.092	166963.780	166416.957	0.328	169233.333	169248.801	0.009
59650.3	162315.512	162297.976	0.011	88238.193	87616.912	0.704	169249.729	169248.801	0.001
59650.4	182872.918	182759.312	0.062	-24187.721	-24827.206	2.644	169249.489	169248.801	0.000
59650.5	133290.760	133042.785	0.186	-127194.499	-127737.910	0.427	169249.131	169248.801	0.000
59650.6	32506.690	32239.076	0.823	-181291.922	-181598.454	0.169	169248.823	169248.801	0.000
59650.7	-80794.769	-80944.137	0.185	-165590.202	-165726.893	0.083	169232.341	169248.801	0.010
59650.8	-163136.584	-163045.559	0.056	-86158.205	-86217.759	0.069	169216.145	169248.801	0.019
59650.9	-182887.673	-182539.015	0.191	26556.117	26398.186	0.595	169249.334	169248.801	0.000
59651.0	-132454.216	-131939.201	0.389	129287.372	128877.476	0.317	169217.115	169248.801	0.019
59651.1	-31148.842	-31121.970	0.086	182652.077	182127.249	0.287	169233.981	169233.369	0.000
59651.2	82124.834	82158.316	0.041	166057.296	165495.990	0.338	169217.886	169233.369	0.009
59651.3	163918.199	163890.580	0.017	85932.705	85315.823	0.718	169217.896	169233.369	0.009
59651.4	182835.443	182690.397	0.079	-27013.297	-27624.821	2.264	169201.267	169233.369	0.019
59651.5	131596.517	131338.814	0.196	-129485.048	-129957.792	0.365	169200.896	169233.369	0.019
59651.6	29803.244	29554.357	0.835	-182110.895	-182388.190	0.152	169233.358	169233.369	0.000
59651.7	-83458.055	-83578.695	0.145	-164660.357	-164783.232	0.075	169216.893	169233.369	0.010
59651.8	-164739.683	-164618.312	0.074	-83830.729	-83903.057	0.086	169184.305	169233.369	0.029
59651.9	-182817.966	-182446.040	0.203	29379.328	29195.105	0.627	169201.132	169233.369	0.019
59652.0	-130736.045	-130216.199	0.398	131565.790	131082.620	0.367	169185.289	169233.369	0.028
59652.1	-28462.672	-28409.216	0.188	183399.557	182929.682	0.256	169185.781	169185.155	0.000
59652.2	84797.404	84823.010	0.030	165111.486	164546.070	0.342	169202.440	169185.155	0.010
59652.3	165521.880	165483.994	0.023	83592.547	82978.310	0.735	169202.433	169185.155	0.010
59652.4	182753.225	182600.676	0.083	-29846.337	-30452.344	2.030	169202.182	169185.155	0.010
59652.5	129859.418	129600.410	0.199	-131689.218	-132189.583	0.380	169201.814	169185.155	0.010
59652.6	27100.141	26834.801	0.979	-182863.423	-183167.262	0.166	169185.125	169185.155	0.000
59652.7	-86112.394	-86235.120	0.143	-163689.623	-163810.428	0.074	169185.048	169185.155	0.000
59652.8	-166280.823	-166191.563	0.054	-81491.204	-81551.926	0.075	169201.634	169185.155	0.010
59652.9	-182727.774	-182332.004	0.217	32231.789	32021.752	0.652	169185.685	169185.155	0.000
59653.0	-128980.201	-128458.664	0.404	133790.061	133299.377	0.367	169169.848	169185.155	0.009
59653.1	-25718.470	-25681.488	0.144	184197.973	183694.523	0.273	169170.341	169169.705	0.000
59653.2	87431.309	87477.652	0.053	164110.507	163556.953	0.337	169170.604	169169.705	0.001
59653.3	167061.691	167046.194	0.009	81230.587	80615.047	0.758	169170.584	169169.705	0.001
59653.4	182626.142	182470.563	0.085	-32685.930	-33282.282	1.824	169137.545	169169.705	0.019
59653.5	128085.453	127827.946	0.201	-133937.991	-134399.527	0.345	169169.936	169169.705	0.000
59653.6	24378.033	24100.596	1.138	-183575.763	-183908.613	0.181	169153.257	169169.705	0.010
59653.7	-88760.690	-88881.157	0.136	-162670.570	-162798.515	0.079	169169.566	169169.705	0.000
59653.8	-167821.190	-167733.378	0.052	-79111.139	-79175.314	0.081	169153.402	169169.705	0.010
59653.9	-182529.617	-182177.555	0.193	35015.017	34850.466	0.470	169170.241	169169.705	0.000
59654.0	-127178.685	-126667.258	0.402	135927.774	135493.993	0.319	169170.789	169169.705	0.001
59654.1	-22999.777	-22950.069	0.216	184868.490	184390.027	0.259	169154.892	169137.860	0.010
59654.2	90026.119	90094.426	0.076	163054.014	162509.638	0.334	169155.149	169137.860	0.010
59654.3	168633.383	168543.506	0.053	78827.104	78227.070	0.761	169138.722	169137.860	0.001
59654.4	182414.116	182273.459	0.077	-35478.963	-36093.959	1.733	169154.836	169137.860	0.010
59654.5	126260.734	126012.113	0.197	-136001.148	-136555.246	0.407	169154.461	169137.860	0.010
59654.6	21606.648	21363.297	1.126	-184305.302	-184580.599	0.149	169137.771	169137.860	0.000
59654.7	-91396.104	-91488.826	0.101	-161616.197	-161728.732	0.070	169154.099	169137.860	0.010
59654.8	-169297.625	-169210.096	0.052	-76712.859	-76774.548	0.080	169137.946	169137.860	0.000
59654.9	-182330.328	-181956.276	0.205	37852.616	37660.343	0.508	169154.783	169137.860	0.010
59655.0	-125341.694	-124832.951	0.406	138043.099	137634.015	0.296	169155.346	169137.860	0.010
59655.1	-20265.484	-20200.388	0.321	185499.888	185044.763	0.245	169155.824	169138.775	0.010
59655.2	92671.401	92701.936	0.033	161980.975	161418.621	0.347	169139.684	169138.775	0.001
59655.3	170044.256	170007.585	0.022	76423.910	75809.241	0.804	169139.640	169138.775	0.001
59655.4	182178.524	182031.916	0.080	-38301.737	-38910.176	1.589	169155.732	169138.775	0.010
59655.5	124411.673	124157.696	0.204	-138204.891	-138688.451	0.350	169122.577	169138.775	0.010
59655.6	18867.658	18608.086	1.376	-184909.292	-185211.661	0.164	169155.056	169138.775	0.010
59655.7	-93962.825	-94086.856	0.132	-160489.733	-160615.328	0.078	169138.625	169138.775	0.000
59655.8	-170771.228	-170653.326	0.069	-74271.683	-74344.216	0.098	169122.475	169138.775	0.010
59655.9	-182049.113	-181690.519	0.197	40640.163	40474.379	0.408	169122.962	169138.775	0.009
59656.0	-123476.879	-122960.256	0.418	140200.585	139751.192	0.321	169139.904	169138.775	0.001
59656.1	-17500.896	-17436.590	0.367	186120.902	185660.421	0.247	169140.382	169156.085	0.009
59656.2	95275.377	95297.829	0.024	160854.361	160287.712	0.352	169124.229	169156.085	0.019
59656.3	171454.168	171438.774	0.009	73987.693	73366.023	0.840	169140.564	169156.085	0.009
59656.4	181943.716	181748.837	0.107	-41175.544	-41727.531	1.341	169123.872	169156.085	0.019
59656.5	122524.834	122269.050	0.209	-140286.597	-140798.104	0.365	169123.496	169156.085	0.019
59656.6	16100.452	15839.094	1.623	-185503.549	-185803.525	0.162	169123.207	169156.085	0.019
59656.7	-96547.474	-96672.926	0.130	-159336.858	-159462.134	0.079	169123.170	169156.085	0.019
59656.8	-172181.560	-172063.449	0.069	-71820.234	-71888.778	0.095	169123.420	169156.085	0.019
59656.9	-181738.946	-181383.220	0.196	43461.054	43289.194	0.395	169107.518	169156.085	0.029
59657.0	-121562.208	-121053.535	0.418	142237.044	141844.522	0.276	169124.474	169156.085	0.019
59657.1	-14682.286	-14655.841	0.180	186754.751	186234.612	0.279	169141.324	169124.254	0.010
59657.2	97868.807	97882.986	0.014	159684.012	159113.309	0.357	169125.173	169124.254	0.001
59657.3	172892.433	172835.664	0.033	71503.122	70893.988	0.852	169108.721	169124.254	0.009
59657.4	181580.623	181421.067	0.088	-43951.369	-44547.960	1.357	169124.804	169124.254	0.000
59657.5	120602.689	120342.480	0.216	-142409.930	-142883.910	0.333	169124.419	169124.254	0.000
59657.6	13314.809	13053.510	1.962	-186054.975	-186353.777	0.161	169107.751	169124.254	0.010
59657.7	-99152.347	-99247.886	0.096	-158150.325	-158265.540	0.073	169124.108	169124.254	0.000
59657.8	-173493.137	-173439.024	0.031	-69353.201	-69404.820	0.074	169108.002	169124.254	0.010
59657.9	-181413.915	-181031.203	0.211	46302.522	46106.701	0.423	169141.267	169124.254	0.010
59658.0	-119622.213	-119109.096	0.429	144379.932	143913.681	0.323	169125.444	169124.254	0.001
59658.1	-11924.150	-11896.367	0.233	187240.471	186713.180	0.282	169109.548	169108.837	0.000
59658.2	100357.424	100394.615	0.037	158439.282	157874.179	0.357	169109.769	169108.837	0.001
59658.3	174202.777	174135.006	0.039	69022.952	68412.973	0.884	169126.073	169108.837	0.010
59658.4	181216.428	181009.187	0.114	-46778.346	-47318.173	1.154	169125.757	169108.837	0.010
59658.5	118636.926	118377.536	0.219	-144443.288	-144879.585	0.302	169108.984	169108.837	0.000
59658.6	10534.729	10290.022	2.323	-186539.222	-186808.594	0.144	169125.104	169108.837	0.010
59658.7	-101620.480	-101748.765	0.126	-156880.004	-157004.854	0.080	169125.089	169108.837	0.010
59658.8	-174865.774	-174716.980	0.085	-66836.959	-66912.721	0.113	169108.986	169108.837	0.000
59658.9	-180999.711	-180595.512	0.223	49097.743	48873.269	0.457	169142.266	169108.837	0.020
59659.0	-117646.388	-117127.060	0.441	146366.923	145892.382	0.324	169110.082	169108.837	0.001
59659.1	-9128.161	-9092.741	0.388	187708.838	187209.398	0.266	169143.314	169109.835	0.020
59659.2	102925.533	102952.317	0.026	157187.064	156623.296	0.359	169094.382	169109.835	0.009
59659.3	175541.752	175464.651	0.044	66500.151	65895.317	0.910	169110.683	169109.835	0.001
59659.4	180748.864	180600.204	0.082	-49527.777	-50135.846	1.228	169126.744	169109.835	0.010
59659.5	116642.845	116386.971	0.219	-146451.006	-146915.315	0.317	169109.969	169109.835	0.000
59659.6	7741.801	7482.232	3.353	-186982.775	-187280.679	0.159	169142.479	169109.835	0.019
59659.7	-104198.828	-104295.614	0.093	-155612.357	-155732.018	0.077	169126.086	169109.835	0.010
59659.8	-176141.029	-176024.921	0.066	-64314.985	-64383.722	0.107	169110.011	169109.835	0.000
59659.9	-180526.537	-180162.309	0.202	51863.801	51687.320	0.340	169110.534	169109.835	0.000
59660.0	-115634.181	-115119.059	0.445	148394.250	147910.915	0.326	169127.502	169109.835	0.010
59660.1	-6324.557	-6268.723	0.883	188139.918	187659.543	0.255	169127.968	169127.235	0.000
59660.2	105449.276	105499.352	0.047	155882.657	155323.172	0.359	169128.172	169127.235	0.001
59660.3	176750.415	176756.665	0.004	63977.162	63344.158	0.989	169111.698	169127.235	0.009
59660.4	180279.099	180141.075	0.077	-52327.817	-52958.418	1.205	169127.752	169127.235	0.000
59660.5	114612.400	114353.001	0.226	-148400.103	-148925.458	0.354	169110.978	169127.235	0.010
59660.6	4954.155	4654.446	6.050	-187357.596	-187706.518	0.186	169127.107	169127.235	0.000
59660.7	-106700.099	-106831.372	0.123	-154285.813	-154410.035	0.081	169110.734	169127.235	0.010
59660.8	-177381.193	-177294.945	0.049	-61768.717	-61821.545	0.086	169127.440	169127.235	0.000
59660.9	-180008.217	-179678.921	0.183	54630.682	54505.838	0.229	169127.969	169127.235	0.000
59661.0	-113585.093	-113067.875	0.455	150330.108	149903.491	0.284	169112.172	169127.235	0.009
59661.1	-3524.707	-3478.839	1.301	188501.105	188021.066	0.255	169145.398	169128.285	0.010
59661.2	107926.767	107966.592	0.037	154529.904	153971.551	0.361	169112.837	169128.285	0.009
59661.3	177955.895	177953.864	0.001	61423.587	60798.404	1.018	169145.495	169128.285	0.010
59661.4	179747.331	179608.520	0.077	-55099.772	-55720.760	1.127	169145.159	169128.285	0.010
59661.5	112550.869	112295.188	0.227	-150355.484	-150843.675	0.325	169128.386	169128.285	0.000
59661.6	2101.803	1861.556	11.430	-187774.147	-188044.033	0.144	169128.135	169128.285	0.000
59661.7	-109155.348	-109286.895	0.121	-152909.320	-153037.244	0.084	169160.934	169128.285	0.019
59661.8	-178584.512	-178470.204	0.064	-59194.807	-59265.588	0.120	169128.485	169128.285	0.000
59661.9	-179507.703	-179122.627	0.215	57473.403	57263.498	0.365	169112.645	169128.285	0.009
59662.0	-111504.053	-110993.640	0.458	152304.958	151803.938	0.329	169146.000	169128.285	0.010
59662.1	-719.077	-650.232	9.574	188825.293	188361.927	0.245	169146.467	169129.326	0.010
59662.2	110358.216	110452.947	0.086	153126.443	152580.421	0.357	169146.653	169129.326	0.010
59662.3	179125.802	179143.229	0.010	58847.338	58209.464	1.084	169162.915	169129.326	0.020
59662.4	179190.288	179044.191	0.082	-57897.194	-58513.382	1.064	169146.180	169129.326	0.010
59662.5	110451.792	110193.862	0.234	-152283.742	-152767.638	0.318	169113.017	169129.326	0.010
59662.6	-686.549	-969.878	41.269	-188041.756	-188360.552	0.170	169145.553	169129.326	0.010
59662.7	-111626.881	-111761.193	0.120	-151501.167	-151624.780	0.082	169129.205	169129.326	0.000
59662.8	-179722.328	-179637.258	0.047	-56612.651	-56666.514	0.095	169129.540	169129.326	0.000
59662.9	-178885.840	-178534.300	0.197	60208.774	60051.163	0.262	169146.469	169129.326	0.010
59663.0	-109395.561	-108875.844	0.475	154121.802	153709.756	0.267	169147.070	169129.326	0.010
59663.1	2079.769	2143.836	3.081	189080.370	188613.341	0.247	169163.907	169146.761	0.010
59663.2	112836.482	112858.694	0.020	151702.659	151137.366	0.373	169147.693	169146.761	0.001
59663.3	180229.016	180236.871	0.004	56260.338	55626.060	1.127	169163.947	169146.761	0.010
59663.4	178557.368	178405.779	0.085	-60634.921	-61245.132	1.006	169147.203	169146.761	0.000
59663.5	108325.027	108068.540	0.237	-154151.744	-154598.767	0.290	169146.800	169146.761	0.000
59663.6	-3527.813	-3766.005	6.752	-188317.502	-188587.925	0.144	169146.559	169146.761	0.000
59663.7	-114051.808	-114154.440	0.090	-150040.432	-150161.087	0.080	169162.991	169146.761	0.010
59663.8	-180822.632	-180708.640	0.063	-54004.818	-54073.799	0.128	169163.338	169146.761	0.010
59663.9	-178226.371	-177872.416	0.199	62937.607	62777.321	0.255	169147.518	169146.761	0.000
59664.0	-107249.654	-106734.851	0.480	155976.430	155522.538	0.291	169180.880	169146.761	0.020
59664.1	4906.405	4948.094	0.850	189321.683	188823.010	0.263	169148.566	169164.178	0.009
59664.2	115235.605	115248.079	0.011	150220.178	149654.578	0.377	169165.096	169164.178	0.001
59664.3	181386.956	181293.883	0.051	53614.781	53020.192	1.109	169181.330	169164.178	0.010
59664.4	177900.712	177724.534	0.099	-63395.801	-63973.451	0.911	169180.973	169164.178	0.010
59664.5	106162.444	105910.631	0.237	-155991.403	-156401.889	0.263	169180.558	169164.178	0.010
59664.6	-6333.907	-6571.962	3.758	-188503.246	-188773.467	0.143	169180.327	169164.178	0.010
59664.7	-116458.558	-116530.983	0.062	-148545.010	-148657.803	0.076	169163.998	169164.178	0.000
59664.8	-181918.330	-181743.199	0.096	-51367.368	-51458.937	0.178	169164.361	169164.178	0.000
59664.9	-177560.505	-177167.730	0.221	65717.310	65499.680	0.331	169181.315	169164.178	0.010
59665.0	-105072.234	-104561.513	0.486	157802.853	157307.033	0.314	169181.900	169164.178	0.010
59665.1	7748.452	7784.619	0.467	189516.251	189014.326	0.265	169198.718	169181.563	0.010
59665.2	117648.064	117652.724	0.004	148711.622	148137.951	0.386	169198.872	169181.563	0.010
59665.3	182417.079	182343.286	0.040	50985.294	50377.990	1.191	169198.710	169181.563	0.010
59665.4	177194.878	177015.735	0.101	-66156.366	-66726.646	0.862	169181.940	169181.563	0.000
59665.5	103975.280	103715.802	0.250	-157769.961	-158208.876	0.278	169181.541	169181.563	0.000
59665.6	-9167.377	-9410.028	2.647	-188674.281	-188940.380	0.141	169214.079	169181.563	0.019
59665.7	-118815.771	-118922.495	0.090	-147003.519	-147120.550	0.080	169197.756	169181.563	0.010
59665.8	-182916.364	-182769.838	0.080	-48733.525	-48807.807	0.152	169198.130	169181.563	0.010
59665.9	-176816.139	-176435.277	0.215	68437.682	68246.676	0.279	169215.091	169181.563	0.020
59666.0	-102872.557	-102351.223	0.507	159568.439	159095.075	0.297	169215.689	169181.563	0.020
59666.1	10592.508	10623.193	0.290	189674.458	189169.213	0.266	169199.722	169231.718	0.019
59666.2	120043.650	120037.561	0.005	147160.464	146590.680	0.387	169199.852	169231.718	0.019
59666.3	183379.521	183358.631	0.011	48347.303	47722.700	1.292	169183.299	169231.718	0.029
59666.4	176433.456	176271.705	0.092	-68881.207	-69470.350	0.855	169215.668	169231.718	0.009
59666.5	101756.108	101498.097	0.254	-159519.239	-159987.436	0.294	169215.268	169231.718	0.010
59666.6	-12013.247	-12249.829	1.969	-188799.498	-189070.847	0.144	169215.034	169231.718	0.010
59666.7	-121186.494	-121293.935	0.089	-145431.693	-145552.825	0.083	169231.501	169231.718	0.000
59666.8	-183935.839	-183762.308	0.094	-46050.122	-46143.882	0.204	169231.879	169231.718	0.000
59666.9	-176043.481	-175667.676	0.213	71182.378	70983.879	0.279	169232.456	169231.718	0.000
59667.0	-100623.976	-100118.304	0.503	161368.908	160854.496	0.319	169216.660	169231.718	0.009
59667.1	13425.457	13450.473	0.186	189763.767	189255.309	0.268	169217.089	169249.079	0.019
59667.2	122388.648	122372.742	0.013	145564.058	144994.480	0.391	169233.593	169249.079	0.009
59667.3	184363.102	184305.025	0.032	45660.240	45057.130	1.321	169233.402	169249.079	0.009
59667.4	175630.621	175465.906	0.094	-71599.505	-72181.736	0.813	169249.387	169249.079	0.000
59667.5	99505.356	99249.524	0.257	-161238.621	-161703.491	0.288	169248.985	169249.079	0.000
59667.6	-14844.039	-15077.745	1.574	-188858.443	-189132.622	0.145	169232.368	169249.079	0.010
59667.7	-123506.581	-123615.301	0.088	-143813.296	-143936.598	0.086	169265.231	169249.079	0.010
59667.8	-184827.038	-184685.740	0.076	-43385.493	-43470.270	0.195	169249.237	169249.079	0.000
59667.9	-175214.504	-174838.586	0.215	73891.160	73688.234	0.275	169249.824	169249.079	0.000
59668.0	-98369.991	-97855.054	0.523	163010.396	162551.147	0.282	169266.815	169249.079	0.010
59668.1	16287.159	16310.862	0.146	189835.531	189319.721	0.272	169250.840	169266.428	0.009
59668.2	124714.664	124721.900	0.006	143928.343	143361.252	0.394	169283.709	169266.428	0.010
59668.3	185280.589	185240.897	0.021	42971.273	42353.407	1.438	169283.512	169266.428	0.010
59668.4	174784.562	174629.126	0.089	-74311.608	-74917.750	0.816	169283.106	169266.428	0.010
59668.5	97221.376	96961.407	0.267	-162927.217	-163421.193	0.303	169282.695	169266.428	0.010
59668.6	-17679.084	-17938.583	1.468	-188877.149	-189172.429	0.156	169282.483	169266.428	0.009
59668.7	-125775.354	-125950.325	0.139	-142148.136	-142283.226	0.095	169298.963	169266.428	0.019
59668.8	-185711.308	-185598.323	0.061	-40691.218	-40758.598	0.166	169282.985	169266.428	0.010
59668.9	-174317.041	-173978.305	0.194	76532.833	76416.950	0.151	169316.367	169266.428	0.029
59669.0	-96071.895	-95552.248	0.541	164685.830	164249.106	0.265	169300.572	169266.428	0.020
59669.1	19091.317	19130.433	0.205	189790.089	189296.023	0.260	169284.590	169300.177	0.009
59669.2	126956.047	126986.164	0.024	142244.501	141680.880	0.396	169317.463	169300.177	0.010
59669.3	186070.177	186080.398	0.005	40304.145	39661.608	1.594	169317.255	169300.177	0.010
59669.4	173880.083	173721.504	0.091	-76987.744	-77587.350	0.779	169316.833	169300.177	0.010
59669.5	94912.626	94655.180	0.271	-164585.530	-165043.493	0.278	169332.813	169300.177	0.019
59669.6	-20494.770	-20757.845	1.284	-188832.238	-189124.482	0.155	169332.612	169300.177	0.019
59669.7	-128055.103	-128200.053	0.113	-140456.648	-140583.442	0.090	169332.720	169300.177	0.019
59669.8	-186499.043	-186414.642	0.045	-38008.840	-38059.678	0.134	169316.757	169300.177	0.010
59669.9	-173416.119	-173047.755	0.212	79257.716	79078.645	0.226	169317.363	169300.177	0.010
59670.0	-93746.234	-93232.153	0.548	166297.409	165851.510	0.268	169334.341	169300.177	0.020
59670.1	21920.652	21957.010	0.166	189728.799	189228.342	0.264	169334.748	169333.932	0.000
59670.2	129209.450	129230.175	0.016	140526.930	139960.843	0.403	169351.223	169333.932	0.010
59670.3	186908.236	186880.164	0.015	37573.659	36949.692	1.661	169334.616	169333.932	0.000
59670.4	172964.421	172769.922	0.112	-79713.447	-80249.794	0.673	169350.578	169333.932	0.010
59670.5	92571.443	92317.650	0.274	-166211.927	-166634.112	0.254	169366.559	169333.932	0.019
59670.6	-23321.366	-23583.735	1.125	-188738.975	-189032.492	0.156	169349.977	169333.932	0.009
59670.7	-130314.771	-130429.187	0.088	-138722.595	-138844.167	0.088	169350.098	169333.932	0.010
59670.8	-187335.344	-187191.053	0.077	-35263.506	-35340.984	0.220	169366.925	169333.932	0.019
59670.9	-172460.207	-172073.310	0.224	81944.034	81732.806	0.258	169383.923	169333.932	0.030
59671.0	-91391.726	-90881.028	0.559	167910.666	167421.965	0.291	169368.139	169333.932	0.020
59671.1	24756.455	24787.054	0.124	189623.293	189119.305	0.266	169368.536	169384.097	0.009
59671.2	131376.700	131452.622	0.058	138762.889	138205.346	0.402	169385.005	169384.097	0.001
59671.3	187707.311	187641.615	0.035	34826.071	34221.830	1.735	169384.767	169384.097	0.000
59671.4	171958.302	171777.987	0.105	-82344.475	-82902.548	0.678	169400.721	169384.097	0.010
59671.5	90206.238	89953.222	0.280	-167740.533	-168193.125	0.270	169367.547	169384.097	0.010
59671.6	-26149.566	-26412.737	1.006	-188605.675	-188899.118	0.156	169400.134	169384.097	0.009
59671.7	-132519.949	-132636.453	0.088	-136949.993	-137069.620	0.087	169416.663	169384.097	0.019
59671.8	-188072.909	-187929.014	0.077	-32528.522	-32606.674	0.240	169417.113	169384.097	0.019
59671.9	-171447.371	-171058.595	0.227	84592.148	84376.930	0.254	169417.741	169384.097	0.020
59672.0	-89017.808	-88503.280	0.578	169426.995	168960.584	0.275	169401.956	169384.097	0.011
59672.1	27571.298	27642.556	0.258	189453.890	188992.609	0.243	169451.500	169417.908	0.020
59672.2	133619.648	133685.235	0.049	136973.254	136420.581	0.403	169418.797	169417.908	0.001
59672.3	188435.532	188394.036	0.022	32072.688	31464.330	1.897	169418.547	169417.908	0.000
59672.4	170899.053	170761.294	0.081	-84934.786	-85573.930	0.753	169467.277	169417.908	0.029
59672.5	87808.438	87557.815	0.285	-169302.361	-169752.602	0.266	169450.487	169417.908	0.019
59672.6	-28984.326	-29267.044	0.975	-188426.308	-188747.867	0.171	169433.924	169417.908	0.009
59672.7	-134703.174	-134853.632	0.112	-135138.445	-135265.719	0.094	169434.086	169417.908	0.010
59672.8	-188768.696	-188657.690	0.059	-29773.117	-29842.804	0.234	169467.312	169417.908	0.029
59672.9	-170365.702	-170018.963	0.204	87170.758	87039.469	0.151	169451.575	169417.908	0.020
59673.0	-86609.712	-86094.548	0.595	170942.947	170499.401	0.259	169468.560	169417.908	0.030
59673.1	30414.823	30457.886	0.142	189262.561	188773.615	0.258	169485.325	169484.491	0.000
59673.2	135839.942	135831.009	0.007	135147.286	134584.909	0.416	169485.377	169484.491	0.001
59673.3	189096.174	189046.298	0.026	29320.851	28716.859	2.060	169501.503	169484.491	0.010
59673.4	169839.034	169669.580	0.100	-87603.967	-88178.196	0.655	169468.305	169484.491	0.010
59673.5	85389.695	85141.334	0.291	-170765.569	-171213.650	0.262	169500.664	169484.491	0.010
59673.6	-31845.380	-32080.386	0.738	-188226.761	-188504.667	0.148	169484.112	169484.491	0.000
59673.7	-136896.727	-136983.539	0.063	-133286.880	-133411.659	0.094	169517.045	169484.491	0.019
59673.8	-189398.185	-189286.296	0.059	-27021.780	-27089.824	0.252	169517.534	169484.491	0.019
59673.9	-169273.125	-168904.891	0.218	89832.564	89634.249	0.221	169518.165	169484.491	0.020
59674.0	-84177.013	-83665.590	0.608	172392.865	171939.611	0.263	169535.165	169484.491	0.030
59674.1	33210.574	33301.396	0.273	188986.395	188532.000	0.240	169551.936	169518.313	0.020
59674.2	137939.545	137986.225	0.034	133270.940	132714.354	0.418	169551.965	169518.313	0.020
59674.3	189716.835	189685.636	0.016	26553.956	25935.640	2.329	169535.315	169518.313	0.010
59674.4	168704.733	168547.541	0.093	-90204.604	-90802.116	0.662	169534.869	169518.313	0.010
59674.5	82946.432	82688.770	0.311	-172195.663	-172672.711	0.277	169550.854	169518.313	0.019
59674.6	-34659.693	-34921.713	0.756	-187940.388	-188238.604	0.159	169534.305	169518.313	0.009
59674.7	-138935.774	-139122.586	0.134	-131389.891	-131522.637	0.101	169567.255	169518.313	0.029
59674.8	-190014.515	-189901.690	0.059	-24236.695	-24303.210	0.274	169567.750	169518.313	0.029
59674.9	-168120.294	-167760.325	0.214	92419.621	92248.422	0.185	169568.396	169518.313	0.030
59675.0	-81717.902	-81200.568	0.633	173809.181	173377.524	0.248	169601.775	169518.313	0.049
59675.1	36086.593	36120.653	0.094	188726.790	188227.239	0.265	169602.149	169584.910	0.010
59675.2	140014.857	140084.639	0.050	131362.195	130807.067	0.423	169618.560	169584.910	0.020
59675.3	190298.180	190257.437	0.021	23774.166	23158.208	2.591	169601.901	169584.910	0.010
59675.4	167536.801	167373.162	0.098	-92789.976	-93383.186	0.639	169601.452	169584.910	0.010
59675.5	80466.913	80219.162	0.308	-173622.941	-174066.312	0.255	169601.040	169584.910	0.010
59675.6	-37477.665	-37738.244	0.695	-187608.001	-187909.606	0.161	169617.267	169584.910	0.019
59675.7	-141080.875	-141204.519	0.088	-129471.657	-129597.372	0.097	169633.853	169584.910	0.029
59675.8	-190532.593	-190449.582	0.044	-21468.553	-21520.962	0.244	169617.963	169584.910	0.019
59675.9	-166926.439	-166563.790	0.217	94994.466	94819.295	0.184	169651.393	169584.910	0.039
59676.0	-79230.956	-78719.065	0.646	175190.884	174749.832	0.252	169619.227	169584.910	0.020
59676.1	38913.943	38917.743	0.010	188381.276	187855.862	0.279	169652.360	169618.734	0.020
59676.2	142130.832	142125.895	0.003	129424.682	128859.014	0.437	169636.001	169618.734	0.010
59676.3	190834.372	190759.035	0.039	20973.515	20381.513	2.823	169668.466	169618.734	0.029
59676.4	166322.053	166142.494	0.108	-95364.848	-95922.298	0.585	169668.015	169618.734	0.029
59676.5	77976.170	77728.793	0.317	-174951.605	-175392.846	0.252	169667.604	169618.734	0.029
59676.6	-40318.917	-40532.037	0.529	-187256.249	-187514.185	0.138	169651.073	169618.734	0.019
59676.7	-143135.985	-143228.944	0.065	-127507.488	-127631.835	0.098	169700.430	169618.734	0.048
59676.8	-191039.990	-190927.279	0.059	-18673.064	-18740.056	0.359	169684.565	169618.734	0.039
59676.9	-165697.350	-165311.329	0.233	97589.222	97347.728	0.247	169668.832	169618.734	0.030
59677.0	-76720.321	-76217.378	0.656	176538.420	176054.897	0.274	169718.594	169618.734	0.059
59677.1	41714.401	41712.953	0.003	187974.075	187443.795	0.282	169718.954	169701.705	0.010
59677.2	144123.651	144141.658	0.012	127441.592	126879.192	0.441	169718.958	169701.705	0.010
59677.3	191331.652	191221.317	0.058	18163.024	17594.168	3.132	169718.646	169701.705	0.010
59677.4	165049.472	164873.783	0.106	-97897.367	-98446.851	0.561	169718.176	169701.705	0.010
59677.5	75461.439	75216.261	0.325	-176245.403	-176685.202	0.250	169717.773	169701.705	0.009
59677.6	-43111.079	-43323.599	0.493	-186817.333	-187078.092	0.140	169750.403	169701.705	0.029
59677.7	-145165.370	-145227.604	0.043	-125508.803	-125634.748	0.100	169734.235	169701.705	0.019
59677.8	-191556.724	-191365.570	0.100	-15822.211	-15948.838	0.800	169767.519	169701.705	0.039
59677.9	-164397.768	-164020.951	0.229	100076.422	99861.276	0.215	169768.196	169701.705	0.039
59678.0	-74192.353	-73693.824	0.672	177818.924	177325.596	0.277	169768.797	169701.705	0.040
59678.1	44519.870	44561.698	0.094	187516.403	187025.568	0.262	169769.130	169784.658	0.009
59678.2	146155.965	146197.047	0.028	125424.996	124862.850	0.448	169801.895	169784.658	0.010
59678.3	191704.835	191694.101	0.006	15393.179	14753.968	4.153	169768.813	169784.658	0.009
59678.4	163753.172	163582.417	0.104	-100444.183	-101020.299	0.574	169801.101	169784.658	0.010
59678.5	72921.146	72656.618	0.363	-177503.225	-178003.719	0.282	169800.692	169784.658	0.009
59678.6	-45928.946	-46168.642	0.522	-186353.930	-186635.378	0.151	169816.943	169784.658	0.019
59678.7	-147102.896	-147265.575	0.111	-123473.271	-123600.802	0.103	169817.170	169784.658	0.019
59678.8	-191925.501	-191813.908	0.058	-13035.598	-13104.676	0.530	169801.320	169784.658	0.010
59678.9	-163055.798	-162707.498	0.214	102549.782	102423.522	0.123	169818.383	169784.658	0.020
59679.0	-71626.881	-71122.934	0.704	179093.972	178622.048	0.264	169851.741	169784.658	0.039
59679.1	47319.678	47355.388	0.075	187021.048	186526.324	0.265	169835.688	169802.055	0.020
59679.2	148128.819	148160.220	0.021	123372.132	122813.483	0.453	169835.665	169802.055	0.020
59679.3	192113.712	192072.915	0.021	12550.906	11941.415	4.856	169884.473	169802.055	0.049
59679.4	162390.306	162231.412	0.098	-102915.497	-103516.043	0.584	169867.615	169802.055	0.039
59679.5	70347.503	70094.567	0.360	-178756.270	-179224.312	0.262	169867.208	169802.055	0.038
59679.6	-48690.359	-48957.935	0.550	-185810.768	-186112.124	0.162	169867.090	169802.055	0.038
59679.7	-149111.669	-149211.048	0.067	-121402.934	-121534.626	0.108	169900.081	169802.055	0.058
59679.8	-192277.583	-192168.518	0.057	-10216.205	-10288.970	0.712	169900.624	169802.055	0.058
59679.9	-161700.397	-161335.078	0.226	105102.446	104907.554	0.185	169901.309	169802.055	0.058
59680.0	-69048.067	-68550.480	0.721	180301.728	179820.560	0.267	169918.285	169802.055	0.068
59680.1	50091.289	50122.039	0.061	186462.579	185962.215	0.268	169934.995	169934.127	0.001
59680.2	150008.829	150063.327	0.036	121289.537	120727.636	0.463	169918.578	169934.127	0.009
59680.3	192457.933	192381.704	0.040	9722.153	9134.776	6.042	169950.989	169934.127	0.010
59680.4	160994.327	160827.310	0.104	-105402.885	-105965.752	0.534	169917.723	169934.127	0.010
59680.5	67770.065	67516.736	0.374	-179910.116	-180376.425	0.259	169950.094	169934.127	0.009
59680.6	-51478.487	-51719.632	0.468	-185239.431	-185524.241	0.154	169949.972	169934.127	0.009
59680.7	-151059.963	-151096.146	0.024	-119298.797	-119432.488	0.112	169966.596	169934.127	0.019
59680.8	-192590.698	-192453.156	0.071	-7390.066	-7479.778	1.214	169983.544	169934.127	0.029
59680.9	-160274.001	-159909.958	0.227	107545.611	107345.096	0.186	169951.449	169934.127	0.010
59681.0	-66457.950	-65962.836	0.745	181442.245	180950.459	0.271	170001.204	169934.127	0.039
59681.1	52858.897	52913.918	0.104	185862.411	185371.422	0.264	169985.137	169984.248	0.001
59681.2	151893.462	151971.097	0.051	119167.212	118605.364	0.471	170001.457	169984.248	0.010
59681.3	192755.329	192672.799	0.043	6877.119	6295.958	8.451	170001.088	169984.248	0.010
59681.4	159569.461	159389.953	0.112	-107904.366	-108431.036	0.488	170033.355	169984.248	0.029
59681.5	65156.402	64902.858	0.389	-181056.759	-181521.529	0.257	170049.342	169984.248	0.038
59681.6	-54263.721	-54506.325	0.447	-184623.692	-184909.457	0.155	170016.460	169984.248	0.019
59681.7	-152914.464	-152985.591	0.047	-117164.306	-117293.886	0.111	170049.489	169984.248	0.038
59681.8	-192859.596	-192719.824	0.072	-4551.255	-4638.562	1.918	170066.443	169984.248	0.048
59681.9	-158838.981	-158451.450	0.244	110065.244	109797.926	0.243	170050.741	169984.248	0.039
59682.0	-63854.793	-63339.205	0.807	182514.197	182073.040	0.242	170100.488	169984.248	0.068
59682.1	55683.574	55727.924	0.080	185245.794	184757.329	0.264	170051.623	170067.133	0.009
59682.2	153815.065	153883.018	0.044	117014.343	116451.229	0.481	170084.332	170067.133	0.010
59682.3	192986.333	192948.476	0.020	4045.282	3428.949	15.236	170067.569	170067.133	0.000
59682.4	158066.912	157923.528	0.091	-110262.848	-110910.016	0.587	170099.828	170067.133	0.019
59682.5	62533.350	62257.425	0.441	-182135.490	-182660.574	0.288	170099.434	170067.133	0.019
59682.6	-57044.240	-57314.946	0.475	-183965.081	-184271.184	0.166	170115.706	170067.133	0.029
59682.7	-154739.889	-154878.914	0.090	-114995.126	-115123.386	0.112	170099.597	170067.133	0.019
59682.8	-193056.056	-192970.831	0.044	-1718.346	-1769.288	2.965	170116.556	170067.133	0.029
59682.9	-157320.361	-156963.758	0.227	112409.565	112264.201	0.129	170133.644	170067.133	0.039
59683.0	-61194.008	-60684.073	0.833	183640.040	183189.289	0.245	170134.223	170067.133	0.039
59683.1	58416.235	58484.268	0.116	184539.883	184061.184	0.259	170167.281	170166.393	0.001
59683.2	155641.613	155700.006	0.038	114826.936	114264.769	0.490	170183.580	170166.393	0.010
59683.3	193147.837	193128.400	0.010	1223.767	591.754	51.645	170183.194	170166.393	0.010
59683.4	156545.903	156397.300	0.095	-112665.315	-113308.490	0.571	170166.301	170166.393	0.000
59683.5	59863.585	59611.102	0.422	-183236.584	-183699.335	0.253	170165.903	170166.393	0.000
59683.6	-59820.379	-60065.200	0.409	-183261.892	-183551.358	0.158	170198.572	170166.393	0.019
59683.7	-156568.302	-156677.029	0.069	-112790.896	-112921.379	0.116	170198.857	170166.393	0.019
59683.8	-193236.861	-193126.346	0.057	1141.524	1069.350	6.323	170215.828	170166.393	0.029
59683.9	-155778.513	-155416.957	0.232	114832.812	114649.459	0.160	170232.910	170166.393	0.039
59684.0	-58532.913	-58028.913	0.861	184665.489	184205.251	0.249	170233.497	170166.393	0.039
59684.1	61173.454	61206.202	0.054	183804.634	183306.200	0.271	170250.166	170232.896	0.010
59684.2	157438.273	157454.522	0.010	112609.250	112051.040	0.496	170233.687	170232.896	0.000
59684.3	193342.049	193241.782	0.052	-1668.405	-2230.669	33.701	170266.054	170232.896	0.019
59684.4	154994.066	154826.009	0.108	-115080.574	-115655.822	0.500	170265.549	170232.896	0.019
59684.5	57222.408	56958.500	0.461	-184177.690	-184670.224	0.267	170281.535	170232.896	0.029
59684.6	-62532.855	-62780.540	0.396	-182484.217	-182772.990	0.158	170281.454	170232.896	0.029
59684.7	-158268.644	-158412.440	0.091	-110565.115	-110692.642	0.115	170298.133	170232.896	0.038
59684.8	-193350.487	-193215.448	0.070	3986.982	3892.643	2.366	170315.117	170232.896	0.048
59684.9	-154199.754	-153825.536	0.243	117236.319	116983.190	0.216	170315.816	170232.896	0.049
59685.0	-55865.911	-55368.059	0.891	185622.922	185153.289	0.253	170316.405	170232.896	0.049
59685.1	63895.430	63949.985	0.085	183010.844	182524.815	0.266	170333.070	170299.406	0.020
59685.2	159236.865	159211.138	0.016	110355.973	109803.106	0.501	170332.957	170299.406	0.020
59685.3	193392.513	193336.707	0.029	-4483.635	-5081.966	13.345	170348.935	170299.406	0.029
59685.4	153386.650	153222.793	0.107	-117446.255	-118015.611	0.485	170348.416	170299.406	0.029
59685.5	54506.939	54272.762	0.430	-185199.094	-185632.368	0.234	170331.641	170299.406	0.019
59685.6	-65269.957	-65517.501	0.379	-181674.588	-181968.035	0.162	170380.724	170299.406	0.048
59685.7	-160068.541	-160149.657	0.051	-108295.162	-108429.683	0.124	170364.656	170299.406	0.038
59685.8	-193420.581	-193285.846	0.070	6839.804	6744.652	1.391	170398.036	170299.406	0.058
59685.9	-152569.448	-152202.082	0.241	119555.679	119329.103	0.190	170398.747	170299.406	0.058
59686.0	-53151.912	-52674.145	0.899	186600.987	186092.297	0.273	170399.330	170299.406	0.059
59686.1	66640.946	66659.482	0.028	182186.428	181681.814	0.277	170432.365	170398.704	0.020
59686.2	160873.943	160903.749	0.019	108085.944	107525.586	0.518	170432.255	170398.704	0.020
59686.3	193472.234	193362.484	0.057	-7371.419	-7919.459	7.435	170431.830	170398.704	0.019
59686.4	151737.449	151571.838	0.109	-119758.564	-120323.506	0.472	170431.313	170398.704	0.019
59686.5	51815.038	51579.026	0.455	-186092.616	-186524.455	0.232	170447.316	170398.704	0.029
59686.6	-67998.778	-68219.648	0.325	-180822.913	-181101.761	0.154	170463.636	170398.704	0.038
59686.7	-161739.174	-161822.617	0.052	-106004.541	-106137.689	0.126	170480.361	170398.704	0.048
59686.8	-193471.973	-193287.217	0.095	9720.441	9582.261	1.422	170480.986	170398.704	0.048
59686.9	-150904.676	-150531.339	0.247	121887.051	121622.713	0.217	170465.310	170398.704	0.039
59687.0	-50477.666	-49972.837	1.000	187422.554	186961.182	0.246	170498.675	170398.704	0.059
59687.1	69376.117	69417.816	0.060	181323.464	180828.522	0.273	170498.928	170514.408	0.009
59687.2	162609.317	162629.756	0.013	105769.779	105210.978	0.528	170531.564	170514.408	0.010
59687.3	193436.287	193393.394	0.022	-10197.959	-10806.595	5.968	170531.133	170514.408	0.010
59687.4	150055.414	149895.782	0.106	-122081.969	-122674.537	0.485	170546.997	170514.408	0.019
59687.5	49072.010	48839.595	0.474	-187003.445	-187436.607	0.232	170546.616	170514.408	0.019
59687.6	-70747.716	-70970.540	0.315	-179944.366	-180224.776	0.156	170546.574	170514.408	0.019
59687.7	-163410.209	-163528.652	0.072	-103679.502	-103808.321	0.124	170563.311	170514.408	0.029
59687.8	-193380.895	-193293.294	0.045	12520.276	12469.556	0.405	170563.944	170514.408	0.029
59687.9	-149199.292	-148835.124	0.244	124164.286	123959.241	0.165	170581.054	170514.408	0.039
59688.0	-47724.317	-47225.661	1.045	188320.653	187849.739	0.250	170598.022	170514.408	0.049
59688.1	72135.292	72110.123	0.035	180425.982	179900.525	0.291	170581.875	170597.365	0.009
59688.2	164214.897	164258.399	0.026	103437.047	102874.909	0.543	170630.895	170597.365	0.020
59688.3	193403.683	193332.990	0.037	-13074.887	-13653.707	4.427	170614.064	170597.365	0.010
59688.4	148324.219	148169.524	0.104	-124318.874	-124939.428	0.499	170613.545	170597.365	0.009
59688.5	46342.866	46110.350	0.502	-187816.702	-188249.580	0.230	170645.937	170597.365	0.028
59688.6	-73429.942	-73654.766	0.306	-178991.556	-179273.657	0.158	170662.291	170597.365	0.038
59688.7	-165047.794	-165137.143	0.054	-101320.061	-101458.331	0.136	170662.644	170597.365	0.038
59688.8	-193296.516	-193208.404	0.046	15366.891	15316.044	0.331	170679.685	170597.365	0.048
59688.9	-147456.090	-147089.450	0.249	126419.600	126209.201	0.166	170664.036	170597.365	0.039
59689.0	-44964.668	-44489.525	1.057	189147.599	188639.208	0.269	170697.370	170597.365	0.059
59689.1	74766.593	74792.990	0.035	179429.343	178929.630	0.279	170697.610	170680.326	0.010
59689.2	165851.539	165854.141	0.002	101060.859	100509.740	0.545	170697.451	170680.326	0.010
59689.3	193261.041	193228.855	0.017	-15883.116	-16504.947	3.915	170729.779	170680.326	0.029
59689.4	146569.587	146405.501	0.112	-126630.410	-127181.890	0.436	170712.857	170680.326	0.019
59689.5	43610.198	43363.806	0.565	-188559.639	-189022.179	0.245	170745.257	170680.326	0.038
59689.6	-76129.974	-76329.183	0.262	-178013.849	-178279.723	0.149	170745.242	170680.326	0.038
59689.7	-166556.700	-166712.482	0.094	-98956.724	-99079.524	0.124	170745.613	170680.326	0.038
59689.8	-193216.480	-193079.750	0.071	18262.019	18166.283	0.524	170762.656	170680.326	0.048
59689.9	-145671.111	-145306.204	0.251	128652.845	128436.408	0.168	170779.768	170680.326	0.058
59690.0	-42222.060	-41736.438	1.150	189877.882	189388.156	0.258	170796.722	170680.326	0.068
59690.1	77417.353	77466.573	0.064	178403.899	177913.949	0.275	170780.560	170796.037	0.009
59690.2	167391.490	167415.993	0.015	98675.158	98113.855	0.569	170829.547	170796.037	0.020
59690.3	193117.701	193079.241	0.020	-18743.967	-19361.040	3.292	170796.316	170796.037	0.000
59690.4	144765.383	144601.870	0.113	-128821.110	-129401.477	0.451	170844.930	170796.037	0.029
59690.5	40849.496	40598.737	0.614	-189292.742	-189752.960	0.243	170844.569	170796.037	0.028
59690.6	-78762.100	-78993.931	0.294	-176961.322	-177241.084	0.158	170844.557	170796.037	0.028
59690.7	-168192.548	-168253.670	0.036	-96532.632	-96670.294	0.143	170877.707	170796.037	0.048
59690.8	-193045.198	-192905.577	0.072	21114.902	21020.984	0.445	170861.993	170796.037	0.039
59690.9	-143850.803	-143483.550	0.255	130862.412	130640.400	0.170	170879.102	170796.037	0.049
59691.0	-39449.427	-38965.185	1.228	190597.234	190095.128	0.263	170896.053	170796.037	0.059
59691.1	80085.891	80126.649	0.051	177351.723	176861.020	0.277	170912.640	170911.740	0.001
59691.2	168928.890	168944.986	0.010	96251.505	95695.829	0.577	170928.842	170911.740	0.010
59691.3	192953.328	192890.032	0.033	-21630.621	-22215.662	2.705	170961.129	170911.740	0.029
59691.4	142930.403	142767.114	0.114	-131020.123	-131596.548	0.440	170960.596	170911.740	0.029
59691.5	38084.012	37822.962	0.685	-189953.235	-190445.593	0.259	170927.457	170911.740	0.009
59691.6	-81412.354	-81644.853	0.286	-175880.206	-176165.315	0.162	170960.226	170911.740	0.028
59691.7	-169697.464	-169761.810	0.038	-94098.689	-94239.207	0.149	170960.621	170911.740	0.029
59691.8	-192826.713	-192691.822	0.070	23972.916	23873.872	0.413	170994.060	170911.740	0.048
59691.9	-141995.469	-141629.982	0.257	133047.720	132819.609	0.171	170962.024	170911.740	0.029
59692.0	-36672.364	-36183.555	1.333	191244.019	190763.861	0.251	170978.960	170911.740	0.039
59692.1	82712.709	82775.960	0.076	176243.890	175763.523	0.273	170995.542	171011.032	0.009
59692.2	170366.791	170439.023	0.042	93810.704	93248.137	0.600	171028.102	171011.032	0.010
59692.3	192700.845	192655.099	0.024	-24470.364	-25073.660	2.465	171027.619	171011.032	0.010
59692.4	141052.299	140893.423	0.113	-133195.091	-133767.406	0.430	171076.219	171011.032	0.038
59692.5	35275.459	35029.993	0.696	-190631.687	-191095.722	0.243	171043.092	171011.032	0.019
59692.6	-83989.953	-84284.626	0.351	-174731.167	-175045.072	0.180	171075.869	171011.032	0.038
59692.7	-171102.335	-171234.738	0.077	-91646.596	-91778.755	0.144	171076.262	171011.032	0.038
59692.8	-192567.049	-192432.316	0.070	26829.754	26729.744	0.373	171093.337	171011.032	0.048
59692.9	-140101.181	-139737.688	0.259	135208.490	134974.271	0.173	171094.065	171011.032	0.049
59693.0	-33884.518	-33385.098	1.474	191851.646	191389.944	0.241	171094.613	171011.032	0.049
59693.1	85326.828	85384.845	0.068	175094.215	174605.325	0.279	171127.565	171093.893	0.020
59693.2	171867.182	171864.632	0.001	91329.121	90775.215	0.606	171127.344	171093.893	0.020
59693.3	192425.551	192350.011	0.039	-27335.788	-27911.727	2.107	171159.610	171093.893	0.038
59693.4	139141.458	138974.789	0.120	-135311.464	-135880.828	0.421	171159.060	171093.893	0.038
59693.5	32484.452	32234.550	0.769	-191211.006	-191672.964	0.242	171158.698	171093.893	0.038
59693.6	-86645.084	-86883.453	0.275	-173577.983	-173864.478	0.165	171175.095	171093.893	0.047
59693.7	-172537.614	-172639.025	0.059	-89161.545	-89293.663	0.148	171191.896	171093.893	0.057
59693.8	-192242.099	-192102.830	0.072	29662.215	29565.082	0.327	171208.972	171093.893	0.067
59693.9	-138168.552	-137800.948	0.266	137278.243	137071.113	0.151	171226.089	171093.893	0.077
59694.0	-31065.307	-30584.794	1.547	192445.307	191943.121	0.261	171226.625	171093.893	0.078
59694.1	87958.725	88006.863	0.055	173912.864	173426.795	0.279	171226.791	171225.903	0.001
59694.2	173267.188	173288.873	0.013	88832.433	88278.127	0.624	171259.325	171225.903	0.020
59694.3	192086.501	192029.581	0.030	-30174.879	-30768.515	1.967	171258.819	171225.903	0.019
59694.4	137189.182	137032.729	0.114	-137402.112	-138000.335	0.435	171258.253	171225.903	0.019
59694.5	29680.362	29416.594	0.889	-191748.459	-192241.321	0.257	171290.670	171225.903	0.038
59694.6	-89255.565	-89495.238	0.269	-172371.550	-172663.441	0.169	171290.691	171225.903	0.038
59694.7	-173967.493	-174041.737	0.043	-86637.553	-86784.418	0.170	171291.111	171225.903	0.038
59694.8	-191853.066	-191757.840	0.050	32468.445	32419.008	0.152	171308.210	171225.903	0.048
59694.9	-136201.336	-135840.730	0.265	139354.591	139173.839	0.130	171341.709	171225.903	0.068
59695.0	-28268.516	-27762.053	1.792	192941.933	192487.220	0.236	171358.625	171225.903	0.077
59695.1	90514.542	90587.897	0.081	172668.107	172184.875	0.280	171342.395	171357.878	0.009
59695.2	174598.452	174642.651	0.025	86315.645	85753.966	0.651	171358.522	171357.878	0.000
59695.3	191678.377	191636.264	0.022	-32991.044	-33605.662	1.863	171390.773	171357.878	0.019
59695.4	135203.800	135043.348	0.119	-139400.216	-140061.031	0.474	171390.214	171357.878	0.019
59695.5	26880.663	26595.052	1.063	-192215.499	-192734.277	0.270	171389.861	171357.878	0.019
59695.6	-91789.283	-92065.495	0.301	-171102.522	-171399.367	0.173	171422.672	171357.878	0.038
59695.7	-175267.267	-175373.754	0.061	-84118.262	-84248.706	0.155	171439.490	171357.878	0.048
59695.8	-191419.409	-191340.136	0.041	35273.978	35252.667	0.060	171440.203	171357.878	0.048
59695.9	-134198.524	-133833.699	0.272	141371.296	141217.348	0.109	171473.708	171357.878	0.068
59696.0	-25455.370	-24936.376	2.039	193393.516	192955.890	0.226	171441.458	171357.878	0.049
59696.1	93087.315	93122.736	0.038	171389.827	170890.771	0.291	171474.369	171473.468	0.001
59696.2	175863.072	175928.358	0.037	83788.698	83214.858	0.685	171474.111	171473.468	0.000
59696.3	191207.214	191179.139	0.015	-35778.482	-36414.781	1.778	171489.960	171473.468	0.010
59696.4	133184.195	133018.924	0.124	-141501.928	-142061.485	0.395	171473.009	171473.468	0.000
59696.5	24052.916	23780.688	1.132	-192668.500	-193157.911	0.254	171538.206	171473.468	0.038
59696.6	-94340.148	-94589.109	0.264	-169798.137	-170083.509	0.168	171521.871	171473.468	0.028
59696.7	-176497.566	-176637.575	0.079	-81579.837	-81698.634	0.146	171555.092	171473.468	0.048
59696.8	-190980.051	-190858.867	0.063	38130.618	38057.751	0.191	171555.811	171473.468	0.048
59696.9	-132160.692	-131792.144	0.279	143393.211	143200.316	0.135	171572.937	171473.468	0.058
59697.0	-22596.630	-22118.472	2.116	193858.589	193355.302	0.260	171573.451	171473.468	0.058
59697.1	95613.146	95639.958	0.028	170059.891	169560.329	0.294	171606.351	171589.068	0.010
59697.2	177121.115	177178.420	0.032	81225.740	80656.767	0.700	171622.462	171589.068	0.019
59697.3	190712.712	190682.030	0.016	-38588.569	-39218.237	1.632	171638.303	171589.068	0.029
59697.4	131125.962	130965.528	0.122	-143509.913	-144033.806	0.365	171621.348	171589.068	0.019
59697.5	21212.533	20959.490	1.193	-193077.506	-193541.744	0.240	171637.407	171589.068	0.028
59697.6	-96844.088	-97094.795	0.259	-168440.593	-168731.466	0.173	171670.232	171589.068	0.047
59697.7	-177815.544	-177865.589	0.028	-78978.678	-79129.886	0.191	171670.697	171589.068	0.048
59697.8	-190457.502	-190337.664	0.063	40931.790	40856.827	0.183	171704.198	171589.068	0.067
59697.9	-130089.041	-129721.860	0.282	145354.107	145154.902	0.137	171704.945	171589.068	0.067
59698.0	-19800.955	-19294.078	2.560	194172.453	193714.856	0.236	171705.455	171589.068	0.068
59698.1	98091.398	98172.181	0.082	168678.091	168197.604	0.285	171738.343	171704.678	0.020
59698.2	178372.094	178421.583	0.028	78627.827	78063.754	0.717	171738.054	171704.678	0.019
59698.3	190209.068	190158.771	0.026	-41450.642	-42045.846	1.436	171737.500	171704.678	0.019
59698.4	129039.764	128876.772	0.126	-145390.729	-146010.235	0.426	171753.329	171704.678	0.028
59698.5	18396.414	18107.301	1.572	-193387.315	-193908.063	0.269	171769.380	171704.678	0.038
59698.6	-99361.286	-99615.204	0.256	-167054.603	-167347.012	0.175	171785.841	171704.678	0.047
59698.7	-178971.228	-179086.404	0.064	-76395.728	-76526.277	0.171	171786.321	171704.678	0.048
59698.8	-189908.583	-189790.104	0.062	43756.848	43679.831	0.176	171836.213	171704.678	0.077
59698.9	-127979.797	-127616.183	0.284	147318.762	147113.293	0.139	171853.344	171704.678	0.087
59699.0	-16917.766	-16438.844	2.831	194548.811	194056.630	0.253	171821.083	171704.678	0.068
59699.1	100614.565	100625.307	0.011	167275.713	166771.579	0.301	171853.963	171836.678	0.010
59699.2	179523.084	179563.541	0.023	76029.148	75466.196	0.740	171853.665	171836.678	0.010
59699.3	189608.195	189551.059	0.030	-44225.537	-44817.499	1.339	171869.490	171836.678	0.019
59699.4	126913.847	126752.746	0.127	-147340.203	-147891.695	0.374	171868.925	171836.678	0.019
59699.5	15513.481	15282.567	1.488	-193733.441	-194176.866	0.229	171884.986	171836.678	0.028
59699.6	-101830.813	-102055.974	0.221	-165612.954	-165899.940	0.173	171917.837	171836.678	0.047
59699.7	-180088.544	-180205.978	0.065	-73790.406	-73918.993	0.174	171934.727	171836.678	0.057
59699.8	-189277.453	-189158.576	0.063	46524.024	46446.155	0.167	171935.472	171836.678	0.057
59699.9	-125838.739	-125476.053	0.288	149221.009	148976.415	0.164	171968.991	171836.678	0.077
59700.0	-14104.265	-13611.902	3.491	194777.090	194301.128	0.244	171985.878	171836.678	0.087
59700.1	103089.713	103154.994	0.063	165817.785	165330.804	0.294	171985.968	171968.687	0.010
59700.2	180695.821	180758.670	0.035	73383.003	72811.611	0.779	171985.658	171968.687	0.010
59700.3	188941.614	188952.711	0.006	-46970.306	-47666.557	1.482	172001.485	171968.687	0.019
59700.4	124754.429	124590.681	0.131	-149226.578	-149841.215	0.412	172017.298	171968.687	0.028
59700.5	12660.494	12386.998	2.160	-193982.834	-194478.250	0.255	172016.984	171968.687	0.028
59700.6	-104280.264	-104573.176	0.281	-164135.670	-164437.460	0.184	172049.856	171968.687	0.047
59700.7	-181226.571	-181378.231	0.084	-71135.768	-71254.227	0.167	172066.742	171968.687	0.057
59700.8	-188621.396	-188535.745	0.045	49312.438	49289.961	0.046	172067.508	171968.687	0.057
59700.9	-123663.830	-123297.301	0.296	151060.058	150907.267	0.101	172068.254	171968.687	0.058
59701.0	-11259.081	-10713.848	4.843	194984.946	194577.596	0.209	172085.134	171968.687	0.068
59701.1	105481.097	105507.229	0.025	164307.879	163807.817	0.304	172134.379	172100.708	0.020
59701.2	181767.552	181761.979	0.003	70737.530	70195.150	0.767	172101.278	172100.708	0.000
59701.3	188266.272	188221.833	0.024	-49764.168	-50371.796	1.221	172133.476	172100.708	0.019
59701.4	122563.762	122406.267	0.129	-151049.226	-151596.444	0.362	172132.908	172100.708	0.019
59701.5	9798.640	9587.842	2.151	-194187.404	-194609.479	0.217	172165.368	172100.708	0.038
59701.6	-106711.090	-106912.225	0.188	-162615.061	-162894.298	0.172	172181.871	172100.708	0.047
59701.7	-182265.156	-182358.999	0.051	-68486.604	-68629.233	0.208	172215.152	172100.708	0.066
59701.8	-187933.799	-187781.627	0.081	52125.464	51988.814	0.262	172199.536	172100.708	0.057
59701.9	-121456.069	-121097.870	0.295	152900.878	152643.644	0.168	172183.906	172100.708	0.048
59702.0	-8389.353	-7913.667	5.670	195177.359	194684.745	0.252	172233.550	172100.708	0.077
59702.1	107886.347	107935.288	0.045	162758.327	162267.385	0.302	172250.001	172232.721	0.010
59702.2	182799.377	182816.277	0.009	68071.013	67519.921	0.810	172249.660	172232.721	0.010
59702.3	187543.621	187497.529	0.025	-52553.090	-53154.561	1.145	172281.846	172232.721	0.029
59702.4	120333.278	120181.488	0.126	-152905.327	-153418.189	0.335	172264.891	172232.721	0.019
59702.5	6971.770	6716.881	3.656	-194297.476	-194770.671	0.244	172313.752	172232.721	0.047
59702.6	-109122.398	-109326.944	0.187	-161051.308	-161333.041	0.175	172313.873	172232.721	0.047
59702.7	-183294.770	-183390.248	0.052	-65805.911	-65945.035	0.211	172347.179	172232.721	0.066
59702.8	-187184.933	-187033.416	0.081	54903.473	54765.246	0.252	172347.945	172232.721	0.067
59702.9	-119215.212	-118857.505	0.300	154709.932	154446.186	0.170	172348.703	172232.721	0.067
59703.0	-5486.774	-5041.426	8.117	195346.451	194821.238	0.269	172381.948	172232.721	0.087
59703.1	110334.107	110310.556	0.021	161186.468	160680.798	0.314	172398.386	172364.734	0.020
59703.2	183761.664	183800.725	0.021	65399.236	64838.499	0.857	172398.040	172364.734	0.019
59703.3	186778.963	186713.139	0.035	-55333.014	-55901.175	1.027	172397.447	172364.734	0.019
59703.4	118086.648	117929.457	0.133	-154598.895	-155175.322	0.373	172413.259	172364.734	0.028
59703.5	4095.428	3861.969	5.700	-194412.338	-194863.600	0.232	172429.352	172364.734	0.037
59703.6	-111481.629	-111688.478	0.186	-159435.910	-159726.082	0.182	172429.474	172364.734	0.038
59703.7	-184253.762	-184351.597	0.053	-63117.843	-63255.246	0.218	172446.423	172364.734	0.047
59703.8	-186358.306	-186225.431	0.071	57617.367	57505.012	0.195	172496.343	172364.734	0.076
59703.9	-116947.198	-116590.444	0.305	156421.186	156183.884	0.152	172497.099	172364.734	0.077
59704.0	-2641.191	-2185.820	17.241	195395.499	194889.609	0.259	172513.948	172364.734	0.086
59704.1	112665.041	112697.868	0.029	159551.169	159054.741	0.311	172513.990	172529.482	0.009
59704.2	184741.422	184771.651	0.016	62677.628	62118.090	0.893	172530.009	172529.482	0.000
59704.3	185952.730	185894.851	0.031	-58076.735	-58671.325	1.024	172545.800	172529.482	0.009
59704.4	115797.188	115636.172	0.139	-156357.118	-156931.501	0.367	172561.604	172529.482	0.019
59704.5	1210.976	974.286	19.545	-194480.074	-194931.452	0.232	172594.084	172529.482	0.037
59704.6	-113816.956	-114061.717	0.215	-157790.835	-158079.552	0.183	172594.233	172529.482	0.038
59704.7	-185198.042	-185299.089	0.055	-60389.065	-60526.587	0.228	172594.783	172529.482	0.038
59704.8	-185519.714	-185383.348	0.074	60379.668	60268.021	0.185	172628.337	172529.482	0.057
59704.9	-114643.156	-114282.139	0.315	158131.733	157920.274	0.134	172612.701	172529.482	0.048
59705.0	228.705	702.340	207.095	195426.787	194932.621	0.253	172662.320	172529.482	0.077
59705.1	115037.723	115029.740	0.007	157890.973	157388.254	0.318	172662.343	172628.692	0.019
59705.2	185622.035	185673.960	0.028	59968.112	59397.678	0.951	172678.353	172628.692	0.029
59705.3	185076.495	185021.119	0.030	-60814.352	-61401.050	0.965	172694.117	172628.692	0.038
59705.4	113473.951	113321.903	0.134	-158081.278	-158622.350	0.342	172709.922	172628.692	0.047
59705.5	-1654.825	-1891.862	14.324	-194479.773	-194934.154	0.234	172709.646	172628.692	0.047
59705.6	-116131.248	-116379.169	0.213	-156098.453	-156393.070	0.189	172726.181	172628.692	0.056
59705.7	-186102.998	-186177.967	0.040	-57646.303	-57798.514	0.264	172759.520	172628.692	0.076
59705.8	-184635.748	-184486.170	0.081	63133.163	62990.131	0.227	172760.305	172628.692	0.076
59705.9	-112315.438	-111953.413	0.322	159776.378	159591.155	0.116	172761.056	172628.692	0.077
59706.0	3084.779	3568.405	15.678	195385.232	194910.672	0.243	172777.889	172628.692	0.086
59706.1	117323.417	117371.785	0.041	156177.524	155683.583	0.316	172810.670	172809.789	0.001
59706.2	186488.804	186561.992	0.039	57222.786	56640.419	1.018	172843.045	172809.789	0.019
59706.3	184142.459	184114.143	0.015	-63511.871	-64152.135	1.008	172842.419	172809.789	0.019
59706.4	111124.564	110968.188	0.141	-159738.537	-160310.870	0.358	172858.220	172809.789	0.028
59706.5	-4527.721	-4788.510	5.760	-194431.119	-194911.734	0.247	172874.329	172809.789	0.037
59706.6	-118454.145	-118706.466	0.213	-154373.967	-154668.319	0.191	172907.264	172809.789	0.056
59706.7	-186936.506	-187042.251	0.057	-54899.703	-55033.719	0.244	172907.846	172809.789	0.057
59706.8	-183660.388	-183555.565	0.057	65790.122	65733.313	0.086	172925.021	172809.789	0.067
59706.9	-109948.122	-109585.263	0.330	161451.473	161259.369	0.119	172925.765	172809.789	0.067
59707.0	5942.589	6464.753	8.787	195300.264	194863.339	0.224	172942.588	172809.789	0.077
59707.1	119585.518	119657.494	0.060	154424.007	153936.107	0.316	172942.584	172941.711	0.001
59707.2	187312.310	187379.285	0.036	54458.032	53881.765	1.058	172991.324	172941.711	0.029
59707.3	183177.492	183149.187	0.015	-66228.401	-66862.669	0.958	172974.305	172941.711	0.019
59707.4	108747.599	108591.517	0.144	-161361.132	-161932.466	0.354	173006.494	172941.711	0.037
59707.5	-7402.394	-7664.277	3.538	-194338.260	-194821.713	0.249	173022.608	172941.711	0.047
59707.6	-120688.090	-120977.061	0.239	-152600.738	-152901.249	0.197	173022.784	172941.711	0.047
59707.7	-187696.909	-187835.787	0.074	-52147.786	-52268.138	0.231	173072.525	172941.711	0.076
59707.8	-182655.111	-182567.332	0.048	68465.405	68435.448	0.044	173056.934	172941.711	0.067
59707.9	-107558.101	-107194.732	0.338	163026.177	162860.463	0.102	173074.061	172941.711	0.076
59708.0	8851.735	9339.640	5.512	195213.954	194748.587	0.238	173123.638	172941.711	0.105
59708.1	121790.443	121853.738	0.052	152628.429	152141.425	0.319	173107.242	173089.995	0.010
59708.2	188064.239	188096.476	0.017	51692.101	51137.679	1.073	173139.582	173089.995	0.029
59708.3	182141.852	182111.930	0.016	-68873.133	-69502.456	0.914	173138.944	173089.995	0.028
59708.4	106353.914	106198.111	0.146	-162883.786	-163454.299	0.350	173171.133	173089.995	0.047
59708.5	-10279.557	-10494.788	2.094	-194199.526	-194641.224	0.227	173187.247	173089.995	0.056
59708.6	-122929.487	-123157.787	0.186	-150793.993	-151087.743	0.195	173187.435	173089.995	0.056
59708.7	-188442.646	-188529.350	0.046	-49362.747	-49517.985	0.314	173204.410	173089.995	0.066
59708.8	-181653.102	-181507.409	0.080	71215.060	71066.215	0.209	173237.988	173089.995	0.085
59708.9	-105144.293	-104788.325	0.339	164566.115	164361.654	0.124	173238.727	173089.995	0.086
59709.0	11691.389	12168.494	4.081	195014.483	194543.759	0.241	173239.137	173089.995	0.086
59709.1	124067.475	124090.279	0.018	150807.529	150311.698	0.329	173255.492	173271.011	0.009
59709.2	188801.909	188825.580	0.013	48894.723	48341.535	1.131	173287.818	173271.011	0.010
59709.3	181102.212	181053.629	0.027	-71594.998	-72191.324	0.833	173319.935	173271.011	0.028
59709.4	103916.433	103758.781	0.152	-164433.955	-165003.391	0.346	173319.358	173271.011	0.028
59709.5	-13112.404	-13378.466	2.029	-193967.870	-194455.703	0.252	173335.477	173271.011	0.037
59709.6	-125145.379	-125378.508	0.186	-148947.104	-149238.847	0.196	173335.681	173271.011	0.037
59709.7	-189147.099	-189234.378	0.046	-46565.570	-46715.673	0.322	173352.668	173271.011	0.047
59709.8	-180533.427	-180426.020	0.059	73805.502	73745.882	0.081	173369.866	173271.011	0.057
59709.9	-102690.232	-102335.762	0.345	166100.703	165889.709	0.127	173386.979	173271.011	0.067
59710.0	14580.121	15050.470	3.226	194813.890	194333.443	0.247	173387.385	173271.011	0.067
59710.1	126221.094	126300.402	0.063	148933.885	148445.994	0.328	173403.722	173402.866	0.000
59710.2	189495.923	189512.142	0.009	46081.923	45531.886	1.194	173403.272	173402.866	0.000
59710.3	180000.578	179952.996	0.026	-74275.451	-74866.040	0.795	173435.373	173402.866	0.019
59710.4	101456.376	101293.586	0.160	-165914.779	-166516.108	0.362	173434.801	173402.866	0.018
59710.5	-16015.934	-16261.611	1.534	-193759.236	-194225.551	0.241	173467.317	173402.866	0.037
59710.6	-127334.913	-127572.503	0.187	-147060.298	-147354.203	0.200	173516.677	173402.866	0.066
59710.7	-189806.872	-189896.748	0.047	-43751.632	-43900.223	0.340	173500.913	173402.866	0.057
59710.8	-179432.194	-179302.423	0.072	76533.716	76411.032	0.160	173518.104	173402.866	0.066
59710.9	-100217.976	-99857.648	0.360	167566.796	167381.166	0.111	173535.228	173402.866	0.076
59711.0	17419.719	17931.528	2.938	194524.351	194078.502	0.229	173535.628	173402.866	0.077
59711.1	128380.062	128418.605	0.030	147029.118	146533.342	0.337	173568.331	173551.089	0.010
59711.2	190061.021	190096.771	0.019	43304.102	42738.459	1.306	173584.254	173551.089	0.019
59711.3	178821.042	178779.559	0.023	-76849.142	-77467.591	0.805	173616.351	173551.089	0.038
59711.4	98969.924	98812.672	0.159	-167358.193	-167926.812	0.340	173615.771	173551.089	0.037
59711.5	-18874.033	-19097.355	1.183	-193456.490	-193903.712	0.231	173615.528	173551.089	0.037
59711.6	-129431.406	-129674.177	0.188	-145135.676	-145423.403	0.198	173664.915	173551.089	0.066
59711.7	-190365.966	-190457.330	0.048	-40956.569	-41101.871	0.355	173665.539	173551.089	0.066
59711.8	-178227.818	-178106.654	0.068	79094.570	79002.394	0.117	173682.741	173551.089	0.076
59711.9	-97725.675	-97364.692	0.369	168963.257	168770.481	0.114	173716.242	173551.089	0.095
59712.0	20310.898	20764.399	2.233	194228.540	193732.285	0.256	173716.629	173551.089	0.095
59712.1	130544.142	130508.484	0.027	145087.896	144591.630	0.342	173716.554	173715.710	0.000
59712.2	190637.449	190641.393	0.002	40478.127	39938.241	1.334	173748.848	173715.710	0.019
59712.3	177634.247	177569.795	0.036	-79498.915	-80051.059	0.695	173764.559	173715.710	0.028
59712.4	96474.643	96313.059	0.167	-168700.317	-169301.502	0.356	173763.984	173715.710	0.028
59712.5	-21752.044	-21926.988	0.804	-193133.359	-193541.756	0.211	173780.139	173715.710	0.037
59712.6	-131565.545	-131747.278	0.138	-143173.502	-143463.789	0.203	173796.760	173715.710	0.047
59712.7	-190909.169	-190977.847	0.036	-38132.031	-38297.072	0.433	173830.174	173715.710	0.066
59712.8	-176998.082	-176874.714	0.070	81668.130	81575.361	0.114	173847.395	173715.710	0.076
59712.9	-95193.688	-94853.348	0.358	170385.769	170123.621	0.154	173848.116	173715.710	0.076
59713.0	23148.467	23590.815	1.911	193846.765	193346.004	0.258	173881.264	173715.710	0.095
59713.1	132614.120	132602.926	0.008	143110.729	142610.416	0.350	173881.183	173880.329	0.000
59713.2	191169.523	191166.428	0.002	37639.919	37103.415	1.425	173897.071	173880.329	0.010
59713.3	176403.377	176323.814	0.045	-82132.833	-82650.949	0.631	173912.781	173880.329	0.019
59713.4	93913.653	93774.508	0.148	-170162.676	-170668.124	0.297	173944.975	173880.329	0.037
59713.5	-24556.078	-24783.331	0.925	-192696.550	-193150.338	0.235	173928.368	173880.329	0.028
59713.6	-133605.278	-133824.602	0.164	-141172.287	-141464.634	0.207	173961.392	173880.329	0.047
59713.7	-191379.846	-191478.481	0.052	-35312.418	-35457.836	0.412	173978.432	173880.329	0.056
59713.8	-175750.392	-175606.418	0.082	84320.946	84164.439	0.186	173979.269	173880.329	0.057
59713.9	-92650.075	-92303.136	0.374	171705.429	171468.358	0.138	174012.768	173880.329	0.076
59714.0	25984.030	26443.685	1.769	193418.347	192930.035	0.252	174029.527	173880.329	0.086
59714.1	134622.318	134733.486	0.083	141094.092	140599.478	0.351	174045.822	174044.971	0.000
59714.2	191656.875	191703.134	0.024	34790.164	34223.292	1.629	174061.697	174044.971	0.010
59714.3	175092.184	175060.575	0.018	-84658.664	-85294.316	0.751	174093.781	174044.971	0.028
59714.4	91368.438	91196.397	0.188	-171427.107	-172059.707	0.369	174093.216	174044.971	0.028
59714.5	-27431.396	-27686.344	0.929	-192277.967	-192755.783	0.249	174125.772	174044.971	0.046
59714.6	-135615.303	-135937.788	0.238	-139137.049	-139435.445	0.214	174109.656	174044.971	0.037
59714.7	-191861.265	-191990.395	0.067	-32446.671	-32573.203	0.390	174143.096	174044.971	0.056
59714.8	-174451.133	-174320.491	0.075	86924.782	86796.843	0.147	174160.327	174044.971	0.066
59714.9	-90077.387	-89713.151	0.404	173018.739	172837.715	0.105	174177.445	174044.971	0.076
59715.0	28815.541	29343.197	1.831	192944.754	192510.525	0.225	174194.191	174044.971	0.086
59715.1	136666.138	136735.949	0.051	139038.886	138548.357	0.353	174210.462	174176.859	0.019
59715.2	192047.094	192112.663	0.034	31969.444	31386.174	1.824	174226.344	174176.859	0.028
59715.3	173756.611	173719.914	0.021	-87194.913	-87828.005	0.726	174225.662	174176.859	0.028
59715.4	88773.447	88620.347	0.172	-172746.757	-173317.054	0.330	174225.088	174176.859	0.028
59715.5	-30276.823	-30508.603	0.766	-191793.234	-192253.978	0.240	174290.421	174176.859	0.065
59715.6	-137660.499	-137922.535	0.190	-137072.202	-137367.177	0.215	174290.708	174176.859	0.065
59715.7	-192245.387	-192375.507	0.068	-29609.990	-29732.668	0.414	174291.393	174176.859	0.066
59715.8	-173078.344	-172958.087	0.069	89417.278	89318.908	0.110	174325.009	174176.859	0.085
59715.9	-87478.978	-87126.383	0.403	174291.839	174072.860	0.126	174358.510	174176.859	0.104
59716.0	31668.809	32161.035	1.554	192445.073	191984.465	0.239	174342.477	174176.859	0.095
59716.1	138613.681	138675.021	0.044	136957.568	136463.830	0.361	174391.512	174374.293	0.010
59716.2	192469.836	192451.288	0.010	29078.586	28559.412	1.785	174407.368	174374.293	0.019
59716.3	172381.460	172328.065	0.031	-89746.012	-90311.552	0.630	174423.058	174374.293	0.028
59716.4	86173.140	86032.480	0.163	-173963.195	-174503.727	0.311	174438.878	174374.293	0.037
59716.5	-33090.567	-33298.771	0.629	-191243.633	-191688.107	0.232	174438.691	174374.293	0.037
59716.6	-139641.921	-139843.606	0.144	-134966.365	-135266.050	0.222	174455.363	174374.293	0.046
59716.7	-192583.749	-192689.807	0.055	-26762.935	-26903.098	0.524	174472.452	174374.293	0.056
59716.8	-171674.925	-171544.928	0.076	91921.587	91790.392	0.143	174506.074	174374.293	0.076
59716.9	-84866.425	-84528.405	0.398	175493.201	175237.231	0.146	174506.799	174374.293	0.076
59717.0	34491.312	34946.234	1.319	191878.882	191394.616	0.252	174523.520	174374.293	0.086
59717.1	140660.864	140681.041	0.014	134832.656	134342.830	0.363	174539.764	174538.942	0.000
59717.2	192768.363	192822.519	0.028	26237.618	25663.735	2.187	174555.620	174538.942	0.010
59717.3	170969.996	170921.958	0.028	-92275.721	-92869.993	0.644	174571.308	174538.942	0.019
59717.4	83542.305	83388.966	0.184	-175170.881	-175742.515	0.326	174587.123	174538.942	0.028
59717.5	-35870.853	-36164.606	0.819	-190630.511	-191131.558	0.263	174586.946	174538.942	0.027
59717.6	-141591.759	-141831.309	0.169	-132832.849	-133127.875	0.222	174603.632	174538.942	0.037
59717.7	-192927.621	-193036.119	0.056	-23865.943	-24004.335	0.580	174669.874	174538.942	0.075
59717.8	-170237.603	-170116.868	0.071	94437.991	94336.644	0.107	174670.730	174538.942	0.075
59717.9	-82219.224	-81874.335	0.419	176684.259	176453.236	0.131	174671.443	174538.942	0.076
59718.0	37277.753	37807.176	1.420	191252.659	190813.440	0.230	174720.935	174538.942	0.104
59718.1	142545.209	142589.508	0.031	132685.374	132189.807	0.373	174704.398	174687.189	0.010
59718.2	193049.197	193096.060	0.024	23371.134	22799.659	2.445	174736.614	174687.189	0.028
59718.3	169495.214	169455.535	0.023	-94723.105	-95345.343	0.657	174735.907	174687.189	0.028
59718.4	80899.243	80745.673	0.190	-176306.087	-176878.628	0.325	174735.340	174687.189	0.028
59718.5	-38726.841	-38969.771	0.627	-190025.172	-190492.177	0.246	174767.933	174687.189	0.046
59718.6	-143509.223	-143721.188	0.148	-130663.855	-130958.516	0.226	174784.633	174687.189	0.056
59718.7	-193200.897	-193285.015	0.044	-20982.445	-21138.012	0.741	174818.116	174687.189	0.075
59718.8	-168754.086	-168629.209	0.074	96901.146	96799.290	0.105	174835.361	174687.189	0.085
59718.9	-79591.654	-79221.367	0.465	177744.641	177566.573	0.100	174836.073	174687.189	0.085
59719.0	40113.652	40606.737	1.229	190614.215	190149.956	0.244	174852.769	174687.189	0.095
59719.1	144461.882	144465.304	0.002	130492.753	130004.660	0.374	174885.355	174835.400	0.029
59719.2	193308.618	193324.276	0.008	20475.484	19928.877	2.670	174884.802	174835.400	0.028
59719.3	168007.204	167948.538	0.035	-97243.465	-97799.409	0.572	174900.471	174835.400	0.037
59719.4	78249.965	78082.136	0.214	-177370.314	-177973.638	0.340	174932.674	174835.400	0.056
59719.5	-41517.274	-41767.075	0.602	-189343.117	-189807.659	0.245	174948.896	174835.400	0.065
59719.6	-145328.011	-145578.120	0.172	-128462.437	-128757.317	0.230	174949.207	174835.400	0.065
59719.7	-193400.442	-193488.532	0.046	-18109.716	-18265.373	0.860	174966.310	174835.400	0.075
59719.8	-167224.276	-167101.161	0.074	99344.298	99240.304	0.105	174983.556	174835.400	0.085
59719.9	-76890.818	-76548.510	0.445	178883.703	178638.633	0.137	175017.030	174835.400	0.104
59720.0	42915.248	43398.051	1.125	189910.526	189441.403	0.247	175050.097	174835.400	0.123
59720.1	146247.735	146275.100	0.019	128285.098	127790.324	0.386	175049.918	175032.728	0.010
59720.2	193471.750	193481.966	0.005	17615.557	17073.394	3.078	175065.720	175032.728	0.019
59720.3	166446.320	166393.570	0.032	-99614.695	-100199.559	0.587	175065.001	175032.728	0.018
59720.4	75565.900	75411.603	0.204	-178421.982	-178996.821	0.322	175080.812	175032.728	0.027
59720.5	-44275.216	-44527.713	0.570	-188592.106	-189060.981	0.249	175113.425	175032.728	0.046
59720.6	-147179.127	-147368.804	0.129	-126233.390	-126527.497	0.233	175146.529	175032.728	0.065
59720.7	-193556.993	-193621.656	0.033	-15234.597	-15408.639	1.142	175147.251	175032.728	0.065
59720.8	-165656.257	-165525.607	0.079	101764.561	101626.991	0.135	175164.494	175032.728	0.075
59720.9	-74222.125	-73869.276	0.475	179860.431	179638.809	0.123	175214.346	175032.728	0.104
59721.0	45734.871	46152.164	0.912	189180.128	188671.009	0.269	175214.627	175032.728	0.104
59721.1	148064.214	148116.254	0.035	126032.050	125539.861	0.391	175214.422	175213.636	0.000
59721.2	193588.330	193643.708	0.029	14749.820	14170.245	3.929	175246.602	175213.636	0.019
59721.3	164855.608	164813.793	0.025	-102027.791	-102640.612	0.601	175229.486	175213.636	0.009
59721.4	72868.618	72696.926	0.236	-179433.846	-180038.436	0.337	175278.082	175213.636	0.037
59721.5	-47108.847	-47334.879	0.480	-187844.582	-188303.189	0.244	175294.300	175213.636	0.046
59721.6	-148962.388	-149190.534	0.153	-123965.789	-124261.282	0.238	175294.648	175213.636	0.046
59721.7	-193642.107	-193758.423	0.060	-12375.207	-12504.207	1.042	175311.771	175213.636	0.056
59721.8	-164043.668	-163924.893	0.072	104129.175	104054.365	0.072	175345.406	175213.636	0.075
59721.9	-71481.430	-71145.741	0.470	180914.636	180657.037	0.142	175329.708	175213.636	0.066
59722.0	48517.796	48952.709	0.896	188385.543	187889.100	0.264	175395.514	175213.636	0.104
59722.1	149813.999	149857.333	0.029	123758.060	123263.007	0.400	175378.918	175378.132	0.000
59722.2	193707.878	193709.039	0.001	11836.466	11304.735	4.492	175361.927	175378.132	0.009
59722.3	163229.029	163178.291	0.031	-104416.176	-104994.449	0.554	175426.723	175378.132	0.028
59722.4	70132.172	69988.608	0.205	-180429.604	-180976.749	0.303	175426.163	175378.132	0.027
59722.5	-49843.140	-50076.044	0.467	-187009.235	-187465.674	0.244	175458.792	175378.132	0.046
59722.6	-150711.035	-150911.965	0.133	-121671.984	-121969.537	0.245	175491.912	175378.132	0.065
59722.7	-193704.525	-193799.106	0.049	-9488.913	-9638.241	1.574	175492.655	175378.132	0.065
59722.8	-162401.092	-162269.206	0.081	106534.828	106394.049	0.132	175509.909	175378.132	0.075
59722.9	-68790.353	-68429.453	0.525	181776.884	181572.021	0.113	175526.981	175378.132	0.085
59723.0	51233.460	51686.569	0.884	187512.594	187028.040	0.258	175543.617	175378.132	0.094
59723.1	151527.891	151627.947	0.066	121448.913	120946.784	0.413	175543.388	175542.608	0.000
59723.2	193754.961	193775.041	0.010	8939.712	8390.012	6.149	175575.536	175542.608	0.019
59723.3	161566.960	161514.336	0.033	-106812.594	-107388.446	0.539	175591.180	175542.608	0.028
59723.4	67377.307	67233.639	0.213	-181381.669	-181930.747	0.303	175623.386	175542.608	0.046
59723.5	-52597.460	-52864.144	0.507	-186140.035	-186613.347	0.254	175639.647	175542.608	0.055
59723.6	-152456.285	-152662.592	0.135	-119342.163	-119638.171	0.248	175623.627	175542.608	0.046
59723.7	-193719.259	-193840.036	0.062	-6598.096	-6723.058	1.894	175689.917	175542.608	0.084
59723.8	-160712.483	-160584.722	0.079	108883.683	108773.645	0.101	175707.177	175542.608	0.094
59723.9	-66023.709	-65666.381	0.541	182713.315	182502.289	0.115	175691.468	175542.608	0.085
59724.0	53993.528	54467.236	0.877	186628.762	186151.764	0.256	175724.486	175542.608	0.104
59724.1	153238.278	153329.979	0.060	119106.391	118604.666	0.421	175757.005	175739.852	0.010
59724.2	193707.273	193770.372	0.033	6084.841	5494.774	9.697	175756.376	175739.852	0.009
59724.3	159844.425	159804.757	0.025	-109087.546	-109725.061	0.584	175788.396	175739.852	0.028
59724.4	64650.873	64475.614	0.271	-182202.749	-182811.500	0.334	175787.851	175739.852	0.027
59724.5	-55341.426	-55611.560	0.488	-185222.301	-185700.037	0.258	175820.494	175739.852	0.046
59724.6	-154067.959	-154344.417	0.179	-116997.140	-117281.500	0.243	175837.265	175739.852	0.055
59724.7	-193689.013	-193810.464	0.063	-3706.593	-3827.967	3.275	175870.797	175739.852	0.074
59724.8	-158978.997	-158855.110	0.078	111207.974	111095.470	0.101	175871.666	175739.852	0.075
59724.9	-63254.530	-62900.882	0.559	183576.407	183359.288	0.118	175888.730	175739.852	0.085
59725.0	56684.553	57206.695	0.921	185666.812	185214.858	0.243	175905.354	175739.852	0.094
59725.1	154912.349	154963.402	0.033	116736.947	116241.061	0.425	175921.481	175904.335	0.010
59725.2	193638.803	193697.605	0.030	3207.902	2622.596	18.246	175937.225	175904.335	0.019
59725.3	158103.829	158053.744	0.032	-111432.497	-112002.921	0.512	175969.242	175904.335	0.037
59725.4	61893.488	61718.726	0.282	-183008.966	-183620.367	0.334	175985.082	175904.335	0.046
59725.5	-58042.834	-58315.704	0.470	-184245.223	-184729.313	0.263	176001.350	175904.335	0.055
59725.6	-155739.289	-155957.450	0.140	-114605.076	-114903.934	0.261	176001.749	175904.335	0.055
59725.7	-193587.981	-193712.997	0.065	-835.844	-956.522	14.438	176035.299	175904.335	0.074
59725.8	-157208.547	-157084.569	0.079	113472.497	113358.186	0.101	176019.790	175904.335	0.066
59725.9	-60486.958	-60137.139	0.578	184367.546	184144.413	0.121	176069.618	175904.335	0.094
59726.0	59391.672	59902.389	0.860	184674.352	184220.911	0.246	176086.223	175904.335	0.103
59726.1	156516.251	156590.993	0.048	114340.832	113838.218	0.440	176102.341	176101.581	0.000
59726.2	193566.436	193597.009	0.016	280.439	-277.850	199.077	176118.071	176101.581	0.009
59726.3	156309.104	156263.588	0.029	-113686.565	-114287.226	0.528	176150.085	176101.581	0.028
59726.4	59118.446	58926.414	0.325	-183769.422	-184411.379	0.349	176149.549	176101.581	0.027
59726.5	-60757.644	-61037.951	0.461	-183242.131	-183723.291	0.263	176182.221	176101.581	0.046
59726.6	-157309.231	-157564.314	0.162	-112200.287	-112487.181	0.256	176199.020	176101.581	0.055
59726.7	-193461.887	-193587.458	0.065	2060.033	1942.952	5.683	176216.185	176101.581	0.065
59726.8	-155388.859	-155274.833	0.073	115678.370	115627.010	0.044	176217.061	176101.581	0.066
59726.9	-57715.947	-57338.127	0.655	185083.230	184911.379	0.093	176266.886	176101.581	0.094
59727.0	62084.149	62615.882	0.856	183638.063	183191.513	0.243	176283.485	176101.581	0.103
59727.1	158080.844	158084.684	0.002	111909.926	111429.050	0.430	176283.192	176266.073	0.010
59727.2	193375.136	193384.493	0.005	-2579.608	-3104.516	20.348	176282.532	176266.073	0.009
59727.3	154477.484	154426.470	0.033	-115912.678	-116445.977	0.460	176314.554	176266.073	0.027
59727.4	56315.615	56170.130	0.258	-184515.052	-185073.274	0.303	176346.792	176266.073	0.046
59727.5	-63401.407	-63655.014	0.400	-182160.122	-182634.169	0.260	176363.084	176266.073	0.055
59727.6	-158839.696	-159037.229	0.124	-109761.300	-110065.254	0.277	176379.895	176266.073	0.065
59727.7	-193287.382	-193350.639	0.033	4956.952	4767.686	3.818	176397.076	176266.073	0.074
59727.8	-153541.111	-153419.216	0.079	117888.150	117769.880	0.100	176414.345	176266.073	0.084
59727.9	-54914.577	-54576.252	0.616	185782.465	185549.543	0.125	176447.772	176266.073	0.103
59728.0	64792.779	65223.481	0.665	182567.680	182079.921	0.267	176447.974	176266.073	0.103
59728.1	159640.234	159603.773	0.023	109451.905	108977.981	0.433	176480.443	176479.712	0.000
59728.2	193165.959	193167.814	0.001	-5456.362	-5980.002	9.597	176496.164	176479.712	0.009
59728.3	152598.937	152557.225	0.027	-118045.306	-118641.720	0.505	176511.786	176479.712	0.018
59728.4	53510.669	53366.092	0.270	-185184.274	-185746.130	0.303	176511.260	176479.712	0.018
59728.5	-66117.993	-66317.121	0.301	-181076.470	-181525.767	0.248	176543.951	176479.712	0.036
59728.6	-160363.046	-160535.180	0.107	-107287.499	-107601.211	0.292	176560.767	176479.712	0.046
59728.7	-193041.224	-193109.235	0.035	7830.663	7641.202	2.419	176577.961	176479.712	0.056
59728.8	-151655.935	-151531.154	0.082	120102.277	119949.465	0.127	176595.237	176479.712	0.065
59728.9	-52099.049	-51766.530	0.638	186435.915	186198.257	0.127	176645.037	176479.712	0.094
59729.0	67485.509	67875.956	0.579	181452.695	180948.665	0.278	176645.231	176479.712	0.094
59729.1	161064.396	161083.100	0.012	106987.921	106497.689	0.458	176661.309	176627.807	0.019
59729.2	192923.969	192901.788	0.011	-8362.352	-8855.674	5.899	176693.387	176627.807	0.037
59729.3	150687.676	150647.998	0.026	-120213.891	-120808.541	0.495	176676.240	176627.807	0.027
59729.4	50656.135	50546.788	0.216	-185862.103	-186372.061	0.274	176692.099	176627.807	0.036
59729.5	-68759.450	-68963.914	0.297	-179918.889	-180370.456	0.251	176724.809	176627.807	0.055
59729.6	-161783.774	-161993.120	0.129	-104805.321	-105108.287	0.289	176741.642	176627.807	0.064
59729.7	-192729.160	-192818.486	0.046	10675.116	10514.480	1.505	176775.230	176627.807	0.083
59729.8	-149725.192	-149603.361	0.081	122221.893	122099.784	0.100	176759.730	176627.807	0.075
59729.9	-49272.038	-48941.947	0.670	187044.342	186799.916	0.131	176793.142	176627.807	0.094
59730.0	70072.502	70512.715	0.628	180251.141	179770.631	0.267	176842.470	176627.807	0.121
59730.1	162510.130	162585.401	0.046	104473.221	103972.445	0.479	176825.755	176825.036	0.000
59730.2	192592.699	192627.841	0.018	-11215.188	-11781.203	5.047	176874.222	176825.036	0.028
59730.3	148746.799	148702.996	0.029	-122351.803	-123010.979	0.539	176889.846	176825.036	0.037
59730.4	47846.849	47677.594	0.354	-186413.710	-187005.692	0.318	176922.094	176825.036	0.055
59730.5	-71383.053	-71655.557	0.382	-178718.242	-179191.973	0.265	176922.043	176825.036	0.055
59730.6	-163164.583	-163473.646	0.189	-102297.911	-102570.215	0.266	176955.271	176825.036	0.074
59730.7	-192409.835	-192519.387	0.057	13568.594	13437.544	0.966	176956.091	176825.036	0.074
59730.8	-147761.479	-147639.488	0.083	124376.672	124285.411	0.073	176989.745	176825.036	0.093
59730.9	-46430.707	-46067.409	0.782	187605.115	187408.846	0.105	176990.380	176825.036	0.093
59731.0	72670.371	73194.122	0.721	179022.127	178569.041	0.253	177023.316	176825.036	0.112
59731.1	163917.106	163921.080	0.002	101940.244	101457.553	0.474	177039.350	177005.874	0.019
59731.2	192232.850	192225.362	0.004	-14091.268	-14600.198	3.612	177071.417	177005.874	0.037
59731.3	146762.054	146716.906	0.031	-124492.114	-125051.609	0.449	177070.649	177005.874	0.037
59731.4	45018.226	44870.534	0.328	-186913.662	-187484.374	0.305	177070.132	177005.874	0.036
59731.5	-73991.541	-74205.703	0.289	-177465.210	-177924.898	0.259	177119.236	177005.874	0.064
59731.6	-164598.970	-164787.645	0.115	-99737.412	-100043.928	0.307	177136.104	177005.874	0.074
59731.7	-191997.862	-192092.677	0.049	16410.452	16252.973	0.960	177153.312	177005.874	0.083
59731.8	-145756.588	-145635.921	0.083	126467.802	126308.884	0.126	177170.580	177005.874	0.093
59731.9	-43596.099	-43256.336	0.779	188091.844	187863.368	0.121	177187.593	177005.874	0.103
59732.0	75250.345	75733.276	0.642	177747.413	177280.079	0.263	177220.517	177005.874	0.121
59732.1	165251.407	165309.994	0.035	99391.023	98890.020	0.504	177236.539	177186.682	0.028
59732.2	191807.883	191834.882	0.014	-16934.949	-17493.091	3.296	177235.829	177186.682	0.028
59732.3	144741.748	144696.973	0.031	-126535.088	-127159.019	0.493	177267.821	177186.682	0.046
59732.4	42167.736	41996.783	0.405	-187398.470	-187997.076	0.319	177283.693	177186.682	0.055
59732.5	-76576.829	-76829.779	0.330	-176179.218	-176646.017	0.265	177300.047	177186.682	0.064
59732.6	-165928.530	-166154.425	0.136	-97168.760	-97464.544	0.304	177333.295	177186.682	0.083
59732.7	-191581.476	-191677.330	0.050	19296.975	19142.401	0.801	177317.743	177186.682	0.074
59732.8	-143718.096	-143597.936	0.084	128461.454	128398.843	0.049	177367.783	177186.682	0.102
59732.9	-40751.647	-40378.281	0.916	188531.949	188351.333	0.096	177384.783	177186.682	0.112
59733.0	77872.794	78346.255	0.608	176450.344	175978.676	0.267	177417.688	177186.682	0.130
59733.1	166543.012	166594.765	0.031	96814.274	96318.130	0.512	177417.308	177400.237	0.010
59733.2	191350.060	191357.687	0.004	-19803.194	-20328.146	2.651	177416.583	177400.237	0.009
59733.3	142686.703	142641.051	0.032	-128578.389	-129168.605	0.459	177448.580	177400.237	0.027
59733.4	39284.807	39151.588	0.339	-187860.188	-188409.530	0.292	177448.067	177400.237	0.027
59733.5	-79176.832	-79371.718	0.246	-174849.594	-175302.962	0.259	177497.191	177400.237	0.055
59733.6	-167216.072	-167417.028	0.120	-94576.062	-94881.699	0.323	177497.690	177400.237	0.055
59733.7	-191075.620	-191175.768	0.052	22127.353	21973.247	0.696	177531.292	177400.237	0.074
59733.8	-141644.046	-141524.806	0.084	130520.877	130390.672	0.100	177532.182	177400.237	0.074
59733.9	-37838.757	-37529.645	0.817	189003.446	188739.301	0.140	177565.550	177400.237	0.093
59734.0	80414.397	80876.549	0.575	175083.905	174613.808	0.268	177582.057	177400.237	0.102
59734.1	167824.176	167868.684	0.027	94206.262	93713.246	0.523	177630.817	177580.994	0.028
59734.2	190808.771	190852.284	0.023	-22610.026	-23183.467	2.536	177630.084	177580.994	0.028
59734.3	140594.129	140550.396	0.031	-130555.735	-131177.946	0.477	177645.688	177580.994	0.036
59734.4	36430.731	36278.474	0.418	-188220.681	-188801.324	0.308	177645.178	177580.994	0.036
59734.5	-81723.215	-81924.043	0.246	-173470.953	-173926.762	0.263	177677.933	177580.994	0.055
59734.6	-168429.295	-168668.495	0.142	-91968.494	-92265.955	0.323	177694.819	177580.994	0.064
59734.7	-190522.463	-190645.826	0.065	24950.885	24824.115	0.508	177728.430	177580.994	0.083
59734.8	-139534.951	-139416.946	0.085	132448.670	132381.957	0.050	177729.317	177580.994	0.083
59734.9	-34974.246	-34653.267	0.918	189347.171	189106.368	0.127	177746.289	177580.994	0.093
59735.0	82933.980	83416.943	0.582	173676.345	173215.707	0.265	177762.781	177580.994	0.102
59735.1	169000.468	169129.296	0.076	91596.678	91070.583	0.574	177795.148	177761.709	0.019
59735.2	190254.819	190313.871	0.031	-25465.099	-26061.474	2.342	177827.160	177761.709	0.037
59735.3	138464.701	138419.703	0.032	-132531.778	-133186.169	0.494	177826.379	177761.709	0.036
59735.4	33570.839	33373.666	0.587	-188534.890	-189168.624	0.336	177875.031	177761.709	0.064
59735.5	-84186.323	-84487.545	0.358	-172026.206	-172512.100	0.282	177842.256	177761.709	0.045
59735.6	-169630.495	-169906.331	0.163	-89328.338	-89612.546	0.318	177891.919	177761.709	0.073
59735.7	-189960.568	-190082.679	0.064	27819.693	27697.385	0.440	177892.770	177761.709	0.074
59735.8	-137386.950	-137269.059	0.086	134407.759	134371.780	0.027	177926.417	177761.709	0.093
59735.9	-32124.301	-31745.408	1.179	189618.741	189448.671	0.090	177943.388	177761.709	0.102
59736.0	85462.853	85968.183	0.591	172234.953	171779.048	0.265	177976.245	177761.709	0.121
59736.1	170195.425	170285.132	0.053	88944.044	88429.039	0.579	177992.215	177958.789	0.019
59736.2	189635.921	189691.457	0.029	-28284.036	-28876.845	2.096	177991.449	177958.789	0.018
59736.3	136302.693	136258.041	0.033	-134473.068	-135094.291	0.462	178023.430	177958.789	0.036
59736.4	30680.906	30502.814	0.580	-188824.576	-189436.795	0.324	178039.314	177958.789	0.045
59736.5	-86688.894	-86965.208	0.319	-170559.455	-171037.346	0.280	178055.707	177958.789	0.054
59736.6	-170758.706	-171039.404	0.164	-86681.710	-86961.159	0.322	178105.386	177958.789	0.082
59736.7	-189295.644	-189436.073	0.074	30598.933	30507.298	0.299	178089.859	177958.789	0.074
59736.8	-135211.153	-135091.065	0.089	136364.994	136261.238	0.076	178123.509	177958.789	0.092
59736.9	-29226.086	-28872.355	1.210	189892.903	189692.141	0.106	178124.075	177958.789	0.093
59737.0	87905.569	88433.070	0.600	170733.241	170283.039	0.264	178156.919	177958.789	0.111
59737.1	171344.056	171366.730	0.013	86263.968	85778.778	0.562	178189.246	178172.227	0.010
59737.2	188971.137	189003.923	0.017	-31092.720	-31655.519	1.810	178204.868	178172.227	0.018
59737.3	134108.521	134065.382	0.032	-136313.293	-136934.394	0.456	178204.073	178172.227	0.018
59737.4	27766.769	27646.990	0.431	-189093.327	-189631.745	0.285	178252.734	178172.227	0.045
59737.5	-89168.064	-89387.586	0.246	-169049.649	-169512.284	0.274	178236.369	178172.227	0.036
59737.6	-171903.296	-172098.168	0.113	-83988.944	-84301.694	0.372	178302.443	178172.227	0.073
59737.7	-188652.588	-188724.666	0.038	33480.017	33279.956	0.598	178286.921	178172.227	0.064
59737.8	-132996.688	-132882.661	0.086	138220.761	138082.415	0.100	178336.948	178172.227	0.092
59737.9	-26363.646	-26014.960	1.323	190068.036	189862.521	0.108	178321.127	178172.227	0.084
59738.0	90418.947	90842.242	0.468	169216.131	168737.198	0.283	178353.962	178172.227	0.102
59738.1	172387.953	172465.277	0.045	83589.703	83085.147	0.604	178369.884	178352.879	0.010
59738.2	188270.953	188304.531	0.018	-33922.411	-34479.224	1.641	178401.874	178352.879	0.027
59738.3	131875.648	131836.611	0.030	-138215.342	-138803.896	0.426	178401.082	178352.879	0.027
59738.4	24908.446	24744.668	0.658	-189236.380	-189829.173	0.313	178433.371	178352.879	0.045
59738.5	-91655.327	-91848.996	0.211	-167502.605	-167961.827	0.274	178449.781	178352.879	0.054
59738.6	-172972.492	-173173.506	0.116	-81287.514	-81598.714	0.383	178466.721	178352.879	0.064
59738.7	-187891.453	-188001.013	0.058	36240.308	36097.540	0.394	178500.359	178352.879	0.083
59738.8	-130752.296	-130637.893	0.087	140040.291	139932.678	0.077	178517.615	178352.879	0.092
59738.9	-23433.096	-23111.047	1.374	190269.829	190034.978	0.123	178518.170	178352.879	0.093
59739.0	92813.655	93290.225	0.513	167627.077	167165.628	0.275	178550.985	178352.879	0.111
59739.1	173480.228	173518.720	0.022	80864.434	80371.466	0.610	178550.523	178549.906	0.000
59739.2	187509.127	187556.882	0.025	-36711.237	-37292.554	1.583	178582.498	178549.906	0.018
59739.3	129618.955	129574.960	0.034	-140015.374	-140636.583	0.444	178630.861	178549.906	0.045
59739.4	22003.778	21837.468	0.756	-189380.819	-189977.482	0.315	178614.002	178549.906	0.036
59739.5	-94053.177	-94285.407	0.247	-165899.918	-166368.809	0.283	178646.811	178549.906	0.054
59739.6	-173966.378	-174203.570	0.136	-78579.652	-78876.073	0.377	178663.763	178549.906	0.064
59739.7	-187117.241	-187229.195	0.060	39045.143	38904.336	0.361	178664.637	178549.906	0.064
59739.8	-128467.752	-128360.563	0.083	141887.781	141745.845	0.100	178698.273	178549.906	0.083
59739.9	-20586.326	-20202.679	1.864	190325.474	190158.277	0.088	178731.600	178549.906	0.102
59740.0	95245.535	95712.845	0.491	166015.312	165551.714	0.279	178731.630	178549.906	0.102
59740.1	174434.242	174525.747	0.052	78153.312	77636.744	0.661	178763.919	178730.543	0.019
59740.2	186699.958	186759.333	0.032	-39488.092	-40095.538	1.538	178779.509	178730.543	0.027
59740.3	127327.268	127279.085	0.038	-141777.437	-142431.510	0.461	178778.717	178730.543	0.027
59740.4	19095.349	18924.862	0.893	-189475.831	-190075.117	0.316	178811.018	178730.543	0.045
59740.5	-96424.354	-96696.331	0.282	-164258.271	-164731.661	0.288	178843.847	178730.543	0.063
59740.6	-174914.110	-175187.039	0.156	-75852.258	-76132.791	0.370	178860.805	178730.543	0.073
59740.7	-186280.679	-186407.566	0.068	41808.651	41700.357	0.259	178878.080	178730.543	0.082
59740.8	-126169.948	-126049.335	0.096	143600.591	143520.959	0.055	178895.341	178730.543	0.092
59740.9	-17692.370	-17289.341	2.278	190380.614	190230.858	0.079	178912.261	178730.543	0.102
59741.0	97618.933	98109.598	0.503	164355.184	163893.890	0.281	178912.282	178730.543	0.102
59741.1	175372.617	175397.614	0.014	75411.908	74925.351	0.645	178960.938	178943.957	0.009
59741.2	185826.015	185866.317	0.022	-42224.304	-42800.040	1.364	178976.523	178943.957	0.018
59741.3	125000.859	124964.096	0.029	-143533.648	-144090.617	0.388	178975.731	178943.957	0.018
59741.4	16206.627	16076.834	0.801	-189497.443	-190051.747	0.293	179008.043	178943.957	0.036
59741.5	-98737.025	-98983.782	0.250	-162566.074	-163034.788	0.288	179040.885	178943.957	0.054
59741.6	-175847.352	-176035.554	0.107	-73097.559	-73413.999	0.433	179057.866	178943.957	0.064
59741.7	-185397.278	-185491.323	0.051	44558.906	44397.078	0.363	179058.762	178943.957	0.064
59741.8	-123825.984	-123720.162	0.085	145339.160	145160.094	0.123	179108.782	178943.957	0.092
59741.9	-14795.085	-14441.619	2.389	190385.434	190182.993	0.106	179109.315	178943.957	0.092
59742.0	99964.965	100382.370	0.418	162654.366	162177.406	0.293	179125.713	178943.957	0.101
59742.1	176295.133	176285.007	0.006	72641.373	72174.328	0.643	179125.204	179141.005	0.009
59742.2	184953.596	184962.497	0.005	-45032.102	-45545.710	1.141	179173.549	179141.005	0.018
59742.3	122645.525	122616.123	0.024	-145250.990	-145776.622	0.362	179189.143	179141.005	0.027
59742.4	13273.878	13186.306	0.660	-189519.725	-190030.678	0.270	179221.471	179141.005	0.045
59742.5	-101150.438	-101306.928	0.155	-160858.473	-161314.734	0.284	179221.553	179141.005	0.045
59742.6	-176732.179	-176899.252	0.095	-70322.143	-70655.445	0.474	179238.542	179141.005	0.054
59742.7	-184482.106	-184563.921	0.044	47324.182	47134.873	0.400	179255.837	179141.005	0.064
59742.8	-121463.565	-121357.774	0.087	146974.001	146825.842	0.101	179256.702	179141.005	0.065
59742.9	-11830.472	-11551.380	2.359	190413.742	190137.063	0.145	179289.998	179141.005	0.083
59743.0	102316.113	102690.636	0.366	160912.441	160437.434	0.295	179322.753	179141.005	0.101
59743.1	177169.592	177153.325	0.009	69852.071	69388.975	0.663	179355.006	179338.051	0.009
59743.2	184000.883	184023.039	0.012	-47768.637	-48307.880	1.129	179370.578	179338.051	0.018
59743.3	120272.553	120229.632	0.036	-146864.232	-147454.962	0.402	179402.564	179338.051	0.036
59743.4	10453.100	10269.173	1.760	-189373.488	-189980.721	0.321	179402.130	179338.051	0.036
59743.5	-103470.246	-103634.552	0.159	-159102.108	-159555.664	0.285	179434.999	179338.051	0.054
59743.6	-177600.777	-177743.581	0.080	-67518.963	-67862.727	0.509	179435.614	179338.051	0.054
59743.7	-183504.806	-183600.740	0.052	50045.559	49888.861	0.313	179452.914	179338.051	0.064
59743.8	-119068.131	-118956.936	0.093	148634.936	148483.594	0.102	179486.553	179338.051	0.083
59743.9	-8957.490	-8634.784	3.603	190299.267	190062.018	0.125	179503.449	179338.051	0.092
59744.0	104539.434	105003.045	0.443	159126.052	158658.409	0.294	179519.813	179338.051	0.101
59744.1	177911.752	178003.151	0.051	67096.824	66572.370	0.782	179535.664	179518.709	0.009
59744.2	183021.269	183050.227	0.016	-50516.233	-51084.407	1.125	179534.849	179518.709	0.009
59744.3	117864.405	117807.731	0.048	-148469.387	-149125.252	0.442	179599.591	179518.709	0.045
59744.4	7518.248	7328.171	2.528	-189294.931	-189903.397	0.321	179599.164	179518.709	0.045
59744.5	-105728.822	-105965.338	0.224	-157297.136	-157760.418	0.295	179599.276	179518.709	0.045
59744.6	-178306.305	-178569.150	0.147	-64762.085	-65038.917	0.427	179649.057	179518.709	0.073
59744.7	-182507.274	-182604.083	0.053	52811.098	52656.918	0.292	179649.972	179518.709	0.073
59744.8	-116645.582	-116520.759	0.107	150222.616	150132.991	0.060	179667.228	179518.709	0.083
59744.9	-6062.301	-5694.556	6.066	190158.831	189959.402	0.105	179700.499	179518.709	0.101
59745.0	106863.347	107318.303	0.426	157314.617	156843.183	0.300	179716.843	179518.709	0.110
59745.1	178636.317	178721.694	0.048	64313.452	63792.937	0.809	179749.067	179699.362	0.028
59745.2	181964.698	181993.238	0.016	-53189.292	-53753.551	1.061	179748.242	179699.362	0.027
59745.3	115428.182	115381.084	0.041	-150067.050	-150659.179	0.395	179780.225	179699.362	0.045
59745.4	4610.410	4463.675	3.183	-189146.334	-189713.095	0.300	179779.800	179699.362	0.045
59745.5	-107924.013	-108167.743	0.226	-155453.629	-155918.960	0.299	179812.686	179699.362	0.063
59745.6	-179052.173	-179263.761	0.118	-61946.968	-62253.407	0.495	179846.091	179699.362	0.082
59745.7	-181451.730	-181524.176	0.040	55529.092	55316.872	0.382	179830.624	179699.362	0.073
59745.8	-114195.494	-114081.008	0.100	151769.416	151645.990	0.081	179880.639	179699.362	0.101
59745.9	-3168.979	-2831.803	10.640	189969.149	189744.469	0.118	179881.131	179699.362	0.101
59746.0	109026.336	109504.788	0.439	155450.364	154982.851	0.301	179930.229	179699.362	0.128
59746.1	179398.931	179449.007	0.028	61468.641	60966.652	0.817	179929.666	179896.359	0.019
59746.2	180885.637	180915.731	0.017	-55906.025	-56465.717	1.001	179961.590	179896.359	0.036
59746.3	112971.690	112912.509	0.052	-151557.896	-152215.781	0.434	179977.191	179896.359	0.045
59746.4	1724.677	1551.943	10.015	-188921.249	-189516.412	0.315	180009.534	179896.359	0.063
59746.5	-110185.867	-110404.555	0.198	-153582.604	-154044.516	0.301	179976.904	179896.359	0.045
59746.6	-179748.912	-179966.739	0.121	-59116.508	-59420.971	0.515	180010.313	179896.359	0.063
59746.7	-180310.184	-180423.382	0.063	58139.573	58019.671	0.206	180044.006	179896.359	0.082
59746.8	-111720.738	-111599.137	0.109	153275.191	153181.302	0.061	180061.243	179896.359	0.092
59746.9	-279.757	78.130	127.928	189731.626	189522.750	0.110	180094.490	179896.359	0.110
59747.0	111255.626	111725.396	0.422	153558.836	153089.238	0.306	180110.802	179896.359	0.119
59747.1	180084.340	180158.063	0.041	58626.396	58113.731	0.874	180126.605	180093.320	0.018
59747.2	179750.576	179807.778	0.032	-58572.884	-59188.650	1.051	180142.134	180093.320	0.027
59747.3	110479.031	110412.992	0.060	-153071.654	-153763.144	0.452	180174.120	180093.320	0.045
59747.4	-1150.645	-1379.348	19.876	-188654.615	-189294.033	0.339	180173.711	180093.320	0.045
59747.5	-112317.938	-112642.031	0.289	-151665.698	-152137.787	0.311	180206.617	180093.320	0.063
59747.6	-180344.443	-180651.231	0.170	-56312.844	-56562.057	0.443	180190.886	180093.320	0.054
59747.7	-179176.758	-179292.051	0.064	60850.936	60732.973	0.194	180273.725	180093.320	0.100
59747.8	-109221.936	-109086.404	0.124	154739.428	154707.110	0.021	180258.188	180093.320	0.091
59747.9	2605.728	3007.400	15.415	189444.788	189275.167	0.090	180291.421	180093.320	0.110
59748.0	113420.143	113946.390	0.464	151626.140	151163.334	0.305	180291.329	180093.320	0.110
59748.1	180694.120	180703.467	0.005	55790.833	55311.756	0.859	180339.887	180290.226	0.028
59748.2	178573.497	178597.610	0.014	-61218.921	-61773.997	0.907	180355.412	180290.226	0.036
59748.3	107949.691	107911.946	0.035	-154573.877	-155139.115	0.366	180387.384	180290.226	0.054
59748.4	-4049.519	-4210.894	3.985	-188356.451	-188932.267	0.306	180386.988	180290.226	0.054
59748.5	-114450.028	-114716.791	0.233	-149714.847	-150177.199	0.309	180403.520	180290.226	0.063
59748.6	-180917.809	-181172.515	0.141	-53478.036	-53755.494	0.519	180420.563	180290.226	0.072
59748.7	-177972.069	-178059.691	0.049	63482.533	63307.816	0.275	180437.869	180290.226	0.082
59748.8	-106687.565	-106573.615	0.107	156192.281	156061.519	0.084	180455.094	180290.226	0.091
59748.9	5486.537	5835.730	6.365	189108.569	188889.061	0.116	180488.315	180290.226	0.110
59749.0	115518.841	116004.209	0.420	149656.429	149184.974	0.315	180520.978	180290.226	0.128
59749.1	181254.213	181288.353	0.019	52943.052	52454.582	0.923	180520.365	180487.111	0.018
59749.2	177347.252	177386.822	0.022	-63846.256	-64427.209	0.910	180519.497	180487.111	0.018
59749.3	105427.241	105370.415	0.054	-155939.663	-156569.555	0.404	180551.485	180487.111	0.036
59749.4	-6971.774	-7107.244	1.943	-188025.414	-188590.660	0.301	180567.457	180487.111	0.044
59749.5	-116614.203	-116855.788	0.207	-147730.354	-148194.719	0.314	180584.010	180487.111	0.054
59749.6	-181469.969	-181732.805	0.145	-50615.258	-50893.395	0.550	180617.443	180487.111	0.072
59749.7	-176710.789	-176826.128	0.065	66062.955	65950.516	0.170	180618.373	180487.111	0.073
59749.8	-104151.210	-104019.875	0.126	157540.182	157470.046	0.045	180684.755	180487.111	0.109
59749.9	8362.973	8729.035	4.377	188721.335	188522.555	0.105	180685.181	180487.111	0.110
59750.0	117649.410	118126.077	0.405	147649.633	147184.170	0.315	180701.441	180487.111	0.119
59750.1	181740.443	181766.168	0.014	50107.351	49618.358	0.976	180717.211	180683.961	0.018
59750.2	176075.781	176101.864	0.015	-66452.433	-67000.408	0.825	180699.944	180683.961	0.009
59750.3	102862.781	102816.095	0.045	-157290.836	-157891.646	0.382	180764.692	180683.961	0.045
59750.4	-9780.205	-9950.090	1.737	-187569.501	-188153.972	0.312	180747.927	180683.961	0.035
59750.5	-118678.794	-118895.535	0.183	-145705.637	-146166.936	0.317	180797.250	180683.961	0.063
59750.6	-181974.927	-182186.208	0.116	-47745.833	-48053.167	0.644	180830.697	180683.961	0.081
59750.7	-175427.435	-175519.086	0.052	68683.446	68512.568	0.249	180831.627	180683.961	0.082
59750.8	-101567.567	-101454.279	0.112	158905.856	158770.119	0.085	180865.235	180683.961	0.100
59750.9	11257.614	11568.020	2.757	188306.109	188061.432	0.130	180882.035	180683.961	0.110
59751.0	119712.548	120148.307	0.364	145609.025	145138.918	0.323	180914.668	180683.961	0.128
59751.1	182175.808	182224.642	0.027	47260.450	46758.979	1.061	180914.036	180897.189	0.009
59751.2	174771.886	174787.635	0.009	-69066.888	-69580.922	0.744	180929.533	180897.189	0.018
59751.3	100288.808	100233.815	0.055	-158567.538	-159202.401	0.400	180961.518	180897.189	0.036
59751.4	-12661.335	-12808.850	1.165	-187121.525	-187691.650	0.305	180977.527	180897.189	0.044
59751.5	-120741.230	-120933.037	0.159	-143643.754	-144109.065	0.324	180994.094	180897.189	0.054
59751.6	-182402.371	-182620.072	0.119	-44884.703	-45189.950	0.680	181011.174	180897.189	0.063
59751.7	-174088.154	-174182.710	0.054	71250.924	71081.683	0.238	181028.494	180897.189	0.073
59751.8	-98981.765	-98860.820	0.122	160165.058	160058.615	0.066	181045.713	180897.189	0.082
59751.9	14117.710	14422.698	2.160	187822.904	187574.540	0.132	181062.506	180897.189	0.091
59752.0	121773.206	122168.035	0.324	143528.985	143063.599	0.324	181095.115	180897.189	0.109
59752.1	182588.840	182635.032	0.025	44387.478	43893.494	1.113	181094.475	181094.034	0.000
59752.2	173412.328	173430.958	0.011	-71627.590	-72138.040	0.713	181142.736	181094.034	0.027
59752.3	97675.033	97631.021	0.045	-159862.698	-160469.242	0.379	181158.342	181094.034	0.035
59752.4	-15509.335	-15658.313	0.961	-186602.655	-187181.760	0.310	181141.588	181094.034	0.026
59752.5	-122735.165	-122935.001	0.163	-141550.137	-142018.236	0.331	181190.945	181094.034	0.053
59752.6	-182754.055	-183005.801	0.138	-42035.732	-42321.041	0.679	181224.416	181094.034	0.072
59752.7	-172706.620	-172804.089	0.056	73794.612	73627.037	0.227	181225.361	181094.034	0.072
59752.8	-96353.921	-96247.226	0.111	161441.909	161303.023	0.086	181226.190	181094.034	0.073
59752.9	16946.189	17267.669	1.897	187266.384	187040.160	0.121	181292.117	181094.034	0.109
59753.0	123699.518	124151.942	0.366	141420.444	140955.629	0.329	181324.727	181094.034	0.127
59753.1	182979.502	182966.030	0.007	41489.567	41035.863	1.094	181291.302	181307.251	0.009
59753.2	172006.687	172014.758	0.005	-74165.037	-74642.034	0.643	181323.170	181307.251	0.009
59753.3	95038.597	95011.431	0.029	-161112.276	-161658.091	0.339	181355.170	181307.251	0.026
59753.4	-18400.751	-18475.395	0.406	-186073.453	-186598.955	0.282	181354.804	181307.251	0.026
59753.5	-124692.683	-124867.842	0.140	-139420.176	-139887.570	0.335	181387.793	181307.251	0.044
59753.6	-183134.922	-183312.209	0.097	-39121.667	-39460.669	0.867	181388.509	181307.251	0.045
59753.7	-171286.601	-171366.405	0.047	76346.888	76118.759	0.299	181422.223	181307.251	0.063
59753.8	-93701.675	-93617.508	0.090	162672.388	162469.297	0.125	181439.435	181307.251	0.073
59753.9	19759.757	20079.634	1.619	186668.281	186433.148	0.126	181472.596	181307.251	0.091
59754.0	125654.507	126066.386	0.328	139271.789	138808.417	0.333	181488.794	181307.251	0.100
59754.1	183291.182	183326.648	0.019	38601.724	38114.510	1.262	181488.122	181487.705	0.000
59754.2	170550.106	170584.948	0.020	-76645.655	-77214.969	0.743	181536.378	181487.705	0.027
59754.3	92385.875	92340.226	0.049	-162282.874	-162894.623	0.377	181535.603	181487.705	0.026
59754.4	-21173.075	-21362.276	0.894	-185422.130	-186024.270	0.325	181551.644	181487.705	0.035
59754.5	-126580.380	-126861.865	0.222	-137259.975	-137722.340	0.337	181568.263	181487.705	0.044
59754.6	-183438.888	-183647.687	0.114	-36220.751	-36536.323	0.871	181585.371	181487.705	0.054
59754.7	-169806.506	-169914.518	0.064	78810.734	78679.300	0.167	181619.092	181487.705	0.072
59754.8	-91062.552	-90935.767	0.139	163764.624	163682.809	0.050	181636.295	181487.705	0.082
59754.9	22620.530	22961.466	1.507	186052.864	185833.654	0.118	181636.675	181487.705	0.082
59755.0	127604.637	128041.711	0.343	137087.874	136626.117	0.337	181669.241	181487.705	0.100
59755.1	183530.933	183583.564	0.029	35734.282	35226.019	1.422	181717.721	181668.155	0.027
59755.2	169066.215	169090.707	0.014	-79164.180	-79700.252	0.677	181716.810	181668.155	0.027
59755.3	89717.057	89668.603	0.054	-163408.505	-164022.374	0.376	181748.808	181668.155	0.044
59755.4	-24016.788	-24185.404	0.702	-184775.142	-185361.441	0.317	181764.861	181668.155	0.053
59755.5	-128495.629	-128752.442	0.200	-135061.935	-135523.452	0.342	181797.878	181668.155	0.071
59755.6	-183665.500	-183879.750	0.117	-33333.734	-33645.728	0.936	181798.609	181668.155	0.072
59755.7	-168290.664	-168398.957	0.064	81280.687	81151.640	0.159	181799.562	181668.155	0.072
59755.8	-88395.693	-88254.543	0.160	164842.533	164787.539	0.033	181849.539	181668.155	0.100
59755.9	25416.237	25778.788	1.426	185350.538	185146.568	0.110	181866.282	181668.155	0.109
59756.0	129483.700	129913.306	0.332	134871.993	134411.050	0.342	181882.453	181668.155	0.118
59756.1	183767.472	183790.181	0.012	32816.895	32333.561	1.473	181930.918	181864.983	0.036
59756.2	167534.275	167553.488	0.011	-81623.665	-82159.105	0.656	181897.249	181864.983	0.018
59756.3	87027.400	86977.826	0.057	-164486.655	-165103.445	0.375	181912.853	181864.983	0.026
59756.4	-26850.020	-26996.506	0.546	-184076.550	-184649.610	0.311	181978.066	181864.983	0.062
59756.5	-130339.412	-130604.433	0.203	-132830.955	-133292.055	0.347	181978.330	181864.983	0.062
59756.6	-183843.211	-184061.481	0.119	-30444.880	-30751.601	1.007	181995.459	181864.983	0.072
59756.7	-166741.725	-166840.646	0.059	83755.263	83597.180	0.189	182012.801	181864.983	0.081
59756.8	-85669.535	-85554.567	0.134	165963.341	165845.428	0.071	182046.378	181864.983	0.100
59756.9	28253.766	28583.664	1.168	184636.023	184410.585	0.122	182063.112	181864.983	0.109
59757.0	131258.618	131746.036	0.371	132631.371	132163.807	0.353	182095.657	181864.983	0.127
59757.1	183903.196	183922.905	0.011	29938.613	29461.098	1.595	182111.336	182078.188	0.018
59757.2	165949.784	165968.342	0.011	-84058.170	-84558.267	0.595	182094.035	182078.188	0.009
59757.3	84321.394	84283.492	0.045	-165518.315	-166108.049	0.356	182126.041	182078.188	0.026
59757.4	-29669.539	-29765.429	0.323	-183330.041	-183873.898	0.297	182142.113	182078.188	0.035
59757.5	-132208.917	-132384.704	0.133	-130560.185	-131033.893	0.363	182191.531	182078.188	0.062
59757.6	-183993.830	-184169.494	0.095	-27530.357	-27878.102	1.263	182175.908	182078.188	0.054
59757.7	-165140.378	-165234.925	0.057	86170.977	85982.620	0.219	182226.019	182078.188	0.081
59757.8	-82975.823	-82851.693	0.150	166915.843	166826.821	0.053	182259.588	182078.188	0.100
59757.9	31022.971	31345.813	1.041	183836.848	183611.087	0.123	182276.308	182078.188	0.109
59758.0	133091.915	133506.820	0.312	130351.558	129890.416	0.354	182292.460	182078.188	0.118
59758.1	184034.987	184076.291	0.022	27012.368	26518.747	1.827	182291.728	182291.366	0.000
59758.2	164335.868	164358.716	0.014	-86494.964	-87026.072	0.614	182339.966	182291.366	0.027
59758.3	81582.866	81528.935	0.066	-166531.427	-167153.694	0.374	182339.204	182291.366	0.026
59758.4	-32419.699	-32607.193	0.578	-182499.573	-183095.865	0.327	182322.520	182291.366	0.017
59758.5	-133973.198	-134222.464	0.186	-128265.509	-128730.940	0.363	182371.949	182291.366	0.044
59758.6	-184046.090	-184297.568	0.137	-24659.147	-24934.540	1.117	182389.107	182291.366	0.054
59758.7	-163497.339	-163604.132	0.065	88558.153	88436.489	0.137	182406.446	182291.366	0.063
59758.8	-80210.840	-80088.244	0.153	167939.897	167848.735	0.054	182456.387	182291.366	0.090
59758.9	33834.295	34180.780	1.024	183022.145	182808.640	0.117	182456.714	182291.366	0.091
59759.0	134819.002	135324.704	0.375	128041.433	127571.741	0.367	182472.842	182291.366	0.099
59759.1	184095.206	184108.174	0.007	24111.122	23643.659	1.939	182488.493	182488.149	0.000
59759.2	162658.568	162690.545	0.020	-88806.692	-89367.941	0.632	182503.954	182488.149	0.009
59759.3	78839.022	78801.272	0.048	-167465.436	-168063.089	0.357	182535.957	182488.149	0.026
59759.4	-35240.323	-35346.951	0.303	-181668.967	-182223.587	0.305	182552.050	182488.149	0.035
59759.5	-135697.031	-135922.277	0.166	-125942.642	-126411.935	0.373	182568.730	182488.149	0.044
59759.6	-184091.968	-184304.722	0.116	-21738.783	-22059.285	1.474	182585.885	182488.149	0.054
59759.7	-161812.959	-161915.881	0.064	90915.960	90763.924	0.167	182619.618	182488.149	0.072
59759.8	-77471.996	-77352.860	0.154	168827.014	168734.636	0.055	182653.163	182488.149	0.090
59759.9	36573.103	36912.934	0.929	182126.878	181912.830	0.118	182637.092	182488.149	0.082
59760.0	136570.266	137004.508	0.318	125695.526	125238.202	0.364	182653.202	182488.149	0.090
59760.1	184054.395	184112.321	0.031	21252.218	20745.174	2.386	182701.606	182652.130	0.027
59760.2	160953.680	160986.178	0.020	-91152.450	-91712.373	0.614	182717.062	182652.130	0.036
59760.3	76083.458	76042.852	0.053	-168352.675	-168953.229	0.357	182732.688	182652.130	0.044
59760.4	-37929.017	-38100.217	0.451	-180728.818	-181317.629	0.326	182748.792	182652.130	0.053
59760.5	-137379.279	-137613.159	0.170	-123588.287	-124057.758	0.380	182765.477	182652.130	0.062
59760.6	-184065.680	-184283.938	0.119	-18844.045	-19160.871	1.681	182766.254	182652.130	0.062
59760.7	-160083.801	-160191.413	0.067	93244.209	93093.610	0.162	182816.368	182652.130	0.090
59760.8	-74719.018	-74586.886	0.177	169666.107	169601.018	0.038	182833.525	182652.130	0.099
59760.9	39324.157	39658.306	0.850	181199.365	180983.225	0.119	182850.206	182652.130	0.108
59761.0	138247.221	138675.080	0.309	123324.076	122869.570	0.369	182866.298	182652.130	0.117
59761.1	184057.062	184085.855	0.016	18303.579	17821.567	2.633	182881.920	182865.223	0.009
59761.2	159208.252	159242.274	0.021	-93467.258	-94059.069	0.633	182897.373	182865.223	0.018
59761.3	73281.807	73251.152	0.042	-169248.563	-169821.904	0.339	182896.620	182865.223	0.017
59761.4	-40747.635	-40867.725	0.295	-179813.116	-180374.719	0.312	182929.108	182865.223	0.035
59761.5	-139051.532	-139293.780	0.174	-121197.922	-121665.333	0.386	182978.572	182865.223	0.062
59761.6	-183988.531	-184232.328	0.133	-15950.754	-16237.600	1.798	182979.362	182865.223	0.062
59761.7	-158314.376	-158427.389	0.071	95541.236	95425.220	0.121	183013.084	182865.223	0.081
59761.8	-71890.386	-71787.818	0.143	170572.103	170445.650	0.074	183013.850	182865.223	0.081
59761.9	42058.762	42417.602	0.853	180222.081	180016.547	0.114	183030.514	182865.223	0.090
59762.0	139881.774	140335.061	0.324	120924.090	120462.778	0.381	183062.980	182865.223	0.108
59762.1	183961.290	183942.019	0.010	15402.334	14972.630	2.790	183078.585	183045.527	0.018
59762.2	157416.643	157447.529	0.020	-95751.150	-96276.278	0.548	183094.023	183045.527	0.026
59762.3	70493.476	70494.663	0.002	-170035.301	-170555.998	0.306	183109.664	183045.527	0.035
59762.4	-43402.243	-43527.493	0.289	-178775.107	-179343.814	0.318	183125.778	183045.527	0.044
59762.5	-140648.655	-140835.499	0.133	-118784.470	-119265.286	0.405	183142.486	183045.527	0.053
59762.6	-183881.681	-184063.994	0.099	-13034.861	-13390.006	2.725	183176.049	183045.527	0.071
59762.7	-156509.321	-156613.640	0.067	97805.658	97626.911	0.183	183193.392	183045.527	0.081
59762.8	-69108.013	-69025.117	0.120	171312.001	171156.009	0.091	183210.532	183045.527	0.090
59762.9	44744.540	45068.404	0.724	179184.793	178962.804	0.124	183227.185	183045.527	0.099
59763.0	141473.294	141856.081	0.271	118496.328	118049.559	0.377	183259.630	183045.527	0.117
59763.1	183769.446	183814.541	0.025	12551.872	12055.091	3.958	183291.605	183258.562	0.018
59763.2	155597.709	155625.582	0.018	-98033.710	-98558.556	0.535	183274.277	183258.562	0.009
59763.3	67694.330	67677.858	0.024	-170773.344	-171326.642	0.324	183339.067	183258.562	0.044
59763.4	-46155.665	-46257.529	0.221	-177746.819	-178306.904	0.315	183322.418	183258.562	0.035
59763.5	-142236.170	-142430.459	0.137	-116345.495	-116818.985	0.407	183339.152	183258.562	0.044
59763.6	-183702.319	-183911.427	0.114	-10147.199	-10473.671	3.217	183389.098	183258.562	0.071
59763.7	-154662.987	-154772.131	0.071	100037.576	99893.434	0.144	183422.819	183258.562	0.090
59763.8	-66281.986	-66201.788	0.121	172059.794	171902.397	0.091	183423.566	183258.562	0.090
59763.9	47441.281	47789.422	0.734	178112.718	177902.451	0.118	183440.204	183258.562	0.099
59764.0	142987.838	143429.941	0.309	116042.244	115589.631	0.390	183439.857	183258.562	0.099
59764.1	183570.572	183654.197	0.046	9657.083	9113.827	5.625	183488.210	183438.796	0.027
59764.2	153727.002	153763.100	0.023	-100251.317	-100840.641	0.588	183503.635	183438.796	0.035
59764.3	64849.111	64828.414	0.032	-171517.241	-172073.248	0.324	183502.908	183438.796	0.035
59764.4	-48829.220	-48999.775	0.349	-176644.615	-177231.340	0.332	183519.038	183438.796	0.044
59764.5	-143809.219	-144012.510	0.141	-113860.111	-114334.259	0.416	183552.156	183438.796	0.062
59764.6	-183490.818	-183725.791	0.128	-7236.894	-7533.894	4.104	183569.347	183438.796	0.071
59764.7	-152784.628	-152890.091	0.069	102301.043	102159.415	0.138	183586.691	183438.796	0.081
59764.8	-63478.670	-63346.028	0.209	172701.618	172624.467	0.045	183603.812	183438.796	0.090
59764.9	50150.232	50522.315	0.742	177000.872	176803.342	0.112	183636.806	183438.796	0.108
59765.0	144491.020	144990.563	0.346	113559.906	113091.390	0.413	183636.457	183438.796	0.108
59765.1	183342.086	183400.868	0.032	6742.784	6228.158	7.632	183652.029	183635.400	0.009
59765.2	151827.090	151858.242	0.021	-102466.510	-103023.019	0.543	183683.840	183635.400	0.026
59765.3	62036.561	62003.475	0.053	-172122.213	-172714.323	0.344	183699.482	183635.400	0.035
59765.4	-51452.423	-51660.045	0.404	-175480.925	-176084.945	0.344	183715.635	183635.400	0.044
59765.5	-145241.868	-145486.592	0.168	-111371.539	-111840.600	0.421	183732.376	183635.400	0.053
59765.6	-183209.177	-183447.652	0.130	-4358.970	-4650.512	6.688	183749.588	183635.400	0.062
59765.7	-150858.010	-150966.533	0.072	104432.285	104325.329	0.102	183799.696	183635.400	0.089
59765.8	-60629.870	-60515.680	0.188	173348.576	173241.221	0.062	183800.428	183635.400	0.090
59765.9	52835.828	53172.627	0.637	175846.755	175634.108	0.121	183817.022	183635.400	0.099
59766.0	145948.342	146443.143	0.339	111048.265	110585.144	0.417	183833.031	183635.400	0.108
59766.1	183084.183	183094.929	0.006	3810.117	3347.249	12.148	183848.604	183815.603	0.018
59766.2	149881.535	149913.679	0.021	-104581.490	-105170.555	0.563	183880.411	183815.603	0.035
59766.3	59205.007	59166.982	0.064	-172709.108	-173303.852	0.344	183896.064	183815.603	0.044
59766.4	-54142.873	-54299.281	0.289	-174312.236	-174890.094	0.332	183928.614	183815.603	0.061
59766.5	-146662.862	-146915.130	0.172	-108857.382	-109320.179	0.425	183912.602	183815.603	0.053
59766.6	-182895.973	-183116.946	0.121	-1461.036	-1772.340	21.307	183946.195	183815.603	0.071
59766.7	-148899.418	-149003.571	0.070	106626.392	106456.061	0.160	183979.921	183815.603	0.089
59766.8	-57786.540	-57674.221	0.194	173915.618	173806.332	0.063	183980.643	183815.603	0.090
59766.9	55499.657	55801.489	0.544	174645.038	174416.601	0.131	184013.614	183815.603	0.108
59767.0	147425.018	147849.950	0.288	108501.535	108052.530	0.414	184029.613	183815.603	0.116
59767.1	182728.805	182760.194	0.017	931.282	449.348	51.749	184012.399	184012.185	0.000
59767.2	147903.642	147935.838	0.022	-106725.867	-107314.855	0.552	184060.594	184012.185	0.026
59767.3	56348.635	56305.508	0.077	-173273.813	-173871.159	0.345	184076.261	184012.185	0.035
59767.4	-56812.781	-56945.610	0.234	-173091.597	-173662.569	0.330	184092.430	184012.185	0.044
59767.5	-148101.035	-148330.147	0.155	-106300.241	-106769.179	0.441	184109.202	184012.185	0.053
59767.6	-182529.388	-182757.298	0.125	1431.310	1122.574	21.570	184142.797	184012.185	0.071
59767.7	-146902.889	-147007.360	0.071	108718.842	108583.270	0.125	184160.150	184012.185	0.080
59767.8	-54934.737	-54807.973	0.231	174431.714	174349.007	0.047	184177.243	184012.185	0.090
59767.9	58080.037	58437.162	0.615	173371.303	173166.361	0.118	184193.819	184012.185	0.099
59768.0	148791.510	149242.974	0.303	105944.703	105489.454	0.430	184209.807	184012.185	0.107
59768.1	182305.072	182371.964	0.037	-1911.148	-2442.476	27.802	184225.353	184225.148	0.000
59768.2	145890.611	145918.353	0.019	-108899.048	-109422.727	0.481	184257.160	184225.148	0.017
59768.3	53495.011	53433.463	0.115	-173755.129	-174385.676	0.363	184256.441	184225.148	0.017
59768.4	-59398.029	-59569.377	0.288	-171800.604	-172386.160	0.341	184289.014	184225.148	0.035
59768.5	-149429.498	-149698.134	0.180	-103736.137	-104191.975	0.439	184322.188	184225.148	0.053
59768.6	-182115.915	-182344.211	0.125	4311.915	4010.952	6.980	184323.032	184225.148	0.053
59768.7	-144868.115	-144971.820	0.072	110840.144	110673.711	0.150	184323.993	184225.148	0.054
59768.8	-52078.878	-51931.609	0.283	174898.981	174838.803	0.034	184357.469	184225.148	0.072
59768.9	60696.286	61049.853	0.583	172078.528	171867.433	0.123	184374.035	184225.148	0.081
59769.0	150142.840	150588.744	0.297	103355.727	102900.579	0.440	184390.006	184225.148	0.089
59769.1	181890.766	181936.864	0.025	-4821.975	-5322.066	10.371	184421.930	184388.977	0.018
59769.2	143836.432	143870.205	0.023	-110936.541	-111493.098	0.502	184437.350	184388.977	0.026
59769.3	50622.640	50558.736	0.126	-174216.490	-174851.826	0.365	184469.413	184388.977	0.044
59769.4	-62050.075	-62166.814	0.188	-170500.047	-171069.092	0.334	184485.613	184388.977	0.052
59769.5	-150775.153	-151020.890	0.163	-101134.661	-101597.429	0.458	184486.040	184388.977	0.053
59769.6	-181627.946	-181884.360	0.141	7159.937	6886.693	3.816	184519.650	184388.977	0.071
59769.7	-142798.869	-142905.940	0.075	112858.241	112726.390	0.117	184537.001	184388.977	0.080
59769.8	-49178.453	-49052.979	0.255	175368.370	175280.210	0.050	184554.089	184388.977	0.089
59769.9	63289.288	63635.866	0.548	170735.347	170528.072	0.121	184603.401	184388.977	0.116
59770.0	151384.300	151889.135	0.333	100763.576	100294.753	0.465	184586.594	184388.977	0.107
59770.1	181404.347	181427.369	0.013	-7697.634	-8168.418	6.116	184618.510	184601.955	0.009
59770.2	141747.225	141781.528	0.024	-112968.514	-113492.782	0.464	184633.925	184601.955	0.017
59770.3	47741.952	47692.909	0.103	-174624.611	-175236.981	0.351	184633.234	184601.955	0.017
59770.4	-64521.126	-64709.339	0.292	-169102.685	-169691.822	0.348	184682.220	184601.955	0.043
59770.5	-152008.869	-152263.808	0.168	-98524.203	-98986.594	0.469	184699.032	184601.955	0.053
59770.6	-181132.731	-181350.402	0.120	10046.850	9728.558	3.168	184667.129	184601.955	0.035
59770.7	-140694.912	-140800.141	0.075	114838.051	114708.035	0.113	184733.625	184601.955	0.071
59770.8	-46309.550	-46183.946	0.271	175732.247	175640.702	0.052	184734.321	184601.955	0.072
59770.9	65793.469	66166.452	0.567	169328.496	169128.986	0.118	184767.233	184601.955	0.089
59771.0	152702.765	153109.552	0.266	98109.668	97673.324	0.445	184799.565	184601.955	0.107
59771.1	180845.616	180884.543	0.022	-10537.267	-11031.529	4.691	184815.086	184765.777	0.027
59771.2	139628.678	139656.045	0.020	-114961.551	-115486.369	0.457	184814.130	184765.777	0.026
59771.3	44873.505	44800.935	0.162	-174952.872	-175595.526	0.367	184862.582	184765.777	0.052
59771.4	-67091.535	-67257.314	0.247	-167697.480	-168277.646	0.346	184846.048	184765.777	0.043
59771.5	-153227.189	-153489.385	0.171	-95886.670	-96342.728	0.476	184879.258	184765.777	0.061
59771.6	-180546.042	-180782.971	0.131	12871.105	12586.895	2.208	184912.901	184765.777	0.080
59771.7	-138553.506	-138657.591	0.075	116844.318	116683.268	0.138	184881.086	184765.777	0.062
59771.8	-43394.671	-43288.995	0.244	176095.307	175974.360	0.069	184914.541	184765.777	0.080
59771.9	68364.715	68702.169	0.494	167906.139	167692.947	0.127	184947.442	184765.777	0.098
59772.0	153849.338	154312.344	0.301	95478.432	95019.014	0.481	184963.377	184765.777	0.107
59772.1	180261.485	180296.950	0.020	-13387.117	-13878.531	3.671	184995.283	184962.372	0.018
59772.2	137472.262	137503.882	0.023	-116882.152	-117440.565	0.478	184994.312	184962.372	0.017
59772.3	41945.946	41910.612	0.084	-175310.677	-175906.522	0.340	185026.392	184962.372	0.035
59772.4	-69634.528	-69775.940	0.203	-166248.016	-166826.023	0.348	185026.247	184962.372	0.035
59772.5	-154459.337	-154669.185	0.136	-93208.048	-93685.896	0.513	185075.852	184962.372	0.061
59772.6	-179960.589	-180170.913	0.117	15766.657	15428.738	2.143	185060.340	184962.372	0.053
59772.7	-136383.296	-136488.699	0.077	118843.781	118618.881	0.189	185094.081	184962.372	0.071
59772.8	-40515.199	-40396.104	0.294	176353.751	176260.485	0.053	185094.738	184962.372	0.072
59772.9	70875.609	71208.216	0.469	166434.754	166219.715	0.129	185127.637	184962.372	0.089
59773.0	155009.939	155469.249	0.296	92807.946	92352.133	0.491	185143.552	184962.372	0.098
59773.1	179602.987	179636.779	0.019	-16200.583	-16688.071	3.009	185159.054	185158.932	0.000
59773.2	135283.371	135315.148	0.023	-118795.185	-119321.729	0.443	185190.852	185158.932	0.017
59773.3	39055.615	39033.767	0.056	-175564.772	-176136.962	0.326	185206.561	185158.932	0.026
59773.4	-72085.439	-72236.214	0.209	-164739.732	-165317.252	0.351	185239.184	185158.932	0.043
59773.5	-155580.758	-155768.166	0.120	-90531.407	-91017.267	0.537	185223.263	185158.932	0.035
59773.6	-179273.916	-179486.602	0.119	18564.562	18232.496	1.789	185273.291	185158.932	0.062
59773.7	-134180.407	-134283.866	0.077	120638.909	120481.151	0.131	185274.252	185158.932	0.062
59773.8	-37618.773	-37517.384	0.270	176590.699	176466.173	0.071	185307.682	185158.932	0.080
59773.9	73294.886	73655.422	0.492	164902.339	164689.839	0.129	185324.175	185158.932	0.089
59774.0	156091.628	156545.236	0.291	90132.100	89674.150	0.508	185323.690	185158.932	0.089
59774.1	178899.389	178982.632	0.047	-18996.599	-19564.322	2.989	185355.566	185322.693	0.018
59774.2	133061.154	133091.975	0.023	-120699.956	-121260.345	0.464	185370.972	185322.693	0.026
59774.3	36161.060	36095.247	0.182	-175764.920	-176393.532	0.358	185370.296	185322.693	0.026
59774.4	-74570.245	-74761.717	0.257	-163206.486	-163793.256	0.360	185402.936	185322.693	0.043
59774.5	-156624.007	-156910.883	0.183	-87852.141	-88297.905	0.507	185436.173	185322.693	0.061
59774.6	-178577.283	-178807.740	0.129	21400.326	21103.014	1.389	185453.444	185322.693	0.071
59774.7	-131942.342	-132044.102	0.077	122524.020	122400.573	0.101	185470.772	185322.693	0.080
59774.8	-34695.609	-34576.766	0.343	176797.411	176697.460	0.057	185487.802	185322.693	0.089
59774.9	75813.333	76167.724	0.467	163352.875	163144.178	0.128	185504.275	185322.693	0.098
59775.0	157214.170	157664.522	0.286	87399.372	86945.061	0.520	185503.779	185322.693	0.098
59775.1	178193.592	178207.522	0.008	-21863.612	-22315.478	2.067	185535.638	185535.558	0.000
59775.2	130812.126	130844.768	0.025	-122530.580	-123026.616	0.405	185551.053	185535.558	0.008
59775.3	33248.114	33238.849	0.028	-175941.008	-176496.687	0.316	185566.767	185535.558	0.017
59775.4	-77026.072	-77130.477	0.136	-161626.596	-162193.684	0.351	185583.020	185535.558	0.026
59775.5	-157676.832	-157882.422	0.130	-85126.932	-85609.827	0.567	185599.879	185535.558	0.035
59775.6	-177808.909	-178008.997	0.113	24195.873	23847.402	1.440	185633.540	185535.558	0.053
59775.7	-129677.084	-129781.786	0.081	124301.957	124147.451	0.124	185634.482	185535.558	0.053
59775.8	-31838.305	-31719.585	0.373	176879.455	176776.043	0.058	185651.502	185535.558	0.062
59775.9	78236.296	78522.639	0.366	161751.405	161524.292	0.140	185684.345	185535.558	0.080
59776.0	158197.259	158612.905	0.263	84690.204	84248.726	0.521	185683.832	185535.558	0.080
59776.1	177390.750	177470.273	0.045	-24628.253	-25189.216	2.278	185715.681	185699.237	0.009
59776.2	128530.640	128555.930	0.020	-124285.861	-124914.240	0.506	185714.703	185699.237	0.008
59776.3	30350.957	30277.314	0.243	-176035.060	-176673.367	0.363	185763.184	185699.237	0.034
59776.4	-79418.524	-79627.506	0.263	-159999.758	-160591.577	0.370	185763.075	185699.237	0.034
59776.5	-158682.372	-158956.111	0.173	-82391.488	-82844.127	0.549	185779.946	185699.237	0.043
59776.6	-176990.265	-177247.059	0.145	26975.446	26714.692	0.967	185797.218	185699.237	0.053
59776.7	-127380.597	-127476.797	0.076	126103.292	126015.319	0.070	185814.551	185699.237	0.062
59776.8	-28894.065	-28756.641	0.476	177007.039	176927.245	0.045	185847.938	185699.237	0.080
59776.9	80628.750	81005.796	0.468	160105.021	159900.768	0.128	185847.994	185699.237	0.080
59777.0	159159.369	159662.767	0.316	81950.158	81473.894	0.581	185880.232	185699.237	0.097
59777.1	176568.930	176610.141	0.023	-27433.919	-27937.096	1.834	185879.308	185895.641	0.009
59777.2	126217.785	126241.953	0.019	-126063.881	-126627.771	0.447	185911.101	185895.641	0.008
59777.3	27414.404	27398.039	0.060	-176128.380	-176694.569	0.321	185926.821	185895.641	0.017
59777.4	-81779.485	-81966.466	0.229	-158330.462	-158912.308	0.367	185959.484	185895.641	0.034
59777.5	-159607.432	-159856.616	0.156	-79653.097	-80109.211	0.573	185959.987	185895.641	0.035
59777.6	-176126.876	-176363.324	0.134	29735.103	29455.073	0.942	185993.652	185895.641	0.053
59777.7	-125048.348	-125148.168	0.080	127860.966	127708.884	0.119	186010.973	185895.641	0.062
59777.8	-26017.848	-25877.290	0.540	177010.076	176923.682	0.049	186011.588	185895.641	0.062
59777.9	82988.575	83330.226	0.412	158420.194	158201.443	0.138	186044.398	185895.641	0.080
59778.0	160099.355	160539.716	0.275	79178.812	78731.334	0.565	186043.841	185895.641	0.080
59778.1	175682.169	175723.786	0.024	-30192.768	-30691.682	1.652	186059.301	186042.891	0.009
59778.2	123869.710	123902.839	0.027	-127797.572	-128331.271	0.418	186091.088	186042.891	0.026
59778.3	24545.699	24504.362	0.168	-176096.220	-176692.854	0.339	186106.821	186042.891	0.034
59778.4	-84139.930	-84303.559	0.194	-156627.152	-157206.038	0.370	186123.119	186042.891	0.043
59778.5	-160479.994	-160739.705	0.162	-76896.264	-77353.577	0.595	186123.624	186042.891	0.043
59778.6	-175210.230	-175453.310	0.139	32478.821	32201.933	0.853	186157.294	186042.891	0.061
59778.7	-122692.070	-122794.489	0.083	129542.522	129392.202	0.116	186158.235	186042.891	0.062
59778.8	-23071.142	-22983.735	0.379	177027.036	176897.079	0.073	186175.213	186042.891	0.071
59778.9	85316.086	85652.558	0.394	156691.613	156475.135	0.138	186208.021	186042.891	0.089
59779.0	160962.761	161399.071	0.271	76415.775	75968.206	0.586	186240.232	186042.891	0.106
59779.1	174760.639	174784.065	0.013	-32962.164	-33429.792	1.419	186255.670	186222.892	0.018
59779.2	121493.356	121530.310	0.030	-129486.973	-129990.015	0.388	186254.694	186222.892	0.017
59779.3	21658.746	21610.056	0.225	-176036.555	-176635.291	0.340	186286.826	186222.892	0.034
59779.4	-86467.373	-86608.258	0.163	-154881.402	-155454.270	0.370	186319.513	186222.892	0.052
59779.5	-161333.305	-161569.812	0.147	-74116.233	-74580.267	0.626	186320.035	186222.892	0.052
59779.6	-174275.580	-174490.073	0.123	35261.097	34931.860	0.934	186337.324	186222.892	0.061
59779.7	-120296.370	-120407.781	0.093	131244.356	131030.480	0.163	186338.263	186222.892	0.062
59779.8	-20201.319	-20090.030	0.551	176925.867	176814.623	0.063	186371.621	186222.892	0.080
59779.9	87610.325	87942.104	0.379	154919.751	154703.609	0.140	186388.020	186222.892	0.089
59780.0	161772.012	162205.295	0.268	73633.777	73187.859	0.606	186420.221	186222.892	0.106
59780.1	173759.469	173829.610	0.040	-35653.785	-36204.309	1.544	186419.271	186386.517	0.018
59780.2	119097.037	119124.428	0.023	-131099.553	-131669.496	0.435	186418.304	186386.517	0.017
59780.3	18747.586	18676.581	0.379	-175942.378	-176574.830	0.359	186466.812	186386.517	0.043
59780.4	-88728.451	-88942.897	0.242	-153089.360	-153677.085	0.384	186466.757	186386.517	0.043
59780.5	-162162.749	-162409.137	0.152	-71305.252	-71768.780	0.650	186483.673	186386.517	0.052
59780.6	-173236.127	-173511.790	0.159	37904.815	37698.065	0.545	186517.359	186386.517	0.070
59780.7	-117887.744	-117987.543	0.085	132803.987	132689.205	0.086	186518.289	186386.517	0.071
59780.8	-17287.347	-17157.185	0.753	176816.416	176728.935	0.049	186551.642	186386.517	0.089
59780.9	89869.770	90261.371	0.436	153109.338	152906.410	0.133	186551.640	186386.517	0.089
59781.0	162558.231	163020.407	0.284	70823.761	70369.257	0.642	186583.829	186386.517	0.106
59781.1	172768.254	172804.454	0.021	-38441.812	-38932.531	1.277	186599.260	186566.514	0.018
59781.2	116669.077	116688.694	0.017	-132665.849	-133269.914	0.455	186614.672	186566.514	0.026
59781.3	15820.789	15765.569	0.349	-175821.234	-176432.900	0.348	186630.428	186566.514	0.034
59781.4	-90987.112	-91211.387	0.246	-151261.337	-151847.306	0.387	186630.383	186566.514	0.034
59781.5	-162910.685	-163164.025	0.156	-68496.333	-68953.769	0.668	186663.698	186566.514	0.052
59781.6	-172217.230	-172463.207	0.143	40676.176	40417.368	0.636	186697.390	186566.514	0.070
59781.7	-115436.082	-115538.134	0.088	134415.001	134268.615	0.109	186681.934	186566.514	0.062
59781.8	-14377.486	-14247.500	0.904	176653.139	176561.972	0.052	186748.042	186566.514	0.097
59781.9	92126.000	92514.040	0.421	151266.764	151057.187	0.139	186748.035	186566.514	0.097
59782.0	163236.701	163751.056	0.315	68037.146	67547.858	0.719	186731.057	186566.514	0.088
59782.1	171667.196	171731.373	0.037	-41092.125	-41638.825	1.330	186762.855	186746.511	0.009
59782.2	114211.947	114227.155	0.013	-134218.821	-134824.379	0.451	186778.279	186746.511	0.017
59782.3	12972.282	12860.781	0.860	-175580.918	-176238.635	0.375	186794.048	186746.511	0.025
59782.4	-93242.270	-93444.013	0.216	-149400.387	-149978.907	0.387	186810.398	186746.511	0.034
59782.5	-163608.049	-163867.182	0.158	-65679.208	-66128.685	0.684	186843.722	186746.511	0.052
59782.6	-171116.486	-171366.888	0.146	43368.877	43114.333	0.587	186877.411	186746.511	0.070
59782.7	-112967.628	-113063.316	0.085	135914.853	135801.851	0.083	186861.952	186746.511	0.062
59782.8	-11500.082	-11344.490	1.353	176417.383	176342.731	0.042	186895.295	186746.511	0.080
59782.9	94346.556	94730.513	0.407	149381.779	149169.655	0.142	186928.036	186746.511	0.097
59783.0	163918.823	164429.888	0.312	65206.015	64716.830	0.750	186927.429	186746.511	0.097
59783.1	170565.350	170588.440	0.014	-43806.202	-44260.513	1.037	186926.459	186926.520	0.000
59783.2	111723.916	111759.025	0.031	-135723.955	-136269.326	0.402	186958.256	186926.520	0.017
59783.3	10054.624	10015.192	0.392	-175350.325	-175951.996	0.343	186990.417	186926.520	0.034
59783.4	-95461.730	-95574.381	0.118	-147492.426	-148070.748	0.392	186974.006	186926.520	0.025
59783.5	-164250.558	-164464.288	0.130	-62847.863	-63331.721	0.770	186990.965	186926.520	0.034
59783.6	-169959.547	-170201.449	0.142	46006.444	45726.093	0.609	187024.664	186926.520	0.052
59783.7	-110479.763	-110582.849	0.093	137369.231	137225.516	0.105	187041.977	186926.520	0.062
59783.8	-8578.640	-8501.472	0.900	176170.073	176031.627	0.079	187058.915	186926.520	0.071
59783.9	96530.477	96844.391	0.325	147455.092	147243.244	0.144	187075.251	186926.520	0.080
59784.0	164490.755	165002.916	0.311	62397.005	61914.835	0.773	187091.014	186926.520	0.088
59784.1	169372.001	169430.587	0.035	-46408.527	-46951.630	1.170	187122.811	187106.501	0.009
59784.2	109213.942	109237.932	0.022	-137182.385	-137761.582	0.422	187138.226	187106.501	0.017
59784.3	7146.074	7098.935	0.660	-175068.356	-175672.378	0.345	187154.010	187106.501	0.025
59784.4	-97578.052	-97765.986	0.193	-145545.491	-146126.628	0.399	187170.385	187106.501	0.034
59784.5	-164814.176	-165089.685	0.167	-60027.573	-60469.622	0.736	187187.350	187106.501	0.043
59784.6	-168789.864	-169020.493	0.137	48712.165	48407.152	0.626	187204.667	187106.501	0.052
59784.7	-107947.423	-108049.015	0.094	138838.959	138696.033	0.103	187221.977	187106.501	0.062
59784.8	-5711.513	-5587.729	2.167	175823.158	175726.938	0.055	187238.898	187106.501	0.071
59784.9	98643.861	99019.193	0.380	145489.222	145280.345	0.144	187255.226	187106.501	0.079
59785.0	165123.193	165603.673	0.291	59513.906	59047.462	0.784	187254.595	187106.501	0.079
59785.1	168178.304	168189.047	0.006	-49108.544	-49526.868	0.852	187286.373	187253.703	0.017
59785.2	106677.043	106717.493	0.038	-138592.210	-139110.901	0.374	187285.409	187253.703	0.017
59785.3	4267.742	4267.422	0.008	-174708.112	-175277.652	0.326	187301.197	187253.703	0.025
59785.4	-99689.068	-99821.299	0.133	-143561.136	-144139.427	0.403	187333.970	187253.703	0.043
59785.5	-165379.071	-165579.577	0.121	-57162.403	-57653.014	0.858	187318.178	187253.703	0.034
59785.6	-167538.485	-167756.849	0.130	51301.018	50971.617	0.642	187351.889	187253.703	0.052
59785.7	-105395.883	-105517.064	0.115	140228.049	140023.625	0.146	187401.950	187253.703	0.079
59785.8	-2856.243	-2759.715	3.380	175426.714	175307.873	0.068	187402.483	187253.703	0.079
59785.9	100718.610	101057.338	0.336	143488.253	143275.541	0.148	187418.796	187253.703	0.088
59786.0	165643.749	166069.321	0.257	56653.274	56226.744	0.753	187434.525	187253.703	0.096
59786.1	166905.529	166937.734	0.019	-51689.982	-52167.678	0.924	187466.310	187466.420	0.000
59786.2	104123.892	104150.525	0.026	-139955.471	-140507.444	0.394	187481.735	187466.420	0.008
59786.3	1402.542	1370.490	2.285	-174299.123	-174893.669	0.341	187481.137	187466.420	0.008
59786.4	-101793.722	-101935.800	0.140	-141544.480	-142122.364	0.408	187497.540	187466.420	0.017
59786.5	-165891.933	-166099.698	0.125	-54292.003	-54777.404	0.894	187530.909	187466.420	0.034
59786.6	-166260.826	-166482.870	0.134	53926.465	53601.566	0.602	187548.233	187466.420	0.044
59786.7	-102826.664	-102938.179	0.108	141570.052	141398.037	0.122	187532.759	187466.420	0.035
59786.8	15.928	133.807	740.078	174996.226	174898.988	0.056	187566.036	187466.420	0.053
59786.9	102786.912	103154.412	0.358	141449.793	141240.366	0.148	187582.337	187466.420	0.062
59787.0	166086.701	166564.691	0.288	53809.137	53346.768	0.859	187614.443	187466.420	0.079
59787.1	165595.242	165652.684	0.035	-54276.541	-54812.388	0.987	187597.064	187613.587	0.009
59787.2	101534.390	101553.999	0.019	-141299.985	-141887.262	0.416	187645.258	187613.587	0.017
59787.3	-1478.383	-1540.471	4.200	-173856.797	-174478.757	0.358	187644.668	187613.587	0.017
59787.4	-103891.559	-104043.414	0.146	-139490.534	-140072.045	0.417	187644.698	187613.587	0.017
59787.5	-166322.468	-166594.661	0.164	-51431.310	-51878.980	0.870	187678.070	187613.587	0.034
59787.6	-164926.108	-165175.120	0.151	56494.233	56235.126	0.459	187711.785	187613.587	0.052
59787.7	-100224.951	-100329.881	0.105	142894.210	142755.471	0.097	187712.687	187613.587	0.053
59787.8	2873.775	3041.092	5.822	174517.290	174459.054	0.033	187762.339	187613.587	0.079
59787.9	104880.634	105244.314	0.347	139377.435	139171.995	0.147	187745.850	187613.587	0.070
59788.0	166528.538	167034.706	0.304	50920.272	50444.194	0.935	187777.942	187613.587	0.088
59788.1	164251.923	164281.301	0.018	-56865.821	-57339.774	0.833	187776.945	187760.709	0.009
59788.2	98927.688	98956.839	0.029	-142562.033	-143121.415	0.392	187792.357	187760.709	0.017
59788.3	-4322.189	-4366.121	1.016	-173341.060	-173945.775	0.349	187808.167	187760.709	0.025
59788.4	-105883.464	-106012.532	0.122	-137399.853	-137976.587	0.420	187840.979	187760.709	0.043
59788.5	-166726.799	-166951.124	0.135	-48547.693	-49025.683	0.985	187825.205	187760.709	0.034
59788.6	-163554.736	-163782.050	0.139	59065.837	58750.623	0.534	187875.303	187760.709	0.061
59788.7	-97608.606	-97722.203	0.116	144136.577	143967.241	0.117	187876.198	187760.709	0.061
59788.8	5800.791	5862.054	1.056	174041.368	173901.788	0.080	187893.072	187760.709	0.070
59788.9	106868.002	107195.337	0.306	137262.905	137059.678	0.148	187942.091	187760.709	0.097
59789.0	166889.039	167366.615	0.286	48044.949	47587.937	0.951	187941.407	187760.709	0.096
59789.1	162854.985	162901.709	0.029	-59429.358	-59930.049	0.842	187956.780	187940.581	0.009
59789.2	96293.293	96315.994	0.024	-143806.113	-144401.547	0.414	187972.197	187940.581	0.017
59789.3	-7203.388	-7254.159	0.705	-172815.317	-173424.204	0.352	187988.031	187940.581	0.025
59789.4	-107834.134	-108038.784	0.190	-135267.741	-135853.593	0.433	188004.444	187940.581	0.034
59789.5	-167050.112	-167337.528	0.172	-45678.414	-46116.475	0.959	188005.073	187940.581	0.034
59789.6	-162134.065	-162380.229	0.152	61610.059	61328.937	0.456	188022.400	187940.581	0.044
59789.7	-94952.012	-95070.445	0.125	145391.313	145224.612	0.115	188056.062	187940.581	0.061
59789.8	8635.233	8745.499	1.277	173455.189	173355.397	0.058	188072.923	187940.581	0.070
59789.9	108879.355	109203.253	0.297	135122.202	134919.335	0.150	188040.018	187940.581	0.053
59790.0	167197.574	167727.982	0.317	45169.038	44675.512	1.093	188104.847	187940.581	0.087
59790.1	161405.345	161440.025	0.021	-61931.500	-62399.754	0.756	188120.211	188087.644	0.017
59790.2	93650.658	93679.856	0.031	-144968.976	-145535.891	0.391	188119.247	188087.644	0.017
59790.3	-10024.092	-10052.500	0.283	-172189.723	-172787.610	0.347	188135.072	188087.644	0.025
59790.4	-109808.414	-109924.790	0.106	-133107.351	-133690.506	0.438	188151.516	188087.644	0.034
59790.5	-167372.230	-167586.991	0.128	-42767.378	-43257.501	1.146	188168.532	188087.644	0.043
59790.6	-160659.447	-160897.358	0.148	64093.164	63785.979	0.479	188153.090	188087.644	0.035
59790.7	-92327.716	-92424.648	0.105	146440.001	146336.241	0.071	188203.124	188087.644	0.061
59790.8	11430.862	11538.261	0.940	172794.759	172694.758	0.058	188203.588	188087.644	0.062
59790.9	110749.998	111070.586	0.289	132942.307	132740.107	0.152	188219.818	188087.644	0.070
59791.0	167501.806	167952.847	0.269	42248.104	41814.499	1.026	188251.874	188087.644	0.087
59791.1	159910.090	159953.407	0.027	-64403.632	-64901.777	0.773	188267.227	188234.680	0.017
59791.2	90979.300	91004.530	0.028	-146112.148	-146681.658	0.390	188282.655	188234.680	0.025
59791.3	-12880.158	-12889.234	0.070	-171554.449	-172137.157	0.340	188282.105	188234.680	0.025
59791.4	-111707.167	-111833.653	0.113	-130910.481	-131493.601	0.445	188298.556	188234.680	0.034
59791.5	-167611.817	-167834.997	0.133	-39871.348	-40357.735	1.220	188331.960	188234.680	0.052
59791.6	-159155.934	-159389.276	0.147	66575.523	66275.123	0.451	188332.920	188234.680	0.052
59791.7	-89623.109	-89739.566	0.130	147624.419	147458.955	0.112	188350.171	188234.680	0.061
59791.8	14236.146	14369.296	0.935	172103.935	172019.930	0.049	188367.003	188234.680	0.070
59791.9	112610.479	112960.483	0.311	130732.219	130526.865	0.157	188399.606	188234.680	0.088
59792.0	167699.278	168175.903	0.284	39365.283	38912.707	1.150	188382.490	188234.680	0.078
59792.1	158383.924	158412.381	0.018	-66874.963	-67341.560	0.698	188430.618	188398.074	0.017
59792.2	88290.670	88321.911	0.035	-147204.199	-147745.078	0.367	188446.046	188398.074	0.025
59792.3	-15666.459	-15683.345	0.108	-170829.909	-171415.871	0.343	188461.880	188398.074	0.034
59792.4	-113529.843	-113666.343	0.120	-128683.712	-129264.576	0.451	188461.960	188398.074	0.034
59792.5	-167800.175	-168002.531	0.121	-36978.227	-37476.895	1.349	188462.613	188398.074	0.034
59792.6	-157600.810	-157827.322	0.144	69028.681	68701.562	0.474	188496.333	188398.074	0.052
59792.7	-86923.945	-87047.900	0.143	148696.147	148499.263	0.132	188513.590	188398.074	0.061
59792.8	17106.672	17157.099	0.295	171416.399	171274.639	0.083	188514.023	188398.074	0.062
59792.9	114525.558	114773.933	0.217	128486.374	128282.159	0.159	188546.618	188398.074	0.079
59793.0	167844.567	168318.652	0.282	36484.975	36030.533	1.246	188562.249	188398.074	0.087
59793.1	156816.019	156852.332	0.023	-69347.636	-69810.811	0.668	188561.214	188545.091	0.009
59793.2	85556.994	85606.561	0.058	-148303.776	-148821.101	0.349	188576.648	188545.091	0.017
59793.3	-18462.804	-18511.327	0.263	-170072.319	-170685.483	0.361	188608.881	188545.091	0.034
59793.4	-115341.405	-115521.039	0.156	-126426.348	-127008.240	0.460	188608.975	188545.091	0.034
59793.5	-167958.124	-168171.755	0.127	-34062.750	-34561.023	1.463	188642.399	188545.091	0.052
59793.6	-156011.956	-156246.093	0.150	71480.945	71157.303	0.453	188659.741	188545.091	0.061
59793.7	-84215.957	-84323.396	0.128	149683.854	149551.891	0.088	188676.988	188545.091	0.070
59793.8	19877.675	19978.694	0.508	170623.566	170519.955	0.061	188677.416	188545.091	0.070
59793.9	116330.031	116609.154	0.240	126203.003	126009.955	0.153	188693.599	188545.091	0.079
59794.0	168009.039	168462.791	0.270	33540.360	33113.312	1.273	188725.615	188545.091	0.096
59794.1	155207.961	155233.097	0.016	-71786.679	-72217.553	0.600	188724.584	188724.852	0.000
59794.2	82858.164	82880.217	0.027	-149230.269	-149811.746	0.390	188740.011	188724.852	0.008
59794.3	-21268.081	-21297.890	0.140	-169282.271	-169879.632	0.353	188755.880	188724.852	0.016
59794.4	-117173.404	-117297.807	0.106	-124130.169	-124715.332	0.471	188772.365	188724.852	0.025
59794.5	-168035.673	-168256.465	0.131	-31168.535	-31661.513	1.582	188805.795	188724.852	0.043
59794.6	-154365.720	-154606.218	0.156	73836.251	73550.030	0.388	188806.761	188724.852	0.043
59794.7	-81457.995	-81588.632	0.160	150711.548	150519.051	0.128	188824.006	188724.852	0.053
59794.8	22658.988	22758.224	0.438	169795.513	169690.167	0.062	188840.803	188724.852	0.061
59794.9	118057.799	118366.135	0.261	123903.238	123701.850	0.163	188840.600	188724.852	0.061
59795.0	168070.748	168522.560	0.269	30641.960	30213.182	1.399	188872.599	188724.852	0.078
59795.1	153537.301	153576.244	0.025	-74129.264	-74623.051	0.666	188855.171	188871.841	0.009
59795.2	80094.869	80124.210	0.037	-150225.566	-150779.221	0.369	188886.995	188871.841	0.008
59795.3	-24084.228	-24094.770	0.044	-168455.132	-169037.584	0.346	188902.877	188871.841	0.016
59795.4	-118894.348	-119061.584	0.141	-121805.944	-122387.098	0.477	188902.984	188871.841	0.016
59795.5	-168087.564	-168309.866	0.132	-28259.517	-28741.114	1.704	188952.823	188871.841	0.043
59795.6	-152702.078	-152928.737	0.148	76286.329	75941.188	0.452	188937.398	188871.841	0.035
59795.7	-78709.853	-78824.406	0.146	151625.871	151462.786	0.108	188971.023	188871.841	0.052
59795.8	25449.383	25547.757	0.387	168932.871	168824.094	0.064	189004.194	188871.841	0.070
59795.9	119803.975	120109.822	0.255	121557.048	121358.532	0.163	188987.582	188871.841	0.061
59796.0	168100.892	168550.840	0.268	27722.996	27292.431	1.553	188986.818	188871.841	0.061
59796.1	151844.137	151876.639	0.021	-76500.117	-76960.776	0.602	189018.544	189002.463	0.009
59796.2	77328.538	77373.590	0.058	-151136.941	-151666.747	0.351	189050.366	189002.463	0.025
59796.3	-26795.712	-26840.193	0.166	-167527.286	-168134.109	0.362	189033.490	189002.463	0.016
59796.4	-120602.579	-120747.593	0.120	-119454.886	-120039.549	0.489	189066.387	189002.463	0.034
59796.5	-168082.187	-168289.049	0.123	-25350.586	-25850.927	1.974	189067.081	189002.463	0.034
59796.6	-150978.452	-151209.088	0.153	78605.053	78264.208	0.434	189100.811	189002.463	0.052
59796.7	-75936.372	-76066.254	0.171	152518.049	152326.621	0.126	189118.050	189002.463	0.061
59796.8	28220.642	28285.308	0.229	168017.444	167897.039	0.072	189118.432	189002.463	0.061
59796.9	121440.170	121775.577	0.276	119200.827	118996.568	0.171	189134.592	189002.463	0.070
59797.0	168032.000	168505.166	0.282	24856.218	24402.530	1.825	189150.200	189002.463	0.078
59797.1	150099.366	150145.053	0.030	-78804.148	-79328.181	0.665	189165.530	189149.473	0.008
59797.2	74565.621	74579.642	0.019	-151966.611	-152559.412	0.390	189148.213	189149.473	0.001
59797.3	-29541.586	-29623.653	0.278	-166584.484	-167209.260	0.375	189196.882	189149.473	0.025
59797.4	-122297.007	-122451.743	0.127	-117072.265	-117652.318	0.495	189197.027	189149.473	0.025
59797.5	-168022.222	-168259.511	0.141	-22445.773	-22917.990	2.104	189214.113	189149.473	0.034
59797.6	-149221.591	-149457.204	0.158	80920.135	80616.632	0.375	189231.467	189149.473	0.043
59797.7	-73161.240	-73264.732	0.141	153325.961	153195.223	0.085	189248.687	189149.473	0.052
59797.8	30938.840	31060.711	0.394	167041.811	166948.284	0.056	189281.842	189149.473	0.070
59797.9	123126.002	123459.132	0.271	116796.646	116594.769	0.173	189281.595	189149.473	0.070
59798.0	167976.355	168450.403	0.282	21923.005	21469.955	2.067	189313.577	189149.473	0.087
59798.1	148328.268	148363.061	0.023	-81135.977	-81594.710	0.565	189296.144	189312.870	0.009
59798.2	71746.231	71804.399	0.081	-152830.459	-153340.871	0.334	189311.594	189312.870	0.001
59798.3	-32295.082	-32326.479	0.097	-165606.022	-166205.576	0.362	189360.275	189312.870	0.025
59798.4	-123910.887	-124044.292	0.108	-114660.013	-115248.896	0.514	189376.811	189312.870	0.034
59798.5	-167930.701	-168130.260	0.119	-19522.777	-20037.721	2.638	189344.759	189312.870	0.017
59798.6	-147414.999	-147655.784	0.163	83167.167	82867.751	0.360	189378.491	189312.870	0.035
59798.7	-70365.403	-70482.871	0.167	154112.598	153952.783	0.104	189412.105	189312.870	0.052
59798.8	33664.898	33754.804	0.267	166029.601	165921.390	0.065	189396.088	189312.870	0.044
59798.9	124667.676	125030.951	0.291	114382.994	114177.739	0.179	189428.592	189312.870	0.061
59799.0	167841.133	168296.384	0.271	19017.090	18590.905	2.241	189427.792	189312.870	0.061
59799.1	146502.451	146544.030	0.028	-83366.727	-83857.071	0.588	189459.506	189410.720	0.026
59799.2	68962.410	69001.685	0.057	-153554.018	-154097.141	0.354	189442.204	189410.720	0.017
59799.3	-35027.202	-35036.661	0.027	-164574.949	-165165.352	0.359	189474.507	189410.720	0.034
59799.4	-125445.531	-125621.257	0.140	-112231.044	-112811.617	0.517	189507.438	189410.720	0.051
59799.5	-167762.984	-167968.468	0.122	-16630.551	-17139.278	3.059	189491.778	189410.720	0.043
59799.6	-145585.702	-145817.362	0.159	85473.893	85114.383	0.421	189509.133	189410.720	0.052
59799.7	-67557.049	-67673.755	0.173	154844.645	154684.919	0.103	189542.735	189410.720	0.070
59799.8	36368.858	36455.939	0.239	164965.676	164857.895	0.065	189543.085	189410.720	0.070
59799.9	126291.144	126586.895	0.234	111923.759	111726.986	0.176	189559.203	189410.720	0.078
59800.0	167654.240	168109.669	0.272	16120.845	15693.960	2.648	189574.767	189410.720	0.087
59800.1	144651.665	144689.034	0.026	-85623.868	-86081.363	0.534	189573.715	189557.715	0.008
59800.2	66137.439	66192.340	0.083	-154281.280	-154801.459	0.337	189572.793	189557.715	0.008
59800.3	-37674.730	-37721.592	0.124	-163469.892	-164079.246	0.373	189621.493	189557.715	0.034
59800.4	-127028.927	-127150.787	0.096	-109759.609	-110352.141	0.540	189605.287	189557.715	0.025
59800.5	-167541.076	-167755.271	0.128	-13745.708	-14250.848	3.675	189638.777	189557.715	0.043
59800.6	-143709.556	-143943.303	0.163	87677.692	87322.637	0.405	189656.132	189557.715	0.052
59800.7	-64722.704	-64858.457	0.210	155551.194	155365.048	0.120	189673.337	189557.715	0.061
59800.8	39047.924	39131.430	0.214	163854.259	163748.737	0.064	189690.057	189557.715	0.070
59800.9	127800.813	128095.214	0.230	109446.349	109254.445	0.175	189657.004	189557.715	0.052
59801.0	167437.922	167871.636	0.259	13210.899	12807.471	3.054	189688.953	189557.715	0.069
59801.1	142753.995	142796.150	0.030	-87777.526	-88300.188	0.595	189704.277	189688.292	0.008
59801.2	63302.524	63355.602	0.084	-154953.814	-155479.039	0.339	189736.119	189688.292	0.025
59801.3	-40418.101	-40412.903	0.013	-162367.499	-162955.396	0.362	189735.673	189688.292	0.025
59801.4	-128499.663	-128663.233	0.127	-107277.106	-107858.408	0.542	189768.635	189688.292	0.042
59801.5	-167269.733	-167508.087	0.142	-10873.395	-11344.803	4.335	189785.755	189688.292	0.051
59801.6	-141789.685	-142031.406	0.170	89810.467	89525.100	0.318	189786.712	189688.292	0.052
59801.7	-61914.172	-62015.996	0.164	156147.851	156018.204	0.083	189803.908	189688.292	0.061
59801.8	41730.527	41812.975	0.198	162710.622	162601.780	0.067	189820.617	189688.292	0.070
59801.9	129230.363	129586.155	0.275	106955.508	106747.797	0.194	189803.932	189688.292	0.061
59802.0	167123.673	167599.467	0.285	10358.639	9903.660	4.392	189852.252	189688.292	0.086
59802.1	140825.115	140861.682	0.026	-89990.003	-90480.151	0.545	189851.181	189835.213	0.008
59802.2	60479.448	60508.160	0.047	-155545.620	-156100.716	0.357	189866.647	189835.213	0.017
59802.3	-43012.924	-43079.928	0.156	-161170.814	-161780.070	0.378	189882.600	189835.213	0.025
59802.4	-129985.017	-130125.727	0.108	-104755.319	-105337.392	0.556	189899.176	189835.213	0.034
59802.5	-166985.592	-167204.467	0.131	-7959.293	-8446.144	6.117	189883.535	189835.213	0.025
59802.6	-139846.391	-140078.259	0.166	92001.292	91688.345	0.340	189917.264	189835.213	0.043
59802.7	-59066.288	-59163.312	0.164	156747.622	156615.368	0.084	189918.061	189835.213	0.044
59802.8	44388.455	44469.792	0.183	161515.781	161403.559	0.069	189934.751	189835.213	0.052
59802.9	130674.768	131026.912	0.269	104428.068	104214.295	0.205	189967.207	189835.213	0.069
59803.0	166817.860	167270.927	0.272	7440.477	7007.719	5.816	189949.972	189835.213	0.060
59803.1	138858.341	138894.642	0.026	-92129.616	-92619.785	0.532	189981.668	189965.720	0.008
59803.2	57632.083	57658.162	0.045	-156110.722	-156670.618	0.359	189997.136	189965.720	0.017
59803.3	-45673.022	-45718.512	0.100	-159961.619	-160561.402	0.375	190013.097	189965.720	0.025
59803.4	-131420.740	-131539.705	0.091	-102210.358	-102798.113	0.575	190013.302	189965.720	0.025
59803.5	-166602.841	-166850.885	0.149	-5103.584	-5561.312	8.969	190046.807	189965.720	0.043
59803.6	-137863.721	-138092.889	0.166	94152.264	93810.981	0.362	190031.392	189965.720	0.035
59803.7	-56194.912	-56308.518	0.202	157321.072	157160.736	0.102	190048.562	189965.720	0.044
59803.8	46958.006	47097.796	0.298	160250.352	160162.242	0.055	190081.619	189965.720	0.061
59803.9	132067.967	132418.998	0.266	101872.942	101662.948	0.206	190064.903	189965.720	0.052
59804.0	166435.857	166892.546	0.274	4557.536	4126.035	9.468	190080.427	189965.720	0.060
59804.1	136854.095	136891.763	0.028	-94195.741	-94718.797	0.555	190112.127	190079.817	0.017
59804.2	54778.171	54803.139	0.046	-156620.710	-157186.582	0.361	190094.830	190079.817	0.008
59804.3	-48277.160	-48329.377	0.108	-158687.725	-159296.192	0.383	190110.795	190079.817	0.016
59804.4	-132743.229	-132903.866	0.121	-99660.668	-100237.558	0.579	190143.785	190079.817	0.034
59804.5	-166230.993	-166444.515	0.128	-2185.192	-2688.641	23.039	190128.143	190079.817	0.025
59804.6	-135837.742	-136072.031	0.172	96197.155	95892.689	0.317	190161.876	190079.817	0.043
59804.7	-53369.235	-53449.162	0.150	157755.992	157652.125	0.066	190195.420	190079.817	0.061
59804.8	49559.417	49697.684	0.279	158965.165	158874.623	0.057	190179.318	190079.817	0.052
59804.9	133442.386	133761.085	0.239	99287.855	99090.754	0.199	190195.349	190079.817	0.061
59805.0	165980.831	166461.484	0.290	1713.309	1256.965	26.635	190210.863	190079.817	0.069
59805.1	134811.853	134849.646	0.028	-96351.644	-96776.642	0.441	190226.170	190226.651	0.000
59805.2	51920.395	51940.665	0.039	-157076.490	-157646.163	0.363	190225.270	190226.651	0.001
59805.3	-50851.724	-50913.044	0.121	-157369.719	-157981.035	0.388	190241.241	190226.651	0.008
59805.4	-134046.111	-134216.621	0.127	-97078.729	-97652.670	0.591	190241.479	190226.651	0.008
59805.5	-165723.603	-165982.274	0.156	618.528	173.404	71.965	190258.611	190226.651	0.017
59805.6	-133778.979	-134012.290	0.174	98233.137	97932.893	0.306	190292.347	190226.651	0.035
59805.7	-50485.894	-50582.842	0.192	158218.847	158087.069	0.083	190293.116	190226.651	0.035
59805.8	52164.198	52269.943	0.203	157640.957	157537.292	0.066	190309.774	190226.651	0.044
59805.9	134703.171	135051.559	0.259	96700.971	96494.672	0.213	190325.786	190226.651	0.052
59806.0	165493.754	165974.643	0.291	-1142.561	-1600.998	40.124	190341.292	190226.651	0.060
59806.1	132734.180	132773.804	0.030	-98334.140	-98825.142	0.499	190356.597	190340.714	0.008
59806.2	49021.977	49056.449	0.070	-157531.531	-158078.324	0.347	190372.091	190340.714	0.016
59806.3	-53427.625	-53498.123	0.132	-156016.781	-156630.912	0.394	190388.072	190340.714	0.025
59806.4	-135329.545	-135509.918	0.133	-94467.728	-95038.697	0.604	190371.936	190340.714	0.016
59806.5	-165243.570	-165487.174	0.147	3512.076	3047.486	13.228	190405.466	190340.714	0.034
59806.6	-131684.163	-131918.906	0.178	100194.086	99963.463	0.230	190422.815	190340.714	0.043
59806.7	-47599.136	-47695.015	0.201	158626.883	158494.408	0.084	190407.199	190340.714	0.035
59806.8	54708.862	54843.315	0.246	156258.307	156164.985	0.060	190423.837	190340.714	0.044
59806.9	135976.257	136322.326	0.255	94078.002	93869.672	0.221	190456.229	190340.714	0.061
59807.0	164975.269	165454.841	0.291	-4008.868	-4470.715	11.521	190455.346	190340.714	0.060
59807.1	130624.111	130661.360	0.029	-100306.500	-100830.906	0.523	190487.029	190454.774	0.017
59807.2	46173.326	46167.836	0.012	-157848.199	-158454.389	0.384	190469.751	190454.774	0.008
59807.3	-56035.728	-56053.705	0.032	-154637.918	-155232.873	0.385	190502.141	190454.774	0.025
59807.4	-136529.874	-136751.148	0.162	-91845.916	-92403.388	0.607	190518.782	190454.774	0.034
59807.5	-164671.876	-164937.432	0.161	6338.203	5908.131	6.785	190519.555	190454.774	0.034
59807.6	-129554.349	-129789.289	0.181	102210.342	101950.984	0.254	190520.517	190454.774	0.035
59807.7	-44726.379	-44803.275	0.172	158951.381	158845.614	0.067	190521.276	190454.774	0.035
59807.8	57253.961	57386.777	0.232	154840.587	154745.018	0.062	190554.294	190454.774	0.052
59807.9	137133.761	137540.844	0.297	91451.578	91223.785	0.249	190570.282	190454.774	0.061
59808.0	164359.663	164880.516	0.317	-6810.978	-7326.527	7.569	190569.387	190454.774	0.060
59808.1	128478.833	128519.223	0.031	-102268.078	-102694.973	0.417	190584.699	190585.230	0.000
59808.2	43288.559	43338.715	0.116	-158165.702	-158698.469	0.337	190616.578	190585.230	0.016
59808.3	-58488.385	-58483.454	0.008	-153172.228	-153763.240	0.386	190599.827	190585.230	0.008
59808.4	-137771.509	-137848.524	0.056	-89174.317	-89784.368	0.684	190616.481	190585.230	0.016
59808.5	-164082.340	-164281.053	0.121	9204.350	8670.860	5.796	190600.875	190585.230	0.008
59808.6	-127391.054	-127631.198	0.189	104150.159	103796.558	0.340	190634.608	190585.230	0.026
59808.7	-41811.587	-41972.159	0.384	159272.166	159065.352	0.130	190635.355	190585.230	0.026
59808.8	59737.875	59803.796	0.110	153362.746	153254.541	0.071	190668.357	190585.230	0.044
59808.9	138301.481	138615.653	0.227	88787.057	88595.422	0.216	190667.957	190585.230	0.043
59809.0	163733.181	164200.399	0.285	-9647.495	-10083.507	4.519	190699.827	190585.230	0.060
59809.1	126296.566	126336.600	0.032	-104185.296	-104645.880	0.442	190715.129	190699.296	0.008
59809.2	40381.540	40425.718	0.109	-158452.787	-158988.861	0.338	190714.259	190699.296	0.008
59809.3	-60972.040	-61008.261	0.059	-151679.741	-152281.610	0.397	190730.285	190699.296	0.016
59809.4	-138897.455	-139015.639	0.085	-86502.472	-87099.648	0.690	190714.177	190699.296	0.008
59809.5	-163403.360	-163642.315	0.146	11999.764	11527.763	3.933	190764.121	190699.296	0.034
59809.6	-125198.880	-125431.876	0.186	106013.052	105728.620	0.268	190765.089	190699.296	0.034
59809.7	-38960.497	-39056.772	0.247	159463.099	159330.679	0.083	190782.216	190699.296	0.043
59809.8	62219.566	62315.767	0.155	151853.994	151751.250	0.068	190766.048	190699.296	0.035
59809.9	139446.606	139759.635	0.224	86091.977	85900.764	0.222	190798.398	190699.296	0.052
59810.0	163068.895	163537.113	0.287	-12496.396	-12934.811	3.508	190797.493	190699.296	0.051
59810.1	124086.310	124124.804	0.031	-106024.964	-106519.337	0.466	190796.416	190780.602	0.008
59810.2	37515.735	37534.780	0.051	-158633.413	-159199.486	0.357	190828.323	190780.602	0.025
59810.3	-63422.221	-63468.247	0.073	-150145.300	-150748.525	0.402	190844.361	190780.602	0.033
59810.4	-139972.333	-140100.063	0.091	-83818.275	-84411.543	0.708	190844.648	190780.602	0.034
59810.5	-162691.150	-162934.767	0.150	14804.339	14338.681	3.145	190861.831	190780.602	0.043
59810.6	-122961.959	-123204.048	0.197	107928.777	107582.985	0.320	190879.174	190780.602	0.052
59810.7	-36067.112	-36164.130	0.269	159648.459	159516.431	0.083	190879.913	190780.602	0.052
59810.8	64669.621	64762.476	0.144	150295.334	150197.063	0.065	190912.876	190780.602	0.069
59810.9	140508.159	140820.898	0.223	83392.374	83203.431	0.227	190879.686	190780.602	0.052
59811.0	162278.750	162805.415	0.325	-15218.507	-15739.539	3.424	190927.914	190780.602	0.077
59811.1	121837.526	121879.766	0.035	-107851.462	-108347.310	0.460	190943.218	190927.432	0.008
59811.2	34582.826	34643.782	0.176	-158829.599	-159353.774	0.330	190942.365	190927.432	0.008
59811.3	-65840.132	-65895.091	0.083	-148561.656	-149169.883	0.409	190942.034	190927.432	0.008
59811.4	-141023.275	-141130.866	0.076	-81102.722	-81706.155	0.744	190958.722	190927.432	0.016
59811.5	-161923.922	-162173.711	0.154	17592.286	17131.971	2.617	190975.907	190927.432	0.025
59811.6	-120699.542	-120943.372	0.202	109733.509	109391.580	0.312	190976.868	190927.432	0.026
59811.7	-33151.292	-33271.911	0.364	159801.072	159645.848	0.097	190993.983	190927.432	0.035
59811.8	67084.506	67175.651	0.136	148697.549	148597.607	0.067	191010.557	190927.432	0.044
59811.9	141515.795	141828.393	0.221	80676.033	80489.277	0.231	191010.114	190927.432	0.043
59812.0	161526.075	162020.362	0.306	-18058.624	-18526.180	2.589	191009.183	190927.432	0.043
59812.1	119560.827	119596.858	0.030	-109631.906	-110194.411	0.513	191024.485	191008.718	0.008
59812.2	31740.646	31710.914	0.094	-158873.348	-159501.206	0.395	191056.405	191008.718	0.025
59812.3	-68254.819	-68351.725	0.142	-146944.561	-147561.033	0.420	191056.090	191008.718	0.025
59812.4	-141961.364	-142167.941	0.146	-78400.004	-78958.806	0.713	191089.174	191008.718	0.042
59812.5	-161122.199	-161393.001	0.168	20388.537	19962.861	2.088	191073.590	191008.718	0.034
59812.6	-118415.781	-118644.661	0.193	111427.016	111218.978	0.187	191123.709	191008.718	0.060
59812.7	-30284.512	-30337.884	0.176	159851.820	159768.049	0.052	191108.042	191008.718	0.052
59812.8	69497.820	69618.357	0.173	147058.207	146967.687	0.062	191108.206	191008.718	0.052
59812.9	142470.034	142841.801	0.261	77946.025	77733.111	0.273	191140.526	191008.718	0.069
59813.0	160703.822	161215.332	0.318	-20851.085	-21350.251	2.394	191139.588	191008.718	0.068
59813.1	117249.977	117292.868	0.037	-111430.983	-111896.931	0.418	191138.510	191122.756	0.008
59813.2	28835.143	28846.195	0.038	-158933.838	-159519.394	0.368	191154.040	191122.756	0.016
59813.3	-70634.666	-70677.147	0.060	-145282.472	-145887.905	0.417	191170.123	191122.756	0.025
59813.4	-142874.005	-143061.127	0.131	-75666.314	-76236.828	0.754	191170.445	191122.756	0.025
59813.5	-160252.633	-160510.975	0.161	23135.931	22688.476	1.934	191171.256	191122.756	0.025
59813.6	-116086.226	-116326.113	0.207	113170.820	112901.619	0.238	191204.974	191122.756	0.043
59813.7	-27350.185	-27473.114	0.449	159915.371	159761.598	0.096	191189.300	191122.756	0.035
59813.8	71843.311	71929.303	0.120	145369.551	145274.621	0.065	191222.226	191122.756	0.052
59813.9	143339.255	143711.542	0.260	75213.615	75003.551	0.279	191205.376	191122.756	0.043
59814.0	159826.347	160309.896	0.303	-23624.559	-24068.179	1.878	191237.198	191122.756	0.060
59814.1	114912.670	114951.666	0.034	-113117.051	-113617.200	0.442	191252.504	191220.388	0.017
59814.2	25936.957	25940.951	0.015	-158941.507	-159530.000	0.370	191268.047	191220.388	0.025
59814.3	-72978.727	-73030.846	0.071	-143576.122	-144184.775	0.424	191267.745	191220.388	0.025
59814.4	-143762.555	-143959.483	0.137	-72906.656	-73473.948	0.778	191300.845	191220.388	0.042
59814.5	-159364.077	-159609.028	0.154	25919.007	25450.187	1.809	191268.900	191220.388	0.025
59814.6	-113729.516	-113970.202	0.212	114900.304	114601.688	0.260	191302.621	191220.388	0.043
59814.7	-24440.829	-24567.887	0.520	159897.448	159747.215	0.094	191286.920	191220.388	0.035
59814.8	74120.183	74268.267	0.200	143632.029	143551.309	0.056	191319.832	191220.388	0.052
59814.9	144243.391	144586.102	0.238	72427.739	72233.046	0.269	191335.741	191220.388	0.060
59815.0	158901.170	159384.229	0.304	-26374.027	-26822.030	1.699	191334.794	191220.388	0.060
59815.1	112548.185	112581.980	0.030	-114755.232	-115289.557	0.466	191333.712	191350.763	0.009
59815.2	23019.862	23040.921	0.091	-158915.904	-159485.109	0.358	191365.641	191350.763	0.008
59815.3	-75350.329	-75347.636	0.004	-141839.360	-142439.875	0.423	191348.969	191350.763	0.001
59815.4	-144626.171	-144803.407	0.123	-70120.779	-70699.063	0.825	191382.074	191350.763	0.016
59815.5	-158391.536	-158656.027	0.167	28623.131	28189.526	1.515	191399.283	191350.763	0.025
59815.6	-111344.515	-111586.219	0.217	116548.665	116253.601	0.253	191416.616	191350.763	0.034
59815.7	-21566.187	-21668.350	0.474	159806.504	159677.383	0.081	191368.142	191350.763	0.009
59815.8	76422.975	76569.963	0.192	141871.897	141786.547	0.060	191417.429	191350.763	0.035
59815.9	145063.192	145406.128	0.236	69644.344	69451.005	0.278	191416.930	191350.763	0.035
59816.0	157903.042	158407.702	0.320	-29075.059	-29553.071	1.644	191415.965	191350.763	0.034
59816.1	110134.721	110175.760	0.037	-116474.114	-116945.200	0.404	191447.656	191431.958	0.008
59816.2	20130.316	20121.219	0.045	-158809.715	-159405.189	0.375	191430.443	191431.958	0.001
59816.3	-77586.983	-77659.682	0.094	-140046.579	-140655.080	0.434	191462.929	191431.958	0.016
59816.4	-145436.579	-145619.992	0.126	-67326.792	-67894.739	0.844	191496.054	191431.958	0.033
59816.5	-157395.328	-157663.591	0.170	31363.736	30936.546	1.362	191496.871	191431.958	0.034
59816.6	-108925.198	-109165.848	0.221	118180.392	117888.487	0.247	191481.432	191431.958	0.026
59816.7	-18672.710	-18749.443	0.411	159681.119	159572.354	0.068	191498.489	191431.958	0.035
59816.8	78721.692	78866.572	0.184	140065.716	139981.933	0.060	191514.982	191431.958	0.043
59816.9	145827.170	146198.563	0.255	66848.804	66639.762	0.313	191514.473	191431.958	0.043
59817.0	156875.387	157391.676	0.329	-31778.123	-32291.453	1.615	191513.510	191431.958	0.043
59817.1	107720.106	107757.407	0.035	-117981.959	-118487.736	0.429	191545.193	191529.518	0.008
59817.2	17221.956	17258.353	0.211	-158668.077	-159226.730	0.352	191511.596	191529.518	0.009
59817.3	-79817.608	-79867.747	0.063	-138217.393	-138824.152	0.439	191544.102	191529.518	0.008
59817.4	-146131.278	-146325.380	0.133	-64547.920	-65114.401	0.878	191577.230	191529.518	0.025
59817.5	-156351.919	-156595.439	0.156	34078.507	33598.669	1.408	191561.671	191529.518	0.017
59817.6	-106494.688	-106734.317	0.225	119699.013	119410.166	0.241	191595.381	191529.518	0.034
59817.7	-15712.943	-15888.218	1.115	159565.242	159369.278	0.123	191596.040	191529.518	0.035
59817.8	80980.665	81058.808	0.096	138224.655	138132.081	0.067	191596.138	191529.518	0.035
59817.9	146508.337	146880.012	0.254	64061.686	63853.460	0.325	191611.999	191529.518	0.043
59818.0	155809.953	156300.668	0.315	-34486.718	-34944.291	1.327	191611.029	191529.518	0.043
59818.1	105259.577	105293.897	0.033	-119536.255	-120077.095	0.452	191609.934	191627.054	0.009
59818.2	14300.448	14331.412	0.217	-158495.794	-159059.499	0.356	191609.117	191627.054	0.009
59818.3	-82041.583	-82134.200	0.113	-136350.796	-136964.545	0.450	191641.630	191627.054	0.008
59818.4	-146858.258	-147061.049	0.138	-61715.238	-62276.490	0.909	191658.387	191627.054	0.016
59818.5	-155240.738	-155517.834	0.178	36740.279	36325.153	1.130	191642.829	191627.054	0.008
59818.6	-104016.720	-104257.228	0.231	121263.796	120978.278	0.235	191676.541	191627.054	0.026
59818.7	-12885.125	-12962.824	0.603	159285.956	159176.879	0.068	191709.960	191627.054	0.043
59818.8	83167.736	83309.183	0.170	136337.780	136253.050	0.062	191677.275	191627.054	0.026
59818.9	147220.188	147591.245	0.252	61218.620	61009.327	0.342	191693.125	191627.054	0.034
59819.0	154677.026	155199.652	0.338	-37141.500	-37661.406	1.400	191724.903	191627.054	0.051
59819.1	102781.523	102817.386	0.035	-121041.733	-121551.895	0.421	191707.441	191708.186	0.000
59819.2	11436.027	11461.464	0.222	-158223.234	-158792.043	0.359	191739.390	191708.186	0.016
59819.3	-84258.013	-84295.553	0.045	-134447.978	-135057.535	0.453	191739.148	191708.186	0.016
59819.4	-147530.110	-147683.868	0.104	-58874.985	-59462.200	0.997	191739.535	191708.186	0.016
59819.5	-154112.483	-154362.962	0.163	39433.154	38966.063	1.185	191740.367	191708.186	0.017
59819.6	-101526.709	-101768.125	0.238	122713.943	122431.723	0.230	191774.064	191708.186	0.034
59819.7	-9963.900	-10095.282	1.319	159032.801	158884.749	0.093	191758.314	191708.186	0.026
59819.8	85347.103	85454.055	0.125	134413.555	134327.520	0.064	191791.159	191708.186	0.043
59819.9	147816.133	148189.835	0.253	58394.849	58189.783	0.351	191790.608	191708.186	0.043
59820.0	153533.945	154022.108	0.318	-39859.484	-40292.286	1.086	191789.618	191708.186	0.042
59820.1	100265.612	100315.443	0.050	-122527.035	-122975.735	0.366	191804.924	191789.308	0.008
59820.2	8533.153	8600.990	0.795	-157939.104	-158468.427	0.335	191804.119	191789.308	0.008
59820.3	-86433.276	-86416.163	0.020	-132509.433	-133110.729	0.454	191820.275	191789.308	0.016
59820.4	-148087.545	-148250.319	0.110	-56057.018	-56639.759	1.040	191820.663	191789.308	0.016
59820.5	-152930.096	-153157.742	0.149	42101.215	41580.348	1.237	191837.884	191789.308	0.025
59820.6	-99008.153	-99254.028	0.248	124145.800	123833.991	0.251	191838.820	191789.308	0.026
59820.7	-7110.423	-7237.697	1.790	158690.104	158536.542	0.097	191839.452	191789.308	0.026
59820.8	87452.386	87557.841	0.121	132450.439	132362.547	0.066	191855.889	191789.308	0.035
59820.9	148388.648	148731.990	0.231	55555.040	55362.574	0.346	191871.720	191789.308	0.043
59821.0	152306.181	152794.448	0.321	-42458.062	-42896.108	1.032	191887.099	191789.308	0.051
59821.1	97742.985	97769.396	0.027	-123897.578	-124444.468	0.441	191902.406	191837.657	0.034
59821.2	5717.554	5678.430	0.684	-157537.369	-158155.101	0.392	191885.231	191837.657	0.025
59821.3	-88501.962	-88593.001	0.103	-130523.434	-131135.657	0.469	191901.392	191837.657	0.033
59821.4	-148647.241	-148845.550	0.133	-53202.419	-53761.351	1.051	191885.415	191837.657	0.025
59821.5	-151689.632	-151942.802	0.167	44709.771	44256.811	1.013	191919.032	191837.657	0.042
59821.6	-96458.279	-96695.443	0.246	125558.082	125280.772	0.221	191936.346	191837.657	0.051
59821.7	-4239.893	-4317.940	1.841	158309.308	158198.091	0.070	191936.962	191837.657	0.052
59821.8	89614.042	89717.612	0.116	130452.345	130368.826	0.064	191920.613	191837.657	0.043
59821.9	148928.236	149302.441	0.251	52684.870	52479.153	0.390	191936.429	191837.657	0.051
59822.0	151028.929	151556.533	0.349	-45028.386	-45562.022	1.185	191951.813	191837.657	0.059
59822.1	95182.189	95217.437	0.037	-125279.948	-125798.178	0.414	191967.123	191951.547	0.008
59822.2	2787.043	2818.861	1.142	-157183.839	-157745.351	0.357	191966.346	191951.547	0.008
59822.3	-90560.669	-90662.131	0.112	-128507.269	-129119.789	0.477	191966.136	191951.547	0.008
59822.4	-149120.710	-149329.715	0.140	-50356.307	-50913.437	1.106	191982.929	191951.547	0.016
59822.5	-150397.169	-150656.088	0.172	47290.980	46843.197	0.947	191983.784	191951.547	0.017
59822.6	-93883.396	-94131.935	0.265	126917.832	126612.482	0.241	191984.708	191951.547	0.017
59822.7	-1382.091	-1462.002	5.782	157873.661	157763.761	0.070	192018.091	191951.547	0.035
59822.8	91601.811	91769.327	0.183	128415.811	128335.235	0.063	192018.120	191951.547	0.035
59822.9	149386.982	149762.094	0.251	49832.572	49627.181	0.412	192001.155	191951.547	0.026
59823.0	149742.294	150247.621	0.337	-47659.632	-48137.245	1.002	192032.924	191951.547	0.042
59823.1	92589.963	92640.205	0.054	-126641.343	-127098.777	0.361	192015.466	191999.898	0.008
59823.2	-79.115	-29.837	62.287	-156734.322	-157277.798	0.347	192031.082	191999.898	0.016
59823.3	-92641.878	-92688.421	0.050	-126457.051	-127063.619	0.480	192030.884	191999.898	0.016
59823.4	-149622.796	-149755.520	0.089	-47456.127	-48058.201	1.269	192064.078	191999.898	0.033
59823.5	-149060.891	-149317.904	0.172	49840.968	49401.115	0.883	192064.938	191999.898	0.034
59823.6	-91288.392	-91543.612	0.280	128225.635	127890.866	0.261	192049.473	191999.898	0.026
59823.7	1489.183	1382.569	7.159	157401.718	157271.724	0.083	192099.220	191999.898	0.052
59823.8	93644.471	93777.856	0.142	126347.928	126261.713	0.068	192082.865	191999.898	0.043
59823.9	149789.403	150163.326	0.250	46976.729	46768.388	0.443	192098.659	191999.898	0.051
59824.0	148382.662	148887.485	0.340	-50200.030	-50683.559	0.963	192097.653	191999.898	0.051
59824.1	90005.845	90048.362	0.047	-127856.054	-128348.586	0.385	192063.815	192097.421	0.017
59824.2	-2877.857	-2860.416	0.606	-156191.730	-156760.597	0.364	192128.595	192097.421	0.016
59824.3	-94646.647	-94670.820	0.026	-124370.799	-124978.009	0.488	192112.029	192097.421	0.008
59824.4	-149986.656	-150128.517	0.095	-44607.019	-45205.037	1.341	192145.234	192097.421	0.025
59824.5	-147696.705	-147938.270	0.164	52423.037	51926.246	0.948	192129.708	192097.421	0.017
59824.6	-88695.866	-88941.115	0.277	129419.255	129118.337	0.233	192130.632	192097.421	0.017
59824.7	4370.087	4208.595	3.695	156897.371	156730.197	0.107	192147.601	192097.421	0.026
59824.8	95675.936	95742.244	0.069	124244.008	124159.130	0.068	192147.619	192097.421	0.026
59824.9	150164.541	150511.769	0.231	44102.775	43912.121	0.432	192163.407	192097.421	0.034
59825.0	147000.557	147486.185	0.330	-52770.031	-53196.731	0.809	192146.012	192097.421	0.025
59825.1	87365.084	87413.133	0.055	-129143.502	-129606.790	0.359	192144.941	192162.175	0.009
59825.2	-5739.837	-5730.997	0.154	-155653.898	-156224.618	0.367	192176.964	192162.175	0.008
59825.3	-96639.874	-96674.477	0.036	-122248.983	-122853.658	0.495	192176.790	192162.175	0.008
59825.4	-150322.187	-150495.864	0.116	-41738.561	-42308.044	1.364	192177.244	192162.175	0.008
59825.5	-146287.922	-146528.250	0.164	54972.932	54483.462	0.890	192194.490	192162.175	0.017
59825.6	-86052.530	-86295.162	0.282	130653.078	130353.829	0.229	192195.411	192162.175	0.017
59825.7	7180.694	7074.460	1.479	156302.562	156169.548	0.085	192195.983	192162.175	0.018
59825.8	97597.229	97727.555	0.134	122106.314	122017.624	0.073	192228.757	192162.175	0.035
59825.9	150505.378	150854.186	0.232	41202.046	41012.076	0.461	192244.525	192162.175	0.043
59826.0	145558.447	146054.222	0.341	-55277.886	-55741.724	0.839	192227.131	192162.175	0.034
59826.1	84727.992	84765.231	0.044	-130316.016	-130813.725	0.382	192226.073	192226.937	0.000
59826.2	-8612.202	-8581.610	0.355	-155081.006	-155639.748	0.360	192258.097	192226.937	0.016
59826.3	-98588.130	-98633.194	0.046	-120093.470	-120701.566	0.506	192241.556	192226.937	0.008
59826.4	-150625.858	-150810.556	0.123	-38847.022	-39415.115	1.462	192258.395	192226.937	0.016
59826.5	-144833.254	-145078.078	0.169	57490.493	57006.371	0.842	192275.654	192226.937	0.025
59826.6	-83400.094	-83636.978	0.284	131802.088	131537.945	0.200	192260.173	192226.937	0.017
59826.7	9974.488	9919.938	0.547	155654.197	155560.181	0.060	192277.130	192226.937	0.026
59826.8	99506.074	99667.691	0.162	119936.483	119848.765	0.073	192293.509	192226.937	0.035
59826.9	150741.694	151143.984	0.267	38346.101	38116.547	0.599	192276.495	192226.937	0.026
59827.0	144078.980	144582.404	0.349	-57784.371	-58252.068	0.809	192275.473	192226.937	0.025
59827.1	82057.693	82084.912	0.033	-131464.170	-131996.767	0.405	192290.801	192258.924	0.017
59827.2	-11414.437	-11444.341	0.262	-154415.533	-155016.471	0.389	192290.070	192258.924	0.016
59827.3	-100458.079	-100579.075	0.120	-117906.414	-118511.303	0.513	192289.927	192258.924	0.016
59827.4	-150902.974	-151092.386	0.126	-35940.433	-36498.906	1.554	192323.164	192258.924	0.033
59827.5	-143315.747	-143587.638	0.190	59911.758	59528.730	0.639	192324.032	192258.924	0.034
59827.6	-80726.115	-80946.582	0.273	132930.766	132697.891	0.175	192324.938	192258.924	0.034
59827.7	12858.473	12777.202	0.632	155026.855	154912.306	0.074	192325.493	192258.924	0.035
59827.8	101434.615	101594.661	0.158	117732.316	117641.847	0.077	192325.472	192258.924	0.035
59827.9	150971.722	151400.722	0.284	35448.459	35198.022	0.706	192341.212	192258.924	0.043
59828.0	142551.823	143070.325	0.364	-60223.655	-60761.514	0.893	192340.190	192258.924	0.042
59828.1	79384.744	79412.300	0.035	-132528.518	-133065.125	0.405	192355.511	192356.428	0.000
59828.2	-14249.090	-14233.275	0.111	-153738.765	-154305.070	0.368	192371.187	192356.428	0.008
59828.3	-102347.481	-102413.406	0.064	-115687.106	-116293.315	0.524	192371.043	192356.428	0.008
59828.4	-151095.538	-151267.749	0.114	-33051.837	-33626.017	1.737	192371.517	192356.428	0.008
59828.5	-141781.007	-142036.694	0.180	62393.463	61953.357	0.705	192356.010	192356.428	0.000
59828.6	-78024.279	-78264.880	0.308	134036.354	133743.222	0.219	192373.298	192356.428	0.009
59828.7	15640.910	15559.915	0.518	154293.639	154176.943	0.076	192373.840	192356.428	0.009
59828.8	103250.915	103409.847	0.154	115493.267	115408.164	0.074	192390.171	192356.428	0.018
59828.9	151149.455	151551.368	0.266	32557.504	32323.731	0.718	192389.529	192356.428	0.017
59829.0	140987.633	141498.584	0.362	-62660.310	-63172.711	0.818	192404.883	192356.428	0.025
59829.1	76701.510	76709.493	0.010	-133540.715	-134108.874	0.425	192403.823	192421.129	0.009
59829.2	-17040.337	-17032.108	0.048	-152986.060	-153555.996	0.373	192419.495	192421.129	0.001
59829.3	-104157.358	-104233.539	0.073	-113436.146	-114039.054	0.531	192419.367	192421.129	0.001
59829.4	-151233.513	-151410.268	0.117	-30167.302	-30732.184	1.872	192436.235	192421.129	0.008
59829.5	-140181.817	-140446.873	0.189	64777.938	64375.556	0.621	192437.098	192421.129	0.008
59829.6	-75323.844	-75553.196	0.304	135023.913	134763.686	0.193	192437.994	192421.129	0.009
59829.7	18432.014	18352.201	0.433	153524.336	153403.824	0.078	192454.916	192421.129	0.018
59829.8	105053.277	105210.525	0.150	113228.243	113138.331	0.079	192438.466	192421.129	0.009
59829.9	151293.415	151668.993	0.248	29645.000	29428.780	0.729	192437.812	192421.129	0.009
59830.0	139385.569	139887.990	0.360	-65093.809	-65581.147	0.749	192436.770	192421.129	0.008
59830.1	73952.405	74010.969	0.079	-134619.140	-135070.554	0.335	192452.104	192453.048	0.000
59830.2	-19838.997	-19779.127	0.302	-152198.143	-152743.132	0.358	192467.773	192453.048	0.008
59830.3	-105952.611	-105974.223	0.020	-111152.388	-111763.778	0.550	192467.656	192453.048	0.008
59830.4	-151339.110	-151476.211	0.091	-27263.270	-27868.181	2.219	192484.532	192453.048	0.016
59830.5	-138554.066	-138812.754	0.187	67156.916	66728.536	0.638	192469.024	192453.048	0.008
59830.6	-72601.645	-72846.500	0.337	135989.298	135702.121	0.211	192453.518	192453.048	0.000
59830.7	21203.265	21092.127	0.524	152701.403	152567.363	0.088	192486.809	192453.048	0.018
59830.8	106807.938	106931.575	0.116	110931.477	110848.168	0.075	192486.735	192453.048	0.018
59830.9	151377.986	151710.300	0.220	26732.715	26564.316	0.630	192469.676	192453.048	0.009
59831.0	137727.684	138233.693	0.367	-67426.708	-67919.985	0.732	192501.407	192453.048	0.025
59831.1	71240.101	71254.977	0.021	-135521.851	-136065.811	0.401	192516.738	192484.932	0.017
59831.2	-22557.773	-22592.362	0.153	-151328.350	-151923.539	0.393	192499.656	192484.932	0.008
59831.3	-107699.739	-107764.447	0.060	-108836.534	-109444.053	0.558	192515.923	192484.932	0.016
59831.4	-151364.014	-151555.993	0.127	-24385.103	-24939.076	2.272	192532.808	192484.932	0.025
59831.5	-136906.804	-137151.459	0.179	69628.641	69142.273	0.699	192517.298	192484.932	0.017
59831.6	-69855.064	-70082.050	0.325	136930.901	136673.636	0.188	192518.175	192484.932	0.017
59831.7	23952.633	23898.209	0.227	151826.914	151723.605	0.068	192535.066	192484.932	0.026
59831.8	108547.044	108701.780	0.143	108602.257	108513.131	0.082	192534.978	192484.932	0.026
59831.9	151363.154	151764.887	0.265	23875.253	23634.632	1.008	192534.306	192484.932	0.026
59832.0	136054.631	136551.699	0.365	-69850.772	-70319.344	0.671	192549.645	192484.932	0.034
59832.1	68460.096	68506.094	0.067	-136488.471	-136979.125	0.359	192548.589	192533.196	0.008
59832.2	-25340.348	-25351.576	0.044	-150454.428	-151041.925	0.390	192531.515	192533.196	0.001
59832.3	-109334.291	-109474.478	0.128	-106507.766	-107106.042	0.562	192547.803	192533.196	0.008
59832.4	-151406.624	-151560.207	0.101	-21447.112	-22042.443	2.776	192548.305	192533.196	0.008
59832.5	-135178.881	-135448.237	0.199	71870.386	71485.248	0.536	192565.563	192533.196	0.017
59832.6	-67095.869	-67325.413	0.342	137817.460	137563.273	0.184	192582.824	192533.196	0.026
59832.7	26706.904	26649.737	0.214	150918.859	150818.291	0.067	192583.316	192533.196	0.026
59832.8	110172.950	110391.639	0.198	106256.790	106160.499	0.091	192583.221	192533.196	0.026
59832.9	151384.256	151744.186	0.238	20930.027	20738.070	0.917	192566.147	192533.196	0.017
59833.0	134319.550	134828.388	0.379	-72140.829	-72647.583	0.702	192581.485	192533.196	0.025
59833.1	65712.672	65752.029	0.060	-137311.987	-137804.237	0.358	192596.819	192597.816	0.001
59833.2	-28071.546	-28063.009	0.030	-149512.396	-150085.991	0.384	192596.135	192597.816	0.001
59833.3	-111017.128	-111102.116	0.077	-104135.284	-104736.131	0.577	192612.440	192597.816	0.008
59833.4	-151297.478	-151479.051	0.120	-18604.715	-19168.578	3.031	192580.186	192597.816	0.009
59833.5	-133434.830	-133689.450	0.191	74202.803	73759.529	0.597	192597.444	192597.816	0.000
59833.6	-64337.916	-64564.354	0.352	138618.544	138364.668	0.183	192598.311	192597.816	0.000
59833.7	29466.897	29352.849	0.387	149974.579	149839.072	0.090	192582.415	192597.816	0.008
59833.8	111846.350	111998.833	0.136	103865.048	103776.676	0.085	192631.455	192597.816	0.017
59833.9	151255.529	151638.315	0.253	18083.230	17865.010	1.207	192630.759	192597.816	0.017
59834.0	132549.342	133050.105	0.378	-74424.527	-74906.653	0.648	192629.711	192597.816	0.017
59834.1	62940.703	62991.871	0.081	-138109.784	-138576.176	0.338	192645.060	192629.684	0.008
59834.2	-30778.655	-30748.038	0.099	-148519.332	-149083.501	0.380	192611.610	192629.684	0.009
59834.3	-112650.401	-112680.988	0.027	-101734.583	-102344.160	0.599	192660.700	192629.684	0.016
59834.4	-151227.949	-151345.495	0.078	-15679.628	-16305.621	3.992	192644.839	192629.684	0.008
59834.5	-131650.675	-131894.751	0.185	76496.461	75994.124	0.657	192629.334	192629.684	0.000
59834.6	-61529.069	-61797.658	0.437	139453.882	139112.838	0.245	192646.586	192629.684	0.009
59834.7	32144.629	32029.156	0.359	148948.808	148813.526	0.091	192647.059	192629.684	0.009
59834.8	113470.101	113557.074	0.077	101447.388	101371.214	0.075	192646.930	192629.684	0.009
59834.9	151119.705	151480.141	0.239	15200.376	15003.307	1.296	192662.617	192629.684	0.017
59835.0	130743.243	131236.253	0.377	-76701.370	-77125.730	0.553	192645.181	192629.684	0.008
59835.1	60151.826	60207.611	0.093	-138848.164	-139322.034	0.341	192676.904	192677.943	0.001
59835.2	-33488.420	-33437.175	0.153	-147493.677	-148045.740	0.374	192676.253	192677.943	0.001
59835.3	-114232.907	-114242.399	0.008	-99302.659	-99921.269	0.623	192676.192	192677.943	0.001
59835.4	-151030.087	-151179.613	0.099	-12829.125	-13427.967	4.668	192676.728	192677.943	0.001
59835.5	-129819.116	-130065.273	0.190	78751.795	78221.548	0.673	192661.223	192677.943	0.009
59835.6	-58734.498	-59007.086	0.464	140172.079	139834.722	0.241	192678.472	192677.943	0.000
59835.7	34856.586	34709.268	0.423	147900.142	147752.673	0.100	192678.935	192677.943	0.001
59835.8	115043.418	115097.588	0.047	99002.647	98934.983	0.068	192695.188	192677.943	0.009
59835.9	150968.704	151289.514	0.213	12274.430	12127.186	1.200	192678.086	192677.943	0.000
59836.0	128887.658	129387.684	0.388	-78873.366	-79337.336	0.588	192709.812	192677.943	0.017
59836.1	57344.134	57383.140	0.068	-139562.262	-140069.672	0.364	192692.387	192709.825	0.009
59836.2	-36173.670	-36159.851	0.038	-146415.226	-146985.723	0.390	192708.132	192709.825	0.001
59836.3	-115733.724	-115817.798	0.073	-96856.769	-97460.635	0.623	192691.700	192709.825	0.009
59836.4	-150823.663	-151002.796	0.119	-9942.158	-10511.576	5.727	192708.629	192709.825	0.001
59836.5	-127949.178	-128204.136	0.199	80933.733	80473.829	0.568	192709.517	192709.825	0.000
59836.6	-55919.294	-56176.289	0.460	140865.068	140558.038	0.218	192710.370	192709.825	0.000
59836.7	37541.936	37422.726	0.318	146802.379	146669.278	0.091	192710.832	192709.825	0.001
59836.8	116469.497	116651.765	0.156	96551.464	96460.890	0.094	192727.061	192709.825	0.009
59836.9	150701.500	151087.620	0.256	9436.277	9212.424	2.372	192726.351	192709.825	0.009
59837.0	126997.464	127507.245	0.401	-81070.041	-81573.526	0.621	192708.902	192709.825	0.000
59837.1	54545.975	54563.573	0.032	-140192.447	-140730.952	0.384	192740.648	192741.711	0.001
59837.2	-38833.367	-38827.685	0.015	-145284.424	-145858.819	0.395	192740.012	192741.711	0.001
59837.3	-117279.159	-117309.476	0.026	-94362.399	-94978.267	0.653	192707.216	192741.711	0.018
59837.4	-150584.603	-150745.527	0.107	-7041.767	-7626.951	8.310	192756.925	192741.711	0.008
59837.5	-126042.022	-126296.709	0.202	83107.672	82653.043	0.547	192741.426	192741.711	0.000
59837.6	-53094.227	-53351.139	0.484	141500.727	141195.044	0.216	192725.892	192741.711	0.008
59837.7	40139.793	40080.769	0.147	145629.783	145519.470	0.076	192759.111	192741.711	0.009
59837.8	117973.819	118122.037	0.126	94054.438	93965.785	0.094	192742.567	192741.711	0.000
59837.9	150392.435	150805.550	0.275	6576.976	6330.118	3.753	192758.211	192741.711	0.009
59838.0	125073.938	125581.145	0.406	-83224.667	-83736.254	0.615	192757.161	192741.711	0.008
59838.1	51708.007	51734.874	0.052	-140823.087	-141334.714	0.363	192756.145	192740.829	0.008
59838.2	-41494.147	-41469.009	0.061	-144120.389	-144680.061	0.388	192755.522	192740.829	0.008
59838.3	-118677.704	-118749.181	0.060	-91867.602	-92469.620	0.655	192739.117	192740.829	0.001
59838.4	-150262.909	-150430.781	0.112	-4172.051	-4751.712	13.894	192756.055	192740.829	0.008
59838.5	-124094.022	-124348.371	0.205	85240.314	84790.809	0.527	192756.946	192740.829	0.008
59838.6	-50280.823	-50517.352	0.470	142052.892	141774.454	0.196	192790.562	192740.829	0.026
59838.7	42802.239	42711.857	0.211	144441.831	144318.037	0.086	192758.224	192740.829	0.009
59838.8	119361.086	119540.113	0.150	91541.527	91444.847	0.106	192790.825	192740.829	0.026
59838.9	150076.974	150466.086	0.259	3685.316	3457.693	6.176	192773.701	192740.829	0.017
59839.0	123107.450	123614.492	0.412	-85304.771	-85857.183	0.648	192789.028	192740.829	0.025
59839.1	48842.133	48887.843	0.094	-141422.312	-141912.891	0.347	192771.627	192772.726	0.001
59839.2	-44097.536	-44110.072	0.028	-142891.808	-143469.828	0.405	192754.636	192772.726	0.009
59839.3	-120119.633	-120170.132	0.042	-89325.113	-89935.695	0.684	192771.005	192772.726	0.001
59839.4	-149891.856	-150085.988	0.130	-1319.468	-1867.098	41.504	192771.577	192772.726	0.001
59839.5	-122114.136	-122370.231	0.210	87330.282	86918.447	0.472	192788.855	192772.726	0.008
59839.6	-47443.383	-47665.453	0.468	142575.848	142328.123	0.174	192806.070	192772.726	0.017
59839.7	45464.628	45342.413	0.269	143221.366	143085.134	0.095	192790.117	192772.726	0.009
59839.8	120760.894	120939.217	0.148	88994.588	88898.795	0.108	192806.314	192772.726	0.017
59839.9	149682.599	150096.495	0.277	829.160	576.152	30.514	192821.950	192772.726	0.026
59840.0	121110.201	121618.127	0.419	-87505.799	-87967.728	0.528	192788.111	192772.726	0.008
59840.1	46027.552	46048.830	0.046	-141884.158	-142404.131	0.366	192819.876	192820.979	0.001
59840.2	-46671.688	-46693.434	0.047	-141614.478	-142194.073	0.409	192786.508	192820.979	0.018
59840.3	-121445.937	-121505.857	0.049	-86777.187	-87382.824	0.698	192802.890	192820.979	0.009
59840.4	-149462.464	-149661.169	0.133	1522.946	982.610	35.480	192803.467	192820.979	0.009
59840.5	-120098.821	-120347.996	0.207	89410.222	88970.731	0.492	192820.751	192820.979	0.000
59840.6	-44583.303	-44822.320	0.536	143069.655	142794.926	0.192	192805.184	192820.979	0.008
59840.7	48007.880	47914.706	0.194	141911.684	141787.207	0.088	192821.983	192820.979	0.001
59840.8	122075.265	122252.935	0.146	86429.556	86334.530	0.110	192789.013	192820.979	0.017
59840.9	149251.796	149647.182	0.265	-2040.405	-2269.797	11.242	192821.019	192820.979	0.000
59841.0	119072.311	119578.314	0.425	-89532.227	-90002.544	0.525	192819.960	192820.979	0.001
59841.1	43150.404	43205.930	0.129	-142368.478	-142838.770	0.330	192802.568	192787.306	0.008
59841.2	-49307.171	-49246.590	0.123	-140325.020	-140870.295	0.389	192801.982	192787.306	0.008
59841.3	-122782.125	-122788.880	0.006	-84188.347	-84808.947	0.737	192818.369	192787.306	0.016
59841.4	-149018.548	-149181.392	0.109	4403.012	3818.242	13.281	192818.954	192787.306	0.016
59841.5	-118042.306	-118289.647	0.210	91512.471	90979.261	0.583	192819.853	192787.306	0.017
59841.6	-41722.038	-41975.787	0.608	143508.493	143205.097	0.211	192820.671	192787.306	0.017
59841.7	50520.194	50456.382	0.126	140555.187	140441.518	0.081	192821.063	192787.306	0.018
59841.8	123337.176	123513.773	0.143	83845.670	83749.713	0.114	192820.853	192787.306	0.017
59841.9	148789.912	149143.033	0.237	-4918.329	-5101.198	3.718	192820.091	192787.306	0.017
59842.0	116998.687	117502.766	0.431	-91514.527	-91993.296	0.523	192835.408	192787.306	0.025
59842.1	40290.595	40348.038	0.143	-142770.083	-143248.186	0.335	192818.018	192851.937	0.018
59842.2	-51851.532	-51796.998	0.105	-138961.499	-139517.304	0.400	192817.433	192851.937	0.018
59842.3	-123972.393	-124052.472	0.065	-81611.880	-82213.084	0.737	192801.080	192851.937	0.026
59842.4	-148541.279	-148672.960	0.089	7293.109	6660.189	8.678	192834.430	192851.937	0.009
59842.5	-115947.035	-116204.424	0.222	93439.376	92976.012	0.496	192818.936	192851.937	0.017
59842.6	-38855.630	-39114.479	0.666	143888.982	143589.918	0.208	192836.134	192851.937	0.008
59842.7	53123.536	52995.059	0.242	139198.380	139066.641	0.095	192852.905	192851.937	0.001
59842.8	124641.466	124754.992	0.091	81218.722	81143.078	0.093	192819.916	192851.937	0.017
59842.9	148227.692	148610.177	0.258	-7733.126	-7938.667	2.658	192835.514	192851.937	0.009
59843.0	114893.018	115400.447	0.442	-93550.317	-93972.038	0.451	192850.836	192851.937	0.001
59843.1	37412.418	37444.212	0.085	-143143.358	-143650.213	0.354	192833.453	192850.994	0.009
59843.2	-54363.558	-54380.167	0.031	-137552.094	-138131.279	0.421	192849.256	192850.994	0.001
59843.3	-125264.484	-125323.072	0.047	-78963.350	-79571.228	0.770	192816.524	192850.994	0.018
59843.4	-147930.093	-148143.092	0.144	10063.181	9543.429	5.165	192817.121	192850.994	0.018
59843.5	-113824.553	-114077.553	0.222	95386.863	94993.498	0.412	192834.395	192850.994	0.009
59843.6	-35986.939	-36207.303	0.612	144212.231	143966.955	0.170	192851.577	192850.994	0.000
59843.7	55665.736	55566.212	0.179	137778.018	137658.450	0.087	192835.561	192850.994	0.008
59843.8	125827.128	126002.823	0.140	78584.656	78490.391	0.120	192851.715	192850.994	0.000
59843.9	147675.004	148055.530	0.258	-10606.354	-10817.243	1.988	192834.547	192850.994	0.009
59844.0	112746.925	113256.302	0.452	-95442.393	-95971.156	0.554	192849.854	192850.994	0.001
59844.1	34569.275	34598.942	0.086	-143404.945	-143917.180	0.357	192848.868	192850.041	0.001
59844.2	-56873.077	-56836.449	0.064	-136109.296	-136670.624	0.412	192848.298	192850.041	0.001
59844.3	-126378.787	-126447.177	0.054	-76338.917	-76943.830	0.792	192848.342	192850.041	0.001
59844.4	-147339.592	-147503.374	0.111	12924.010	12328.674	4.606	192832.553	192850.041	0.009
59844.5	-111664.856	-111919.658	0.228	97321.690	96867.083	0.467	192849.833	192850.041	0.000
59844.6	-33161.608	-33359.842	0.598	144429.731	144209.440	0.153	192850.627	192850.041	0.000
59844.7	58110.247	58009.840	0.173	136298.465	136176.723	0.089	192850.986	192850.041	0.000
59844.8	126959.149	127104.288	0.114	75934.056	75853.422	0.106	192850.733	192850.041	0.000
59844.9	147023.507	147391.880	0.251	-13413.460	-13596.883	1.367	192849.935	192850.041	0.000
59845.0	110571.987	111082.372	0.462	-97288.405	-97826.112	0.553	192832.480	192850.041	0.009
59845.1	31666.706	31754.062	0.276	-143687.823	-144127.642	0.306	192847.877	192849.072	0.001
59845.2	-59350.140	-59259.125	0.153	-134617.130	-135164.543	0.407	192830.937	192849.072	0.009
59845.3	-127562.595	-127517.363	0.035	-73653.374	-74299.527	0.877	192830.993	192849.072	0.009
59845.4	-146661.257	-146810.129	0.102	15710.823	15095.811	3.915	192847.981	192849.072	0.001
59845.5	-109468.388	-109729.182	0.238	99210.308	98694.499	0.520	192848.867	192849.072	0.000
59845.6	-30253.794	-30513.257	0.858	144692.147	144395.425	0.205	192849.654	192849.072	0.000
59845.7	60585.031	60419.472	0.273	134787.685	134649.861	0.102	192850.000	192849.072	0.000
59845.8	128068.010	128151.691	0.065	73256.535	73200.012	0.077	192849.736	192849.072	0.000
59845.9	146324.431	146674.861	0.239	-16197.785	-16357.955	0.989	192848.939	192849.072	0.000
59846.0	108361.279	108876.260	0.475	-99218.805	-99634.621	0.419	192831.481	192849.072	0.009
59846.1	28785.224	28827.322	0.146	-143887.774	-144382.810	0.344	192846.879	192831.700	0.008
59846.2	-61792.660	-61774.284	0.030	-133080.151	-133646.355	0.425	192829.954	192831.700	0.001
59846.3	-128598.086	-128655.143	0.044	-70980.930	-71590.952	0.859	192830.011	192831.700	0.001
59846.4	-145945.300	-146133.633	0.129	18507.689	17954.705	2.988	192830.621	192831.700	0.001
59846.5	-107244.275	-107498.178	0.237	101052.379	100605.924	0.442	192831.515	192831.700	0.000
59846.6	-27367.606	-27584.430	0.792	144871.953	144625.411	0.170	192832.289	192831.700	0.000
59846.7	62992.790	62921.480	0.113	133225.836	133110.095	0.087	192865.394	192831.700	0.017
59846.8	129122.378	129266.132	0.111	70563.496	70481.751	0.116	192848.734	192831.700	0.009
59846.9	145585.656	145973.801	0.267	-18992.877	-19210.925	1.148	192864.311	192831.700	0.017
59847.0	106118.974	106628.898	0.481	-101036.378	-101526.786	0.485	192846.850	192831.700	0.008
59847.1	25907.919	25965.506	0.222	-144032.490	-144505.518	0.328	192862.263	192863.477	0.001
59847.2	-64231.072	-64158.941	0.112	-131509.173	-132059.390	0.418	192845.348	192863.477	0.009
59847.3	-129581.727	-129646.956	0.050	-68300.513	-68903.694	0.883	192829.036	192863.477	0.018
59847.4	-145195.836	-145351.754	0.107	21311.128	20710.374	2.819	192796.888	192863.477	0.035
59847.5	-104989.514	-105242.842	0.241	102814.453	102371.853	0.430	192846.922	192863.477	0.009
59847.6	-24464.720	-24721.665	1.050	145021.712	144723.500	0.206	192847.696	192863.477	0.008
59847.7	65428.802	65292.400	0.208	131634.984	131502.679	0.101	192815.248	192863.477	0.025
59847.8	130122.056	130234.795	0.087	67856.050	67786.062	0.103	192831.347	192863.477	0.017
59847.9	144794.245	145168.250	0.258	-21767.190	-21959.767	0.885	192830.527	192863.477	0.017
59848.0	103848.477	104358.457	0.491	-102806.331	-103273.252	0.454	192829.464	192863.477	0.018
59848.1	22991.728	23044.272	0.229	-144170.730	-144647.341	0.331	192828.500	192829.719	0.001
59848.2	-66570.818	-66602.870	0.048	-129874.794	-130452.863	0.445	192844.352	192829.719	0.008
59848.3	-130599.501	-130675.135	0.058	-65563.635	-66165.708	0.918	192844.433	192829.719	0.008
59848.4	-144423.490	-144569.372	0.101	24152.437	23528.458	2.584	192812.293	192829.719	0.009
59848.5	-102697.550	-102950.326	0.246	104626.806	104187.917	0.419	192829.569	192829.719	0.000
59848.6	-21561.906	-21799.320	1.101	145111.932	144840.193	0.187	192813.946	192829.719	0.008
59848.7	67828.694	67722.421	0.157	129999.750	129875.192	0.096	192830.646	192829.719	0.000
59848.8	131095.325	131239.387	0.110	65118.526	65039.334	0.122	192813.957	192829.719	0.008
59848.9	143968.986	144361.658	0.273	-24546.996	-24771.018	0.913	192829.524	192829.719	0.000
59849.0	101548.649	102050.406	0.494	-104528.066	-105069.531	0.518	192812.077	192829.719	0.009
59849.1	20142.261	20171.003	0.143	-144176.412	-144683.829	0.352	192811.116	192795.972	0.008
59849.2	-68967.585	-68945.983	0.031	-128228.006	-128789.484	0.438	192826.999	192795.972	0.016
59849.3	-131534.015	-131588.358	0.041	-62831.036	-63441.185	0.971	192810.701	192795.972	0.008
59849.4	-143521.344	-143702.037	0.126	26827.531	26267.935	2.086	192811.342	192795.972	0.008
59849.5	-100374.487	-100635.481	0.260	106390.712	105890.414	0.470	192795.843	192795.972	0.000
59849.6	-18708.710	-18925.843	1.161	145097.926	144851.967	0.170	192829.364	192795.972	0.017
59849.7	70192.038	70051.141	0.201	128319.104	128191.722	0.099	192813.279	192795.972	0.009
59849.8	131985.575	132129.143	0.109	62386.746	62307.057	0.128	192829.362	192795.972	0.017
59849.9	143109.036	143470.793	0.253	-27332.225	-27502.934	0.625	192828.540	192795.972	0.017
59850.0	99206.908	99721.003	0.518	-106265.523	-106752.055	0.458	192827.463	192795.972	0.016
59850.1	17278.830	17279.715	0.005	-144152.314	-144687.084	0.371	192810.140	192778.619	0.016
59850.2	-71328.542	-71284.075	0.062	-126531.298	-127088.636	0.440	192809.645	192778.619	0.016
59850.3	-132442.087	-132475.448	0.025	-60070.209	-60689.343	1.031	192793.366	192778.619	0.008
59850.4	-142642.685	-142797.491	0.109	29625.744	29014.088	2.065	192794.005	192778.619	0.008
59850.5	-98029.134	-98286.636	0.263	108040.573	107576.382	0.430	192794.896	192778.619	0.008
59850.6	-15774.590	-16034.634	1.648	145126.060	144830.354	0.204	192779.262	192778.619	0.000
59850.7	72452.443	72374.517	0.108	126587.478	126470.827	0.092	192779.552	192778.619	0.000
59850.8	132849.492	132992.532	0.108	59628.000	59547.688	0.135	192795.619	192778.619	0.009
59850.9	142147.133	142542.661	0.278	-30009.701	-30241.205	0.771	192778.407	192778.619	0.000
59851.0	96843.850	97357.745	0.531	-107954.417	-108417.759	0.429	192777.343	192778.619	0.001
59851.1	14308.014	14350.704	0.298	-144189.874	-144682.643	0.342	192760.021	192777.669	0.009
59851.2	-73651.485	-73648.113	0.005	-124791.436	-125359.345	0.455	192792.305	192777.669	0.008
59851.3	-133295.022	-133366.745	0.054	-57298.707	-57899.233	1.048	192776.047	192777.669	0.001
59851.4	-141684.813	-141873.797	0.133	32340.894	31793.641	1.692	192776.688	192777.669	0.001
59851.5	-95654.350	-95902.641	0.260	109673.982	109278.056	0.361	192793.966	192777.669	0.008
59851.6	-12911.922	-13105.769	1.501	145024.063	144800.721	0.154	192794.707	192777.669	0.009
59851.7	74770.893	74723.595	0.063	124832.949	124721.266	0.089	192778.607	192777.669	0.000
59851.8	133688.791	133859.799	0.128	56847.275	56750.015	0.171	192778.291	192777.669	0.000
59851.9	141196.412	141595.095	0.282	-32778.226	-33012.711	0.715	192744.673	192777.669	0.017
59852.0	94448.017	94959.202	0.541	-109592.839	-110098.864	0.462	192776.378	192777.669	0.001
59852.1	11481.841	11497.469	0.136	-144030.553	-144551.680	0.362	192775.458	192776.732	0.001
59852.2	-75902.630	-75876.380	0.035	-123008.000	-123572.469	0.459	192742.219	192776.732	0.018
59852.3	-134090.935	-134114.411	0.018	-54513.958	-55142.587	1.153	192742.349	192776.732	0.018
59852.4	-140675.892	-140853.765	0.126	35031.781	34461.531	1.628	192743.007	192776.732	0.017
59852.5	-93244.459	-93506.593	0.281	111322.753	110832.744	0.440	192743.898	192776.732	0.017
59852.6	-9989.515	-10253.766	2.645	144937.650	144645.222	0.202	192744.628	192776.732	0.017
59852.7	76985.630	76936.411	0.064	123026.200	122915.291	0.090	192744.899	192776.732	0.017
59852.8	134411.648	134583.727	0.128	54081.801	53987.040	0.175	192744.565	192776.732	0.017
59852.9	140196.176	140552.154	0.254	-35521.057	-35671.728	0.424	192760.111	192776.732	0.009
59853.0	92036.134	92549.871	0.558	-111149.496	-111632.887	0.435	192726.277	192776.732	0.026
59853.1	8547.230	8604.925	0.675	-143930.227	-144409.979	0.333	192725.357	192743.031	0.009
59853.2	-78178.742	-78130.083	0.062	-121195.718	-121753.756	0.460	192708.526	192743.031	0.018
59853.3	-134832.450	-134863.871	0.023	-51722.524	-52345.231	1.204	192708.660	192743.031	0.018
59853.4	-139634.571	-139811.197	0.126	37725.077	37163.371	1.489	192709.330	192743.031	0.017
59853.5	-90815.438	-91072.334	0.283	112856.149	112401.588	0.403	192742.976	192743.031	0.000
59853.6	-7125.395	-7362.548	3.328	144752.574	144478.648	0.189	192710.943	192743.031	0.017
59853.7	79290.170	79174.387	0.146	121198.284	121077.262	0.100	192727.577	192743.031	0.008
59853.8	135196.432	135309.100	0.083	51250.014	51183.342	0.130	192727.240	192743.031	0.008
59853.9	139099.173	139486.386	0.278	-38151.337	-38364.502	0.559	192693.617	192743.031	0.026
59854.0	89592.749	90102.208	0.569	-112687.851	-113180.736	0.437	192725.329	192743.031	0.009
59854.1	5693.676	5723.544	0.525	-143706.928	-144214.579	0.353	192691.646	192725.711	0.018
59854.2	-80382.456	-80343.127	0.049	-119337.408	-119898.230	0.470	192691.205	192725.711	0.018
59854.3	-135489.886	-135558.789	0.051	-48939.295	-49542.086	1.232	192707.736	192725.711	0.009
59854.4	-138540.459	-138721.148	0.130	40393.747	39837.756	1.376	192692.030	192725.711	0.017
59854.5	-88361.371	-88615.886	0.288	114372.334	113920.272	0.395	192676.527	192725.711	0.026
59854.6	-4242.500	-4482.954	5.668	144529.794	144258.472	0.188	192693.622	192725.711	0.017
59854.7	81521.550	81371.390	0.184	119327.792	119202.771	0.105	192693.869	192725.711	0.017
59854.8	135838.826	135979.883	0.104	48457.130	48374.323	0.171	192693.522	192725.711	0.017
59854.9	137999.883	138373.375	0.271	-40841.133	-41029.412	0.461	192676.280	192725.711	0.026
59855.0	87132.402	87632.789	0.574	-114143.375	-114678.237	0.469	192675.217	192725.711	0.026
59855.1	2827.625	2875.721	1.701	-143451.793	-143940.813	0.341	192674.309	192675.621	0.001
59855.2	-82512.796	-82482.884	0.036	-117435.668	-117999.158	0.480	192657.489	192675.621	0.009
59855.3	-136148.545	-136168.836	0.015	-46116.508	-46746.932	1.367	192657.651	192675.621	0.009
59855.4	-137409.495	-137567.230	0.115	43065.747	42455.678	1.417	192641.940	192675.621	0.017
59855.5	-85871.358	-86141.098	0.314	115868.738	115355.705	0.443	192626.433	192675.621	0.026
59855.6	-1350.633	-1637.592	21.246	144278.833	143960.223	0.221	192659.918	192675.621	0.008
59855.7	83613.825	83494.735	0.142	117410.487	117285.364	0.107	192660.152	192675.621	0.008
59855.8	136452.551	136565.865	0.083	45639.221	45574.025	0.143	192643.395	192675.621	0.017
59855.9	136807.966	137196.984	0.284	-43415.148	-43637.312	0.512	192642.532	192675.621	0.017
59856.0	84620.588	85145.747	0.621	-115675.691	-116092.331	0.360	192608.704	192675.621	0.035
59856.1	-75.552	-57.694	23.636	-143185.717	-143700.272	0.359	192640.576	192641.893	0.001
59856.2	-84731.600	-84711.377	0.024	-115512.586	-116076.501	0.488	192623.761	192641.893	0.009
59856.3	-136809.751	-136836.685	0.020	-43257.501	-43880.442	1.440	192623.939	192641.893	0.009
59856.4	-136218.556	-136417.989	0.146	45679.012	45165.296	1.125	192608.223	192641.893	0.017
59856.5	-83371.350	-83616.063	0.294	117283.210	116867.983	0.354	192625.486	192641.893	0.009
59856.6	1533.925	1293.647	15.664	143968.177	143694.461	0.190	192626.182	192641.893	0.008
59856.7	85762.563	85706.608	0.065	115461.040	115343.612	0.102	192626.399	192641.893	0.008
59856.8	137039.776	137209.036	0.124	42801.225	42701.898	0.232	192593.254	192641.893	0.025
59856.9	135635.635	136024.480	0.287	-46109.713	-46336.945	0.493	192592.391	192641.893	0.026
59857.0	82099.037	82607.798	0.620	-117092.069	-117582.836	0.419	192591.326	192641.893	0.026
59857.1	-2942.378	-2879.538	2.136	-142842.583	-143319.491	0.334	192606.816	192575.388	0.016
59857.2	-86810.288	-86767.093	0.050	-113544.591	-114106.265	0.495	192573.638	192575.388	0.001
59857.3	-137329.272	-137336.897	0.006	-40441.143	-41077.303	1.573	192590.201	192575.388	0.008
59857.4	-134994.729	-135170.620	0.130	48292.766	47724.958	1.176	192574.494	192575.388	0.000
59857.5	-80838.562	-81100.092	0.324	118677.361	118201.283	0.401	192558.979	192575.388	0.009
59857.6	4353.085	4112.111	5.536	143563.722	143289.423	0.191	192543.281	192575.388	0.017
59857.7	87803.144	87745.303	0.066	113474.281	113355.768	0.104	192559.871	192575.388	0.008
59857.8	137543.130	137685.120	0.103	39975.798	39894.560	0.203	192575.867	192575.388	0.000
59857.9	134376.670	134755.142	0.282	-48684.641	-48885.785	0.413	192558.613	192575.388	0.009
59858.0	79558.013	80080.452	0.657	-118456.986	-118894.446	0.369	192541.166	192575.388	0.018
59858.1	-5821.190	-5765.335	0.960	-142465.846	-142945.254	0.337	192523.898	192541.625	0.009
59858.2	-88911.744	-88878.338	0.038	-111543.316	-112103.638	0.502	192556.255	192541.625	0.008
59858.3	-137820.094	-137862.893	0.031	-37602.252	-38215.276	1.630	192523.680	192541.625	0.009
59858.4	-133745.223	-133909.389	0.123	50938.908	50347.394	1.161	192524.357	192541.625	0.009
59858.5	-78278.145	-78535.935	0.329	120051.805	119577.136	0.395	192525.227	192541.625	0.009
59858.6	7208.356	6994.582	2.966	143147.783	142890.379	0.180	192525.905	192541.625	0.008
59858.7	89931.424	89839.245	0.102	111462.453	111335.056	0.114	192526.108	192541.625	0.008
59858.8	138018.511	138186.480	0.122	37129.741	37028.114	0.274	192525.699	192541.625	0.008
59858.9	133081.067	133471.402	0.293	-51260.446	-51497.276	0.462	192508.433	192541.625	0.017
59859.0	77003.137	77504.557	0.651	-119737.532	-120248.195	0.426	192507.371	192541.625	0.018
59859.1	-8660.962	-8609.515	0.594	-142013.505	-142498.628	0.342	192506.500	192507.854	0.001
59859.2	-90937.070	-90913.308	0.026	-109506.268	-110067.039	0.512	192506.102	192507.854	0.001
59859.3	-138283.486	-138307.243	0.017	-34743.838	-35370.739	1.804	192473.536	192507.854	0.018
59859.4	-132414.558	-132592.493	0.134	53462.611	52907.593	1.038	192474.218	192507.854	0.017
59859.5	-75714.357	-75963.469	0.329	121310.777	120869.905	0.363	192507.854	192507.854	0.000
59859.6	10074.937	9834.815	2.383	142698.112	142419.307	0.195	192459.371	192507.854	0.025
59859.7	91951.117	91856.623	0.103	109402.853	109281.030	0.111	192443.162	192507.854	0.034
59859.8	138465.036	138606.348	0.102	34262.667	34179.861	0.242	192459.138	192507.854	0.025
59859.9	131751.667	132132.535	0.289	-53835.446	-54046.053	0.391	192474.643	192507.854	0.017
59860.0	74413.542	74921.067	0.682	-121029.331	-121518.790	0.404	192424.432	192507.854	0.043
59860.1	-11486.687	-11490.541	0.034	-141505.816	-142038.212	0.376	192439.946	192441.319	0.001
59860.2	-92951.276	-92969.925	0.020	-107435.645	-107997.590	0.523	192439.572	192441.319	0.001
59860.3	-138690.535	-138749.729	0.043	-31882.461	-32486.905	1.896	192423.394	192441.319	0.009
59860.4	-131058.434	-131250.938	0.147	56017.375	55498.447	0.926	192424.079	192441.319	0.009
59860.5	-73111.796	-73353.017	0.330	122579.869	122172.915	0.332	192408.558	192441.319	0.017
59860.6	12901.938	12711.775	1.474	142172.455	141934.129	0.168	192425.606	192441.319	0.008
59860.7	93926.336	93895.365	0.033	107317.014	107193.968	0.115	192425.782	192441.319	0.008
59860.8	138852.611	139024.014	0.123	31389.681	31292.328	0.310	192408.963	192441.319	0.017
59860.9	130362.739	130768.745	0.311	-56348.714	-56625.273	0.491	192391.699	192441.319	0.026
59861.0	71804.313	72299.504	0.690	-122268.036	-122799.300	0.435	192390.651	192441.319	0.026
59861.1	-14320.018	-14279.243	0.285	-140967.501	-141462.262	0.351	192373.408	192407.550	0.018
59861.2	-94921.111	-94883.872	0.039	-105326.203	-105889.182	0.535	192389.419	192407.550	0.009
59861.3	-139040.120	-139053.985	0.010	-29017.551	-29655.650	2.199	192356.875	192407.550	0.026
59861.4	-129659.521	-129828.670	0.130	58539.280	57965.374	0.980	192390.340	192407.550	0.009
59861.5	-70499.977	-70750.363	0.355	123764.692	123328.238	0.353	192374.812	192407.550	0.017
59861.6	15738.934	15495.420	1.547	141612.876	141334.214	0.197	192359.084	192407.550	0.025
59861.7	95889.722	95791.107	0.103	105191.754	105069.177	0.117	192359.246	192407.550	0.025
59861.8	139161.931	139303.907	0.102	28541.266	28458.561	0.290	192342.431	192407.550	0.034
59861.9	128928.302	129325.312	0.308	-58829.439	-59079.876	0.426	192357.925	192407.550	0.026
59862.0	69184.997	69687.010	0.726	-123421.688	-123932.195	0.414	192324.114	192407.550	0.043
59862.1	-17138.136	-17103.438	0.202	-140373.607	-140872.413	0.355	192339.650	192324.647	0.008
59862.2	-96845.872	-96818.311	0.028	-103187.035	-103748.634	0.544	192355.675	192324.647	0.016
59862.3	-139308.309	-139355.860	0.034	-26172.959	-26786.352	2.344	192323.140	192324.647	0.001
59862.4	-128208.901	-128382.065	0.135	61030.734	60461.638	0.932	192323.837	192324.647	0.000
59862.5	-67850.075	-68110.761	0.384	124958.655	124492.926	0.373	192308.312	192324.647	0.008
59862.6	18559.210	18314.438	1.319	140999.490	140720.097	0.198	192308.962	192324.647	0.008
59862.7	97840.526	97707.063	0.136	103032.292	102912.070	0.117	192309.111	192324.647	0.008
59862.8	139436.808	139581.093	0.103	25666.948	25586.772	0.312	192292.287	192324.647	0.017
59862.9	127470.141	127857.291	0.304	-61338.941	-61563.606	0.366	192307.785	192324.647	0.009
59863.0	66527.622	67037.488	0.766	-124583.921	-125074.137	0.393	192290.356	192324.647	0.018
59863.1	-19966.862	-19937.286	0.148	-139743.235	-140247.589	0.361	192273.138	192274.529	0.001
59863.2	-98725.079	-98739.942	0.015	-101013.058	-101574.138	0.555	192272.795	192274.529	0.001
59863.3	-139547.082	-139627.386	0.058	-23309.557	-23897.170	2.521	192256.657	192274.529	0.009
59863.4	-126724.187	-126899.222	0.138	63519.812	62956.087	0.887	192257.356	192274.529	0.009
59863.5	-65198.889	-65442.947	0.374	126069.992	125634.797	0.345	192241.840	192274.529	0.017
59863.6	21361.761	21142.807	1.025	140332.782	140070.922	0.187	192242.470	192274.529	0.017
59863.7	99679.939	99609.921	0.070	100841.383	100721.126	0.119	192209.838	192274.529	0.034
59863.8	139659.070	139827.759	0.121	22798.201	22695.362	0.451	192242.168	192274.529	0.017
59863.9	125970.984	126353.048	0.303	-63847.651	-64045.209	0.309	192208.504	192274.529	0.034
59864.0	63864.205	64359.951	0.776	-125661.244	-126193.020	0.423	192223.852	192274.529	0.026
59864.1	-22774.336	-22726.145	0.212	-139063.949	-139550.612	0.350	192223.035	192208.037	0.008
59864.2	-100591.026	-100582.711	0.008	-98807.744	-99367.848	0.567	192206.314	192208.037	0.001
59864.3	-139755.540	-139816.459	0.044	-20427.015	-21028.762	2.946	192173.804	192208.037	0.018
59864.4	-125187.206	-125361.997	0.140	65943.099	65385.172	0.846	192174.513	192208.037	0.017
59864.5	-62521.988	-62769.703	0.396	127124.192	126691.812	0.340	192191.744	192208.037	0.008
59864.6	24120.467	23925.568	0.808	139591.805	139349.984	0.173	192192.368	192208.037	0.008
59864.7	101505.830	101433.645	0.071	98620.061	98499.069	0.123	192176.119	192208.037	0.017
59864.8	139874.916	139992.154	0.084	19888.321	19825.434	0.316	192142.906	192208.037	0.034
59864.9	124399.470	124794.987	0.318	-66193.574	-66460.982	0.404	192191.168	192208.037	0.009
59865.0	61175.524	61677.716	0.821	-126715.853	-127227.003	0.403	192140.976	192208.037	0.035
59865.1	-25538.807	-25493.533	0.177	-138308.473	-138804.417	0.359	192123.776	192157.955	0.018
59865.2	-102410.284	-102379.133	0.030	-96568.290	-97134.441	0.586	192123.455	192157.955	0.018
59865.3	-139906.169	-139952.106	0.033	-17544.322	-18165.749	3.542	192090.953	192157.955	0.035
59865.4	-123612.549	-123784.782	0.139	68363.991	67778.420	0.857	192108.052	192157.955	0.026
59865.5	-59823.776	-60085.262	0.437	128157.118	127696.311	0.360	192108.902	192157.955	0.026
59865.6	26909.928	26686.435	0.831	138841.125	138580.015	0.188	192125.909	192157.955	0.017
59865.7	103350.306	103210.792	0.135	96363.508	96250.293	0.117	192109.641	192157.955	0.025
59865.8	139931.595	140103.172	0.123	17062.122	16961.360	0.591	192092.797	192157.955	0.034
59865.9	122810.274	123197.247	0.315	-68632.971	-68840.576	0.302	192091.901	192157.955	0.034
59866.0	58483.819	58984.734	0.857	-127685.576	-128208.376	0.409	192090.870	192157.955	0.035
59866.1	-28308.659	-28299.777	0.031	-137521.476	-138035.390	0.374	192073.688	192075.093	0.001
59866.2	-104182.553	-104193.500	0.011	-94299.663	-94859.691	0.594	192056.993	192075.093	0.009
59866.3	-140002.977	-140077.895	0.054	-14667.228	-15258.760	4.033	192040.880	192075.093	0.018
59866.4	-121995.753	-122173.691	0.146	70749.214	70201.392	0.774	192041.598	192075.093	0.017
59866.5	-57110.518	-57355.935	0.430	129135.630	128704.868	0.334	192042.447	192075.093	0.017
59866.6	29711.805	29485.962	0.760	138047.612	137786.880	0.189	192043.048	192075.093	0.017
59866.7	105049.216	105005.526	0.042	94081.290	93960.022	0.129	192026.774	192075.093	0.025
59866.8	140031.485	140203.953	0.123	14154.013	14053.396	0.711	191993.535	192075.093	0.042
59866.9	121170.738	121565.376	0.326	-71004.363	-71249.602	0.345	192009.027	192075.093	0.034
59867.0	55751.248	56246.834	0.889	-128660.499	-129193.421	0.414	191991.614	192075.093	0.043
59867.1	-31116.266	-31029.636	0.278	-136711.961	-137179.239	0.342	191990.815	192025.004	0.018
59867.2	-105939.878	-105894.815	0.043	-91997.759	-92559.550	0.611	191974.137	192025.004	0.026
59867.3	-140043.656	-140097.377	0.038	-11793.671	-12397.860	5.123	191974.423	192025.004	0.026
59867.4	-120340.665	-120503.860	0.136	73130.986	72524.491	0.829	191958.756	192025.004	0.035
59867.5	-54381.430	-54637.990	0.472	130058.745	129598.118	0.354	191975.983	192025.004	0.026
59867.6	32432.445	32208.356	0.691	137174.786	136907.282	0.195	191960.202	192025.004	0.034
59867.7	106765.802	106686.995	0.074	91766.567	91645.333	0.132	191960.292	192025.004	0.034
59867.8	140029.482	140198.828	0.121	11297.486	11192.435	0.930	191959.820	192025.004	0.034
59867.9	119481.269	119875.625	0.330	-73307.127	-73558.253	0.343	191958.910	192025.004	0.034
59868.0	53019.658	53521.306	0.946	-129550.965	-130063.261	0.395	191941.505	192025.004	0.044
59868.1	-33787.427	-33791.144	0.011	-135786.981	-136309.809	0.385	191940.718	191925.765	0.008
59868.2	-107616.250	-107613.879	0.002	-89667.060	-90230.032	0.628	191907.659	191925.765	0.009
59868.3	-140051.131	-140113.893	0.045	-8901.042	-9502.767	6.760	191907.952	191925.765	0.009
59868.4	-118632.857	-118811.485	0.151	75411.242	74873.470	0.713	191908.677	191925.765	0.009
59868.5	-51639.514	-51886.581	0.478	130927.084	130498.997	0.327	191893.127	191925.765	0.017
59868.6	35219.591	34962.284	0.731	136293.678	136014.133	0.205	191893.719	191925.765	0.017
59868.7	108434.085	108385.960	0.044	89422.879	89301.116	0.136	191861.035	191925.765	0.034
59868.8	140020.159	140190.443	0.122	8402.246	8297.307	1.249	191860.553	191925.765	0.034
59868.9	117767.085	118163.110	0.336	-75635.912	-75892.589	0.339	191876.027	191925.765	0.026
59869.0	50262.016	50762.250	0.995	-130416.101	-130940.443	0.402	191875.004	191925.765	0.026
59869.1	-36521.071	-36476.346	0.122	-134859.802	-135350.934	0.364	191841.455	191859.269	0.009
59869.2	-109244.572	-109218.588	0.024	-87312.189	-87873.199	0.643	191824.796	191859.269	0.018
59869.3	-139979.650	-140021.916	0.030	-6037.294	-6652.980	10.198	191841.481	191859.269	0.009
59869.4	-116892.260	-117058.141	0.142	77719.156	77121.922	0.768	191825.818	191859.269	0.017
59869.5	-48861.033	-49145.137	0.581	131801.313	131282.728	0.393	191843.039	191859.269	0.008
59869.6	37896.347	37639.139	0.679	135316.381	135032.197	0.210	191794.464	191859.269	0.034
59869.7	110021.412	109970.338	0.046	87057.578	86930.569	0.146	191794.536	191859.269	0.034
59869.8	139929.085	140073.959	0.104	5533.482	5448.416	1.537	191810.427	191859.269	0.025
59869.9	116013.961	116390.491	0.325	-77959.620	-78125.877	0.213	191776.745	191859.269	0.043
59870.0	47496.066	48014.167	1.091	-131227.492	-131700.565	0.360	191759.348	191859.269	0.052
59870.1	-39260.800	-39190.732	0.178	-133895.866	-134381.570	0.363	191774.953	191760.023	0.008
59870.2	-110889.146	-110840.699	0.044	-84922.494	-85490.698	0.669	191741.924	191760.023	0.009
59870.3	-139899.394	-139928.876	0.021	-3134.347	-3772.199	20.350	191758.609	191760.023	0.001
59870.4	-115113.600	-115285.677	0.149	79988.423	79394.789	0.742	191726.569	191760.023	0.017
59870.5	-46113.958	-46373.859	0.564	132531.835	132074.923	0.345	191743.783	191760.023	0.008
59870.6	40607.181	40345.087	0.645	134319.192	134039.524	0.208	191727.967	191760.023	0.017
59870.7	111689.268	111571.897	0.105	84646.069	84534.204	0.132	191744.414	191760.023	0.008
59870.8	139827.311	139956.145	0.092	2624.261	2568.542	2.123	191694.748	191760.023	0.034
59870.9	114214.769	114598.545	0.336	-80212.322	-80383.415	0.213	191710.226	191760.023	0.026
59871.0	44685.428	45236.177	1.233	-132039.690	-132468.895	0.325	191676.441	191760.023	0.044
59871.1	-41946.912	-41885.232	0.147	-132866.673	-133353.471	0.366	191675.672	191677.127	0.001
59871.2	-112483.478	-112412.136	0.063	-82500.233	-83072.453	0.694	191642.646	191677.127	0.018
59871.3	-139717.737	-139773.833	0.040	-285.698	-892.392	212.355	191659.349	191677.127	0.009
59871.4	-113296.346	-113463.689	0.148	82251.853	81630.339	0.756	191660.073	191677.127	0.009
59871.5	-43325.973	-43584.551	0.597	133264.964	132807.785	0.343	191628.131	191677.127	0.026
59871.6	43294.797	43030.646	0.610	133268.930	132988.287	0.211	191645.068	191677.127	0.017
59871.7	113241.784	113122.478	0.105	82212.446	82102.533	0.134	191628.733	191677.127	0.025
59871.8	139648.509	139776.339	0.092	-251.898	-309.824	22.996	191611.836	191677.127	0.034
59871.9	112372.666	112757.396	0.342	-82426.113	-82603.212	0.215	191594.537	191677.127	0.043
59872.0	41914.671	42440.670	1.255	-132711.220	-133177.740	0.352	191593.533	191677.127	0.044
59872.1	-44635.983	-44582.678	0.119	-131804.548	-132292.362	0.370	191592.778	191577.850	0.008
59872.2	-113964.610	-113966.505	0.002	-80070.182	-80625.801	0.694	191576.148	191577.850	0.001
59872.3	-139571.355	-139588.262	0.012	2649.208	2000.311	24.494	191560.081	191577.850	0.009
59872.4	-111441.397	-111609.435	0.151	84442.518	83858.322	0.692	191560.816	191577.850	0.009
59872.5	-40514.366	-40773.631	0.640	133972.090	133515.524	0.341	191561.626	191577.850	0.008
59872.6	45955.544	45718.865	0.515	132171.663	131904.016	0.202	191545.787	191577.850	0.017
59872.7	114745.127	114655.746	0.078	79758.598	79642.602	0.145	191545.826	191577.850	0.017
59872.8	139437.579	139565.894	0.092	-3142.122	-3200.824	1.868	191528.924	191577.850	0.026
59872.9	110494.373	110884.048	0.353	-84599.451	-84815.164	0.255	191511.620	191577.850	0.035
59873.0	39116.449	39623.766	1.297	-133354.161	-133861.276	0.380	191510.612	191577.850	0.035
59873.1	-47301.641	-47254.199	0.100	-130687.513	-131181.678	0.378	191493.483	191511.330	0.009
59873.2	-115458.874	-115470.718	0.010	-77596.895	-78154.368	0.718	191493.242	191511.330	0.009
59873.3	-139300.409	-139347.563	0.034	5505.047	4883.487	11.291	191460.805	191511.330	0.026
59873.4	-109540.685	-109716.251	0.160	86594.092	86046.128	0.633	191461.538	191511.330	0.026
59873.5	-37695.041	-37954.926	0.689	134623.996	134167.863	0.339	191462.350	191511.330	0.026
59873.6	48588.706	48380.734	0.428	131028.007	130770.396	0.197	191446.509	191511.330	0.034
59873.7	116230.457	116138.646	0.079	77274.887	77158.323	0.151	191430.150	191511.330	0.042
59873.8	139104.243	139300.407	0.141	-5950.670	-6081.823	2.204	191446.000	191511.330	0.034
59873.9	108576.821	108972.117	0.364	-86732.260	-86986.606	0.293	191395.928	191511.330	0.060
59874.0	36299.358	36799.555	1.378	-133972.599	-134489.347	0.386	191411.316	191511.330	0.052
59874.1	-49908.642	-49900.542	0.016	-129512.198	-130018.407	0.391	191377.813	191412.040	0.018
59874.2	-116903.498	-116923.604	0.017	-75104.169	-75655.278	0.734	191361.202	191412.040	0.027
59874.3	-138998.900	-139049.098	0.036	8372.653	7758.769	7.332	191377.918	191412.040	0.018
59874.4	-107609.454	-107781.042	0.159	88770.026	88193.521	0.649	191345.885	191412.040	0.035
59874.5	-34919.032	-35126.076	0.593	135136.042	134762.788	0.276	191363.078	191412.040	0.026
59874.6	51226.922	51016.974	0.410	129844.022	129584.407	0.200	191363.607	191412.040	0.025
59874.7	117664.694	117569.984	0.080	74765.804	74646.829	0.159	191330.859	191412.040	0.042
59874.8	138828.033	138977.223	0.107	-8867.910	-8954.432	0.976	191313.939	191412.040	0.051
59874.9	106628.452	107018.510	0.366	-88888.987	-89117.275	0.257	191313.012	191412.040	0.052
59875.0	33457.527	33965.693	1.519	-134562.687	-135059.920	0.370	191328.411	191412.040	0.044
59875.1	-52548.749	-52488.114	0.115	-128313.159	-128796.020	0.376	191311.299	191296.377	0.008
59875.2	-118329.288	-118294.173	0.030	-72581.209	-73143.047	0.774	191278.318	191296.377	0.009
59875.3	-138600.525	-138676.379	0.055	11178.887	10596.170	5.213	191262.275	191296.377	0.018
59875.4	-105636.819	-105808.154	0.162	90839.223	90266.557	0.630	191263.011	191296.377	0.017
59875.5	-32050.867	-32310.591	0.810	135732.004	135275.432	0.336	191263.810	191296.377	0.017
59875.6	53865.831	53593.937	0.505	128628.232	128339.809	0.224	191247.958	191296.377	0.025
59875.7	119015.613	118918.895	0.081	72240.171	72122.903	0.162	191247.960	191296.377	0.025
59875.8	138430.817	138580.112	0.108	-11700.799	-11788.522	0.750	191231.038	191296.377	0.034
59875.9	104639.693	105027.865	0.371	-90938.434	-91173.265	0.258	191230.114	191296.377	0.035
59876.0	30627.281	31145.902	1.693	-135069.117	-135548.329	0.355	191196.364	191296.377	0.052
59876.1	-55131.006	-55107.611	0.042	-127051.534	-127551.309	0.393	191195.644	191197.111	0.001
59876.2	-119702.826	-119677.385	0.021	-70031.613	-70593.970	0.803	191179.054	191197.111	0.009
59876.3	-138215.736	-138292.165	0.055	14044.305	13470.791	4.084	191179.424	191197.111	0.009
59876.4	-103635.160	-103804.050	0.163	92931.776	92362.895	0.612	191163.774	191197.111	0.017
59876.5	-29198.944	-29456.152	0.881	136247.141	135788.513	0.337	191180.956	191197.111	0.008
59876.6	56447.408	56202.632	0.434	127348.252	127072.615	0.216	191132.316	191197.111	0.034
59876.7	120347.169	120280.132	0.056	69686.007	69562.023	0.178	191132.310	191197.111	0.034
59876.8	138020.273	138171.189	0.109	-14572.008	-14659.733	0.602	191115.383	191197.111	0.043
59876.9	102615.992	103005.804	0.380	-92978.294	-93252.289	0.295	191098.077	191197.111	0.052
59877.0	27789.610	28287.157	1.790	-135517.953	-136036.840	0.383	191097.093	191197.111	0.052
59877.1	-57714.467	-57666.139	0.084	-125754.576	-126250.680	0.395	191096.394	191097.873	0.001
59877.2	-120995.238	-120978.388	0.014	-67476.906	-68035.633	0.828	191063.449	191097.873	0.018
59877.3	-137751.389	-137836.071	0.061	16875.299	16304.460	3.383	191080.196	191097.873	0.009
59877.4	-101591.507	-101765.994	0.172	94949.502	94383.793	0.596	191031.780	191097.873	0.035
59877.5	-26357.145	-26618.729	0.992	136677.074	136220.634	0.334	191048.960	191097.873	0.026
59877.6	58999.367	58749.878	0.423	126021.376	125750.028	0.215	191049.465	191097.873	0.025
59877.7	121659.226	121559.083	0.082	67104.558	66992.591	0.167	191016.686	191097.873	0.043
59877.8	137534.908	137690.739	0.113	-17404.126	-17489.374	0.490	191016.133	191097.873	0.043
59877.9	100562.473	100950.442	0.386	-95007.810	-95255.583	0.261	190998.841	191097.873	0.052
59878.0	24937.593	25446.122	2.039	-135943.201	-136444.541	0.369	190965.098	191097.873	0.070
59878.1	-60235.892	-60195.419	0.067	-124402.996	-124901.783	0.401	190997.173	190998.653	0.001
59878.2	-122296.334	-122227.321	0.056	-64874.347	-65455.526	0.896	190947.841	190998.653	0.027
59878.3	-137273.885	-137325.077	0.037	19743.710	19125.039	3.134	190964.603	190998.653	0.018
59878.4	-99519.138	-99691.291	0.173	96989.633	96361.768	0.647	190916.204	190998.653	0.043
59878.5	-23514.360	-23776.983	1.117	137053.017	136596.482	0.333	190933.374	190998.653	0.034
59878.6	61551.119	61267.463	0.461	124661.223	124379.427	0.226	190917.486	190998.653	0.043
59878.7	122857.063	122785.778	0.058	64523.532	64401.838	0.189	190884.703	190998.653	0.060
59878.8	136999.584	137155.505	0.114	-20218.738	-20305.453	0.429	190884.146	190998.653	0.060
59878.9	98468.237	98858.804	0.397	-97026.911	-97215.641	0.195	190866.845	190998.653	0.069
59879.0	22080.922	22601.249	2.356	-136311.562	-136795.934	0.355	190865.886	190998.653	0.070
59879.1	-62787.782	-62725.575	0.099	-123029.097	-123515.906	0.396	190832.442	190866.679	0.018
59879.2	-123516.585	-123455.173	0.050	-62270.492	-62845.024	0.923	190848.659	190866.679	0.009
59879.3	-136725.526	-136779.142	0.039	22569.353	21957.758	2.710	190832.659	190866.679	0.018
59879.4	-97409.807	-97581.202	0.176	98888.133	98328.967	0.565	190833.408	190866.679	0.017
59879.5	-20654.159	-20912.996	1.253	137403.021	136942.774	0.335	190834.203	190866.679	0.017
59879.6	64008.649	63785.605	0.348	123237.777	122971.840	0.216	190785.531	190866.679	0.043
59879.7	124097.564	123991.132	0.086	61897.101	61780.871	0.188	190785.511	190866.679	0.043
59879.8	136432.411	136585.226	0.112	-23042.843	-23133.373	0.393	190784.945	190866.679	0.043
59879.9	96344.491	96731.873	0.402	-98969.210	-99164.618	0.197	190784.031	190866.679	0.043
59880.0	19241.672	19734.388	2.561	-136597.789	-137117.580	0.381	190766.689	190866.679	0.052
59880.1	-65277.737	-65255.074	0.035	-121597.962	-122095.925	0.410	190749.644	190734.729	0.008
59880.2	-124684.696	-124662.401	0.018	-59647.863	-60207.353	0.938	190749.491	190734.729	0.008
59880.3	-136127.223	-136200.535	0.054	25377.127	24800.279	2.273	190733.500	190734.729	0.001
59880.4	-95267.909	-95438.940	0.180	100873.824	100284.836	0.584	190717.861	190734.729	0.009
59880.5	-17789.078	-18029.687	1.353	137695.248	137260.956	0.315	190685.877	190734.729	0.026
59880.6	66497.316	66302.797	0.293	121788.185	121530.156	0.212	190702.738	190734.729	0.017
59880.7	125284.700	125175.629	0.087	59249.186	59132.915	0.196	190669.941	190734.729	0.034
59880.8	135827.586	135982.192	0.114	-25880.070	-25970.811	0.351	190669.363	190734.729	0.034
59880.9	94187.378	94572.868	0.409	-100867.169	-101101.989	0.233	190652.069	190734.729	0.043
59881.0	16368.032	16848.450	2.935	-136885.259	-137410.951	0.384	190618.361	190734.729	0.061
59881.1	-67767.687	-67688.530	0.117	-120129.205	-120616.214	0.405	190634.078	190651.948	0.009
59881.2	-125800.484	-125756.835	0.035	-57007.531	-57578.005	1.001	190617.558	190651.948	0.018
59881.3	-135493.235	-135535.694	0.031	28196.630	27569.618	2.224	190601.573	190651.948	0.026
59881.4	-93097.247	-93270.117	0.186	102716.947	102130.766	0.571	190602.324	190651.948	0.026
59881.5	-14905.040	-15189.689	1.910	137959.285	137474.657	0.351	190570.326	190651.948	0.043
59881.6	68984.646	68723.437	0.379	120304.780	120029.569	0.229	190570.795	190651.948	0.043
59881.7	126326.968	126247.407	0.063	56617.811	56494.251	0.218	190554.372	190651.948	0.051
59881.8	135138.979	135293.556	0.114	-28642.034	-28734.330	0.322	190521.025	190651.948	0.069
59881.9	91999.706	92388.248	0.422	-102720.362	-102929.198	0.203	190536.492	190651.948	0.061
59882.0	13488.626	14006.719	3.841	-137112.988	-137600.218	0.355	190519.165	190651.948	0.070
59882.1	-70192.000	-70183.719	0.012	-118611.812	-119119.956	0.428	190485.753	190536.390	0.027
59882.2	-126864.439	-126891.400	0.021	-54352.324	-54898.915	1.006	190502.006	190536.390	0.018
59882.3	-134807.672	-134873.972	0.049	30998.323	30402.794	1.921	190486.027	190536.390	0.026
59882.4	-90890.789	-91066.204	0.193	104580.771	104030.115	0.527	190486.771	190536.390	0.026
59882.5	-12042.494	-12289.866	2.054	138143.038	137710.847	0.313	190471.156	190536.390	0.034
59882.6	71438.354	71205.665	0.326	118779.847	118511.905	0.226	190438.854	190536.390	0.051
59882.7	127441.312	127358.888	0.065	53929.584	53805.502	0.230	190438.804	190536.390	0.051
59882.8	134433.148	134607.492	0.130	-31441.638	-31561.710	0.382	190421.828	190536.390	0.060
59882.9	89780.407	90168.080	0.432	-104528.305	-104809.520	0.269	190404.521	190536.390	0.069
59883.0	10615.978	11104.972	4.606	-137289.975	-137811.458	0.380	190387.207	190536.390	0.078
59883.1	-72677.528	-72584.013	0.129	-117077.773	-117556.892	0.409	190402.951	190371.666	0.016
59883.2	-127938.368	-127909.929	0.022	-51661.547	-52221.757	1.084	190353.682	190371.666	0.009
59883.3	-134090.529	-134119.631	0.022	33807.780	33166.043	1.898	190354.095	190371.666	0.009
59883.4	-88662.173	-88828.652	0.188	106367.053	105818.393	0.516	190338.458	190371.666	0.017
59883.5	-9186.158	-9428.303	2.636	138275.757	137837.473	0.317	190322.832	190371.666	0.026
59883.6	73827.182	73592.425	0.318	117201.949	116928.255	0.234	190339.666	190371.666	0.017
59883.7	128470.873	128354.353	0.091	51234.004	51119.683	0.223	190290.446	190371.666	0.043
59883.8	133676.366	133829.412	0.114	-34221.971	-34318.368	0.282	190273.466	190371.666	0.052
59883.9	87525.768	87915.231	0.445	-106388.749	-106578.487	0.178	190272.539	190371.666	0.052
59884.0	7725.014	8242.426	6.698	-137437.787	-137913.466	0.346	190271.620	190371.666	0.053
59884.1	-75034.492	-75011.897	0.030	-115473.926	-115974.184	0.433	190238.222	190272.478	0.018
59884.2	-128958.794	-128939.177	0.015	-48953.856	-49512.470	1.141	190205.347	190272.478	0.035
59884.3	-133266.748	-133355.022	0.066	36516.909	35961.568	1.521	190222.138	190272.478	0.026
59884.4	-86389.147	-86563.788	0.202	108238.246	107626.701	0.565	190190.121	190272.478	0.043
59884.5	-6332.055	-6532.871	3.171	138353.771	137964.190	0.282	190190.877	190272.478	0.043
59884.6	76213.661	76006.608	0.272	115588.883	115324.723	0.229	190174.926	190272.478	0.051
59884.7	129417.514	129360.261	0.044	48537.391	48401.643	0.280	190158.464	190272.478	0.060
59884.8	132884.267	133040.786	0.118	-37011.349	-37107.214	0.259	190141.474	190272.478	0.069
59884.9	85259.235	85634.897	0.441	-108073.082	-108367.249	0.272	190140.567	190272.478	0.069
59885.0	4853.782	5346.010	10.141	-137502.077	-138015.276	0.373	190139.628	190272.478	0.070
59885.1	-77388.718	-77373.366	0.020	-113835.029	-114341.584	0.445	190106.242	190140.508	0.018
59885.2	-129895.328	-129885.366	0.008	-46243.035	-46802.002	1.209	190122.530	190140.508	0.009
59885.3	-132465.336	-132522.603	0.043	39314.987	38709.111	1.541	190090.188	190140.508	0.026
59885.4	-84101.483	-84272.403	0.203	109900.250	109356.288	0.495	190090.930	190140.508	0.026
59885.5	-3417.668	-3662.390	7.160	138452.298	138011.675	0.318	190058.917	190140.508	0.043
59885.6	78532.634	78353.947	0.228	113929.348	113671.873	0.226	190059.337	190140.508	0.043
59885.7	130371.082	130283.102	0.067	45801.031	45683.137	0.257	190010.089	190140.508	0.069
59885.8	132009.868	132184.767	0.132	-39722.719	-39847.496	0.314	190025.868	190140.508	0.060
59885.9	82946.725	83328.721	0.461	-109808.250	-110077.063	0.245	190008.568	190140.508	0.069
59886.0	1990.488	2475.227	24.353	-137515.207	-138038.070	0.380	189958.495	190140.508	0.096
59886.1	-79674.052	-79699.885	0.032	-112154.629	-112666.258	0.456	189990.662	189975.772	0.008
59886.2	-130810.886	-130778.142	0.025	-43510.726	-44077.600	1.303	189974.189	189975.772	0.001
59886.3	-131560.221	-131638.819	0.060	42009.745	41436.442	1.365	189925.460	189975.772	0.026
59886.4	-81779.749	-81951.422	0.210	111614.146	111039.280	0.515	189942.596	189975.772	0.017
59886.5	-569.799	-795.448	39.602	138420.349	138004.074	0.301	189926.949	189975.772	0.026
59886.6	80912.486	80665.970	0.305	112247.912	111976.598	0.242	189943.749	189975.772	0.017
59886.7	131214.272	131152.413	0.047	43084.795	42951.158	0.310	189910.883	189975.772	0.034
59886.8	131135.046	131277.558	0.109	-42497.550	-42567.125	0.164	189893.883	189975.772	0.043
59886.9	80612.144	80993.351	0.473	-111497.214	-111740.030	0.218	189860.204	189975.772	0.061
59887.0	-865.758	-391.543	54.775	-137476.019	-138005.811	0.385	189842.909	189975.772	0.070
59887.1	-82053.035	-81991.154	0.075	-110454.359	-110946.825	0.446	189875.074	189827.412	0.025
59887.2	-131642.913	-131616.449	0.020	-40778.396	-41338.330	1.373	189825.851	189827.412	0.001
59887.3	-130642.059	-130702.262	0.046	44737.429	44143.697	1.327	189826.284	189827.412	0.001
59887.4	-79428.229	-79599.631	0.216	113248.086	112674.957	0.506	189810.643	189827.412	0.009
59887.5	2338.887	2068.512	11.560	138407.058	137940.090	0.337	189778.607	189827.412	0.026
59887.6	83191.628	82942.366	0.300	110514.671	110237.521	0.251	189779.021	189827.412	0.025
59887.7	132062.576	131967.129	0.072	40326.840	40204.778	0.303	189778.912	189827.412	0.026
59887.8	130164.520	130317.751	0.118	-45163.407	-45266.224	0.228	189761.914	189827.412	0.035
59887.9	78255.053	78627.578	0.476	-113073.600	-113355.419	0.249	189728.231	189827.412	0.052
59888.0	-3718.391	-3254.847	12.466	-137380.725	-137917.197	0.391	189710.940	189827.412	0.061
59888.1	-84298.682	-84245.315	0.063	-108696.701	-109190.010	0.454	189693.972	189711.839	0.009
59888.2	-132450.813	-132402.749	0.036	-38019.704	-38590.717	1.502	189693.908	189711.839	0.009
59888.3	-129686.198	-129718.768	0.025	47473.802	46827.049	1.362	189694.350	189711.839	0.009
59888.4	-77052.292	-77223.996	0.223	114868.269	114263.667	0.526	189662.335	189711.839	0.026
59888.5	5193.589	4924.066	5.190	138295.008	137824.108	0.341	189630.293	189711.839	0.043
59888.6	85466.944	85181.333	0.334	108743.723	108461.384	0.260	189630.687	189711.839	0.043
59888.7	132798.946	132729.767	0.052	37587.491	37450.504	0.364	189630.574	189711.839	0.043
59888.8	129173.023	129311.214	0.107	-47865.610	-47941.018	0.158	189629.956	189711.839	0.043
59888.9	75856.728	76238.367	0.503	-114699.588	-114923.638	0.195	189596.271	189711.839	0.061
59889.0	-6608.299	-6109.298	7.551	-137280.182	-137776.659	0.362	189578.998	189711.839	0.070
59889.1	-86571.476	-86493.936	0.090	-106912.807	-107403.816	0.459	189562.043	189596.297	0.018
59889.2	-133207.390	-133167.262	0.030	-35254.586	-35822.631	1.611	189545.614	189596.297	0.027
59889.3	-128667.496	-128705.608	0.030	50157.386	49514.109	1.283	189529.676	189596.297	0.035
59889.4	-74646.263	-74822.207	0.236	116440.450	115837.895	0.517	189514.040	189596.297	0.043
59889.5	8065.480	7792.220	3.388	138151.576	137681.015	0.341	189514.765	189596.297	0.043
59889.6	87671.903	87414.508	0.294	106932.539	106655.916	0.259	189498.770	189596.297	0.051
59889.7	133568.209	133470.444	0.073	34791.197	34675.945	0.331	189465.870	189596.297	0.069
59889.8	128132.731	128274.981	0.111	-50544.141	-50619.264	0.149	189448.867	189596.297	0.078
59889.9	73432.322	73823.127	0.532	-116310.806	-116477.150	0.143	189447.967	189596.297	0.078
59890.0	-9516.360	-8976.116	5.677	-137146.610	-137608.902	0.337	189447.077	189596.297	0.079
59890.1	-88741.949	-88770.502	0.032	-105079.948	-105583.931	0.480	189413.761	189431.617	0.009
59890.2	-133937.852	-133934.505	0.002	-32461.213	-33010.857	1.693	189397.336	189431.617	0.018
59890.3	-127598.541	-127668.914	0.055	52818.055	52238.077	1.098	189381.403	189431.617	0.027
59890.4	-72217.092	-72379.657	0.225	117965.214	117428.078	0.455	189382.157	189431.617	0.026
59890.5	10929.510	10702.710	2.075	137954.789	137526.799	0.310	189350.110	189431.617	0.043
59890.6	89904.428	89675.337	0.255	105088.404	104816.517	0.259	189350.487	189431.617	0.043
59890.7	134257.572	134213.475	0.033	32006.108	31857.676	0.464	189333.969	189431.617	0.052
59890.8	127058.026	127214.897	0.123	-53227.943	-53334.215	0.200	189316.957	189431.617	0.061
59890.9	70993.392	71366.990	0.526	-117775.865	-118046.267	0.230	189316.056	189431.617	0.061
59891.0	-12345.602	-11885.171	3.730	-136890.955	-137429.659	0.394	189266.028	189431.617	0.087
59891.1	-90939.424	-90878.832	0.067	-103216.191	-103709.610	0.478	189281.878	189299.732	0.009
59891.2	-134613.566	-134533.741	0.059	-29656.865	-30254.219	2.014	189249.072	189299.732	0.027
59891.3	-126483.635	-126528.955	0.036	55453.206	54818.508	1.145	189216.775	189299.732	0.044
59891.4	-69761.755	-69938.236	0.253	119441.597	118841.442	0.502	189217.530	189299.732	0.043
59891.5	13810.402	13508.110	2.189	137725.499	137230.377	0.359	189218.241	189299.732	0.043
59891.6	92033.521	91767.468	0.289	103197.793	102924.133	0.265	189218.607	189299.732	0.043
59891.7	134891.651	134788.979	0.076	29209.577	29095.986	0.389	189169.314	189299.732	0.069
59891.8	125907.568	126052.785	0.115	-55827.326	-55904.746	0.139	189168.684	189299.732	0.069
59891.9	68527.315	68913.504	0.564	-119225.135	-119438.580	0.179	189151.403	189299.732	0.078
59892.0	-15236.197	-14687.918	3.599	-136650.514	-137109.119	0.336	189134.152	189299.732	0.088
59892.1	-93065.904	-93078.557	0.014	-101308.630	-101813.990	0.499	189150.011	189167.867	0.009
59892.2	-135238.543	-135194.276	0.033	-26849.643	-27426.524	2.149	189100.841	189167.867	0.035
59892.3	-125347.883	-125396.660	0.039	58123.001	57492.471	1.085	189101.314	189167.867	0.035
59892.4	-67280.997	-67447.902	0.248	120869.182	120334.895	0.442	189102.062	189167.867	0.035
59892.5	16659.244	16400.219	1.555	137419.262	136969.848	0.327	189053.617	189167.867	0.060
59892.6	94188.714	93950.809	0.253	101277.641	101009.663	0.265	189053.977	189167.867	0.060
59892.7	135527.699	135425.169	0.076	26370.979	26262.714	0.411	189037.441	189167.867	0.069
59892.8	124738.799	124897.533	0.127	-58459.707	-58568.871	0.187	189036.817	189167.867	0.069
59892.9	66038.380	66410.416	0.563	-120625.675	-120910.558	0.236	189035.919	189167.867	0.070
59893.0	-18069.973	-17577.679	2.724	-136311.111	-136823.725	0.376	188985.906	189167.867	0.096
59893.1	-95185.482	-95207.198	0.023	-99369.697	-99870.641	0.504	188969.010	189003.241	0.018
59893.2	-135780.775	-135769.252	0.008	-24050.225	-24602.144	2.295	188952.622	189003.241	0.027
59893.3	-124139.907	-124197.186	0.046	60706.406	60113.345	0.977	188953.106	189003.241	0.027
59893.4	-64779.958	-64934.565	0.239	122248.606	121745.873	0.411	188937.462	189003.241	0.035
59893.5	19494.888	19262.320	1.193	137063.492	136629.127	0.317	188921.782	189003.241	0.043
59893.6	96271.661	96062.655	0.217	99319.519	99048.077	0.273	188889.362	189003.241	0.060
59893.7	136027.554	135975.831	0.038	23579.455	23433.494	0.619	188889.203	189003.241	0.060
59893.8	123520.669	123675.562	0.125	-61066.677	-61179.331	0.184	188855.803	189003.241	0.078
59893.9	63518.032	63885.037	0.578	-122008.661	-122299.867	0.239	188838.517	189003.241	0.087
59894.0	-20891.175	-20436.744	2.175	-135920.933	-136458.400	0.395	188837.674	189003.241	0.088
59894.1	-97298.050	-97230.327	0.070	-97396.288	-97889.839	0.507	188820.786	188838.630	0.009
59894.2	-136242.192	-136236.909	0.004	-21262.836	-21809.668	2.572	188788.028	188838.630	0.027
59894.3	-122882.202	-122929.796	0.039	63264.534	62645.211	0.979	188755.744	188838.630	0.044
59894.4	-62245.298	-62418.792	0.279	123643.738	123044.917	0.484	188772.878	188838.630	0.035
59894.5	22345.685	22060.442	1.277	136674.950	136196.527	0.350	188773.564	188838.630	0.034
59894.6	98347.354	98068.673	0.283	97327.941	97049.948	0.286	188741.138	188838.630	0.052
59894.7	136555.479	136419.453	0.100	20727.559	20637.099	0.436	188724.575	188838.630	0.060
59894.8	122265.511	122386.442	0.099	-63677.965	-63700.203	0.035	188707.558	188838.630	0.069
59894.9	60962.917	61358.184	0.648	-123406.536	-123577.224	0.138	188690.281	188838.630	0.079
59895.0	-23752.363	-23231.041	2.195	-135518.668	-136001.749	0.356	188673.056	188838.630	0.088
59895.1	-99370.566	-99278.303	0.093	-95383.825	-95882.799	0.523	188656.177	188690.413	0.018
59895.2	-136758.897	-136709.184	0.036	-18397.087	-18981.352	3.176	188639.807	188690.413	0.027
59895.3	-121588.661	-121645.019	0.046	65826.461	65208.756	0.938	188623.914	188690.413	0.035
59895.4	-59679.988	-59870.308	0.319	124987.248	124359.314	0.502	188591.892	188690.413	0.052
59895.5	25211.726	24894.041	1.260	136252.652	135757.060	0.364	188592.574	188690.413	0.052
59895.6	100350.190	100099.311	0.250	95292.954	95025.368	0.281	188592.901	188690.413	0.052
59895.7	136977.638	136867.384	0.080	17911.018	17804.825	0.593	188576.347	188690.413	0.060
59895.8	120926.712	121079.665	0.126	-66170.442	-66252.603	0.124	188559.307	188690.413	0.070
59895.9	58387.497	58798.489	0.704	-124720.986	-124869.653	0.119	188542.034	188690.413	0.079
59896.0	-26601.953	-26060.756	2.034	-135063.043	-135537.927	0.352	188508.437	188690.413	0.097
59896.1	-101303.926	-101318.726	0.015	-93335.575	-93833.591	0.534	188507.959	188509.412	0.001
59896.2	-137169.875	-137150.510	0.014	-15566.889	-16123.414	3.575	188458.834	188509.412	0.027
59896.3	-120264.263	-120317.785	0.045	68389.789	67778.003	0.895	188459.324	188509.412	0.027
59896.4	-57117.014	-57284.157	0.293	126219.498	125653.302	0.449	188443.686	188509.412	0.035
59896.5	27986.944	27746.049	0.861	135718.553	135278.911	0.324	188427.971	188509.412	0.043
59896.6	102344.392	102122.033	0.217	93233.257	92958.686	0.294	188428.296	188509.412	0.043
59896.7	137369.170	137284.114	0.062	15066.000	14943.197	0.815	188411.712	188509.412	0.052
59896.8	119571.829	119730.381	0.133	-68693.320	-68810.340	0.170	188394.685	188509.412	0.061
59896.9	55825.067	56201.304	0.674	-125892.661	-126141.351	0.198	188377.413	188509.412	0.070
59897.0	-29436.579	-28908.546	1.794	-134557.636	-135035.265	0.355	188360.208	188509.412	0.079
59897.1	-103294.358	-103317.690	0.023	-91255.184	-91754.880	0.548	188343.351	188361.188	0.009
59897.2	-137553.053	-137540.956	0.009	-12712.581	-13266.064	4.354	188343.387	188361.188	0.009
59897.3	-118872.289	-118949.784	0.065	70862.918	70316.796	0.771	188294.734	188361.188	0.035
59897.4	-54533.310	-54683.011	0.275	127401.712	126898.666	0.395	188311.856	188361.188	0.026
59897.5	30826.231	30581.527	0.794	135193.071	134752.637	0.326	188246.982	188361.188	0.061
59897.6	104330.126	104103.044	0.218	91131.600	90862.859	0.295	188247.285	188361.188	0.061
59897.7	137711.650	137649.969	0.045	12224.604	12082.595	1.162	188263.480	188361.188	0.052
59897.8	118190.612	118340.595	0.127	-71249.930	-71337.273	0.123	188230.053	188361.188	0.070
59897.9	53211.844	53589.543	0.710	-127107.341	-127364.296	0.202	188212.777	188361.188	0.079
59898.0	-32207.465	-31739.392	1.453	-133957.625	-134484.624	0.393	188211.968	188361.188	0.079
59898.1	-105275.845	-105209.482	0.063	-89140.303	-89637.251	0.557	188162.356	188180.186	0.009
59898.2	-137857.000	-137821.876	0.025	-9875.873	-10440.411	5.716	188146.026	188180.186	0.018
59898.3	-117456.886	-117511.962	0.047	73368.750	72765.448	0.822	188146.520	188180.186	0.018
59898.4	-51909.527	-52078.556	0.326	128595.925	128030.058	0.440	188130.868	188180.186	0.026
59898.5	33624.230	33352.527	0.808	134597.546	134132.325	0.346	188098.761	188180.186	0.043
59898.6	106241.054	105976.553	0.249	89003.759	88729.037	0.309	188115.441	188180.186	0.034
59898.7	137997.058	137906.576	0.066	9376.089	9254.630	1.295	188082.459	188180.186	0.052
59898.8	116743.116	116881.766	0.119	-73714.833	-73773.468	0.080	188065.420	188180.186	0.061
59898.9	50593.715	50975.454	0.755	-128241.549	-128473.246	0.181	188031.764	188180.186	0.079
59899.0	-35012.652	-34504.955	1.450	-133350.086	-133840.502	0.368	188014.588	188180.186	0.088
59899.1	-107182.381	-107157.316	0.023	-86993.015	-87488.484	0.570	187997.746	188015.568	0.009
59899.2	-138131.396	-138129.734	0.001	-7014.470	-7556.580	7.728	187997.803	188015.568	0.009
59899.3	-116006.022	-116061.628	0.048	75876.256	75276.980	0.790	187965.540	188015.568	0.027
59899.4	-49270.612	-49426.945	0.317	129740.862	129204.885	0.413	187949.888	188015.568	0.035
59899.5	36434.141	36187.221	0.678	133969.523	133519.325	0.336	187950.540	188015.568	0.035
59899.6	108142.367	107905.834	0.219	86838.685	86563.596	0.317	187918.051	188015.568	0.052
59899.7	138256.180	138189.618	0.048	6508.075	6368.258	2.148	187917.829	188015.568	0.052
59899.8	115255.731	115409.884	0.134	-76147.980	-76272.432	0.163	187884.411	188015.568	0.070
59899.9	47936.137	48313.836	0.788	-129387.000	-129625.223	0.184	187883.522	188015.568	0.070
59900.0	-37833.458	-37334.272	1.319	-132704.068	-133203.143	0.376	187866.345	188015.568	0.079
59900.1	-109046.284	-108997.066	0.045	-84812.804	-85311.692	0.588	187816.756	187850.960	0.018
59900.2	-138380.286	-138333.746	0.034	-4134.664	-4713.785	14.006	187833.206	187850.960	0.009
59900.3	-114491.531	-114551.565	0.052	78290.720	77694.170	0.762	187817.330	187850.960	0.018
59900.4	-46624.828	-46782.656	0.339	130804.331	130268.293	0.410	187785.294	187850.960	0.035
59900.5	39175.433	38950.354	0.575	133251.732	132820.612	0.324	187769.549	187850.960	0.043
59900.6	109968.107	109726.793	0.219	84644.101	84371.061	0.323	187753.439	187850.960	0.052
59900.7	138438.168	138369.172	0.050	3662.506	3523.814	3.787	187736.828	187850.960	0.061
59900.8	113727.931	113879.086	0.133	-78583.237	-78676.546	0.119	187736.161	187850.960	0.061
59900.9	45275.472	45660.499	0.850	-130451.855	-130665.849	0.164	187702.524	187850.960	0.079
59901.0	-40553.276	-40091.293	1.139	-131956.854	-132480.691	0.397	187701.740	187850.960	0.079
59901.1	-110834.652	-110793.833	0.037	-82608.109	-83103.708	0.600	187684.934	187702.741	0.009
59901.2	-138523.861	-138484.651	0.028	-1294.547	-1871.112	44.538	187635.851	187702.741	0.036
59901.3	-112944.834	-112998.662	0.048	80704.924	80079.974	0.774	187636.361	187702.741	0.035
59901.4	-43941.195	-44122.245	0.412	131879.177	131281.100	0.454	187620.712	187702.741	0.044
59901.5	41979.797	41696.700	0.674	132541.101	132071.514	0.354	187604.959	187702.741	0.052
59901.6	111750.473	111504.503	0.220	82416.604	82147.705	0.326	187588.830	187702.741	0.061
59901.7	138618.972	138495.622	0.089	777.465	679.947	12.543	187555.837	187702.741	0.078
59901.8	112152.319	112305.720	0.137	-80954.006	-81048.904	0.117	187555.160	187702.741	0.079
59901.9	42606.446	42991.475	0.904	-131433.658	-131655.736	0.169	187537.910	187702.741	0.088
59902.0	-43310.515	-42831.095	1.107	-131195.636	-131707.999	0.391	187504.374	187702.741	0.106
59902.1	-112612.169	-112612.588	0.000	-80367.105	-80861.112	0.615	187487.579	187521.764	0.018
59902.2	-138667.443	-138632.929	0.025	1583.373	1012.483	36.055	187471.279	187521.764	0.027
59902.3	-111349.017	-111419.526	0.063	83055.163	82497.294	0.672	187471.794	187521.764	0.027
59902.4	-41229.782	-41422.069	0.466	132933.755	132303.917	0.474	187456.144	187521.764	0.035
59902.5	44740.005	44481.075	0.579	131761.458	131307.076	0.345	187407.614	187521.764	0.061
59902.6	113522.234	113303.902	0.192	80162.771	79889.549	0.341	187407.863	187521.764	0.061
59902.7	138691.497	138619.093	0.052	-2070.114	-2204.816	6.507	187407.621	187521.764	0.061
59902.8	110554.087	110705.852	0.137	-83355.028	-83452.553	0.117	187390.571	187521.764	0.070
59902.9	39901.444	40282.601	0.955	-132426.605	-132655.291	0.173	187373.323	187521.764	0.079
59903.0	-46105.201	-45608.791	1.077	-130419.576	-130919.641	0.383	187356.180	187521.764	0.088
59903.1	-114443.902	-114354.529	0.078	-78089.366	-78587.468	0.638	187323.012	187340.799	0.009
59903.2	-138707.418	-138700.850	0.005	4418.169	3875.908	12.273	187323.110	187340.799	0.009
59903.3	-109728.588	-109787.345	0.054	85436.241	84850.972	0.685	187290.866	187340.799	0.027
59903.4	-38546.690	-38716.528	0.441	133813.425	133244.058	0.425	187275.199	187340.799	0.035
59903.5	47510.687	47221.072	0.610	130948.080	130472.675	0.363	187243.056	187340.799	0.052
59903.6	115217.333	115026.224	0.166	77881.582	77601.007	0.360	187243.301	187340.799	0.052
59903.7	138761.647	138662.383	0.072	-4956.967	-5068.719	2.254	187243.043	187340.799	0.052
59903.8	108905.468	109053.488	0.136	-85691.520	-85792.105	0.117	187193.232	187340.799	0.079
59903.9	37193.837	37569.075	1.009	-133337.741	-133572.127	0.176	187175.990	187340.799	0.088
59904.0	-48798.866	-48341.511	0.937	-129540.165	-130061.704	0.403	187175.241	187340.799	0.088
59904.1	-116068.053	-116085.287	0.015	-75795.115	-76286.847	0.649	187158.470	187159.868	0.001
59904.2	-138792.621	-138743.840	0.035	7337.509	6754.542	7.945	187125.811	187159.868	0.018
59904.3	-108065.181	-108126.059	0.056	87784.729	87202.250	0.664	187142.724	187159.868	0.009
59904.4	-35820.534	-35988.884	0.470	134736.498	134165.111	0.424	187077.916	187159.868	0.044
59904.5	50177.094	49967.684	0.417	130036.587	129609.828	0.328	187078.527	187159.868	0.043
59904.6	116933.248	116737.130	0.168	75564.866	75285.585	0.370	187062.380	187159.868	0.052
59904.7	138760.353	138680.613	0.057	-7812.444	-7947.617	1.730	187045.744	187159.868	0.061
59904.8	107221.722	107372.040	0.140	-88026.708	-88129.008	0.116	187028.687	187159.868	0.070
59904.9	34456.887	34833.610	1.093	-134226.314	-134469.686	0.181	186995.060	187159.868	0.088
59905.0	-51584.001	-51080.600	0.976	-128681.632	-129175.266	0.384	186977.951	187159.868	0.097
59905.1	-117778.653	-117738.540	0.034	-73465.044	-73957.919	0.671	186944.815	186995.345	0.027
59905.2	-138750.495	-138707.527	0.031	10189.545	9610.383	5.684	186928.540	186995.345	0.036
59905.3	-106361.671	-106414.124	0.049	90099.525	89488.389	0.678	186929.084	186995.345	0.035
59905.4	-33089.852	-33258.695	0.510	135576.446	135003.692	0.422	186897.036	186995.345	0.053
59905.5	52908.204	52667.761	0.454	129126.771	128678.843	0.347	186881.260	186995.345	0.061
59905.6	118571.693	118370.291	0.170	73222.484	72942.524	0.382	186881.485	186995.345	0.061
59905.7	138701.807	138619.739	0.059	-10669.232	-10803.040	1.254	186864.842	186995.345	0.070
59905.8	105506.005	105640.506	0.127	-90359.514	-90400.338	0.045	186847.794	186995.345	0.079
59905.9	31702.951	32096.309	1.241	-135097.585	-135284.754	0.139	186830.569	186995.345	0.088
59906.0	-54264.455	-53772.570	0.906	-127724.295	-128221.092	0.389	186797.075	186995.345	0.106
59906.1	-119411.648	-119379.757	0.027	-71109.031	-71600.528	0.691	186780.337	186814.472	0.018
59906.2	-138662.571	-138644.720	0.013	13030.414	12482.132	4.208	186764.084	186814.472	0.027
59906.3	-104624.247	-104671.410	0.045	92412.395	91771.770	0.693	186748.236	186814.472	0.035
59906.4	-30306.968	-30505.260	0.654	136455.028	135821.909	0.464	186732.572	186814.472	0.044
59906.5	55621.795	55374.624	0.444	128163.207	127717.708	0.348	186716.778	186814.472	0.052
59906.6	120230.371	119991.171	0.199	70846.897	70571.104	0.389	186700.623	186814.472	0.061
59906.7	138594.586	138532.234	0.045	-13517.405	-13674.142	1.160	186683.979	186814.472	0.070
59906.8	103742.414	103878.217	0.131	-92625.862	-92668.646	0.046	186666.924	186814.472	0.079
59906.9	28958.699	29335.938	1.303	-135855.135	-136079.259	0.165	186633.319	186814.472	0.097
59907.0	-56982.476	-56471.065	0.897	-126748.425	-127236.711	0.385	186599.836	186814.472	0.115
59907.1	-121032.282	-120976.159	0.046	-68723.861	-69218.795	0.720	186583.121	186617.245	0.018
59907.2	-138567.310	-138531.360	0.026	15914.440	15347.146	3.565	186583.261	186617.245	0.018
59907.3	-102836.563	-102891.817	0.054	94626.004	94019.926	0.640	186551.031	186617.245	0.035
59907.4	-27559.396	-27742.781	0.665	137195.920	136589.936	0.442	186568.140	186617.245	0.026
59907.5	58279.242	58059.223	0.378	127148.020	126710.691	0.344	186519.577	186617.245	0.052
59907.6	121810.941	121567.030	0.200	68447.350	68175.728	0.397	186503.394	186617.245	0.061
59907.7	138502.430	138394.236	0.078	-16431.947	-16538.076	0.646	186486.742	186617.245	0.070
59907.8	101935.403	102079.353	0.141	-94824.516	-94901.413	0.081	186453.305	186617.245	0.088
59907.9	26195.401	26566.956	1.418	-136593.855	-136823.497	0.168	186452.485	186617.245	0.088
59908.0	-59648.030	-59146.904	0.840	-125713.292	-126206.641	0.392	186402.623	186617.245	0.115
59908.1	-122542.170	-122527.226	0.012	-66319.090	-66811.428	0.742	186418.680	186436.422	0.010
59908.2	-138396.831	-138366.266	0.022	18769.734	18206.161	3.003	186418.836	186436.422	0.009
59908.3	-101018.422	-101073.958	0.055	96836.359	96232.754	0.623	186370.231	186436.422	0.036
59908.4	-24799.074	-24970.197	0.690	137884.559	137306.872	0.419	186370.946	186436.422	0.035
59908.5	60945.841	60721.886	0.367	126097.259	125656.439	0.350	186355.148	186436.422	0.044
59908.6	123314.732	123097.333	0.176	66034.353	65755.110	0.423	186322.575	186436.422	0.061
59908.7	138316.029	138204.559	0.081	-19289.937	-19395.564	0.548	186322.300	186436.422	0.061
59908.8	100097.863	100242.529	0.145	-97019.460	-97098.524	0.081	186288.853	186436.422	0.079
59908.9	23418.953	23788.308	1.577	-137279.603	-137516.560	0.173	186271.650	186436.422	0.088
59909.0	-62290.360	-61800.401	0.787	-124633.160	-125129.527	0.398	186238.189	186436.422	0.106
59909.1	-124136.525	-124032.720	0.084	-63872.547	-64379.387	0.794	186237.873	186222.835	0.008
59909.2	-138194.598	-138149.813	0.032	21644.767	21058.263	2.710	186205.253	186222.835	0.009
59909.3	-99164.884	-99218.672	0.054	99010.800	98409.737	0.607	186189.435	186222.835	0.018
59909.4	-22032.239	-22188.491	0.709	138523.738	137972.795	0.398	186190.142	186222.835	0.018
59909.5	63590.787	63361.862	0.360	124998.075	124555.593	0.354	186141.562	186222.835	0.044
59909.6	124836.566	124581.855	0.204	63581.239	63310.210	0.426	186141.747	186222.835	0.044
59909.7	138076.896	137963.583	0.082	-22141.996	-22245.699	0.468	186092.312	186222.835	0.070
59909.8	98221.514	98368.588	0.150	-99145.403	-99259.469	0.115	186091.637	186222.835	0.071
59909.9	20621.371	21000.978	1.841	-137944.798	-138158.533	0.155	186074.436	186222.835	0.080
59910.0	-64940.371	-64430.811	0.785	-123518.478	-124006.015	0.395	186073.748	186222.835	0.080
59910.1	-125555.352	-125492.353	0.050	-61421.494	-61923.288	0.817	186040.670	186074.781	0.018
59910.2	-137922.997	-137882.128	0.030	24484.377	23902.783	2.375	185991.681	186074.781	0.045
59910.3	-97270.566	-97326.459	0.057	101149.591	100550.409	0.592	186008.624	186074.781	0.036
59910.4	-19212.419	-19398.341	0.968	139199.810	138587.621	0.440	185976.572	186074.781	0.053
59910.5	66241.684	65978.558	0.397	123867.785	123408.485	0.371	185977.127	186074.781	0.053
59910.6	126280.969	126020.309	0.206	61114.340	60841.648	0.446	185960.921	186074.781	0.061
59910.7	137764.800	137671.442	0.068	-24961.564	-25087.812	0.506	185911.472	186074.781	0.088
59910.8	96316.249	96458.032	0.147	-101299.838	-101383.787	0.083	185910.797	186074.781	0.088
59910.9	17813.225	18205.642	2.203	-138557.417	-138749.339	0.139	185893.596	186074.781	0.097
59911.0	-67536.946	-67037.544	0.739	-122344.170	-122836.444	0.402	185843.764	186074.781	0.124
59911.1	-126993.163	-126970.324	0.018	-58938.267	-59431.836	0.837	185827.084	185877.571	0.027
59911.2	-137623.835	-137608.432	0.011	27338.860	26786.673	2.020	185810.871	185877.571	0.036
59911.3	-95350.283	-95406.192	0.059	103316.565	102719.350	0.578	185778.661	185877.571	0.053
59911.4	-16411.460	-16568.868	0.959	139764.650	139208.760	0.398	185779.364	185877.571	0.053
59911.5	68838.175	68630.745	0.301	122680.053	122243.311	0.356	185779.922	185877.571	0.053
59911.6	127678.773	127476.796	0.158	58622.697	58337.576	0.486	185763.700	185877.571	0.061
59911.7	137447.112	137372.952	0.054	-27819.780	-27969.241	0.537	185714.244	185877.571	0.088
59911.8	94373.574	94519.182	0.154	-103384.446	-103536.132	0.147	185729.955	185877.571	0.079
59911.9	14999.040	15370.932	2.479	-139119.574	-139346.119	0.163	185679.984	185877.571	0.106
59912.0	-70137.856	-69679.612	0.653	-121140.856	-121648.502	0.419	185679.318	185877.571	0.107
59912.1	-128321.319	-128305.539	0.012	-56449.232	-56937.184	0.864	185646.267	185680.352	0.018
59912.2	-137231.195	-137217.502	0.010	30134.818	29589.040	1.811	185630.059	185680.352	0.027
59912.3	-93389.655	-93439.231	0.053	105381.174	104753.350	0.596	185614.238	185680.352	0.036
59912.4	-13572.617	-13781.171	1.537	140336.366	139693.356	0.458	185582.163	185680.352	0.053
59912.5	71441.362	71168.730	0.382	121457.631	120992.422	0.383	185582.708	185680.352	0.053
59912.6	129062.419	128790.505	0.211	56103.115	55831.532	0.484	185550.096	185680.352	0.070
59912.7	137057.144	136957.934	0.072	-30643.900	-30768.143	0.405	185549.786	185680.352	0.070
59912.8	92398.102	92534.800	0.148	-105464.246	-105553.139	0.084	185516.343	185680.352	0.088
59912.9	12198.836	12579.169	3.118	-139604.761	-139806.719	0.145	185499.152	185680.352	0.098
59913.0	-72714.182	-72206.744	0.698	-119891.961	-120375.830	0.404	185498.489	185680.352	0.098
59913.1	-129699.041	-129690.632	0.006	-53917.139	-54401.320	0.898	185449.070	185483.141	0.018
59913.2	-136853.267	-136842.594	0.008	32994.810	32454.094	1.639	185416.485	185483.141	0.036
59913.3	-91396.139	-91448.282	0.057	107473.860	106847.440	0.583	185400.659	185483.141	0.044
59913.4	-10799.012	-10938.687	1.293	140747.286	140212.370	0.380	185384.973	185483.141	0.053
59913.5	73988.448	73771.261	0.294	120179.800	119737.065	0.368	185401.889	185483.141	0.044
59913.6	130335.911	130153.736	0.140	53578.368	53283.849	0.550	185369.268	185483.141	0.061
59913.7	136639.261	136558.397	0.059	-33481.752	-33629.866	0.442	185336.185	185483.141	0.079
59913.8	90386.704	90525.913	0.154	-107538.979	-107630.027	0.085	185319.118	185483.141	0.089
59913.9	9370.204	9732.327	3.865	-140063.202	-140301.267	0.170	185301.930	185483.141	0.098
59914.0	-75295.208	-74798.381	0.660	-118611.468	-119098.135	0.410	185268.520	185483.141	0.116
59914.1	-131027.493	-130964.866	0.048	-51354.475	-51858.369	0.981	185251.865	185285.936	0.018
59914.2	-136381.703	-136373.935	0.006	35795.326	35259.558	1.497	185235.686	185285.936	0.027
59914.3	-89366.838	-89416.691	0.056	109430.293	108838.145	0.541	185219.872	185285.936	0.036
59914.4	-7967.273	-8124.276	1.971	141190.348	140623.905	0.401	185220.561	185285.936	0.035
59914.5	76601.430	76287.785	0.409	118893.562	118411.403	0.406	185188.320	185285.936	0.053
59914.6	131625.882	131406.051	0.167	51016.251	50730.033	0.561	185155.687	185285.936	0.070
59914.7	136128.933	136065.626	0.047	-36258.594	-36431.195	0.476	185155.366	185285.936	0.071
59914.8	88339.674	88477.276	0.156	-109509.742	-109603.185	0.085	185121.918	185285.936	0.089
59914.9	6526.278	6914.481	5.948	-140503.035	-140688.580	0.132	185088.364	185285.936	0.107
59915.0	-77789.029	-77303.410	0.624	-117263.466	-117750.878	0.416	185071.343	185285.936	0.116
59915.1	-132249.074	-132193.379	0.042	-48800.520	-49299.526	1.023	185071.094	185105.145	0.018
59915.2	-135923.599	-135858.970	0.048	38659.986	38050.926	1.575	185038.533	185105.145	0.036
59915.3	-87304.191	-87355.990	0.059	111381.204	110790.179	0.531	185022.719	185105.145	0.045
59915.4	-5111.677	-5309.129	3.863	141609.157	140987.041	0.439	185007.022	185105.145	0.053
59915.5	79034.953	78776.388	0.327	117505.466	117046.202	0.391	185007.540	185105.145	0.053
59915.6	132900.452	132612.511	0.217	48425.789	48160.717	0.547	184974.902	185105.145	0.070
59915.7	135628.958	135526.672	0.075	-39101.426	-39218.031	0.298	184941.801	185105.145	0.088
59915.8	86259.850	86399.861	0.162	-111441.658	-111537.423	0.086	184924.743	185105.145	0.098
59915.9	3723.702	4096.314	10.006	-140803.830	-141027.490	0.159	184907.569	185105.145	0.107
59916.0	-80318.810	-79780.180	0.671	-115891.360	-116364.323	0.408	184890.569	185105.145	0.116
59916.1	-133484.536	-133405.603	0.059	-46201.994	-46709.876	1.099	184873.950	184891.607	0.010
59916.2	-135354.040	-135312.694	0.031	41436.404	40857.589	1.397	184825.021	184891.607	0.036
59916.3	-85209.299	-85260.978	0.061	113358.899	112736.122	0.549	184841.974	184891.607	0.027
59916.4	-2329.288	-2469.845	6.034	141871.212	141325.042	0.385	184826.284	184891.607	0.035
59916.5	81502.395	81269.684	0.286	116098.889	115646.470	0.390	184794.024	184891.607	0.053
59916.6	134064.339	133802.417	0.195	45832.921	45560.738	0.594	184777.757	184891.607	0.062
59916.7	135063.843	134956.276	0.080	-41902.675	-42019.891	0.280	184744.663	184891.607	0.080
59916.8	84149.479	84288.190	0.165	-113432.643	-113465.275	0.029	184727.598	184891.607	0.089
59916.9	871.048	1254.229	43.991	-141141.035	-141341.057	0.142	184694.057	184891.607	0.107
59917.0	-82758.021	-82261.344	0.600	-114458.964	-114943.198	0.423	184693.451	184891.607	0.107
59917.1	-134611.397	-134571.642	0.030	-43608.053	-44104.862	1.139	184676.847	184678.107	0.001
59917.2	-134773.609	-134720.046	0.040	44253.335	43649.455	1.365	184660.684	184678.107	0.009
59917.3	-83080.931	-83137.215	0.068	115264.664	114642.789	0.540	184644.877	184678.107	0.018
59917.4	555.525	369.527	33.481	142212.903	141614.367	0.421	184612.795	184678.107	0.035
59917.5	84006.157	83734.375	0.324	114665.282	114207.356	0.399	184580.527	184678.107	0.053
59917.6	135180.935	134946.007	0.174	43222.245	42945.790	0.640	184547.873	184678.107	0.071
59917.7	134406.710	134339.637	0.050	-44640.921	-44806.556	0.371	184547.543	184678.107	0.071
59917.8	82008.667	82148.106	0.170	-115285.775	-115353.605	0.059	184514.105	184678.107	0.089
59917.9	-1990.377	-1587.528	20.240	-141422.884	-141605.951	0.129	184496.945	184678.107	0.098
59918.0	-85232.651	-84713.566	0.609	-113001.502	-113482.939	0.426	184479.971	184678.107	0.107
59918.1	-135751.532	-135687.396	0.047	-40971.027	-41473.601	1.227	184463.377	184481.001	0.010
59918.2	-134109.519	-134071.304	0.028	47001.312	46432.901	1.209	184463.624	184481.001	0.009
59918.3	-80923.620	-80973.089	0.061	117098.178	116509.604	0.503	184398.663	184481.001	0.045
59918.4	3381.243	3218.034	4.827	142427.151	141847.711	0.407	184415.729	184481.001	0.035
59918.5	86480.610	86173.462	0.355	113193.624	112717.627	0.421	184383.455	184481.001	0.053
59918.6	136250.046	136039.088	0.155	40594.387	40305.030	0.713	184367.170	184481.001	0.062
59918.7	133776.768	133666.980	0.082	-47472.029	-47584.320	0.237	184350.452	184481.001	0.071
59918.8	79833.063	79968.004	0.169	-117098.850	-117201.738	0.088	184333.400	184481.001	0.080
59918.9	-4829.566	-4437.936	8.109	-141631.144	-141814.787	0.130	184316.259	184481.001	0.089
59919.0	-87678.752	-87139.750	0.615	-111502.557	-111972.287	0.421	184299.291	184481.001	0.099
59919.1	-136844.219	-136819.441	0.018	-38317.274	-38809.406	1.284	184282.705	184283.938	0.001
59919.2	-133412.185	-133416.323	0.003	49764.524	49252.556	1.029	184250.191	184283.938	0.018
59919.3	-78733.145	-78782.587	0.063	118990.125	118401.999	0.494	184234.394	184283.938	0.027
59919.4	6228.577	6102.924	2.017	142616.837	142086.184	0.372	184218.689	184283.938	0.035
59919.5	88832.077	88644.969	0.211	111653.179	111210.606	0.396	184186.409	184283.938	0.053
59919.6	137333.496	137148.177	0.135	37928.649	37631.198	0.784	184170.110	184283.938	0.062
59919.7	133024.950	132987.770	0.028	-50179.950	-50398.238	0.435	184153.386	184283.938	0.071
59919.8	77625.925	77761.307	0.174	-118937.087	-119075.223	0.116	184136.334	184283.938	0.080
59919.9	-7674.792	-7324.770	4.561	-141784.812	-142028.438	0.172	184119.198	184283.938	0.089
59920.0	-90032.847	-89598.204	0.483	-109944.436	-110444.064	0.454	184085.864	184283.938	0.108
59920.1	-137859.709	-137810.677	0.036	-35661.641	-36160.443	1.399	184085.679	184086.894	0.001
59920.2	-132685.578	-132656.540	0.022	52539.743	51976.944	1.071	184053.169	184086.894	0.018
59920.3	-76507.908	-76563.535	0.073	120808.796	120155.672	0.541	184020.983	184086.894	0.036
59920.4	9080.158	8929.150	1.663	142753.285	142195.747	0.391	184005.271	184086.894	0.044
59920.5	91218.606	90993.125	0.247	110085.209	109633.989	0.410	183989.370	184086.894	0.053
59920.6	138338.157	138116.593	0.160	35257.660	34973.807	0.805	183956.682	184086.894	0.071
59920.7	132314.689	132204.584	0.083	-53009.719	-53115.990	0.200	183956.338	184086.894	0.071
59920.8	75387.419	75527.254	0.185	-120734.517	-120809.744	0.062	183922.898	184086.894	0.089
59920.9	-10517.229	-10151.834	3.474	-141890.411	-142113.689	0.157	183905.775	184086.894	0.098
59921.0	-92452.816	-91932.712	0.563	-108369.300	-108847.309	0.441	183888.835	184086.894	0.108
59921.1	-138825.811	-138814.842	0.008	-32986.300	-33471.390	1.471	183872.274	183889.863	0.010
59921.2	-131894.588	-131883.585	0.008	55271.272	54741.342	0.959	183872.547	183889.863	0.009
59921.3	-74261.028	-74310.266	0.066	122521.689	121933.911	0.480	183840.364	183889.863	0.027
59921.4	11928.905	11797.497	1.102	142841.765	142305.001	0.376	183808.260	183889.863	0.044
59921.5	93575.500	93375.133	0.214	108476.158	108032.305	0.409	183792.344	183889.863	0.053
59921.6	139265.286	139097.593	0.120	32585.585	32276.216	0.949	183776.040	183889.863	0.062
59921.7	131484.419	131407.880	0.058	-55714.086	-55873.637	0.286	183759.299	183889.863	0.071
59921.8	73126.196	73258.774	0.181	-122425.666	-122568.538	0.117	183742.251	183889.863	0.080
59921.9	-13382.521	-13021.015	2.701	-141968.746	-142198.268	0.162	183708.742	183889.863	0.099
59922.0	-94778.892	-94300.856	0.504	-106739.208	-107225.197	0.455	183675.435	183889.863	0.117
59922.1	-139775.533	-139738.758	0.026	-30286.573	-30775.400	1.614	183642.504	183692.833	0.027
59922.2	-131070.784	-131041.700	0.022	58016.148	57464.063	0.952	183659.162	183692.833	0.018
59922.3	-71985.358	-72025.858	0.056	124160.740	123637.865	0.421	183610.593	183692.833	0.045
59922.4	14799.026	14647.239	1.026	142904.292	142335.885	0.398	183611.257	183692.833	0.044
59922.5	95933.799	95695.933	0.248	106835.511	106378.260	0.428	183578.945	183692.833	0.062
59922.6	140202.912	139998.286	0.146	29869.289	29572.380	0.994	183546.242	183692.833	0.080
59922.7	130625.478	130542.610	0.063	-58428.753	-58589.017	0.274	183545.886	183692.833	0.080
59922.8	70837.398	70959.794	0.173	-124075.537	-124252.780	0.143	183512.455	183692.833	0.098
59922.9	-16222.354	-15870.917	2.166	-141974.469	-142204.641	0.162	183511.723	183692.833	0.099
59923.0	-97107.415	-96607.344	0.515	-105071.696	-105551.252	0.456	183494.799	183692.833	0.108
59923.1	-140676.722	-140646.691	0.021	-27571.406	-28057.100	1.762	183445.506	183479.435	0.018
59923.2	-130180.856	-130173.757	0.005	60717.315	60195.394	0.860	183429.392	183479.435	0.027
59923.3	-69666.271	-69715.321	0.070	125921.562	125333.421	0.467	183413.596	183479.435	0.036
59923.4	17670.123	17513.145	0.888	142914.532	142344.590	0.399	183365.100	183479.435	0.062
59923.5	98229.485	98016.727	0.217	105147.547	104696.770	0.429	183381.933	183479.435	0.053
59923.6	141033.969	140882.805	0.107	27169.243	26846.372	1.188	183349.225	183479.435	0.071
59923.7	129720.964	129651.206	0.054	-61125.304	-61312.782	0.307	183348.865	183479.435	0.071
59923.8	68509.268	68634.759	0.183	-125781.347	-125928.401	0.117	183315.429	183479.435	0.089
59923.9	-19061.709	-18736.792	1.705	-141928.708	-142188.695	0.183	183281.934	183479.435	0.108
59924.0	-99371.985	-98913.590	0.461	-103361.867	-103849.863	0.472	183248.640	183479.435	0.126
59924.1	-141497.967	-141446.725	0.036	-24852.126	-25352.373	2.013	183232.115	183266.043	0.019
59924.2	-129245.671	-129226.628	0.015	63400.096	62852.188	0.864	183248.781	183266.043	0.009
59924.3	-67333.276	-67384.717	0.076	127543.426	126922.097	0.487	183232.993	183266.043	0.018
59924.4	20491.736	20332.294	0.778	142829.294	142255.112	0.402	183200.874	183266.043	0.036
59924.5	100461.651	100241.894	0.219	103414.627	102963.496	0.436	183152.156	183266.043	0.062
59924.6	141876.055	141659.547	0.153	24428.207	24134.864	1.201	183135.825	183266.043	0.071
59924.7	128767.747	128681.262	0.067	-63805.020	-63961.331	0.245	183151.840	183266.043	0.062
59924.8	66154.225	66290.578	0.206	-127412.079	-127496.973	0.067	183118.398	183266.043	0.081
59924.9	-21919.801	-21555.066	1.664	-141857.750	-142074.973	0.153	183101.304	183266.043	0.090
59925.0	-101604.994	-101123.767	0.474	-101613.182	-102097.515	0.477	183068.017	183266.043	0.108
59925.1	-142272.644	-142229.128	0.031	-22123.777	-22623.033	2.257	183051.504	183069.039	0.010
59925.2	-128284.574	-128250.751	0.026	66090.992	65518.480	0.866	183035.415	183069.039	0.018
59925.3	-64971.304	-65025.288	0.083	129123.111	128501.511	0.481	183019.621	183069.039	0.027
59925.4	23335.632	23169.276	0.713	142715.438	142141.166	0.402	182987.489	183069.039	0.045
59925.5	102726.254	102467.056	0.252	101656.406	101199.946	0.449	182987.919	183069.039	0.044
59925.6	142668.231	142418.446	0.175	21671.754	21398.895	1.259	182955.190	183069.039	0.062
59925.7	127764.428	127682.488	0.064	-66468.010	-66619.131	0.227	182922.039	183069.039	0.080
59925.8	63775.593	63917.652	0.223	-129000.850	-129056.035	0.043	182904.997	183069.039	0.090
59925.9	-24751.886	-24390.964	1.458	-141713.189	-141936.632	0.158	182904.292	183069.039	0.090
59926.0	-103837.970	-103333.678	0.486	-99833.363	-100314.892	0.482	182871.018	183069.039	0.108
59926.1	-143028.105	-142990.359	0.026	-19368.421	-19862.892	2.553	182854.511	182872.029	0.010
59926.2	-127270.959	-127239.620	0.025	68766.527	68197.186	0.828	182822.041	182872.029	0.027
59926.3	-62581.034	-62630.060	0.078	130660.190	130070.184	0.452	182806.247	182872.029	0.036
59926.4	26197.884	26028.856	0.645	142576.147	141997.450	0.406	182774.111	182872.029	0.054
59926.5	104926.625	104692.935	0.223	99852.455	99399.026	0.454	182774.531	182872.029	0.053
59926.6	143384.297	143155.909	0.159	18921.639	18632.308	1.529	182758.186	182872.029	0.062
59926.7	126736.586	126648.355	0.070	-69137.555	-69289.042	0.219	182725.030	182872.029	0.080
59926.8	61373.816	61509.020	0.220	-130514.194	-130604.049	0.069	182675.212	182872.029	0.108
59926.9	-27603.347	-27249.202	1.283	-141541.711	-141768.325	0.160	182690.901	182872.029	0.099
59927.0	-106006.331	-105543.986	0.436	-98008.589	-98494.894	0.496	182657.636	182872.029	0.117
59927.1	-143735.662	-143704.488	0.022	-16602.758	-17094.204	2.960	182641.146	182658.648	0.010
59927.2	-126214.328	-126185.396	0.023	71421.321	70855.047	0.793	182608.682	182658.648	0.027
59927.3	-60149.103	-60212.294	0.105	132251.625	131596.624	0.495	182576.498	182658.648	0.045
59927.4	29053.720	28881.764	0.592	142389.475	141806.331	0.410	182577.133	182658.648	0.045
59927.5	107158.946	106885.496	0.255	98021.232	97563.736	0.467	182561.153	182658.648	0.053
59927.6	144106.223	143846.199	0.180	16123.506	15857.581	1.649	182544.790	182658.648	0.062
59927.7	125656.545	125571.310	0.068	-71790.391	-71937.737	0.205	182528.015	182658.648	0.072
59927.8	58944.531	59078.215	0.227	-132017.461	-132109.638	0.070	182494.596	182658.648	0.090
59927.9	-30474.558	-30100.361	1.228	-141342.295	-141552.676	0.149	182461.133	182658.648	0.108
59928.0	-108206.168	-107720.680	0.449	-96158.587	-96640.814	0.501	182444.271	182658.648	0.118
59928.1	-144365.777	-144367.601	0.001	-13841.839	-14310.536	3.386	182427.791	182428.884	0.001
59928.2	-125095.992	-125081.123	0.012	74027.602	73494.954	0.720	182411.713	182428.884	0.009
59928.3	-57721.426	-57764.667	0.075	133672.400	133079.070	0.444	182379.547	182428.884	0.027
59928.4	31856.710	31732.880	0.389	142108.680	141562.071	0.385	182363.787	182428.884	0.036
59928.5	109293.107	109045.299	0.227	96143.924	95686.564	0.476	182331.405	182428.884	0.053
59928.6	144723.532	144485.345	0.165	13349.610	13068.312	2.107	182331.417	182428.884	0.053
59928.7	124537.790	124444.373	0.075	-74419.669	-74568.048	0.199	182281.878	182428.884	0.081
59928.8	56494.764	56617.928	0.218	-133444.906	-133570.977	0.094	182264.838	182428.884	0.090
59928.9	-33291.257	-32949.271	1.027	-141049.849	-141283.903	0.166	182247.769	182428.884	0.099
59929.0	-110340.348	-109864.258	0.431	-94264.767	-94745.134	0.510	182247.301	182428.884	0.100
59929.1	-145005.011	-144956.304	0.034	-11039.868	-11538.086	4.513	182230.835	182248.302	0.010
59929.2	-123951.548	-123923.337	0.023	76640.727	76081.956	0.729	182198.389	182248.302	0.027
59929.3	-55250.407	-55304.970	0.099	135113.061	134487.240	0.463	182182.594	182248.302	0.036
59929.4	34705.086	34549.987	0.447	141819.806	141250.685	0.401	182166.830	182248.302	0.045
59929.5	111393.138	111138.073	0.229	94234.386	93775.190	0.487	182134.453	182248.302	0.063
59929.6	145265.072	145050.180	0.148	10584.945	10290.901	2.778	182134.453	182248.302	0.063
59929.7	123369.403	123264.378	0.085	-77029.986	-77144.997	0.149	182084.905	182248.302	0.090
59929.8	54013.832	54146.210	0.245	-134860.745	-134957.939	0.072	182084.253	182248.302	0.090
59929.9	-36101.446	-35763.595	0.936	-140708.430	-140948.298	0.170	182050.811	182248.302	0.108
59930.0	-112440.387	-111940.515	0.445	-92336.272	-92815.832	0.519	182017.588	182248.302	0.127
59930.1	-145536.676	-145495.493	0.028	-8257.832	-8755.064	6.021	182001.129	182018.583	0.010
59930.2	-122747.333	-122719.314	0.023	79203.591	78648.329	0.701	181985.083	182018.583	0.018
59930.3	-52770.389	-52820.069	0.094	136446.361	135851.500	0.436	181969.282	182018.583	0.027
59930.4	37569.808	37361.588	0.554	141505.530	140888.968	0.436	181937.134	182018.583	0.045
59930.5	113393.847	113196.745	0.174	92282.440	91826.394	0.494	181921.138	182018.583	0.054
59930.6	145843.139	145565.413	0.190	7762.527	7503.345	3.339	181888.360	182018.583	0.072
59930.7	122131.148	122038.327	0.076	-79558.099	-79700.918	0.180	181855.190	182018.583	0.090
59930.8	51514.955	51649.667	0.262	-136234.083	-136300.776	0.049	181870.937	182018.583	0.081
59930.9	-38950.755	-38571.981	0.972	-140364.984	-140562.413	0.141	181837.506	182018.583	0.100
59931.0	-114440.645	-113982.349	0.400	-90367.264	-90849.401	0.534	181837.056	182018.583	0.100
59931.1	-146107.163	-146043.574	0.044	-5421.974	-5932.176	9.410	181804.233	181838.051	0.019
59931.2	-121523.225	-121498.989	0.020	81805.531	81252.151	0.676	181771.802	181838.051	0.036
59931.3	-50251.985	-50299.930	0.095	137833.441	137236.414	0.433	181756.014	181838.051	0.045
59931.4	40377.989	40213.830	0.407	141099.331	140523.180	0.408	181740.237	181838.051	0.054
59931.5	115523.241	115285.857	0.205	90308.941	89850.362	0.508	181707.850	181838.051	0.072
59931.6	146289.890	146089.195	0.137	4985.326	4675.847	6.208	181707.843	181838.051	0.072
59931.7	120889.067	120795.651	0.077	-82153.646	-82294.149	0.171	181641.894	181838.051	0.108
59931.8	49007.855	49117.710	0.224	-137499.512	-137663.964	0.120	181657.647	181838.051	0.099
59931.9	-41797.506	-41420.971	0.901	-139966.642	-140172.107	0.147	181624.218	181838.051	0.118
59932.0	-116536.626	-116054.388	0.414	-88375.338	-88855.474	0.543	181623.792	181838.051	0.118
59932.1	-146544.318	-146486.166	0.040	-2628.291	-3134.406	19.256	181590.981	181608.393	0.010
59932.2	-120222.852	-120208.226	0.012	84292.283	83773.527	0.615	181591.332	181608.393	0.009
59932.3	-47723.113	-47771.454	0.101	139112.070	138513.211	0.430	181526.388	181608.393	0.045
59932.4	43203.796	43009.109	0.451	140665.074	140065.120	0.427	181526.988	181608.393	0.045
59932.5	117552.388	117274.577	0.236	88293.057	87833.336	0.521	181510.975	181608.393	0.054
59932.6	146713.686	146507.707	0.140	2180.364	1874.375	14.034	181478.193	181608.393	0.072
59932.7	119592.076	119483.250	0.091	-84695.583	-84804.329	0.128	181477.791	181608.393	0.072
59932.8	46433.091	46578.346	0.313	-138878.026	-138918.966	0.029	181427.997	181608.393	0.099
59932.9	-44608.541	-44212.207	0.888	-139501.378	-139690.022	0.135	181427.355	181608.393	0.100
59933.0	-118466.439	-118025.687	0.372	-86344.309	-86821.418	0.553	181410.568	181608.393	0.109
59933.1	-146934.268	-146936.571	0.002	170.269	-296.314	274.027	181361.382	181427.929	0.037
59933.2	-118935.441	-118900.020	0.030	86910.005	86332.086	0.665	181361.737	181427.929	0.036
59933.3	-45167.524	-45206.975	0.087	140379.230	139809.775	0.406	181329.567	181427.929	0.054
59933.4	45991.738	45845.124	0.319	140166.783	139601.821	0.403	181313.783	181427.929	0.063
59933.5	119480.376	119293.126	0.157	86247.071	85788.076	0.532	181281.379	181427.929	0.081
59933.6	147143.733	146933.685	0.143	-666.746	-967.486	45.106	181281.347	181427.929	0.081
59933.7	118251.265	118153.086	0.083	-87214.328	-87351.543	0.157	181231.793	181427.929	0.108
59933.8	43885.226	44002.810	0.268	-140055.422	-140193.425	0.099	181214.775	181427.929	0.118
59933.9	-47382.209	-47044.133	0.714	-138970.933	-139202.347	0.167	181214.151	181427.929	0.118
59934.0	-120491.686	-120026.570	0.386	-84282.956	-84758.872	0.565	181180.987	181427.929	0.136
59934.1	-147329.351	-147255.981	0.050	3012.657	2494.285	17.206	181148.197	181198.340	0.028
59934.2	-117559.510	-117513.950	0.039	89381.362	88775.092	0.678	181148.561	181198.340	0.027
59934.3	-42592.253	-42647.664	0.130	141602.574	140967.096	0.449	181132.783	181198.340	0.036
59934.4	48795.545	48594.926	0.411	139641.771	139029.056	0.439	181100.612	181198.340	0.054
59934.5	121438.145	121177.519	0.215	84167.223	83705.162	0.549	181084.572	181198.340	0.063
59934.6	147500.966	147229.081	0.184	-3497.084	-3760.729	7.539	181068.157	181198.340	0.072
59934.7	116848.456	116746.056	0.088	-89646.424	-89782.536	0.152	181034.983	181198.340	0.090
59934.8	41300.057	41433.639	0.323	-141251.625	-141328.691	0.055	181001.580	181198.340	0.109
59934.9	-50173.666	-49788.906	0.767	-138410.462	-138605.953	0.141	180984.580	181198.340	0.118
59935.0	-122382.632	-121892.978	0.400	-82184.022	-82659.828	0.579	180951.428	181198.340	0.136
59935.1	-147652.054	-147636.840	0.010	5837.708	5361.841	8.152	180967.814	180968.785	0.001
59935.2	-116147.368	-116132.191	0.013	91826.651	91316.484	0.556	180935.420	180968.785	0.018
59935.3	-40004.565	-40033.868	0.073	142749.626	142206.453	0.381	180919.629	180968.785	0.027
59935.4	51592.429	51437.084	0.301	139065.026	138490.477	0.413	180887.450	180968.785	0.045
59935.5	123392.478	123156.678	0.191	82055.381	81595.456	0.561	180871.403	180968.785	0.054
59935.6	147782.916	147585.262	0.134	-6313.669	-6631.455	5.033	180871.370	180968.785	0.054
59935.7	115423.951	115342.489	0.071	-92116.224	-92311.950	0.212	180854.571	180968.785	0.063
59935.8	38702.172	38809.281	0.277	-142405.529	-142545.521	0.098	180821.190	180968.785	0.082
59935.9	-53005.379	-52626.327	0.715	-137844.167	-138042.948	0.144	180787.802	180968.785	0.100
59936.0	-124302.776	-123853.919	0.361	-80059.830	-80533.177	0.591	180771.048	180968.785	0.109
59936.1	-147898.761	-147889.243	0.006	8649.885	8177.105	5.466	180754.669	180772.012	0.010
59936.2	-114691.727	-114677.447	0.012	94247.948	93739.940	0.539	180722.285	180772.012	0.028
59936.3	-37381.724	-37430.587	0.131	143916.021	143307.517	0.423	180673.728	180772.012	0.054
59936.4	54378.055	54189.268	0.347	138441.718	137846.351	0.430	180690.685	180772.012	0.045
59936.5	125212.007	125000.952	0.169	79914.432	79453.478	0.577	180641.864	180772.012	0.072
59936.6	148016.588	147813.442	0.137	-9134.399	-9448.786	3.442	180641.818	180772.012	0.072
59936.7	113981.086	113866.956	0.100	-94622.392	-94722.804	0.106	180608.638	180772.012	0.090
59936.8	36076.910	36196.626	0.332	-143511.762	-143624.154	0.078	180608.013	180772.012	0.091
59936.9	-55746.149	-55372.869	0.670	-137173.348	-137375.174	0.147	180574.644	180772.012	0.109
59937.0	-126153.663	-125679.702	0.376	-77907.550	-78375.416	0.601	180541.526	180772.012	0.128
59937.1	-148151.371	-148119.204	0.022	11503.188	11016.434	4.231	180541.534	180558.854	0.010
59937.2	-113225.339	-113190.392	0.031	96737.634	96169.619	0.587	180525.536	180558.854	0.018
59937.3	-34759.210	-34797.530	0.110	144975.027	144394.571	0.400	180493.355	180558.854	0.036
59937.4	57120.967	56957.257	0.287	137759.404	137173.362	0.425	180444.783	180558.854	0.063
59937.5	127060.240	126840.991	0.173	77742.229	77278.868	0.596	180445.092	180558.854	0.063
59937.6	148203.260	148018.974	0.124	-11957.014	-12289.988	2.785	180428.651	180558.854	0.072
59937.7	112466.379	112359.058	0.095	-97009.547	-97139.603	0.134	180395.462	180558.854	0.091
59937.8	33426.765	33554.317	0.382	-144605.453	-144688.521	0.057	180378.457	180558.854	0.100
59937.9	-58472.760	-58134.967	0.578	-136459.289	-136678.404	0.161	180361.487	180558.854	0.109
59938.0	-127967.395	-127500.969	0.364	-75719.310	-76185.060	0.615	180344.754	180558.854	0.119
59938.1	-148331.935	-148278.859	0.036	14337.367	13834.193	3.510	180312.015	180362.086	0.028
59938.2	-111682.197	-111659.238	0.021	99075.700	98540.446	0.540	180279.628	180362.086	0.046
59938.3	-32112.776	-32163.516	0.158	146022.065	145408.091	0.420	180280.220	180362.086	0.045
59938.4	59855.359	59682.694	0.288	137025.274	136440.393	0.427	180248.011	180362.086	0.063
59938.5	128904.296	128611.309	0.227	75542.305	75080.862	0.611	180248.323	180362.086	0.063
59938.6	148368.304	148154.387	0.144	-14801.745	-15109.016	2.076	180199.095	180362.086	0.090
59938.7	110921.154	110807.569	0.102	-99401.773	-99497.173	0.096	180198.671	180362.086	0.091
59938.8	30775.233	30911.683	0.443	-145625.275	-145679.349	0.037	180181.677	180362.086	0.100
59938.9	-61214.695	-60854.000	0.589	-135716.219	-135922.020	0.152	180164.705	180362.086	0.110
59939.0	-129744.250	-129252.317	0.379	-73508.173	-73971.910	0.631	180115.225	180362.086	0.137
59939.1	-148438.996	-148439.344	0.000	17153.694	16698.240	2.655	180115.255	180132.535	0.010
59939.2	-110127.098	-110101.483	0.023	101481.858	100949.163	0.525	180082.870	180132.535	0.028
59939.3	-29437.642	-29485.684	0.163	147055.046	146436.554	0.421	180050.698	180132.535	0.045
59939.4	62600.722	62452.341	0.237	136268.824	135693.681	0.422	180067.632	180132.535	0.036
59939.5	130612.654	130409.252	0.156	73316.198	72845.706	0.642	180018.779	180132.535	0.063
59939.6	148512.089	148290.233	0.149	-17667.679	-17974.337	1.736	179969.541	180132.535	0.091
59939.7	109342.966	109229.154	0.104	-101765.652	-101892.403	0.125	179952.738	180132.535	0.100
59939.8	28117.063	28225.104	0.384	-146568.788	-146684.742	0.079	179968.505	180132.535	0.091
59939.9	-63942.932	-63617.122	0.510	-134927.995	-135151.515	0.166	179935.156	180132.535	0.110
59940.0	-131483.128	-131030.969	0.344	-71262.390	-71721.372	0.644	179902.068	180132.535	0.128
59940.1	-148570.969	-148505.243	0.044	20037.997	19517.816	2.596	179885.719	179919.382	0.019
59940.2	-108523.154	-108493.502	0.027	103829.893	103266.220	0.543	179853.350	179919.382	0.037
59940.3	-26768.218	-26821.274	0.198	147981.378	147361.364	0.419	179853.939	179919.382	0.036
59940.4	65306.211	65150.072	0.239	135447.214	134871.125	0.425	179838.099	179919.382	0.045
59940.5	132315.855	132104.402	0.160	71058.554	70591.638	0.657	179822.004	179919.382	0.054
59940.6	148581.992	148331.879	0.168	-20514.991	-20794.376	1.362	179805.531	179919.382	0.063
59940.7	107702.375	107601.305	0.094	-104040.450	-104195.545	0.149	179755.949	179919.382	0.091
59940.8	25429.766	25552.839	0.484	-147497.079	-147586.601	0.061	179771.724	179919.382	0.082
59940.9	-66685.302	-66307.678	0.566	-134111.245	-134305.786	0.145	179705.618	179919.382	0.119
59941.0	-133184.077	-132706.668	0.358	-68988.714	-69452.808	0.673	179705.309	179919.382	0.119
59941.1	-148585.718	-148570.638	0.010	22853.619	22383.974	2.055	179688.981	179689.847	0.000
59941.2	-106887.537	-106857.670	0.028	106182.666	105620.618	0.529	179672.992	179689.847	0.009
59941.3	-24071.538	-24112.359	0.170	148893.349	148299.936	0.399	179624.432	179689.847	0.036
59941.4	68024.330	67891.872	0.195	134599.560	134033.468	0.421	179624.975	179689.847	0.036
59941.5	134046.644	133826.261	0.164	68770.757	68299.404	0.685	179592.491	179689.847	0.054
59941.6	148630.275	148372.620	0.173	-23382.926	-23660.990	1.189	179576.007	179689.847	0.063
59941.7	106050.956	105945.283	0.100	-106382.058	-106535.786	0.145	179559.193	179689.847	0.073
59941.8	22732.000	22835.951	0.457	-148382.221	-148501.839	0.081	179542.205	179689.847	0.082
59941.9	-69383.754	-69042.172	0.492	-133234.815	-133444.577	0.157	179508.880	179689.847	0.101
59942.0	-134847.330	-134408.749	0.325	-66691.861	-67145.849	0.681	179508.585	179689.847	0.101
59942.1	-148575.561	-148516.571	0.040	25693.506	25183.314	1.986	179475.877	179509.492	0.019
59942.2	-105203.121	-105164.680	0.037	108443.021	107850.643	0.546	179443.518	179509.492	0.037
59942.3	-21376.583	-21430.537	0.252	149731.840	149104.336	0.419	179427.725	179509.492	0.046
59942.4	70729.536	70532.730	0.278	133703.799	133103.362	0.449	179411.867	179509.492	0.054
59942.5	135673.289	135412.091	0.193	66457.202	65991.944	0.700	179379.377	179509.492	0.073
59942.6	148558.338	148294.477	0.178	-26184.613	-26459.761	1.051	179362.898	179509.492	0.082
59942.7	104351.113	104233.175	0.113	-108664.112	-108751.167	0.080	179346.073	179509.492	0.091
59942.8	20029.391	20147.310	0.589	-149190.363	-149283.143	0.062	179312.706	179509.492	0.110
59942.9	-72068.739	-71674.933	0.546	-132310.610	-132491.792	0.137	179295.780	179509.492	0.119
59943.0	-136439.237	-135974.673	0.340	-64368.965	-64824.835	0.708	179295.501	179509.492	0.119
59943.1	-148518.705	-148487.711	0.021	28532.338	28048.463	1.696	179246.422	179280.015	0.019
59943.2	-103486.071	-103453.283	0.032	110707.627	110148.694	0.505	179230.458	179280.015	0.028
59943.3	-18667.297	-18693.764	0.142	150525.173	149952.859	0.380	179231.049	179280.015	0.027
59943.4	73417.294	73243.985	0.236	132767.420	132176.531	0.445	179198.810	179280.015	0.045
59943.5	137326.170	137056.730	0.196	64108.307	63645.654	0.722	179182.683	179280.015	0.054
59943.6	148439.616	148240.976	0.134	-28984.855	-29324.557	1.172	179166.206	179280.015	0.064
59943.7	102605.775	102502.077	0.101	-110852.343	-111034.413	0.164	179132.999	179280.015	0.082
59943.8	17257.326	17403.340	0.846	-150071.701	-150108.096	0.024	179116.013	179280.015	0.092
59943.9	-74766.907	-74378.115	0.520	-131357.293	-131541.676	0.140	179115.484	179280.015	0.092
59944.0	-138056.986	-137599.072	0.332	-62008.786	-62464.486	0.735	179066.062	179280.015	0.119
59944.1	-148415.233	-148386.822	0.019	31369.548	30890.929	1.526	179049.772	179050.573	0.000
59944.2	-101723.284	-101697.052	0.026	112911.767	112385.978	0.466	179033.809	179050.573	0.009
59944.3	-15929.316	-15956.567	0.171	151302.325	150725.865	0.381	179018.021	179050.573	0.018
59944.4	76032.232	75911.090	0.159	131754.313	131188.432	0.429	178985.779	179050.573	0.036
59944.5	138843.682	138629.600	0.154	61752.793	61275.872	0.772	178969.656	179050.573	0.045
59944.6	148365.844	148115.643	0.169	-31876.724	-32166.049	0.908	178936.772	179050.573	0.064
59944.7	100836.009	100726.667	0.108	-113108.987	-113256.509	0.130	178952.719	179050.573	0.055
59944.8	14548.455	14659.596	0.764	-150762.575	-150857.531	0.063	178919.367	179050.573	0.073
59944.9	-77390.915	-77036.623	0.458	-130328.935	-130530.675	0.155	178886.071	179050.573	0.092
59945.0	-139604.336	-139151.501	0.324	-59633.807	-60081.263	0.750	178869.444	179050.573	0.101
59945.1	-148242.673	-148195.396	0.032	34180.809	33682.378	1.458	178853.160	178853.943	0.000
59945.2	-99927.446	-99897.724	0.030	115086.229	114528.698	0.484	178820.817	178853.943	0.019
59945.3	-13179.141	-13240.262	0.464	152034.522	151397.072	0.419	178821.411	178853.943	0.018
59945.4	78660.877	78501.336	0.203	130710.053	130130.389	0.443	178789.160	178853.943	0.036
59945.5	140353.615	140099.157	0.181	59362.039	58894.857	0.787	178756.647	178853.943	0.054
59945.6	148173.350	147900.215	0.184	-34698.826	-34955.749	0.740	178740.136	178853.943	0.064
59945.7	99020.958	98908.976	0.113	-115271.061	-115383.674	0.098	178723.321	178853.943	0.073
59945.8	11824.577	11937.618	0.956	-151406.523	-151505.350	0.065	178706.357	178853.943	0.083
59945.9	-79995.523	-79617.673	0.472	-129261.998	-129450.392	0.146	178689.468	178853.943	0.092
59946.0	-141142.436	-140600.525	0.384	-57215.623	-57687.696	0.825	178672.831	178853.943	0.101
59946.1	-148063.281	-147999.243	0.043	37041.975	36521.627	1.405	178623.792	178673.713	0.028
59946.2	-98098.737	-98066.414	0.033	117263.776	116707.256	0.475	178640.620	178673.713	0.019
59946.3	-10447.883	-10477.001	0.279	152663.668	152078.393	0.383	178592.068	178673.713	0.046
59946.4	81270.019	81135.482	0.166	129627.332	129052.853	0.443	178576.197	178673.713	0.055
59946.5	141855.961	141592.701	0.186	56938.935	56472.226	0.820	178592.817	178673.713	0.045
59946.6	147892.507	147679.649	0.144	-37466.932	-37793.206	0.871	178543.539	178673.713	0.073
59946.7	97171.448	97058.997	0.116	-117402.922	-117546.401	0.122	178510.335	178673.713	0.092
59946.8	9026.447	9168.599	1.575	-152119.993	-152162.880	0.028	178509.755	178673.713	0.092
59946.9	-82585.384	-82242.454	0.415	-128145.796	-128350.239	0.160	178492.876	178673.713	0.101
59947.0	-142578.271	-142073.177	0.354	-54793.954	-55252.310	0.837	178443.498	178673.713	0.129
59947.1	-147817.964	-147758.320	0.040	39873.063	39355.791	1.297	178427.231	178477.132	0.028
59947.2	-96234.889	-96201.925	0.034	119411.292	118855.328	0.466	178427.683	178477.132	0.028
59947.3	-7670.977	-7704.893	0.442	153303.306	152715.533	0.383	178411.887	178477.132	0.037
59947.4	83922.715	83750.746	0.205	128525.232	127934.405	0.460	178363.246	178477.132	0.064
59947.5	143351.024	143046.883	0.212	54486.748	54027.664	0.843	178347.093	178477.132	0.073
59947.6	147652.923	147414.358	0.162	-40328.567	-40625.193	0.736	178330.570	178477.132	0.082
59947.7	95280.937	95176.102	0.110	-119471.947	-119678.357	0.173	178313.753	178477.132	0.092
59947.8	6264.801	6391.114	2.016	-152701.665	-152776.153	0.049	178296.792	178477.132	0.101
59947.9	-85185.724	-84848.002	0.396	-127002.862	-127209.339	0.163	178263.542	178477.132	0.120
59948.0	-143972.860	-143506.280	0.324	-52341.692	-52795.331	0.867	178263.321	178477.132	0.120
59948.1	-147483.817	-147469.842	0.009	42650.328	42186.965	1.086	178230.695	178231.416	0.000
59948.2	-94327.532	-94300.774	0.028	121496.260	120972.966	0.431	178198.371	178231.416	0.019
59948.3	-4865.233	-4921.092	1.148	153924.751	153306.481	0.402	178182.568	178231.416	0.027
59948.4	86468.311	86348.243	0.139	127338.044	126771.745	0.445	178183.079	178231.416	0.027
59948.5	144708.923	144460.662	0.172	52026.910	51557.847	0.902	178134.149	178231.416	0.055
59948.6	147322.339	147101.541	0.150	-43137.711	-43453.781	0.733	178117.618	178231.416	0.064
59948.7	93369.930	93256.807	0.121	-121640.369	-121779.565	0.114	178117.188	178231.416	0.064
59948.8	3492.839	3602.333	3.135	-153237.557	-153343.137	0.069	178067.457	178231.416	0.092
59948.9	-87798.379	-87435.403	0.413	-125828.162	-126024.381	0.156	178050.604	178231.416	0.102
59949.0	-145423.513	-144898.763	0.361	-49845.814	-50313.445	0.938	178050.396	178231.416	0.102
59949.1	-147144.536	-147091.770	0.036	45474.154	44964.298	1.121	178001.395	178034.868	0.019
59949.2	-92391.284	-92358.952	0.035	123615.548	122994.312	0.503	178018.223	178034.868	0.009
59949.3	-2087.560	-2161.162	3.526	154447.159	153795.664	0.422	177969.664	178034.868	0.037
59949.4	89054.211	88866.494	0.211	126136.814	125540.922	0.472	177970.158	178034.868	0.036
59949.5	146058.264	145770.249	0.197	49536.142	49079.643	0.922	177937.594	178034.868	0.055
59949.6	146946.529	146699.595	0.168	-45940.922	-46227.759	0.624	177953.834	178034.868	0.046
59949.7	91409.124	91297.671	0.122	-123647.149	-123784.135	0.111	177904.242	178034.868	0.073
59949.8	714.531	838.298	17.321	-153729.731	-153808.563	0.051	177903.677	178034.868	0.074
59949.9	-90301.063	-89942.974	0.397	-124573.302	-124771.945	0.159	177870.444	178034.868	0.092
59950.0	-146674.619	-146186.987	0.332	-47365.854	-47824.069	0.967	177853.865	178034.868	0.102
59950.1	-146761.116	-146686.980	0.051	48291.210	47762.744	1.094	177821.261	177871.090	0.028
59950.2	-90417.577	-90383.102	0.038	125605.251	125016.978	0.468	177805.327	177871.090	0.037
59950.3	703.254	627.040	10.837	154921.648	154265.863	0.423	177789.520	177871.090	0.046
59950.4	91592.146	91396.404	0.214	124876.536	124278.104	0.479	177757.240	177871.090	0.064
59950.5	147303.654	147070.406	0.158	47039.778	46568.717	1.001	177741.049	177871.090	0.073
59950.6	146524.335	146270.751	0.173	-48738.693	-49022.620	0.583	177708.130	177871.090	0.092
59950.7	89417.702	89304.498	0.127	-125687.509	-125789.731	0.081	177674.910	177871.090	0.110
59950.8	-2074.374	-1953.845	5.810	-154175.071	-154254.764	0.052	177657.974	177871.090	0.120
59950.9	-92813.003	-92461.930	0.378	-123292.334	-123487.414	0.158	177673.912	177871.090	0.111
59951.0	-148011.591	-147465.500	0.369	-44829.365	-45302.054	1.054	177640.951	177871.090	0.130
59951.1	-146307.348	-146259.279	0.033	51080.053	50578.714	0.981	177624.741	177641.788	0.010
59951.2	-88409.885	-88378.416	0.036	127596.079	127040.304	0.436	177592.429	177641.788	0.028
59951.3	3499.552	3438.931	1.732	155352.650	154719.607	0.407	177593.008	177641.788	0.027
59951.4	94109.536	93935.761	0.185	123575.847	122988.032	0.476	177544.326	177641.788	0.055
59951.5	148635.427	148362.139	0.184	44489.730	44030.205	1.033	177560.893	177641.788	0.046
59951.6	146075.567	145818.846	0.176	-51556.604	-51834.808	0.540	177527.966	177641.788	0.064
59951.7	87395.280	87282.483	0.129	-127695.543	-127795.741	0.078	177494.747	177641.788	0.083
59951.8	-4890.442	-4769.535	2.472	-154601.333	-154684.307	0.054	177477.810	177641.788	0.092
59951.9	-95368.731	-94990.097	0.397	-121985.165	-122175.549	0.156	177460.983	177641.788	0.102
59952.0	-149214.124	-148735.351	0.321	-42301.354	-42752.525	1.067	177444.435	177641.788	0.111
59952.1	-145789.478	-145764.842	0.017	53835.138	53362.919	0.877	177428.228	177428.871	0.000
59952.2	-86368.578	-86338.521	0.035	129554.767	128998.644	0.429	177395.916	177428.871	0.019
59952.3	6290.205	6240.983	0.783	155707.634	155100.098	0.390	177380.102	177428.871	0.027
59952.4	96606.582	96424.007	0.189	122233.133	121644.568	0.482	177364.180	177428.871	0.036
59952.5	149831.040	149581.117	0.167	41943.351	41478.665	1.108	177315.205	177428.871	0.064
59952.6	145540.836	145300.480	0.165	-54315.771	-54614.657	0.550	177331.425	177428.871	0.055
59952.7	85336.246	85225.820	0.129	-129638.249	-129736.463	0.076	177281.814	177428.871	0.083
59952.8	-7694.256	-7574.756	1.553	-154955.620	-155040.683	0.055	177297.657	177428.871	0.074
59952.9	-97841.352	-97466.696	0.383	-120615.828	-120810.734	0.162	177248.062	177428.871	0.102
59953.0	-150436.321	-149932.339	0.335	-39726.935	-40190.595	1.167	177264.292	177428.871	0.093
59953.1	-145301.891	-145240.283	0.042	56689.990	56169.171	0.919	177231.706	177248.717	0.010
59953.2	-84298.201	-84261.299	0.044	131513.659	130957.050	0.423	177199.419	177248.717	0.028
59953.3	9121.279	9073.234	0.527	156073.779	155458.650	0.394	177167.210	177248.717	0.046
59953.4	99050.216	98923.730	0.128	120842.803	120265.586	0.478	177184.053	177248.717	0.036
59953.5	151017.166	150788.441	0.151	39368.132	38891.663	1.210	177167.829	177248.717	0.046
59953.6	144980.009	144751.804	0.157	-57093.649	-57416.293	0.565	177118.502	177248.717	0.074
59953.7	83244.683	83131.831	0.136	-131515.104	-131676.931	0.123	177118.043	177248.717	0.074
59953.8	-10524.646	-10409.986	1.089	-155290.264	-155374.862	0.054	177084.736	177248.717	0.093
59953.9	-100260.050	-99954.466	0.305	-119199.482	-119410.302	0.177	177067.929	177248.717	0.102
59954.0	-151587.663	-151117.368	0.310	-37147.314	-37593.305	1.201	177035.018	177248.717	0.121
59954.1	-144675.422	-144634.759	0.028	59402.486	58912.296	0.825	177002.443	177068.584	0.037
59954.2	-82187.295	-82155.849	0.038	133373.996	132816.749	0.418	177002.908	177068.584	0.037
59954.3	11918.975	11870.138	0.410	156342.467	155720.814	0.398	176987.104	177068.584	0.046
59954.4	101504.705	101338.102	0.164	119417.848	118829.547	0.493	176987.541	177068.584	0.046
59954.5	152161.671	151893.186	0.176	36772.401	36308.847	1.261	176954.924	177068.584	0.064
59954.6	144369.930	144122.709	0.171	-59865.909	-60154.109	0.481	176921.963	177068.584	0.083
59954.7	81128.218	81010.464	0.145	-133358.650	-133518.452	0.120	176905.141	177068.584	0.092
59954.8	-13322.149	-13209.041	0.849	-155526.452	-155612.960	0.056	176871.830	177068.584	0.111
59954.9	-102719.510	-102356.397	0.353	-117761.713	-117953.551	0.163	176855.034	177068.584	0.121
59955.0	-152666.599	-152199.857	0.306	-34558.662	-35001.083	1.280	176838.521	177068.584	0.130
59955.1	-144043.512	-144004.625	0.027	62158.849	61672.523	0.782	176838.729	176839.310	0.000
59955.2	-80055.725	-80020.438	0.044	135201.184	134675.765	0.389	176806.437	176839.310	0.019
59955.3	14728.529	14690.848	0.256	156560.989	155964.775	0.381	176790.604	176839.310	0.028
59955.4	103936.578	103760.985	0.169	117954.038	117364.774	0.500	176774.659	176839.310	0.037
59955.5	153233.561	152987.877	0.160	34168.055	33697.799	1.376	176758.421	176839.310	0.046
59955.6	143735.587	143468.858	0.186	-62654.542	-62908.814	0.406	176725.447	176839.310	0.064
59955.7	78973.929	78859.142	0.145	-135233.816	-135359.033	0.093	176725.010	176839.310	0.065
59955.8	-16146.548	-16031.745	0.711	-155741.626	-155832.651	0.058	176658.932	176839.310	0.102
59955.9	-105125.808	-104766.592	0.342	-116271.860	-116467.993	0.169	176658.537	176839.310	0.102
59956.0	-153763.856	-153272.050	0.320	-31924.279	-32380.716	1.430	176658.416	176839.310	0.102
59956.1	-143379.115	-143327.279	0.036	64937.262	64425.123	0.789	176625.864	176659.197	0.019
59956.2	-77884.292	-77851.373	0.042	137092.748	136500.802	0.432	176609.964	176659.197	0.028
59956.3	17558.692	17518.730	0.228	156763.433	156161.453	0.384	176594.137	176659.197	0.037
59956.4	106345.412	106161.805	0.173	116451.697	115857.569	0.510	176578.185	176659.197	0.046
59956.5	154324.012	154039.742	0.184	31519.569	31065.465	1.441	176529.159	176659.197	0.074
59956.6	143040.690	142767.862	0.191	-65404.704	-65655.486	0.383	176528.959	176659.197	0.074
59956.7	76785.344	76674.461	0.144	-137041.731	-137165.347	0.090	176512.122	176659.197	0.083
59956.8	-18972.829	-18861.214	0.588	-155913.326	-156005.000	0.059	176478.836	176659.197	0.102
59956.9	-107508.606	-107154.360	0.330	-114743.915	-114940.195	0.171	176462.064	176659.197	0.112
59957.0	-154789.696	-154301.236	0.316	-29286.062	-29739.433	1.548	176461.959	176659.197	0.112
59957.1	-142654.669	-142587.331	0.047	67676.818	67140.426	0.793	176429.417	176479.112	0.028
59957.2	-75682.557	-75653.700	0.038	138851.682	138258.821	0.427	176429.897	176479.112	0.028
59957.3	20416.585	20330.242	0.423	156943.680	156287.124	0.418	176397.684	176479.112	0.046
59957.4	108669.017	108507.562	0.149	114887.799	114302.637	0.509	176381.727	176479.112	0.055
59957.5	155282.282	155018.996	0.170	28892.416	28427.008	1.611	176365.473	176479.112	0.064
59957.6	142264.605	142004.588	0.183	-68090.296	-68364.325	0.402	176332.499	176479.112	0.083
59957.7	74574.156	74461.749	0.151	-138815.523	-138904.398	0.064	176332.047	176479.112	0.083
59957.8	-21801.970	-21673.703	0.588	-156040.410	-156106.484	0.042	176298.769	176479.112	0.102
59957.9	-109835.573	-109486.657	0.318	-113170.779	-113365.144	0.172	176282.010	176479.112	0.112
59958.0	-155773.316	-155257.760	0.331	-26629.594	-27092.651	1.739	176249.148	176479.112	0.130
59958.1	-141853.249	-141838.883	0.010	70349.145	69900.087	0.638	176265.772	176249.904	0.009
59958.2	-73454.750	-73423.024	0.043	140609.207	140047.671	0.399	176217.104	176249.904	0.019
59958.3	23231.817	23186.587	0.195	157031.996	156418.263	0.391	176184.899	176249.904	0.037
59958.4	111095.778	110892.766	0.183	113317.163	112725.707	0.522	176168.910	176249.904	0.046
59958.5	156258.300	156017.163	0.154	26221.295	25747.537	1.807	176169.041	176249.904	0.046
59958.6	141476.859	141232.431	0.173	-70821.827	-71117.446	0.417	176152.444	176249.904	0.055
59958.7	72331.940	72215.770	0.161	-140521.428	-140673.997	0.109	176135.613	176249.904	0.065
59958.8	-24637.953	-24531.070	0.434	-156118.892	-156213.051	0.060	176102.338	176249.904	0.084
59958.9	-112171.256	-111858.209	0.279	-111562.420	-111767.758	0.184	176085.592	176249.904	0.093
59959.0	-156714.484	-156232.844	0.307	-23955.410	-24404.693	1.875	176052.749	176249.904	0.112
59959.1	-141072.944	-141011.805	0.043	73124.218	72592.944	0.727	176052.999	176053.497	0.000
59959.2	-71202.412	-71168.175	0.048	142299.515	141736.218	0.396	176037.117	176053.497	0.009
59959.3	26031.122	26003.367	0.107	157048.153	156454.114	0.378	176021.287	176053.497	0.018
59959.4	113369.670	113189.860	0.159	111682.339	111095.096	0.526	175972.530	176053.497	0.046
59959.5	157190.758	156912.508	0.177	23530.783	23076.602	1.930	175956.253	176053.497	0.055
59959.6	140626.379	140382.223	0.174	-73514.716	-73803.090	0.392	175939.651	176053.497	0.065
59959.7	70063.262	69946.481	0.167	-142192.296	-142343.087	0.106	175922.830	176053.497	0.074
59959.8	-27475.527	-27348.055	0.464	-156152.743	-156224.674	0.046	175922.333	176053.497	0.075
59959.9	-114481.587	-114141.194	0.297	-109919.120	-110117.449	0.180	175905.603	176053.497	0.084
59960.0	-157615.578	-157105.184	0.324	-21269.666	-21726.157	2.146	175889.167	176053.497	0.093
59960.1	-140184.365	-140172.824	0.008	75773.567	75331.306	0.584	175840.269	175889.892	0.028
59960.2	-68915.706	-68876.897	0.056	143954.055	143454.520	0.347	175824.382	175889.892	0.037
59960.3	28879.623	28867.113	0.043	157064.964	156492.543	0.364	175824.931	175889.892	0.037
59960.4	115650.750	115526.423	0.108	110016.864	109438.896	0.525	175776.180	175889.892	0.065
59960.5	158081.960	157824.668	0.163	20826.983	20361.739	2.234	175776.278	175889.892	0.065
59960.6	139721.935	139519.721	0.145	-76163.578	-76534.135	0.487	175726.907	175889.892	0.093
59960.7	67757.860	67640.508	0.173	-143892.588	-144041.619	0.104	175742.849	175889.892	0.084
59960.8	-30291.477	-30212.025	0.262	-156118.377	-156238.471	0.077	175742.366	175889.892	0.084
59960.9	-116798.859	-116463.425	0.287	-108245.212	-108441.215	0.181	175692.881	175889.892	0.112
59961.0	-158500.907	-157993.960	0.320	-18547.649	-19003.548	2.458	175676.451	175889.892	0.121
59961.1	-139270.596	-139257.736	0.009	78438.074	78000.439	0.558	175676.728	175677.169	0.000
59961.2	-66598.557	-66564.912	0.051	145605.752	145072.044	0.367	175644.453	175677.169	0.019
59961.3	31703.251	31688.214	0.047	157016.572	156437.344	0.369	175628.624	175677.169	0.028
59961.4	117939.226	117773.363	0.141	108317.415	107732.170	0.540	175596.241	175677.169	0.046
59961.5	158842.049	158634.644	0.131	18150.467	17658.853	2.709	175596.341	175677.169	0.046
59961.6	138822.276	138581.709	0.173	-78885.498	-79195.298	0.393	175563.348	175677.169	0.065
59961.7	65439.429	65314.697	0.191	-145459.796	-145639.197	0.123	175546.522	175677.169	0.074
59961.8	-33131.495	-33032.547	0.299	-156062.305	-156159.010	0.062	175529.657	175677.169	0.084
59961.9	-119026.629	-118695.602	0.278	-106519.458	-106715.226	0.184	175512.953	175677.169	0.094
59962.0	-159284.272	-158780.659	0.316	-15838.331	-16293.796	2.876	175480.150	175677.169	0.112
59962.1	-138328.765	-138299.431	0.021	81118.918	80656.597	0.570	175480.445	175480.859	0.000
59962.2	-64262.236	-64225.653	0.057	147189.763	146653.622	0.364	175448.177	175480.859	0.019
59962.3	34527.983	34510.174	0.052	156923.145	156337.031	0.374	175448.726	175480.859	0.018
59962.4	120104.004	119994.418	0.091	106570.862	105988.485	0.546	175432.731	175480.859	0.027
59962.5	159618.711	159401.930	0.136	15431.171	14941.355	3.174	175383.656	175480.859	0.055
59962.6	137859.228	137600.595	0.188	-81567.754	-81843.116	0.338	175383.420	175480.859	0.056
59962.7	63087.653	62961.921	0.199	-147023.027	-147200.597	0.121	175366.598	175480.859	0.065
59962.8	-35971.407	-35853.540	0.328	-155961.847	-156034.429	0.047	175349.746	175480.859	0.075
59962.9	-121260.153	-120901.578	0.296	-104765.821	-104952.502	0.178	175349.440	175480.859	0.075
59963.0	-159997.917	-159524.543	0.296	-13133.634	-13569.799	3.321	175316.650	175480.859	0.094
59963.1	-137353.796	-137312.547	0.030	83818.165	83328.654	0.584	175316.939	175300.953	0.009
59963.2	-61903.122	-61853.934	0.079	148738.489	148231.208	0.341	175268.313	175300.953	0.019
59963.3	37400.411	37356.010	0.119	156830.202	156214.368	0.393	175252.459	175300.953	0.028
59963.4	122372.821	122221.597	0.124	104803.625	104212.674	0.564	175236.450	175300.953	0.037
59963.5	160382.354	160155.236	0.142	12683.899	12194.291	3.860	175203.755	175300.953	0.055
59963.6	136827.653	136590.765	0.173	-84175.729	-84506.586	0.393	175203.519	175300.953	0.056
59963.7	60699.490	60576.721	0.202	-148614.580	-148757.726	0.096	175186.687	175300.953	0.065
59963.8	-38765.758	-38698.216	0.174	-155769.207	-155887.294	0.076	175153.458	175300.953	0.084
59963.9	-123434.905	-123113.401	0.260	-102970.855	-103157.602	0.181	175136.786	175300.953	0.094
59964.0	-160726.919	-160254.194	0.294	-10384.683	-10816.357	4.157	175120.384	175300.953	0.103
59964.1	-136298.184	-136271.743	0.019	86412.638	85955.687	0.529	175104.308	175137.450	0.019
59964.2	-59519.960	-59465.174	0.092	150218.115	149740.647	0.318	175088.443	175137.450	0.028
59964.3	40152.820	40175.464	0.056	156580.727	156026.601	0.354	175072.591	175137.450	0.037
59964.4	124517.452	124389.101	0.103	102988.264	102399.803	0.571	175072.953	175137.450	0.037
59964.5	161045.432	160838.489	0.128	9954.109	9452.441	5.040	175040.245	175137.450	0.056
59964.6	135764.400	135527.405	0.175	-86800.389	-87124.570	0.373	175023.606	175137.450	0.065
59964.7	58300.388	58175.067	0.215	-150105.587	-150246.563	0.094	174974.017	175137.450	0.093
59964.8	-41580.077	-41515.951	0.154	-155557.579	-155675.284	0.076	174989.947	175137.450	0.084
59964.9	-125583.254	-125265.233	0.253	-101136.011	-101326.155	0.188	174940.500	175137.450	0.113
59965.0	-161385.221	-160913.840	0.292	-7639.708	-8068.732	5.616	174924.123	175137.450	0.122
59965.1	-135212.803	-135161.877	0.038	89022.969	88508.307	0.578	174908.046	174941.176	0.019
59965.2	-57096.577	-57064.455	0.056	151725.044	151149.269	0.379	174892.179	174941.176	0.028
59965.3	43028.278	42945.183	0.193	156393.818	155750.328	0.411	174876.310	174941.176	0.037
59965.4	126667.723	126464.274	0.161	101139.589	100544.722	0.588	174860.288	174941.176	0.046
59965.5	161722.692	161422.268	0.186	7179.316	6730.884	6.246	174843.955	174941.176	0.056
59965.6	134651.259	134395.625	0.190	-89377.548	-89667.550	0.324	174843.703	174941.176	0.056
59965.7	55880.823	55762.322	0.212	-151527.222	-151634.485	0.071	174843.261	174941.176	0.056
59965.8	-44394.438	-44283.191	0.251	-155299.773	-155375.199	0.049	174793.653	174941.176	0.084
59965.9	-127703.774	-127324.373	0.297	-99269.861	-99453.293	0.185	174760.601	174941.176	0.103
59966.0	-162002.783	-161474.189	0.326	-4885.648	-5342.255	9.346	174760.630	174941.176	0.103
59966.1	-134076.232	-134039.534	0.027	91586.525	91104.402	0.526	174744.556	174761.281	0.010
59966.2	-54658.227	-54628.040	0.055	153163.760	152585.668	0.377	174712.298	174761.281	0.028
59966.3	45822.814	45760.110	0.137	156103.697	155475.468	0.402	174712.819	174761.281	0.028
59966.4	128757.634	128576.807	0.140	99254.732	98664.145	0.595	174680.391	174761.281	0.046
59966.5	162299.186	162021.215	0.171	4423.441	3966.716	10.325	174664.042	174761.281	0.056
59966.6	133518.555	133250.995	0.200	-92000.933	-92253.895	0.275	174647.394	174761.281	0.065
59966.7	53420.446	53313.642	0.200	-152975.131	-153049.876	0.049	174630.567	174761.281	0.075
59966.8	-47205.569	-47095.650	0.233	-154998.831	-155076.138	0.050	174613.739	174761.281	0.084
59966.9	-129796.223	-129420.653	0.289	-97372.849	-97554.617	0.187	174597.093	174761.281	0.094
59967.0	-162574.322	-162049.339	0.323	-2114.385	-2573.038	21.692	174580.731	174761.281	0.103
59967.1	-132897.110	-132863.032	0.026	94134.918	93654.546	0.510	174564.671	174581.382	0.010
59967.2	-52189.283	-52174.936	0.027	154597.623	153953.030	0.417	174532.417	174581.382	0.028
59967.3	48590.927	48547.846	0.089	155747.342	155134.993	0.393	174516.556	174581.382	0.037
59967.4	130884.652	130628.710	0.196	97344.402	96746.573	0.614	174533.264	174581.382	0.028
59967.5	162835.165	162549.374	0.176	1660.270	1208.376	27.218	174484.136	174581.382	0.056
59967.6	132310.478	132052.602	0.195	-94515.801	-94793.826	0.294	174483.871	174581.382	0.056
59967.7	50961.194	50848.869	0.220	-154290.443	-154396.087	0.068	174450.652	174581.382	0.075
59967.8	-50066.149	-49880.354	0.371	-154693.365	-154711.698	0.012	174450.210	174581.382	0.075
59967.9	-131860.711	-131455.988	0.307	-95439.298	-95619.467	0.189	174433.582	174581.382	0.085
59968.0	-163076.329	-162553.755	0.320	648.681	189.743	70.749	174384.463	174581.382	0.113
59968.1	-131713.021	-131657.792	0.042	96758.468	96218.699	0.558	174368.405	174417.870	0.028
59968.2	-49718.486	-49690.359	0.057	155898.337	155314.779	0.374	174352.547	174417.870	0.037
59968.3	51408.755	51357.706	0.099	155386.119	154771.439	0.396	174369.437	174417.870	0.028
59968.4	132852.779	132684.893	0.126	95387.925	94797.317	0.619	174336.995	174417.870	0.046
59968.5	163328.444	163062.325	0.163	-1113.186	-1578.086	41.763	174320.628	174417.870	0.056
59968.6	131087.984	130825.353	0.200	-97073.957	-97347.519	0.282	174320.360	174417.870	0.056
59968.7	48466.824	48352.671	0.236	-155632.715	-155736.417	0.067	174287.144	174417.870	0.075
59968.8	-52819.707	-52686.983	0.251	-154263.436	-154323.991	0.039	174221.168	174417.870	0.113
59968.9	-133863.867	-133495.330	0.275	-93470.357	-93652.599	0.195	174253.708	174417.870	0.094
59969.0	-163564.152	-163042.721	0.319	3438.089	2980.513	13.309	174204.601	174417.870	0.122
59969.1	-130430.923	-130422.597	0.006	99211.716	98796.897	0.418	174237.712	174221.611	0.009
59969.2	-47204.256	-47173.304	0.066	157223.778	156670.227	0.352	174189.072	174221.611	0.019
59969.3	54246.668	54190.096	0.104	155003.826	154383.659	0.400	174173.199	174221.611	0.028
59969.4	134857.450	134745.007	0.083	93402.704	92815.213	0.629	174173.516	174221.611	0.028
59969.5	163776.664	163559.098	0.133	-3899.676	-4393.405	12.661	174140.751	174221.611	0.046
59969.6	129805.605	129568.029	0.183	-99586.998	-99914.997	0.329	174107.705	174221.611	0.065
59969.7	45954.540	45824.051	0.284	-156904.395	-157070.166	0.106	174123.655	174221.611	0.056
59969.8	-55594.384	-55515.933	0.141	-153810.686	-153911.864	0.066	174090.468	174221.611	0.075
59969.9	-135805.158	-135538.319	0.196	-91470.084	-91652.849	0.200	174090.253	174221.611	0.075
59970.0	-163980.673	-163515.261	0.284	6220.719	5800.001	6.763	174024.770	174221.611	0.113
59970.1	-129143.465	-129098.344	0.035	101739.498	101235.800	0.495	174025.125	174041.764	0.010
59970.2	-44682.368	-44666.358	0.036	158481.514	157860.654	0.392	174025.639	174041.764	0.009
59970.3	56979.434	56917.091	0.109	154494.090	153868.497	0.405	174026.147	174041.764	0.009
59970.4	136865.630	136644.911	0.161	91385.422	90792.279	0.649	173977.302	174041.764	0.037
59970.5	164211.043	163902.365	0.188	-6710.764	-7147.323	6.505	173960.915	174041.764	0.046
59970.6	128488.881	128222.848	0.207	-102080.000	-102342.420	0.257	173960.638	174041.764	0.047
59970.7	43420.702	43306.959	0.262	-158138.009	-158238.987	0.064	173927.433	174041.764	0.066
59970.8	-58340.223	-58238.397	0.175	-153291.841	-153373.266	0.053	173927.023	174041.764	0.066
59970.9	-137815.413	-137420.754	0.286	-89431.323	-89613.649	0.204	173894.046	174041.764	0.085
59971.0	-164382.232	-163834.829	0.333	9029.567	8556.769	5.236	173877.745	174041.764	0.094
59971.1	-127801.040	-127767.045	0.027	104219.864	103749.155	0.452	173878.105	173894.718	0.010
59971.2	-42157.149	-42109.853	0.112	159638.384	159107.087	0.333	173862.252	173894.718	0.019
59971.3	59758.802	59717.128	0.070	153981.306	153369.389	0.397	173813.594	173894.718	0.047
59971.4	138778.641	138613.291	0.119	89332.806	88739.283	0.664	173813.895	173894.718	0.046
59971.5	164520.067	164283.250	0.144	-9476.604	-9965.876	5.163	173813.884	173894.718	0.047
59971.6	127126.690	126869.981	0.202	-104556.420	-104844.232	0.275	173780.828	173894.718	0.066
59971.7	40874.051	40739.828	0.328	-159301.534	-159463.386	0.102	173780.399	173894.718	0.066
59971.8	-61158.685	-61034.037	0.204	-152789.335	-152850.094	0.040	173747.236	173894.718	0.085
59971.9	-139697.411	-139371.404	0.233	-87365.676	-87543.799	0.204	173730.662	173894.718	0.094
59972.0	-164711.704	-164191.458	0.316	11831.163	11378.494	3.826	173714.368	173894.718	0.104
59972.1	-126432.851	-126377.749	0.044	106711.702	106180.919	0.497	173698.362	173747.719	0.028
59972.2	-39600.485	-39554.558	0.116	160788.121	160253.424	0.333	173698.893	173747.719	0.028
59972.3	62532.728	62457.212	0.121	153425.049	152790.116	0.414	173666.610	173747.719	0.047
59972.4	140661.567	140485.998	0.125	87249.510	86656.836	0.679	173650.522	173747.719	0.056
59972.5	164813.473	164569.478	0.148	-12268.303	-12751.857	3.941	173634.120	173747.719	0.065
59972.6	125726.963	125459.820	0.212	-107013.152	-107263.957	0.234	173617.441	173747.719	0.075
59972.7	38300.905	38174.768	0.329	-160459.093	-160587.702	0.080	173617.023	173747.719	0.075
59972.8	-63891.450	-63769.038	0.192	-152186.056	-152247.275	0.040	173600.255	173747.719	0.085
59972.9	-141581.983	-141226.131	0.251	-85268.883	-85445.321	0.207	173583.697	173747.719	0.094
59973.0	-164973.576	-164453.713	0.315	14618.665	14166.835	3.091	173567.415	173747.719	0.104
59973.1	-125009.432	-124957.581	0.041	109155.170	108625.231	0.485	173518.644	173567.980	0.028
59973.2	-36996.341	-36966.926	0.080	161959.323	161391.711	0.350	173519.171	173567.980	0.028
59973.3	65273.368	65218.683	0.084	152807.286	152185.287	0.407	173486.899	173567.980	0.047
59973.4	142546.738	142360.928	0.130	85132.709	84541.139	0.695	173487.172	173567.980	0.047
59973.5	165088.871	164837.912	0.152	-15088.404	-15566.014	3.165	173487.147	173567.980	0.047
59973.6	124261.464	124018.683	0.195	-109355.727	-109695.964	0.311	173454.092	173567.980	0.066
59973.7	35690.547	35577.441	0.317	-161606.575	-161703.691	0.060	173420.896	173567.980	0.085
59973.8	-66620.354	-66525.204	0.143	-151535.587	-151618.717	0.055	173420.519	173567.980	0.085
59973.9	-143468.369	-143082.794	0.269	-83131.566	-83313.577	0.219	173420.357	173567.980	0.085
59974.0	-165216.297	-164697.933	0.314	17435.948	16983.196	2.597	173404.096	173567.980	0.095
59974.1	-123529.842	-123485.930	0.036	111515.799	111019.326	0.445	173371.718	173388.262	0.010
59974.2	-34411.953	-34367.281	0.130	163001.606	162459.089	0.333	173355.872	173388.262	0.019
59974.3	67981.567	67948.081	0.049	152126.003	151516.084	0.401	173339.970	173388.262	0.028
59974.4	144368.193	144172.017	0.136	82984.585	82392.324	0.714	173356.618	173388.262	0.018
59974.5	165319.785	165035.250	0.172	-17916.801	-18369.317	2.526	173307.427	173388.262	0.047
59974.6	122779.453	122526.494	0.206	-111774.043	-112077.312	0.271	173274.364	173388.262	0.066
59974.7	33095.306	32968.712	0.383	-162622.959	-162748.670	0.077	173290.335	173388.262	0.057
59974.8	-69395.498	-69248.746	0.211	-150880.006	-150926.064	0.031	173240.814	173388.262	0.085
59974.9	-145258.345	-144875.334	0.264	-80970.857	-81149.264	0.220	173240.667	173388.262	0.085
59975.0	-165366.865	-164871.153	0.300	20216.176	19788.093	2.118	173224.424	173388.262	0.095
59975.1	-122021.940	-121994.799	0.022	113887.497	113455.867	0.379	173208.433	173208.566	0.000
59975.2	-31767.844	-31726.889	0.129	164094.755	163549.287	0.332	173208.960	173208.566	0.000
59975.3	70737.919	70723.849	0.020	151436.593	150841.313	0.393	173193.053	173208.566	0.009
59975.4	146125.573	146017.292	0.074	80807.486	80211.690	0.737	173160.543	173208.566	0.028
59975.5	165483.630	165241.463	0.146	-20728.687	-21218.471	2.363	173144.116	173208.566	0.037
59975.6	121258.738	121014.462	0.201	-114171.731	-114500.938	0.288	173143.804	173208.566	0.037
59975.7	30427.732	30319.041	0.357	-163719.802	-163816.118	0.059	173110.616	173208.566	0.057
59975.8	-72052.923	-72018.607	0.048	-150110.170	-150227.444	0.078	173126.660	173208.566	0.047
59975.9	-147049.320	-146701.785	0.236	-78774.473	-78952.840	0.226	173093.749	173208.566	0.066
59976.0	-165521.546	-165052.853	0.283	23047.965	22638.915	1.775	173077.518	173208.566	0.076
59976.1	-120472.822	-120437.637	0.029	116239.316	115777.263	0.398	173061.537	173061.650	0.000
59976.2	-29129.286	-29100.984	0.097	165087.826	164507.543	0.351	173045.683	173061.650	0.009
59976.3	73486.388	73410.175	0.104	150704.272	150068.469	0.422	173029.768	173061.650	0.018
59976.4	147883.854	147732.514	0.102	78597.512	78004.509	0.754	173013.624	173061.650	0.028
59976.5	165574.817	165326.952	0.150	-23529.996	-24012.451	2.050	172997.185	173061.650	0.037
59976.6	119694.563	119437.391	0.215	-116515.862	-116808.855	0.251	172980.494	173061.650	0.047
59976.7	27795.320	27684.991	0.397	-164657.330	-164751.754	0.057	172963.692	173061.650	0.057
59976.8	-74842.247	-74698.186	0.192	-149382.181	-149431.523	0.033	172930.582	173061.650	0.076
59976.9	-148743.360	-148397.960	0.232	-76556.858	-76730.988	0.227	172946.850	173061.650	0.066
59977.0	-165634.386	-165114.308	0.314	25883.424	25433.527	1.738	172930.619	173061.650	0.076
59977.1	-118895.777	-118846.524	0.041	118601.310	118076.443	0.443	172898.267	172947.514	0.028
59977.2	-26484.801	-26460.735	0.091	166011.075	165427.846	0.351	172866.028	172947.514	0.047
59977.3	76142.423	76085.728	0.074	149878.105	149256.506	0.415	172882.874	172947.514	0.037
59977.4	149610.100	149415.985	0.130	76359.011	75772.067	0.769	172866.715	172947.514	0.047
59977.5	165648.263	165371.904	0.167	-26356.503	-26808.135	1.714	172850.260	172947.514	0.056
59977.6	118087.512	117826.562	0.221	-118839.476	-119094.265	0.214	172817.180	172947.514	0.075
59977.7	25156.800	25036.925	0.477	-165524.438	-165649.314	0.075	172833.154	172947.514	0.066
59977.8	-77481.329	-77366.657	0.148	-148528.631	-148596.578	0.046	172800.056	172947.514	0.085
59977.9	-150502.430	-150062.167	0.293	-74295.082	-74484.150	0.254	172783.553	172947.514	0.095
59978.0	-165653.098	-165135.212	0.313	28682.158	28229.494	1.578	172767.347	172947.514	0.104
59978.1	-117268.600	-117222.407	0.039	120910.830	120386.382	0.434	172734.992	172767.842	0.019
59978.2	-23793.220	-23787.480	0.024	166953.233	166337.396	0.369	172735.513	172767.842	0.019
59978.3	78848.042	78781.615	0.084	149038.672	148416.409	0.418	172735.968	172767.842	0.018
59978.4	151270.968	151099.309	0.113	74092.364	73504.913	0.793	172719.806	172767.842	0.028
59978.5	165678.977	165396.285	0.171	-29186.467	-29631.781	1.526	172670.573	172767.842	0.056
59978.6	116441.828	116182.637	0.223	-121141.060	-121390.149	0.206	172670.250	172767.842	0.057
59978.7	22477.888	22355.946	0.542	-166413.024	-166535.838	0.074	172686.237	172767.842	0.047
59978.8	-80198.490	-80055.219	0.179	-147677.246	-147733.325	0.038	172653.135	172767.842	0.066
59978.9	-152130.918	-151725.930	0.266	-72014.303	-72202.601	0.261	172620.263	172767.842	0.085
59979.0	-165653.726	-165135.306	0.313	31505.939	31053.246	1.437	172636.838	172767.842	0.076
59979.1	-115608.870	-115549.964	0.051	123230.540	122642.717	0.477	172604.482	172620.928	0.010
59979.2	-21129.039	-21106.760	0.105	167767.738	167175.162	0.353	172605.018	172620.928	0.009
59979.3	81514.452	81441.242	0.090	148142.271	147513.912	0.424	172539.918	172620.928	0.047
59979.4	152898.597	152716.570	0.119	71795.149	71208.703	0.817	172572.890	172620.928	0.028
59979.5	165643.285	165350.167	0.177	-31996.707	-32439.981	1.385	172556.427	172620.928	0.037
59979.6	114752.756	114490.850	0.228	-123354.440	-123632.017	0.225	172523.339	172620.928	0.057
59979.7	19804.915	19668.119	0.691	-167199.577	-167350.516	0.090	172506.543	172620.928	0.066
59979.8	-82877.352	-82706.985	0.206	-146766.462	-146807.986	0.028	172506.213	172620.928	0.066
59979.9	-153727.181	-153323.382	0.263	-69711.518	-69892.566	0.260	172473.371	172620.928	0.086
59980.0	-165585.683	-165065.038	0.314	34312.247	33860.945	1.315	172473.562	172620.928	0.085
59980.1	-113903.392	-113858.459	0.039	125462.516	124972.749	0.390	172490.370	172474.012	0.009
59980.2	-18401.409	-18367.217	0.186	168628.578	168061.245	0.336	172441.739	172474.012	0.019
59980.3	84168.720	84176.864	0.010	147207.098	146615.798	0.402	172409.414	172474.012	0.037
59980.4	154526.137	154397.819	0.083	69470.802	68871.259	0.863	172425.987	172474.012	0.028
59980.5	165582.991	165331.458	0.152	-34837.508	-35319.198	1.383	172409.499	172474.012	0.037
59980.6	113029.869	112779.367	0.222	-125610.572	-125947.414	0.268	172392.790	172474.012	0.047
59980.7	17090.451	16921.056	0.991	-168006.191	-168213.004	0.123	172376.010	172474.012	0.057
59980.8	-85512.858	-85434.781	0.091	-145805.189	-145886.376	0.056	172375.697	172474.012	0.057
59980.9	-155321.782	-154984.464	0.217	-67371.635	-67540.748	0.251	172342.854	172474.012	0.076
59981.0	-165498.763	-165021.565	0.288	37143.206	36739.894	1.086	172310.289	172474.012	0.095
59981.1	-112154.643	-112112.007	0.038	127639.173	127149.603	0.384	172327.106	172343.504	0.010
59981.2	-15701.604	-15673.526	0.179	169360.951	168791.185	0.336	172294.853	172343.504	0.028
59981.3	86813.990	86783.443	0.035	146226.159	145618.535	0.416	172278.903	172343.504	0.037
59981.4	156022.365	155916.383	0.068	67130.647	66529.732	0.895	172295.472	172343.504	0.028
59981.5	165434.276	165178.893	0.154	-37632.803	-38105.865	1.257	172262.589	172343.504	0.047
59981.6	111262.444	111014.257	0.223	-127777.789	-128109.166	0.259	172245.871	172343.504	0.057
59981.7	14357.708	14221.186	0.951	-168770.707	-168919.749	0.088	172229.090	172343.504	0.066
59981.8	-88139.749	-88032.686	0.121	-144796.580	-144866.731	0.048	172228.790	172343.504	0.067
59981.9	-156849.391	-156482.833	0.234	-65005.380	-65186.247	0.278	172228.721	172343.504	0.067
59982.0	-165342.214	-164845.038	0.301	39956.157	39525.146	1.079	172179.790	172343.504	0.095
59982.1	-110372.820	-110330.375	0.038	129824.693	129302.483	0.402	172180.226	172196.614	0.010
59982.2	-12973.393	-12965.533	0.061	170082.861	169481.028	0.354	172164.362	172196.614	0.019
59982.3	89477.419	89377.952	0.111	145217.125	144580.446	0.438	172148.400	172196.614	0.028
59982.4	157582.179	157401.141	0.115	64750.929	64162.329	0.909	172132.201	172196.614	0.037
59982.5	165268.079	164983.768	0.172	-40450.295	-40893.521	1.096	172115.691	172196.614	0.047
59982.6	109475.679	109214.174	0.239	-130017.675	-130246.643	0.176	172098.966	172196.614	0.057
59982.7	11639.297	11507.361	1.134	-169435.601	-169586.274	0.089	172082.182	172196.614	0.066
59982.8	-90754.624	-90618.171	0.150	-143746.202	-143806.366	0.042	172081.898	172196.614	0.067
59982.9	-158343.085	-157947.174	0.250	-62614.609	-62806.161	0.306	172049.067	172196.614	0.086
59983.0	-165145.266	-164625.944	0.314	42767.798	42311.021	1.068	172049.305	172196.614	0.086
59983.1	-108555.001	-108511.342	0.040	131985.904	131464.179	0.395	172033.366	172066.112	0.019
59983.2	-10230.326	-10222.126	0.080	170763.951	170155.957	0.356	172017.505	172066.112	0.028
59983.3	92070.264	91992.290	0.085	144136.549	143509.443	0.435	172001.528	172066.112	0.038
59983.4	159041.595	158882.529	0.100	62348.797	61756.648	0.950	172018.080	172066.112	0.028
59983.5	165033.348	164763.367	0.164	-43247.478	-43710.121	1.070	171985.190	172066.112	0.047
59983.6	107636.679	107376.615	0.242	-132135.776	-132392.614	0.194	171952.075	172066.112	0.066
59983.7	8859.764	8758.250	1.146	-170145.817	-170237.583	0.054	171951.677	172066.112	0.067
59983.8	-93357.741	-93223.201	0.144	-142652.326	-142712.916	0.042	171935.017	172066.112	0.076
59983.9	-159802.994	-159407.816	0.247	-60201.503	-60387.828	0.310	171918.596	172066.112	0.086
59984.0	-164901.933	-164381.325	0.316	45583.080	45125.621	1.004	171902.454	172066.112	0.095
59984.1	-106700.386	-106661.725	0.036	134089.510	133633.308	0.340	171919.294	171919.242	0.000
59984.2	-7506.374	-7449.628	0.756	171347.640	170818.874	0.309	171887.052	171919.242	0.019
59984.3	94648.343	94623.056	0.027	143018.986	142411.593	0.425	171871.070	171919.242	0.028
59984.4	160498.659	160361.374	0.086	59916.263	59319.595	0.996	171871.218	171919.242	0.028
59984.5	164752.690	164522.427	0.140	-46047.198	-46550.571	1.093	171854.699	171919.242	0.038
59984.6	105765.958	105508.410	0.244	-134261.123	-134545.754	0.212	171821.591	171919.242	0.057
59984.7	6115.472	5980.153	2.213	-170729.517	-170876.629	0.086	171804.817	171919.242	0.067
59984.8	-95946.869	-95844.427	0.107	-141518.808	-141592.480	0.052	171804.549	171919.242	0.067
59984.9	-161163.807	-160865.645	0.185	-57775.818	-57938.146	0.281	171788.149	171919.242	0.076
59985.0	-164618.184	-164115.964	0.305	48396.036	47963.893	0.893	171788.402	171919.242	0.076
59985.1	-104812.033	-104768.096	0.042	136200.622	135679.102	0.383	171788.863	171772.404	0.010
59985.2	-4713.675	-4714.234	0.012	171971.641	171356.204	0.358	171740.227	171772.404	0.019
59985.3	97213.631	97149.850	0.066	141858.995	141234.129	0.440	171757.021	171772.404	0.009
59985.4	161888.622	161709.301	0.111	57465.780	56879.473	1.020	171740.769	171772.404	0.018
59985.5	164432.239	164173.897	0.157	-48843.469	-49316.368	0.968	171724.248	171772.404	0.028
59985.6	103855.682	103597.255	0.249	-136328.133	-136575.186	0.181	171707.515	171772.404	0.038
59985.7	3343.052	3240.238	3.075	-171301.034	-171390.412	0.052	171707.141	171772.404	0.038
59985.8	-98521.546	-98361.000	0.163	-140345.860	-140393.327	0.034	171690.498	171772.404	0.048
59985.9	-162584.571	-162192.536	0.241	-55300.587	-55486.520	0.336	171641.339	171772.404	0.076
59986.0	-164270.221	-163743.658	0.321	51183.483	50726.590	0.893	171658.001	171772.404	0.067
59986.1	-102890.808	-102847.512	0.042	138253.023	137764.144	0.354	171642.086	171658.372	0.009
59986.2	-1961.700	-1933.937	1.415	172471.808	171909.365	0.326	171593.440	171658.372	0.038
59986.3	99705.104	99722.252	0.017	140631.170	140043.002	0.418	171626.614	171658.372	0.019
59986.4	163211.561	163086.031	0.077	54999.521	54401.439	1.087	171593.972	171658.372	0.038
59986.5	164067.335	163826.302	0.147	-51639.780	-52129.767	0.949	171610.206	171658.372	0.028
59986.6	101910.406	101658.809	0.247	-138303.179	-138643.631	0.246	171560.712	171658.372	0.057
59986.7	588.750	455.286	22.669	-171772.765	-171919.640	0.086	171543.948	171658.372	0.067
59986.8	-101053.530	-100923.062	0.129	-139114.502	-139180.119	0.047	171560.084	171658.372	0.057
59986.9	-163906.133	-163547.901	0.219	-52816.698	-52996.736	0.341	171543.717	171658.372	0.067
59987.0	-163876.510	-163371.879	0.308	53972.002	53536.896	0.806	171527.622	171658.372	0.076
59987.1	-100931.241	-100886.736	0.044	140312.266	139790.326	0.372	171495.330	171544.362	0.029
59987.2	815.921	844.157	3.461	172960.899	172391.288	0.329	171512.226	171544.362	0.019
59987.3	102303.239	102250.902	0.051	139412.421	138795.612	0.442	171496.231	171544.362	0.028
59987.4	164531.733	164394.260	0.084	52505.461	51903.721	1.146	171479.982	171544.362	0.038
59987.5	163662.844	163411.762	0.153	-54431.637	-54918.712	0.895	171463.441	171544.362	0.047
59987.6	99931.944	99680.679	0.251	-140316.997	-140652.874	0.239	171446.696	171544.362	0.057
59987.7	-2207.630	-2326.850	5.400	-172261.318	-172377.651	0.068	171446.334	171544.362	0.057
59987.8	-103506.401	-103440.890	0.063	-137826.902	-137911.026	0.061	171413.338	171544.362	0.076
59987.9	-165192.550	-164834.599	0.217	-50311.539	-50487.859	0.350	171413.365	171544.362	0.076
59988.0	-163438.579	-162933.366	0.309	56759.609	56322.172	0.771	171380.884	171544.362	0.095
59988.1	-98935.572	-98893.612	0.042	142279.234	141822.317	0.321	171381.375	171381.227	0.000
59988.2	3587.736	3651.812	1.786	173380.750	172858.846	0.301	171381.900	171381.227	0.000
59988.3	104763.082	104794.974	0.030	138108.415	137519.198	0.427	171349.512	171381.227	0.019
59988.4	165782.321	165697.849	0.051	49989.742	49373.466	1.233	171349.624	171381.227	0.018
59988.5	163207.357	162974.303	0.143	-57227.374	-57731.213	0.880	171349.450	171381.227	0.019
59988.6	97927.072	97670.152	0.262	-142336.146	-142667.648	0.233	171316.338	171381.227	0.038
59988.7	-4982.882	-5138.422	3.121	-172650.796	-172821.043	0.099	171315.975	171381.227	0.038
59988.8	-106068.336	-105973.890	0.089	-136539.924	-136612.778	0.053	171282.989	171381.227	0.057
59988.9	-166411.095	-166116.377	0.177	-47791.323	-47946.486	0.325	171283.030	171381.227	0.057
59989.0	-162962.855	-162471.733	0.301	59540.884	59130.807	0.689	171283.341	171381.227	0.057
59989.1	-96910.684	-96867.877	0.044	144284.456	143761.413	0.363	171251.064	171267.283	0.009
59989.2	6390.086	6431.084	0.642	173785.283	173232.129	0.318	171251.588	171267.283	0.009
59989.3	107301.077	107260.569	0.038	136793.482	136183.332	0.446	171251.952	171267.283	0.009
59989.4	167059.807	166903.001	0.094	47434.087	46841.411	1.249	171235.675	171267.283	0.018
59989.5	162713.918	162456.245	0.158	-60016.308	-60487.172	0.785	171219.114	171267.283	0.028
59989.6	95884.240	95627.814	0.267	-144262.215	-144589.248	0.227	171202.387	171267.283	0.038
59989.7	-7784.976	-7920.802	1.745	-173026.920	-173170.409	0.083	171185.641	171267.283	0.048
59989.8	-108521.093	-108427.903	0.086	-135181.238	-135255.755	0.055	171185.437	171267.283	0.048
59989.9	-167624.742	-167299.707	0.194	-45239.484	-45404.159	0.364	171152.722	171267.283	0.067
59990.0	-162439.710	-161929.991	0.314	62322.558	61882.208	0.707	171153.042	171267.283	0.067
59990.1	-94850.559	-94808.302	0.045	146196.532	145705.515	0.336	171169.929	171169.744	0.000
59990.2	9165.110	9240.649	0.824	174094.405	173589.520	0.290	171137.680	171169.744	0.019
59990.3	109727.849	109741.276	0.012	135412.634	134816.777	0.440	171121.661	171169.744	0.028
59990.4	168268.620	168102.283	0.099	44863.664	44275.655	1.311	171105.357	171169.744	0.038
59990.5	162175.987	161913.588	0.162	-62802.889	-63266.903	0.739	171105.177	171169.744	0.038
59990.6	93806.922	93551.593	0.272	-146225.651	-146515.564	0.198	171072.057	171169.744	0.057
59990.7	-10578.500	-10733.336	1.464	-173333.936	-173503.621	0.098	171055.318	171169.744	0.067
59990.8	-111018.838	-110896.766	0.110	-133805.235	-133867.914	0.047	171055.131	171169.744	0.067
59990.9	-168802.413	-168476.876	0.193	-42667.584	-42828.183	0.376	171055.202	171169.744	0.067
59991.0	-161858.767	-161363.446	0.306	65071.082	64657.169	0.636	171022.763	171169.744	0.086
59991.1	-92759.474	-92715.402	0.048	148080.526	147588.576	0.332	171023.267	171039.434	0.009
59991.2	11986.269	12041.176	0.458	174416.255	173877.956	0.309	171023.781	171039.434	0.009
59991.3	112169.178	112174.055	0.004	134001.701	133399.831	0.449	171007.750	171039.434	0.019
59991.4	169380.127	169233.149	0.087	42297.382	41697.421	1.418	171007.828	171039.434	0.018
59991.5	161561.958	161308.300	0.157	-65528.715	-66016.408	0.744	170991.256	171039.434	0.028
59991.6	91702.852	91442.575	0.284	-148095.091	-148380.555	0.193	170941.743	171039.434	0.057
59991.7	-13378.574	-13536.241	1.179	-173600.931	-173767.960	0.096	170957.773	171039.434	0.048
59991.8	-113438.263	-113317.267	0.107	-132365.295	-132430.097	0.049	170941.198	171039.434	0.057
59991.9	-169911.103	-169585.525	0.192	-40081.821	-40240.318	0.395	170924.906	171039.434	0.067
59992.0	-161234.574	-160734.531	0.310	67815.845	67401.366	0.611	170908.864	171039.434	0.076
59992.1	-90638.975	-90595.279	0.048	149903.313	149410.314	0.329	170925.755	170909.140	0.010
59992.2	14797.594	14827.569	0.203	174669.407	174100.803	0.326	170893.493	170909.140	0.009
59992.3	114561.188	114556.770	0.004	132543.999	131938.216	0.457	170893.843	170909.140	0.009
59992.4	170485.157	170297.245	0.110	39698.286	39112.591	1.475	170877.520	170909.140	0.019
59992.5	160882.407	160645.174	0.147	-68225.692	-68731.903	0.742	170877.315	170909.140	0.019
59992.6	89565.726	89306.862	0.289	-149902.735	-150183.990	0.188	170876.955	170909.140	0.019
59992.7	-16186.258	-16324.448	0.854	-173826.642	-173966.833	0.081	170860.220	170909.140	0.029
59992.8	-115806.159	-115687.323	0.103	-130885.099	-130948.042	0.048	170827.276	170909.140	0.048
59992.9	-171013.424	-170627.350	0.226	-37464.191	-37646.431	0.486	170827.366	170909.140	0.048
59993.0	-160549.477	-160048.074	0.312	70528.620	70111.057	0.592	170811.334	170909.140	0.057
59993.1	-88483.250	-88437.757	0.051	151762.578	151268.266	0.326	170795.456	170811.588	0.009
59993.2	17614.976	17665.518	0.287	174882.509	174330.877	0.315	170795.969	170811.588	0.009
59993.3	116999.224	116985.400	0.012	131061.698	130452.065	0.465	170779.910	170811.588	0.019
59993.4	171521.120	171383.985	0.080	37087.639	36480.883	1.636	170763.581	170811.588	0.028
59993.5	160216.968	159972.726	0.152	-70997.613	-71498.616	0.706	170746.976	170811.588	0.038
59993.6	87397.392	87133.440	0.302	-151713.741	-152023.317	0.204	170763.000	170811.588	0.028
59993.7	-19044.761	-19164.271	0.628	-174059.808	-174172.489	0.065	170746.264	170811.588	0.038
59993.8	-118188.026	-118103.081	0.072	-129372.224	-129441.058	0.053	170746.101	170811.588	0.038
59993.9	-172047.870	-171691.415	0.207	-34838.540	-35005.474	0.479	170729.819	170811.588	0.048
59994.0	-159841.056	-159351.855	0.306	73262.586	72871.884	0.533	170713.797	170811.588	0.057
59994.1	-86306.069	-86260.932	0.052	153494.591	152998.926	0.323	170697.927	170714.046	0.009
59994.2	20422.735	20444.066	0.104	175025.413	174446.725	0.331	170665.654	170714.046	0.028
59994.3	119386.811	119298.735	0.074	129533.054	128908.617	0.482	170665.967	170714.046	0.028
59994.4	172580.420	172343.808	0.137	34433.307	33870.809	1.634	170649.624	170714.046	0.038
59994.5	159493.696	159210.474	0.178	-73734.546	-74173.073	0.595	170633.018	170714.046	0.047
59994.6	85202.169	84941.810	0.306	-153462.316	-153735.190	0.178	170632.652	170714.046	0.048
59994.7	-21845.315	-21943.712	0.450	-174177.218	-174264.435	0.050	170632.313	170714.046	0.048
59994.8	-120518.272	-120403.055	0.096	-127816.845	-127877.770	0.048	170615.772	170714.046	0.058
59994.9	-173015.615	-172628.753	0.224	-32208.794	-32387.240	0.554	170632.271	170714.046	0.048
59995.0	-159107.991	-158566.628	0.340	76018.069	75539.686	0.629	170583.482	170714.046	0.077
59995.1	-84088.050	-84053.660	0.041	155294.591	154732.595	0.362	170600.384	170600.108	0.000
59995.2	23257.884	23248.989	0.038	175151.868	174547.066	0.345	170584.487	170600.108	0.009
59995.3	121690.607	121624.245	0.055	127954.915	127337.100	0.483	170568.420	170600.108	0.019
59995.4	173480.722	173296.930	0.106	31810.006	31230.881	1.821	170552.059	170600.108	0.028
59995.5	158708.837	158425.219	0.179	-76438.234	-76867.704	0.562	170535.443	170600.108	0.038
59995.6	82978.523	82719.708	0.312	-155180.808	-155449.811	0.173	170567.851	170600.108	0.019
59995.7	-24680.590	-24749.395	0.279	-174271.212	-174340.647	0.040	170534.723	170600.108	0.038
59995.8	-122861.597	-122714.962	0.119	-126228.079	-126286.309	0.046	170534.593	170600.108	0.038
59995.9	-173943.700	-173559.134	0.221	-29556.041	-29739.212	0.620	170518.339	170600.108	0.048
59996.0	-158300.128	-157758.226	0.342	78710.032	78227.464	0.613	170502.338	170600.108	0.057
59996.1	-81848.675	-81808.413	0.049	156966.373	156468.061	0.317	170502.851	170518.934	0.009
59996.2	26051.517	26085.654	0.131	175191.138	174626.485	0.322	170470.580	170518.934	0.028
59996.3	124039.238	123963.074	0.061	126350.619	125729.975	0.491	170470.875	170518.934	0.028
59996.4	174405.521	174239.836	0.095	29147.669	28554.334	2.036	170470.895	170518.934	0.028
59996.5	157869.158	157610.134	0.164	-79104.139	-79585.904	0.609	170470.658	170518.934	0.028
59996.6	80721.017	80459.618	0.324	-156868.120	-157165.901	0.190	170437.514	170518.934	0.048
59996.7	-27444.964	-27586.637	0.516	-174259.835	-174395.665	0.078	170420.805	170518.934	0.058
59996.8	-125184.680	-125039.882	0.116	-124602.460	-124659.128	0.045	170437.053	170518.934	0.048
59996.9	-174862.954	-174478.985	0.220	-26870.519	-27054.655	0.685	170420.808	170518.934	0.058
59997.0	-157434.492	-156919.792	0.327	81365.932	80938.552	0.525	170404.828	170518.934	0.067
59997.1	-79574.196	-79534.402	0.050	158672.746	158172.754	0.315	170388.956	170405.020	0.009
59997.2	28877.527	28927.430	0.173	175208.271	174664.092	0.311	170389.447	170405.020	0.009
59997.3	126271.169	126281.400	0.008	124689.575	124086.055	0.484	170389.741	170405.020	0.009
59997.4	175260.406	175144.496	0.066	26477.096	25860.137	2.330	170389.750	170405.020	0.009
59997.5	157015.597	156753.747	0.167	-81821.485	-82295.832	0.580	170356.733	170405.020	0.028
59997.6	78431.358	78171.029	0.332	-158556.862	-158850.972	0.185	170356.359	170405.020	0.029
59997.7	-30289.067	-30428.632	0.461	-174271.152	-174408.829	0.079	170323.270	170405.020	0.048
59997.8	-127455.820	-127343.983	0.088	-122928.551	-122995.329	0.054	170323.149	170405.020	0.048
59997.9	-175686.888	-175360.439	0.186	-24200.234	-24352.777	0.630	170306.934	170405.020	0.058
59998.0	-156539.386	-156040.129	0.319	84044.346	83641.014	0.480	170307.340	170405.020	0.057
59998.1	-77282.681	-77241.453	0.053	160283.549	159781.454	0.313	170340.641	170323.914	0.010
59998.2	31704.509	31727.951	0.074	175187.089	174612.979	0.328	170275.594	170323.914	0.028
59998.3	128546.267	128514.119	0.025	123005.718	122394.756	0.497	170308.641	170323.914	0.009
59998.4	176076.742	175952.071	0.071	23789.347	23178.094	2.569	170292.259	170323.914	0.019
59998.5	156086.930	155826.076	0.167	-84473.633	-84938.738	0.551	170275.610	170323.914	0.028
59998.6	76119.637	75864.329	0.335	-160148.710	-160439.892	0.182	170242.471	170323.914	0.048
59998.7	-33089.604	-33228.610	0.420	-174195.442	-174333.630	0.079	170258.555	170323.914	0.038
59998.8	-129640.015	-129562.073	0.060	-121213.195	-121284.889	0.059	170225.684	170323.914	0.058
59998.9	-176499.668	-176144.915	0.201	-21494.415	-21663.887	0.788	170225.860	170323.914	0.058
59999.0	-155604.007	-155089.761	0.330	86713.283	86275.844	0.504	170226.276	170323.914	0.057
59999.1	-74957.335	-74914.584	0.057	161862.053	161357.634	0.312	170210.434	170226.448	0.009
59999.2	34517.479	34536.720	0.056	175095.827	174515.604	0.331	170210.915	170226.448	0.009
59999.3	130800.418	130726.247	0.057	121282.425	120661.217	0.512	170194.806	170226.448	0.019
59999.4	176911.284	176718.120	0.109	21052.555	20474.054	2.748	170211.173	170226.448	0.009
59999.5	155118.862	154851.892	0.172	-87115.307	-87574.954	0.528	170178.142	170226.448	0.028
59999.6	73782.171	73523.988	0.350	-161708.884	-161996.000	0.178	170177.772	170226.448	0.029
59999.7	-35895.071	-36036.437	0.394	-174076.311	-174212.101	0.078	170161.095	170226.448	0.038
59999.8	-131867.232	-131759.209	0.082	-119471.894	-119532.388	0.051	170161.017	170226.448	0.038
59999.9	-177272.166	-176887.679	0.217	-18769.503	-18953.358	0.980	170144.811	170226.448	0.048
60000.0	-154612.444	-154092.939	0.336	89343.594	88903.583	0.492	170145.252	170226.448	0.048
